path,fruit,freshness,fruit_label,freshness_label,combined_label,combined_name,group_id
data/raw/FRUIT-16K/F_Banana/2.jpg,Banana,fresh,0,0,0,Banana_fresh,0
data/raw/FRUIT-16K/F_Banana/3.jpg,Banana,fresh,0,0,0,Banana_fresh,0
data/raw/FRUIT-16K/F_Banana/4.jpg,Banana,fresh,0,0,0,Banana_fresh,0
data/raw/FRUIT-16K/F_Banana/5.jpg,Banana,fresh,0,0,0,Banana_fresh,0
data/raw/FRUIT-16K/F_Banana/6.jpg,Banana,fresh,0,0,0,Banana_fresh,0
data/raw/FRUIT-16K/F_Banana/7.jpg,Banana,fresh,0,0,0,Banana_fresh,0
data/raw/FRUIT-16K/F_Banana/8.jpg,Banana,fresh,0,0,0,Banana_fresh,0
data/raw/FRUIT-16K/F_Banana/9.jpg,Banana,fresh,0,0,0,Banana_fresh,0
data/raw/FRUIT-16K/F_Banana/10.jpg,Banana,fresh,0,0,0,Banana_fresh,0
data/raw/FRUIT-16K/F_Banana/11.jpg,Banana,fresh,0,0,0,Banana_fresh,0
data/raw/FRUIT-16K/F_Banana/12.jpg,Banana,fresh,0,0,0,Banana_fresh,0
data/raw/FRUIT-16K/F_Banana/13.jpg,Banana,fresh,0,0,0,Banana_fresh,0
data/raw/FRUIT-16K/F_Banana/14.jpg,Banana,fresh,0,0,0,Banana_fresh,0
data/raw/FRUIT-16K/F_Banana/15.jpg,Banana,fresh,0,0,0,Banana_fresh,0
data/raw/FRUIT-16K/F_Banana/16.jpg,Banana,fresh,0,0,0,Banana_fresh,0
data/raw/FRUIT-16K/F_Banana/17.jpg,Banana,fresh,0,0,0,Banana_fresh,0
data/raw/FRUIT-16K/F_Banana/18.jpg,Banana,fresh,0,0,0,Banana_fresh,0
data/raw/FRUIT-16K/F_Banana/19.jpg,Banana,fresh,0,0,0,Banana_fresh,0
data/raw/FRUIT-16K/F_Banana/20.jpg,Banana,fresh,0,0,0,Banana_fresh,0
data/raw/FRUIT-16K/F_Banana/21.jpg,Banana,fresh,0,0,0,Banana_fresh,0
data/raw/FRUIT-16K/F_Banana/22.jpg,Banana,fresh,0,0,0,Banana_fresh,0
data/raw/FRUIT-16K/F_Banana/23.jpg,Banana,fresh,0,0,0,Banana_fresh,0
data/raw/FRUIT-16K/F_Banana/24.jpg,Banana,fresh,0,0,0,Banana_fresh,0
data/raw/FRUIT-16K/F_Banana/25.jpg,Banana,fresh,0,0,0,Banana_fresh,0
data/raw/FRUIT-16K/F_Banana/26.jpg,Banana,fresh,0,0,0,Banana_fresh,0
data/raw/FRUIT-16K/F_Banana/27.jpg,Banana,fresh,0,0,0,Banana_fresh,0
data/raw/FRUIT-16K/F_Banana/28.jpg,Banana,fresh,0,0,0,Banana_fresh,0
data/raw/FRUIT-16K/F_Banana/29.jpg,Banana,fresh,0,0,0,Banana_fresh,0
data/raw/FRUIT-16K/F_Banana/30.jpg,Banana,fresh,0,0,0,Banana_fresh,0
data/raw/FRUIT-16K/F_Banana/31.jpg,Banana,fresh,0,0,0,Banana_fresh,0
data/raw/FRUIT-16K/F_Banana/32.jpg,Banana,fresh,0,0,0,Banana_fresh,0
data/raw/FRUIT-16K/F_Banana/33.jpg,Banana,fresh,0,0,0,Banana_fresh,0
data/raw/FRUIT-16K/F_Banana/34.jpg,Banana,fresh,0,0,0,Banana_fresh,0
data/raw/FRUIT-16K/F_Banana/35.jpg,Banana,fresh,0,0,0,Banana_fresh,0
data/raw/FRUIT-16K/F_Banana/36.jpg,Banana,fresh,0,0,0,Banana_fresh,0
data/raw/FRUIT-16K/F_Banana/37.jpg,Banana,fresh,0,0,0,Banana_fresh,0
data/raw/FRUIT-16K/F_Banana/38.jpg,Banana,fresh,0,0,0,Banana_fresh,0
data/raw/FRUIT-16K/F_Banana/39.jpg,Banana,fresh,0,0,0,Banana_fresh,0
data/raw/FRUIT-16K/F_Banana/40.jpg,Banana,fresh,0,0,0,Banana_fresh,0
data/raw/FRUIT-16K/F_Banana/41.jpg,Banana,fresh,0,0,0,Banana_fresh,0
data/raw/FRUIT-16K/F_Banana/42.jpg,Banana,fresh,0,0,0,Banana_fresh,0
data/raw/FRUIT-16K/F_Banana/43.jpg,Banana,fresh,0,0,0,Banana_fresh,0
data/raw/FRUIT-16K/F_Banana/44.jpg,Banana,fresh,0,0,0,Banana_fresh,0
data/raw/FRUIT-16K/F_Banana/45.jpg,Banana,fresh,0,0,0,Banana_fresh,0
data/raw/FRUIT-16K/F_Banana/46.jpg,Banana,fresh,0,0,0,Banana_fresh,0
data/raw/FRUIT-16K/F_Banana/47.jpg,Banana,fresh,0,0,0,Banana_fresh,0
data/raw/FRUIT-16K/F_Banana/48.jpg,Banana,fresh,0,0,0,Banana_fresh,0
data/raw/FRUIT-16K/F_Banana/49.jpg,Banana,fresh,0,0,0,Banana_fresh,0
data/raw/FRUIT-16K/F_Banana/50.jpg,Banana,fresh,0,0,0,Banana_fresh,0
data/raw/FRUIT-16K/F_Banana/201.jpg,Banana,fresh,0,0,0,Banana_fresh,7
data/raw/FRUIT-16K/F_Banana/202.jpg,Banana,fresh,0,0,0,Banana_fresh,7
data/raw/FRUIT-16K/F_Banana/203.jpg,Banana,fresh,0,0,0,Banana_fresh,7
data/raw/FRUIT-16K/F_Banana/204.jpg,Banana,fresh,0,0,0,Banana_fresh,7
data/raw/FRUIT-16K/F_Banana/205.jpg,Banana,fresh,0,0,0,Banana_fresh,7
data/raw/FRUIT-16K/F_Banana/206.jpg,Banana,fresh,0,0,0,Banana_fresh,7
data/raw/FRUIT-16K/F_Banana/207.jpg,Banana,fresh,0,0,0,Banana_fresh,7
data/raw/FRUIT-16K/F_Banana/208.jpg,Banana,fresh,0,0,0,Banana_fresh,7
data/raw/FRUIT-16K/F_Banana/209.jpg,Banana,fresh,0,0,0,Banana_fresh,7
data/raw/FRUIT-16K/F_Banana/210.jpg,Banana,fresh,0,0,0,Banana_fresh,7
data/raw/FRUIT-16K/F_Banana/211.jpg,Banana,fresh,0,0,0,Banana_fresh,7
data/raw/FRUIT-16K/F_Banana/212.jpg,Banana,fresh,0,0,0,Banana_fresh,7
data/raw/FRUIT-16K/F_Banana/213.jpg,Banana,fresh,0,0,0,Banana_fresh,7
data/raw/FRUIT-16K/F_Banana/214.jpg,Banana,fresh,0,0,0,Banana_fresh,7
data/raw/FRUIT-16K/F_Banana/215.jpg,Banana,fresh,0,0,0,Banana_fresh,7
data/raw/FRUIT-16K/F_Banana/216.jpg,Banana,fresh,0,0,0,Banana_fresh,7
data/raw/FRUIT-16K/F_Banana/217.jpg,Banana,fresh,0,0,0,Banana_fresh,7
data/raw/FRUIT-16K/F_Banana/218.jpg,Banana,fresh,0,0,0,Banana_fresh,7
data/raw/FRUIT-16K/F_Banana/219.jpg,Banana,fresh,0,0,0,Banana_fresh,7
data/raw/FRUIT-16K/F_Banana/220.jpg,Banana,fresh,0,0,0,Banana_fresh,7
data/raw/FRUIT-16K/F_Banana/221.jpg,Banana,fresh,0,0,0,Banana_fresh,7
data/raw/FRUIT-16K/F_Banana/222.jpg,Banana,fresh,0,0,0,Banana_fresh,7
data/raw/FRUIT-16K/F_Banana/223.jpg,Banana,fresh,0,0,0,Banana_fresh,7
data/raw/FRUIT-16K/F_Banana/224.jpg,Banana,fresh,0,0,0,Banana_fresh,7
data/raw/FRUIT-16K/F_Banana/225.jpg,Banana,fresh,0,0,0,Banana_fresh,7
data/raw/FRUIT-16K/F_Banana/226.jpg,Banana,fresh,0,0,0,Banana_fresh,8
data/raw/FRUIT-16K/F_Banana/227.jpg,Banana,fresh,0,0,0,Banana_fresh,8
data/raw/FRUIT-16K/F_Banana/228.jpg,Banana,fresh,0,0,0,Banana_fresh,8
data/raw/FRUIT-16K/F_Banana/229.jpg,Banana,fresh,0,0,0,Banana_fresh,8
data/raw/FRUIT-16K/F_Banana/230.jpg,Banana,fresh,0,0,0,Banana_fresh,8
data/raw/FRUIT-16K/F_Banana/231.jpg,Banana,fresh,0,0,0,Banana_fresh,8
data/raw/FRUIT-16K/F_Banana/232.jpg,Banana,fresh,0,0,0,Banana_fresh,8
data/raw/FRUIT-16K/F_Banana/233.jpg,Banana,fresh,0,0,0,Banana_fresh,8
data/raw/FRUIT-16K/F_Banana/234.jpg,Banana,fresh,0,0,0,Banana_fresh,8
data/raw/FRUIT-16K/F_Banana/235.jpg,Banana,fresh,0,0,0,Banana_fresh,8
data/raw/FRUIT-16K/F_Banana/236.jpg,Banana,fresh,0,0,0,Banana_fresh,8
data/raw/FRUIT-16K/F_Banana/237.jpg,Banana,fresh,0,0,0,Banana_fresh,8
data/raw/FRUIT-16K/F_Banana/238.jpg,Banana,fresh,0,0,0,Banana_fresh,8
data/raw/FRUIT-16K/F_Banana/239.jpg,Banana,fresh,0,0,0,Banana_fresh,8
data/raw/FRUIT-16K/F_Banana/240.jpg,Banana,fresh,0,0,0,Banana_fresh,8
data/raw/FRUIT-16K/F_Banana/241.jpg,Banana,fresh,0,0,0,Banana_fresh,8
data/raw/FRUIT-16K/F_Banana/242.jpg,Banana,fresh,0,0,0,Banana_fresh,8
data/raw/FRUIT-16K/F_Banana/243.jpg,Banana,fresh,0,0,0,Banana_fresh,8
data/raw/FRUIT-16K/F_Banana/244.jpg,Banana,fresh,0,0,0,Banana_fresh,8
data/raw/FRUIT-16K/F_Banana/245.jpg,Banana,fresh,0,0,0,Banana_fresh,8
data/raw/FRUIT-16K/F_Banana/246.jpg,Banana,fresh,0,0,0,Banana_fresh,8
data/raw/FRUIT-16K/F_Banana/247.jpg,Banana,fresh,0,0,0,Banana_fresh,8
data/raw/FRUIT-16K/F_Banana/248.jpg,Banana,fresh,0,0,0,Banana_fresh,8
data/raw/FRUIT-16K/F_Banana/249.jpg,Banana,fresh,0,0,0,Banana_fresh,8
data/raw/FRUIT-16K/F_Banana/250.jpg,Banana,fresh,0,0,0,Banana_fresh,8
data/raw/FRUIT-16K/F_Banana/251.jpg,Banana,fresh,0,0,0,Banana_fresh,8
data/raw/FRUIT-16K/F_Banana/252.jpg,Banana,fresh,0,0,0,Banana_fresh,8
data/raw/FRUIT-16K/F_Banana/253.jpg,Banana,fresh,0,0,0,Banana_fresh,8
data/raw/FRUIT-16K/F_Banana/254.jpg,Banana,fresh,0,0,0,Banana_fresh,8
data/raw/FRUIT-16K/F_Banana/255.jpg,Banana,fresh,0,0,0,Banana_fresh,8
data/raw/FRUIT-16K/F_Banana/256.jpg,Banana,fresh,0,0,0,Banana_fresh,8
data/raw/FRUIT-16K/F_Banana/257.jpg,Banana,fresh,0,0,0,Banana_fresh,8
data/raw/FRUIT-16K/F_Banana/258.jpg,Banana,fresh,0,0,0,Banana_fresh,8
data/raw/FRUIT-16K/F_Banana/259.jpg,Banana,fresh,0,0,0,Banana_fresh,8
data/raw/FRUIT-16K/F_Banana/260.jpg,Banana,fresh,0,0,0,Banana_fresh,8
data/raw/FRUIT-16K/F_Banana/261.jpg,Banana,fresh,0,0,0,Banana_fresh,8
data/raw/FRUIT-16K/F_Banana/262.jpg,Banana,fresh,0,0,0,Banana_fresh,8
data/raw/FRUIT-16K/F_Banana/263.jpg,Banana,fresh,0,0,0,Banana_fresh,8
data/raw/FRUIT-16K/F_Banana/264.jpg,Banana,fresh,0,0,0,Banana_fresh,8
data/raw/FRUIT-16K/F_Banana/265.jpg,Banana,fresh,0,0,0,Banana_fresh,8
data/raw/FRUIT-16K/F_Banana/266.jpg,Banana,fresh,0,0,0,Banana_fresh,8
data/raw/FRUIT-16K/F_Banana/267.jpg,Banana,fresh,0,0,0,Banana_fresh,8
data/raw/FRUIT-16K/F_Banana/268.jpg,Banana,fresh,0,0,0,Banana_fresh,8
data/raw/FRUIT-16K/F_Banana/269.jpg,Banana,fresh,0,0,0,Banana_fresh,8
data/raw/FRUIT-16K/F_Banana/270.jpg,Banana,fresh,0,0,0,Banana_fresh,8
data/raw/FRUIT-16K/F_Banana/271.jpg,Banana,fresh,0,0,0,Banana_fresh,8
data/raw/FRUIT-16K/F_Banana/272.jpg,Banana,fresh,0,0,0,Banana_fresh,8
data/raw/FRUIT-16K/F_Banana/273.jpg,Banana,fresh,0,0,0,Banana_fresh,8
data/raw/FRUIT-16K/F_Banana/274.jpg,Banana,fresh,0,0,0,Banana_fresh,8
data/raw/FRUIT-16K/F_Banana/275.jpg,Banana,fresh,0,0,0,Banana_fresh,8
data/raw/FRUIT-16K/F_Banana/276.jpg,Banana,fresh,0,0,0,Banana_fresh,9
data/raw/FRUIT-16K/F_Banana/277.jpg,Banana,fresh,0,0,0,Banana_fresh,9
data/raw/FRUIT-16K/F_Banana/278.jpg,Banana,fresh,0,0,0,Banana_fresh,9
data/raw/FRUIT-16K/F_Banana/279.jpg,Banana,fresh,0,0,0,Banana_fresh,9
data/raw/FRUIT-16K/F_Banana/280.jpg,Banana,fresh,0,0,0,Banana_fresh,9
data/raw/FRUIT-16K/F_Banana/281.jpg,Banana,fresh,0,0,0,Banana_fresh,9
data/raw/FRUIT-16K/F_Banana/282.jpg,Banana,fresh,0,0,0,Banana_fresh,9
data/raw/FRUIT-16K/F_Banana/283.jpg,Banana,fresh,0,0,0,Banana_fresh,9
data/raw/FRUIT-16K/F_Banana/284.jpg,Banana,fresh,0,0,0,Banana_fresh,9
data/raw/FRUIT-16K/F_Banana/285.jpg,Banana,fresh,0,0,0,Banana_fresh,9
data/raw/FRUIT-16K/F_Banana/286.jpg,Banana,fresh,0,0,0,Banana_fresh,9
data/raw/FRUIT-16K/F_Banana/287.jpg,Banana,fresh,0,0,0,Banana_fresh,9
data/raw/FRUIT-16K/F_Banana/288.jpg,Banana,fresh,0,0,0,Banana_fresh,9
data/raw/FRUIT-16K/F_Banana/289.jpg,Banana,fresh,0,0,0,Banana_fresh,9
data/raw/FRUIT-16K/F_Banana/290.jpg,Banana,fresh,0,0,0,Banana_fresh,9
data/raw/FRUIT-16K/F_Banana/291.jpg,Banana,fresh,0,0,0,Banana_fresh,9
data/raw/FRUIT-16K/F_Banana/292.jpg,Banana,fresh,0,0,0,Banana_fresh,9
data/raw/FRUIT-16K/F_Banana/293.jpg,Banana,fresh,0,0,0,Banana_fresh,9
data/raw/FRUIT-16K/F_Banana/294.jpg,Banana,fresh,0,0,0,Banana_fresh,9
data/raw/FRUIT-16K/F_Banana/295.jpg,Banana,fresh,0,0,0,Banana_fresh,9
data/raw/FRUIT-16K/F_Banana/296.jpg,Banana,fresh,0,0,0,Banana_fresh,9
data/raw/FRUIT-16K/F_Banana/297.jpg,Banana,fresh,0,0,0,Banana_fresh,9
data/raw/FRUIT-16K/F_Banana/298.jpg,Banana,fresh,0,0,0,Banana_fresh,9
data/raw/FRUIT-16K/F_Banana/299.jpg,Banana,fresh,0,0,0,Banana_fresh,9
data/raw/FRUIT-16K/F_Banana/300.jpg,Banana,fresh,0,0,0,Banana_fresh,9
data/raw/FRUIT-16K/F_Banana/351.jpg,Banana,fresh,0,0,0,Banana_fresh,12
data/raw/FRUIT-16K/F_Banana/352.jpg,Banana,fresh,0,0,0,Banana_fresh,12
data/raw/FRUIT-16K/F_Banana/353.jpg,Banana,fresh,0,0,0,Banana_fresh,12
data/raw/FRUIT-16K/F_Banana/354.jpg,Banana,fresh,0,0,0,Banana_fresh,12
data/raw/FRUIT-16K/F_Banana/355.jpg,Banana,fresh,0,0,0,Banana_fresh,12
data/raw/FRUIT-16K/F_Banana/356.jpg,Banana,fresh,0,0,0,Banana_fresh,12
data/raw/FRUIT-16K/F_Banana/357.jpg,Banana,fresh,0,0,0,Banana_fresh,12
data/raw/FRUIT-16K/F_Banana/358.jpg,Banana,fresh,0,0,0,Banana_fresh,12
data/raw/FRUIT-16K/F_Banana/359.jpg,Banana,fresh,0,0,0,Banana_fresh,12
data/raw/FRUIT-16K/F_Banana/360.jpg,Banana,fresh,0,0,0,Banana_fresh,12
data/raw/FRUIT-16K/F_Banana/361.jpg,Banana,fresh,0,0,0,Banana_fresh,12
data/raw/FRUIT-16K/F_Banana/362.jpg,Banana,fresh,0,0,0,Banana_fresh,12
data/raw/FRUIT-16K/F_Banana/363.jpg,Banana,fresh,0,0,0,Banana_fresh,12
data/raw/FRUIT-16K/F_Banana/364.jpg,Banana,fresh,0,0,0,Banana_fresh,12
data/raw/FRUIT-16K/F_Banana/365.jpg,Banana,fresh,0,0,0,Banana_fresh,12
data/raw/FRUIT-16K/F_Banana/366.jpg,Banana,fresh,0,0,0,Banana_fresh,12
data/raw/FRUIT-16K/F_Banana/367.jpg,Banana,fresh,0,0,0,Banana_fresh,12
data/raw/FRUIT-16K/F_Banana/368.jpg,Banana,fresh,0,0,0,Banana_fresh,12
data/raw/FRUIT-16K/F_Banana/369.jpg,Banana,fresh,0,0,0,Banana_fresh,12
data/raw/FRUIT-16K/F_Banana/370.jpg,Banana,fresh,0,0,0,Banana_fresh,12
data/raw/FRUIT-16K/F_Banana/371.jpg,Banana,fresh,0,0,0,Banana_fresh,12
data/raw/FRUIT-16K/F_Banana/372.jpg,Banana,fresh,0,0,0,Banana_fresh,12
data/raw/FRUIT-16K/F_Banana/373.jpg,Banana,fresh,0,0,0,Banana_fresh,12
data/raw/FRUIT-16K/F_Banana/374.jpg,Banana,fresh,0,0,0,Banana_fresh,12
data/raw/FRUIT-16K/F_Banana/375.jpg,Banana,fresh,0,0,0,Banana_fresh,12
data/raw/FRUIT-16K/F_Banana/376.jpg,Banana,fresh,0,0,0,Banana_fresh,12
data/raw/FRUIT-16K/F_Banana/377.jpg,Banana,fresh,0,0,0,Banana_fresh,12
data/raw/FRUIT-16K/F_Banana/378.jpg,Banana,fresh,0,0,0,Banana_fresh,12
data/raw/FRUIT-16K/F_Banana/379.jpg,Banana,fresh,0,0,0,Banana_fresh,12
data/raw/FRUIT-16K/F_Banana/380.jpg,Banana,fresh,0,0,0,Banana_fresh,12
data/raw/FRUIT-16K/F_Banana/381.jpg,Banana,fresh,0,0,0,Banana_fresh,12
data/raw/FRUIT-16K/F_Banana/382.jpg,Banana,fresh,0,0,0,Banana_fresh,12
data/raw/FRUIT-16K/F_Banana/383.jpg,Banana,fresh,0,0,0,Banana_fresh,12
data/raw/FRUIT-16K/F_Banana/384.jpg,Banana,fresh,0,0,0,Banana_fresh,12
data/raw/FRUIT-16K/F_Banana/385.jpg,Banana,fresh,0,0,0,Banana_fresh,12
data/raw/FRUIT-16K/F_Banana/386.jpg,Banana,fresh,0,0,0,Banana_fresh,12
data/raw/FRUIT-16K/F_Banana/387.jpg,Banana,fresh,0,0,0,Banana_fresh,12
data/raw/FRUIT-16K/F_Banana/388.jpg,Banana,fresh,0,0,0,Banana_fresh,12
data/raw/FRUIT-16K/F_Banana/389.jpg,Banana,fresh,0,0,0,Banana_fresh,12
data/raw/FRUIT-16K/F_Banana/390.jpg,Banana,fresh,0,0,0,Banana_fresh,12
data/raw/FRUIT-16K/F_Banana/391.jpg,Banana,fresh,0,0,0,Banana_fresh,12
data/raw/FRUIT-16K/F_Banana/392.jpg,Banana,fresh,0,0,0,Banana_fresh,12
data/raw/FRUIT-16K/F_Banana/393.jpg,Banana,fresh,0,0,0,Banana_fresh,12
data/raw/FRUIT-16K/F_Banana/394.jpg,Banana,fresh,0,0,0,Banana_fresh,12
data/raw/FRUIT-16K/F_Banana/395.jpg,Banana,fresh,0,0,0,Banana_fresh,12
data/raw/FRUIT-16K/F_Banana/396.jpg,Banana,fresh,0,0,0,Banana_fresh,12
data/raw/FRUIT-16K/F_Banana/397.jpg,Banana,fresh,0,0,0,Banana_fresh,12
data/raw/FRUIT-16K/F_Banana/398.jpg,Banana,fresh,0,0,0,Banana_fresh,12
data/raw/FRUIT-16K/F_Banana/399.jpg,Banana,fresh,0,0,0,Banana_fresh,12
data/raw/FRUIT-16K/F_Banana/400.jpg,Banana,fresh,0,0,0,Banana_fresh,12
data/raw/FRUIT-16K/F_Banana/451.jpg,Banana,fresh,0,0,0,Banana_fresh,15
data/raw/FRUIT-16K/F_Banana/452.jpg,Banana,fresh,0,0,0,Banana_fresh,15
data/raw/FRUIT-16K/F_Banana/453.jpg,Banana,fresh,0,0,0,Banana_fresh,15
data/raw/FRUIT-16K/F_Banana/454.jpg,Banana,fresh,0,0,0,Banana_fresh,15
data/raw/FRUIT-16K/F_Banana/455.jpg,Banana,fresh,0,0,0,Banana_fresh,15
data/raw/FRUIT-16K/F_Banana/456.jpg,Banana,fresh,0,0,0,Banana_fresh,15
data/raw/FRUIT-16K/F_Banana/457.jpg,Banana,fresh,0,0,0,Banana_fresh,15
data/raw/FRUIT-16K/F_Banana/458.jpg,Banana,fresh,0,0,0,Banana_fresh,15
data/raw/FRUIT-16K/F_Banana/459.jpg,Banana,fresh,0,0,0,Banana_fresh,15
data/raw/FRUIT-16K/F_Banana/460.jpg,Banana,fresh,0,0,0,Banana_fresh,15
data/raw/FRUIT-16K/F_Banana/461.jpg,Banana,fresh,0,0,0,Banana_fresh,15
data/raw/FRUIT-16K/F_Banana/462.jpg,Banana,fresh,0,0,0,Banana_fresh,15
data/raw/FRUIT-16K/F_Banana/463.jpg,Banana,fresh,0,0,0,Banana_fresh,15
data/raw/FRUIT-16K/F_Banana/464.jpg,Banana,fresh,0,0,0,Banana_fresh,15
data/raw/FRUIT-16K/F_Banana/465.jpg,Banana,fresh,0,0,0,Banana_fresh,15
data/raw/FRUIT-16K/F_Banana/466.jpg,Banana,fresh,0,0,0,Banana_fresh,15
data/raw/FRUIT-16K/F_Banana/467.jpg,Banana,fresh,0,0,0,Banana_fresh,15
data/raw/FRUIT-16K/F_Banana/468.jpg,Banana,fresh,0,0,0,Banana_fresh,15
data/raw/FRUIT-16K/F_Banana/469.jpg,Banana,fresh,0,0,0,Banana_fresh,15
data/raw/FRUIT-16K/F_Banana/470.jpg,Banana,fresh,0,0,0,Banana_fresh,15
data/raw/FRUIT-16K/F_Banana/471.jpg,Banana,fresh,0,0,0,Banana_fresh,15
data/raw/FRUIT-16K/F_Banana/472.jpg,Banana,fresh,0,0,0,Banana_fresh,15
data/raw/FRUIT-16K/F_Banana/473.jpg,Banana,fresh,0,0,0,Banana_fresh,15
data/raw/FRUIT-16K/F_Banana/474.jpg,Banana,fresh,0,0,0,Banana_fresh,15
data/raw/FRUIT-16K/F_Banana/475.jpg,Banana,fresh,0,0,0,Banana_fresh,15
data/raw/FRUIT-16K/F_Banana/476.jpg,Banana,fresh,0,0,0,Banana_fresh,15
data/raw/FRUIT-16K/F_Banana/477.jpg,Banana,fresh,0,0,0,Banana_fresh,15
data/raw/FRUIT-16K/F_Banana/478.jpg,Banana,fresh,0,0,0,Banana_fresh,15
data/raw/FRUIT-16K/F_Banana/479.jpg,Banana,fresh,0,0,0,Banana_fresh,15
data/raw/FRUIT-16K/F_Banana/480.jpg,Banana,fresh,0,0,0,Banana_fresh,15
data/raw/FRUIT-16K/F_Banana/481.jpg,Banana,fresh,0,0,0,Banana_fresh,15
data/raw/FRUIT-16K/F_Banana/482.jpg,Banana,fresh,0,0,0,Banana_fresh,15
data/raw/FRUIT-16K/F_Banana/483.jpg,Banana,fresh,0,0,0,Banana_fresh,15
data/raw/FRUIT-16K/F_Banana/484.jpg,Banana,fresh,0,0,0,Banana_fresh,15
data/raw/FRUIT-16K/F_Banana/485.jpg,Banana,fresh,0,0,0,Banana_fresh,15
data/raw/FRUIT-16K/F_Banana/486.jpg,Banana,fresh,0,0,0,Banana_fresh,15
data/raw/FRUIT-16K/F_Banana/487.jpg,Banana,fresh,0,0,0,Banana_fresh,15
data/raw/FRUIT-16K/F_Banana/488.jpg,Banana,fresh,0,0,0,Banana_fresh,15
data/raw/FRUIT-16K/F_Banana/489.jpg,Banana,fresh,0,0,0,Banana_fresh,15
data/raw/FRUIT-16K/F_Banana/490.jpg,Banana,fresh,0,0,0,Banana_fresh,15
data/raw/FRUIT-16K/F_Banana/491.jpg,Banana,fresh,0,0,0,Banana_fresh,15
data/raw/FRUIT-16K/F_Banana/492.jpg,Banana,fresh,0,0,0,Banana_fresh,15
data/raw/FRUIT-16K/F_Banana/493.jpg,Banana,fresh,0,0,0,Banana_fresh,15
data/raw/FRUIT-16K/F_Banana/494.jpg,Banana,fresh,0,0,0,Banana_fresh,15
data/raw/FRUIT-16K/F_Banana/495.jpg,Banana,fresh,0,0,0,Banana_fresh,15
data/raw/FRUIT-16K/F_Banana/496.jpg,Banana,fresh,0,0,0,Banana_fresh,15
data/raw/FRUIT-16K/F_Banana/497.jpg,Banana,fresh,0,0,0,Banana_fresh,15
data/raw/FRUIT-16K/F_Banana/498.jpg,Banana,fresh,0,0,0,Banana_fresh,15
data/raw/FRUIT-16K/F_Banana/499.jpg,Banana,fresh,0,0,0,Banana_fresh,15
data/raw/FRUIT-16K/F_Banana/500.jpg,Banana,fresh,0,0,0,Banana_fresh,15
data/raw/FRUIT-16K/F_Banana/501.jpg,Banana,fresh,0,0,0,Banana_fresh,16
data/raw/FRUIT-16K/F_Banana/502.jpg,Banana,fresh,0,0,0,Banana_fresh,16
data/raw/FRUIT-16K/F_Banana/503.jpg,Banana,fresh,0,0,0,Banana_fresh,16
data/raw/FRUIT-16K/F_Banana/504.jpg,Banana,fresh,0,0,0,Banana_fresh,16
data/raw/FRUIT-16K/F_Banana/505.jpg,Banana,fresh,0,0,0,Banana_fresh,16
data/raw/FRUIT-16K/F_Banana/506.jpg,Banana,fresh,0,0,0,Banana_fresh,16
data/raw/FRUIT-16K/F_Banana/507.jpg,Banana,fresh,0,0,0,Banana_fresh,16
data/raw/FRUIT-16K/F_Banana/508.jpg,Banana,fresh,0,0,0,Banana_fresh,16
data/raw/FRUIT-16K/F_Banana/509.jpg,Banana,fresh,0,0,0,Banana_fresh,16
data/raw/FRUIT-16K/F_Banana/510.jpg,Banana,fresh,0,0,0,Banana_fresh,16
data/raw/FRUIT-16K/F_Banana/511.jpg,Banana,fresh,0,0,0,Banana_fresh,16
data/raw/FRUIT-16K/F_Banana/512.jpg,Banana,fresh,0,0,0,Banana_fresh,16
data/raw/FRUIT-16K/F_Banana/513.jpg,Banana,fresh,0,0,0,Banana_fresh,16
data/raw/FRUIT-16K/F_Banana/514.jpg,Banana,fresh,0,0,0,Banana_fresh,16
data/raw/FRUIT-16K/F_Banana/515.jpg,Banana,fresh,0,0,0,Banana_fresh,16
data/raw/FRUIT-16K/F_Banana/516.jpg,Banana,fresh,0,0,0,Banana_fresh,16
data/raw/FRUIT-16K/F_Banana/517.jpg,Banana,fresh,0,0,0,Banana_fresh,16
data/raw/FRUIT-16K/F_Banana/518.jpg,Banana,fresh,0,0,0,Banana_fresh,16
data/raw/FRUIT-16K/F_Banana/519.jpg,Banana,fresh,0,0,0,Banana_fresh,16
data/raw/FRUIT-16K/F_Banana/520.jpg,Banana,fresh,0,0,0,Banana_fresh,16
data/raw/FRUIT-16K/F_Banana/521.jpg,Banana,fresh,0,0,0,Banana_fresh,16
data/raw/FRUIT-16K/F_Banana/522.jpg,Banana,fresh,0,0,0,Banana_fresh,16
data/raw/FRUIT-16K/F_Banana/523.jpg,Banana,fresh,0,0,0,Banana_fresh,16
data/raw/FRUIT-16K/F_Banana/524.jpg,Banana,fresh,0,0,0,Banana_fresh,16
data/raw/FRUIT-16K/F_Banana/525.jpg,Banana,fresh,0,0,0,Banana_fresh,16
data/raw/FRUIT-16K/F_Banana/526.jpg,Banana,fresh,0,0,0,Banana_fresh,17
data/raw/FRUIT-16K/F_Banana/527.jpg,Banana,fresh,0,0,0,Banana_fresh,17
data/raw/FRUIT-16K/F_Banana/528.jpg,Banana,fresh,0,0,0,Banana_fresh,17
data/raw/FRUIT-16K/F_Banana/529.jpg,Banana,fresh,0,0,0,Banana_fresh,17
data/raw/FRUIT-16K/F_Banana/530.jpg,Banana,fresh,0,0,0,Banana_fresh,17
data/raw/FRUIT-16K/F_Banana/531.jpg,Banana,fresh,0,0,0,Banana_fresh,17
data/raw/FRUIT-16K/F_Banana/532.jpg,Banana,fresh,0,0,0,Banana_fresh,17
data/raw/FRUIT-16K/F_Banana/533.jpg,Banana,fresh,0,0,0,Banana_fresh,17
data/raw/FRUIT-16K/F_Banana/534.jpg,Banana,fresh,0,0,0,Banana_fresh,17
data/raw/FRUIT-16K/F_Banana/535.jpg,Banana,fresh,0,0,0,Banana_fresh,17
data/raw/FRUIT-16K/F_Banana/536.jpg,Banana,fresh,0,0,0,Banana_fresh,17
data/raw/FRUIT-16K/F_Banana/537.jpg,Banana,fresh,0,0,0,Banana_fresh,17
data/raw/FRUIT-16K/F_Banana/538.jpg,Banana,fresh,0,0,0,Banana_fresh,17
data/raw/FRUIT-16K/F_Banana/539.jpg,Banana,fresh,0,0,0,Banana_fresh,17
data/raw/FRUIT-16K/F_Banana/540.jpg,Banana,fresh,0,0,0,Banana_fresh,17
data/raw/FRUIT-16K/F_Banana/541.jpg,Banana,fresh,0,0,0,Banana_fresh,17
data/raw/FRUIT-16K/F_Banana/542.jpg,Banana,fresh,0,0,0,Banana_fresh,17
data/raw/FRUIT-16K/F_Banana/543.jpg,Banana,fresh,0,0,0,Banana_fresh,17
data/raw/FRUIT-16K/F_Banana/544.jpg,Banana,fresh,0,0,0,Banana_fresh,17
data/raw/FRUIT-16K/F_Banana/545.jpg,Banana,fresh,0,0,0,Banana_fresh,17
data/raw/FRUIT-16K/F_Banana/546.jpg,Banana,fresh,0,0,0,Banana_fresh,17
data/raw/FRUIT-16K/F_Banana/547.jpg,Banana,fresh,0,0,0,Banana_fresh,17
data/raw/FRUIT-16K/F_Banana/548.jpg,Banana,fresh,0,0,0,Banana_fresh,17
data/raw/FRUIT-16K/F_Banana/549.jpg,Banana,fresh,0,0,0,Banana_fresh,17
data/raw/FRUIT-16K/F_Banana/550.jpg,Banana,fresh,0,0,0,Banana_fresh,17
data/raw/FRUIT-16K/F_Banana/551.jpg,Banana,fresh,0,0,0,Banana_fresh,17
data/raw/FRUIT-16K/F_Banana/552.jpg,Banana,fresh,0,0,0,Banana_fresh,17
data/raw/FRUIT-16K/F_Banana/553.jpg,Banana,fresh,0,0,0,Banana_fresh,17
data/raw/FRUIT-16K/F_Banana/554.jpg,Banana,fresh,0,0,0,Banana_fresh,17
data/raw/FRUIT-16K/F_Banana/555.jpg,Banana,fresh,0,0,0,Banana_fresh,17
data/raw/FRUIT-16K/F_Banana/556.jpg,Banana,fresh,0,0,0,Banana_fresh,17
data/raw/FRUIT-16K/F_Banana/557.jpg,Banana,fresh,0,0,0,Banana_fresh,17
data/raw/FRUIT-16K/F_Banana/558.jpg,Banana,fresh,0,0,0,Banana_fresh,17
data/raw/FRUIT-16K/F_Banana/559.jpg,Banana,fresh,0,0,0,Banana_fresh,17
data/raw/FRUIT-16K/F_Banana/560.jpg,Banana,fresh,0,0,0,Banana_fresh,17
data/raw/FRUIT-16K/F_Banana/561.jpg,Banana,fresh,0,0,0,Banana_fresh,17
data/raw/FRUIT-16K/F_Banana/562.jpg,Banana,fresh,0,0,0,Banana_fresh,17
data/raw/FRUIT-16K/F_Banana/563.jpg,Banana,fresh,0,0,0,Banana_fresh,17
data/raw/FRUIT-16K/F_Banana/564.jpg,Banana,fresh,0,0,0,Banana_fresh,17
data/raw/FRUIT-16K/F_Banana/565.jpg,Banana,fresh,0,0,0,Banana_fresh,17
data/raw/FRUIT-16K/F_Banana/566.jpg,Banana,fresh,0,0,0,Banana_fresh,17
data/raw/FRUIT-16K/F_Banana/567.jpg,Banana,fresh,0,0,0,Banana_fresh,17
data/raw/FRUIT-16K/F_Banana/568.jpg,Banana,fresh,0,0,0,Banana_fresh,17
data/raw/FRUIT-16K/F_Banana/569.jpg,Banana,fresh,0,0,0,Banana_fresh,17
data/raw/FRUIT-16K/F_Banana/570.jpg,Banana,fresh,0,0,0,Banana_fresh,17
data/raw/FRUIT-16K/F_Banana/571.jpg,Banana,fresh,0,0,0,Banana_fresh,17
data/raw/FRUIT-16K/F_Banana/572.jpg,Banana,fresh,0,0,0,Banana_fresh,17
data/raw/FRUIT-16K/F_Banana/573.jpg,Banana,fresh,0,0,0,Banana_fresh,17
data/raw/FRUIT-16K/F_Banana/574.jpg,Banana,fresh,0,0,0,Banana_fresh,17
data/raw/FRUIT-16K/F_Banana/575.jpg,Banana,fresh,0,0,0,Banana_fresh,17
data/raw/FRUIT-16K/F_Banana/601.jpg,Banana,fresh,0,0,0,Banana_fresh,19
data/raw/FRUIT-16K/F_Banana/602.jpg,Banana,fresh,0,0,0,Banana_fresh,19
data/raw/FRUIT-16K/F_Banana/603.jpg,Banana,fresh,0,0,0,Banana_fresh,19
data/raw/FRUIT-16K/F_Banana/604.jpg,Banana,fresh,0,0,0,Banana_fresh,19
data/raw/FRUIT-16K/F_Banana/605.jpg,Banana,fresh,0,0,0,Banana_fresh,19
data/raw/FRUIT-16K/F_Banana/606.jpg,Banana,fresh,0,0,0,Banana_fresh,19
data/raw/FRUIT-16K/F_Banana/607.jpg,Banana,fresh,0,0,0,Banana_fresh,19
data/raw/FRUIT-16K/F_Banana/608.jpg,Banana,fresh,0,0,0,Banana_fresh,19
data/raw/FRUIT-16K/F_Banana/609.jpg,Banana,fresh,0,0,0,Banana_fresh,19
data/raw/FRUIT-16K/F_Banana/610.jpg,Banana,fresh,0,0,0,Banana_fresh,19
data/raw/FRUIT-16K/F_Banana/611.jpg,Banana,fresh,0,0,0,Banana_fresh,19
data/raw/FRUIT-16K/F_Banana/612.jpg,Banana,fresh,0,0,0,Banana_fresh,19
data/raw/FRUIT-16K/F_Banana/613.jpg,Banana,fresh,0,0,0,Banana_fresh,19
data/raw/FRUIT-16K/F_Banana/614.jpg,Banana,fresh,0,0,0,Banana_fresh,19
data/raw/FRUIT-16K/F_Banana/615.jpg,Banana,fresh,0,0,0,Banana_fresh,19
data/raw/FRUIT-16K/F_Banana/616.jpg,Banana,fresh,0,0,0,Banana_fresh,19
data/raw/FRUIT-16K/F_Banana/617.jpg,Banana,fresh,0,0,0,Banana_fresh,19
data/raw/FRUIT-16K/F_Banana/618.jpg,Banana,fresh,0,0,0,Banana_fresh,19
data/raw/FRUIT-16K/F_Banana/619.jpg,Banana,fresh,0,0,0,Banana_fresh,19
data/raw/FRUIT-16K/F_Banana/620.jpg,Banana,fresh,0,0,0,Banana_fresh,19
data/raw/FRUIT-16K/F_Banana/621.jpg,Banana,fresh,0,0,0,Banana_fresh,19
data/raw/FRUIT-16K/F_Banana/622.jpg,Banana,fresh,0,0,0,Banana_fresh,19
data/raw/FRUIT-16K/F_Banana/623.jpg,Banana,fresh,0,0,0,Banana_fresh,19
data/raw/FRUIT-16K/F_Banana/624.jpg,Banana,fresh,0,0,0,Banana_fresh,19
data/raw/FRUIT-16K/F_Banana/625.jpg,Banana,fresh,0,0,0,Banana_fresh,19
data/raw/FRUIT-16K/F_Banana/626.jpg,Banana,fresh,0,0,0,Banana_fresh,19
data/raw/FRUIT-16K/F_Banana/627.jpg,Banana,fresh,0,0,0,Banana_fresh,19
data/raw/FRUIT-16K/F_Banana/628.jpg,Banana,fresh,0,0,0,Banana_fresh,19
data/raw/FRUIT-16K/F_Banana/629.jpg,Banana,fresh,0,0,0,Banana_fresh,19
data/raw/FRUIT-16K/F_Banana/630.jpg,Banana,fresh,0,0,0,Banana_fresh,19
data/raw/FRUIT-16K/F_Banana/631.jpg,Banana,fresh,0,0,0,Banana_fresh,19
data/raw/FRUIT-16K/F_Banana/632.jpg,Banana,fresh,0,0,0,Banana_fresh,19
data/raw/FRUIT-16K/F_Banana/633.jpg,Banana,fresh,0,0,0,Banana_fresh,19
data/raw/FRUIT-16K/F_Banana/634.jpg,Banana,fresh,0,0,0,Banana_fresh,19
data/raw/FRUIT-16K/F_Banana/635.jpg,Banana,fresh,0,0,0,Banana_fresh,19
data/raw/FRUIT-16K/F_Banana/636.jpg,Banana,fresh,0,0,0,Banana_fresh,19
data/raw/FRUIT-16K/F_Banana/637.jpg,Banana,fresh,0,0,0,Banana_fresh,19
data/raw/FRUIT-16K/F_Banana/638.jpg,Banana,fresh,0,0,0,Banana_fresh,19
data/raw/FRUIT-16K/F_Banana/639.jpg,Banana,fresh,0,0,0,Banana_fresh,19
data/raw/FRUIT-16K/F_Banana/640.jpg,Banana,fresh,0,0,0,Banana_fresh,19
data/raw/FRUIT-16K/F_Banana/641.jpg,Banana,fresh,0,0,0,Banana_fresh,19
data/raw/FRUIT-16K/F_Banana/642.jpg,Banana,fresh,0,0,0,Banana_fresh,19
data/raw/FRUIT-16K/F_Banana/643.jpg,Banana,fresh,0,0,0,Banana_fresh,19
data/raw/FRUIT-16K/F_Banana/644.jpg,Banana,fresh,0,0,0,Banana_fresh,19
data/raw/FRUIT-16K/F_Banana/645.jpg,Banana,fresh,0,0,0,Banana_fresh,19
data/raw/FRUIT-16K/F_Banana/646.jpg,Banana,fresh,0,0,0,Banana_fresh,19
data/raw/FRUIT-16K/F_Banana/647.jpg,Banana,fresh,0,0,0,Banana_fresh,19
data/raw/FRUIT-16K/F_Banana/648.jpg,Banana,fresh,0,0,0,Banana_fresh,19
data/raw/FRUIT-16K/F_Banana/649.jpg,Banana,fresh,0,0,0,Banana_fresh,19
data/raw/FRUIT-16K/F_Banana/650.jpg,Banana,fresh,0,0,0,Banana_fresh,19
data/raw/FRUIT-16K/F_Banana/651.jpg,Banana,fresh,0,0,0,Banana_fresh,19
data/raw/FRUIT-16K/F_Banana/652.jpg,Banana,fresh,0,0,0,Banana_fresh,19
data/raw/FRUIT-16K/F_Banana/653.jpg,Banana,fresh,0,0,0,Banana_fresh,19
data/raw/FRUIT-16K/F_Banana/654.jpg,Banana,fresh,0,0,0,Banana_fresh,19
data/raw/FRUIT-16K/F_Banana/655.jpg,Banana,fresh,0,0,0,Banana_fresh,19
data/raw/FRUIT-16K/F_Banana/656.jpg,Banana,fresh,0,0,0,Banana_fresh,19
data/raw/FRUIT-16K/F_Banana/657.jpg,Banana,fresh,0,0,0,Banana_fresh,19
data/raw/FRUIT-16K/F_Banana/658.jpg,Banana,fresh,0,0,0,Banana_fresh,19
data/raw/FRUIT-16K/F_Banana/659.jpg,Banana,fresh,0,0,0,Banana_fresh,19
data/raw/FRUIT-16K/F_Banana/660.jpg,Banana,fresh,0,0,0,Banana_fresh,19
data/raw/FRUIT-16K/F_Banana/661.jpg,Banana,fresh,0,0,0,Banana_fresh,19
data/raw/FRUIT-16K/F_Banana/662.jpg,Banana,fresh,0,0,0,Banana_fresh,19
data/raw/FRUIT-16K/F_Banana/663.jpg,Banana,fresh,0,0,0,Banana_fresh,19
data/raw/FRUIT-16K/F_Banana/664.jpg,Banana,fresh,0,0,0,Banana_fresh,19
data/raw/FRUIT-16K/F_Banana/665.jpg,Banana,fresh,0,0,0,Banana_fresh,19
data/raw/FRUIT-16K/F_Banana/666.jpg,Banana,fresh,0,0,0,Banana_fresh,19
data/raw/FRUIT-16K/F_Banana/667.jpg,Banana,fresh,0,0,0,Banana_fresh,19
data/raw/FRUIT-16K/F_Banana/668.jpg,Banana,fresh,0,0,0,Banana_fresh,19
data/raw/FRUIT-16K/F_Banana/669.jpg,Banana,fresh,0,0,0,Banana_fresh,19
data/raw/FRUIT-16K/F_Banana/670.jpg,Banana,fresh,0,0,0,Banana_fresh,19
data/raw/FRUIT-16K/F_Banana/671.jpg,Banana,fresh,0,0,0,Banana_fresh,19
data/raw/FRUIT-16K/F_Banana/672.jpg,Banana,fresh,0,0,0,Banana_fresh,19
data/raw/FRUIT-16K/F_Banana/673.jpg,Banana,fresh,0,0,0,Banana_fresh,19
data/raw/FRUIT-16K/F_Banana/674.jpg,Banana,fresh,0,0,0,Banana_fresh,19
data/raw/FRUIT-16K/F_Banana/675.jpg,Banana,fresh,0,0,0,Banana_fresh,19
data/raw/FRUIT-16K/F_Banana/676.jpg,Banana,fresh,0,0,0,Banana_fresh,19
data/raw/FRUIT-16K/F_Banana/677.jpg,Banana,fresh,0,0,0,Banana_fresh,19
data/raw/FRUIT-16K/F_Banana/678.jpg,Banana,fresh,0,0,0,Banana_fresh,19
data/raw/FRUIT-16K/F_Banana/679.jpg,Banana,fresh,0,0,0,Banana_fresh,19
data/raw/FRUIT-16K/F_Banana/680.jpg,Banana,fresh,0,0,0,Banana_fresh,19
data/raw/FRUIT-16K/F_Banana/681.jpg,Banana,fresh,0,0,0,Banana_fresh,19
data/raw/FRUIT-16K/F_Banana/682.jpg,Banana,fresh,0,0,0,Banana_fresh,19
data/raw/FRUIT-16K/F_Banana/683.jpg,Banana,fresh,0,0,0,Banana_fresh,19
data/raw/FRUIT-16K/F_Banana/684.jpg,Banana,fresh,0,0,0,Banana_fresh,19
data/raw/FRUIT-16K/F_Banana/685.jpg,Banana,fresh,0,0,0,Banana_fresh,19
data/raw/FRUIT-16K/F_Banana/686.jpg,Banana,fresh,0,0,0,Banana_fresh,19
data/raw/FRUIT-16K/F_Banana/687.jpg,Banana,fresh,0,0,0,Banana_fresh,19
data/raw/FRUIT-16K/F_Banana/688.jpg,Banana,fresh,0,0,0,Banana_fresh,19
data/raw/FRUIT-16K/F_Banana/689.jpg,Banana,fresh,0,0,0,Banana_fresh,19
data/raw/FRUIT-16K/F_Banana/690.jpg,Banana,fresh,0,0,0,Banana_fresh,19
data/raw/FRUIT-16K/F_Banana/691.jpg,Banana,fresh,0,0,0,Banana_fresh,19
data/raw/FRUIT-16K/F_Banana/692.jpg,Banana,fresh,0,0,0,Banana_fresh,19
data/raw/FRUIT-16K/F_Banana/693.jpg,Banana,fresh,0,0,0,Banana_fresh,19
data/raw/FRUIT-16K/F_Banana/694.jpg,Banana,fresh,0,0,0,Banana_fresh,19
data/raw/FRUIT-16K/F_Banana/695.jpg,Banana,fresh,0,0,0,Banana_fresh,19
data/raw/FRUIT-16K/F_Banana/696.jpg,Banana,fresh,0,0,0,Banana_fresh,19
data/raw/FRUIT-16K/F_Banana/697.jpg,Banana,fresh,0,0,0,Banana_fresh,19
data/raw/FRUIT-16K/F_Banana/698.jpg,Banana,fresh,0,0,0,Banana_fresh,19
data/raw/FRUIT-16K/F_Banana/699.jpg,Banana,fresh,0,0,0,Banana_fresh,19
data/raw/FRUIT-16K/F_Banana/700.jpg,Banana,fresh,0,0,0,Banana_fresh,19
data/raw/FRUIT-16K/F_Banana/701.jpg,Banana,fresh,0,0,0,Banana_fresh,20
data/raw/FRUIT-16K/F_Banana/702.jpg,Banana,fresh,0,0,0,Banana_fresh,20
data/raw/FRUIT-16K/F_Banana/703.jpg,Banana,fresh,0,0,0,Banana_fresh,20
data/raw/FRUIT-16K/F_Banana/704.jpg,Banana,fresh,0,0,0,Banana_fresh,20
data/raw/FRUIT-16K/F_Banana/705.jpg,Banana,fresh,0,0,0,Banana_fresh,20
data/raw/FRUIT-16K/F_Banana/706.jpg,Banana,fresh,0,0,0,Banana_fresh,20
data/raw/FRUIT-16K/F_Banana/707.jpg,Banana,fresh,0,0,0,Banana_fresh,20
data/raw/FRUIT-16K/F_Banana/708.jpg,Banana,fresh,0,0,0,Banana_fresh,20
data/raw/FRUIT-16K/F_Banana/709.jpg,Banana,fresh,0,0,0,Banana_fresh,20
data/raw/FRUIT-16K/F_Banana/710.jpg,Banana,fresh,0,0,0,Banana_fresh,20
data/raw/FRUIT-16K/F_Banana/711.jpg,Banana,fresh,0,0,0,Banana_fresh,20
data/raw/FRUIT-16K/F_Banana/712.jpg,Banana,fresh,0,0,0,Banana_fresh,20
data/raw/FRUIT-16K/F_Banana/713.jpg,Banana,fresh,0,0,0,Banana_fresh,20
data/raw/FRUIT-16K/F_Banana/714.jpg,Banana,fresh,0,0,0,Banana_fresh,20
data/raw/FRUIT-16K/F_Banana/715.jpg,Banana,fresh,0,0,0,Banana_fresh,20
data/raw/FRUIT-16K/F_Banana/716.jpg,Banana,fresh,0,0,0,Banana_fresh,20
data/raw/FRUIT-16K/F_Banana/717.jpg,Banana,fresh,0,0,0,Banana_fresh,20
data/raw/FRUIT-16K/F_Banana/718.jpg,Banana,fresh,0,0,0,Banana_fresh,20
data/raw/FRUIT-16K/F_Banana/719.jpg,Banana,fresh,0,0,0,Banana_fresh,20
data/raw/FRUIT-16K/F_Banana/720.jpg,Banana,fresh,0,0,0,Banana_fresh,20
data/raw/FRUIT-16K/F_Banana/721.jpg,Banana,fresh,0,0,0,Banana_fresh,20
data/raw/FRUIT-16K/F_Banana/722.jpg,Banana,fresh,0,0,0,Banana_fresh,20
data/raw/FRUIT-16K/F_Banana/723.jpg,Banana,fresh,0,0,0,Banana_fresh,20
data/raw/FRUIT-16K/F_Banana/724.jpg,Banana,fresh,0,0,0,Banana_fresh,20
data/raw/FRUIT-16K/F_Banana/725.jpg,Banana,fresh,0,0,0,Banana_fresh,20
data/raw/FRUIT-16K/F_Banana/726.jpg,Banana,fresh,0,0,0,Banana_fresh,20
data/raw/FRUIT-16K/F_Banana/727.jpg,Banana,fresh,0,0,0,Banana_fresh,20
data/raw/FRUIT-16K/F_Banana/728.jpg,Banana,fresh,0,0,0,Banana_fresh,20
data/raw/FRUIT-16K/F_Banana/729.jpg,Banana,fresh,0,0,0,Banana_fresh,20
data/raw/FRUIT-16K/F_Banana/730.jpg,Banana,fresh,0,0,0,Banana_fresh,20
data/raw/FRUIT-16K/F_Banana/731.jpg,Banana,fresh,0,0,0,Banana_fresh,20
data/raw/FRUIT-16K/F_Banana/732.jpg,Banana,fresh,0,0,0,Banana_fresh,20
data/raw/FRUIT-16K/F_Banana/733.jpg,Banana,fresh,0,0,0,Banana_fresh,20
data/raw/FRUIT-16K/F_Banana/734.jpg,Banana,fresh,0,0,0,Banana_fresh,20
data/raw/FRUIT-16K/F_Banana/735.jpg,Banana,fresh,0,0,0,Banana_fresh,20
data/raw/FRUIT-16K/F_Banana/736.jpg,Banana,fresh,0,0,0,Banana_fresh,20
data/raw/FRUIT-16K/F_Banana/737.jpg,Banana,fresh,0,0,0,Banana_fresh,20
data/raw/FRUIT-16K/F_Banana/738.jpg,Banana,fresh,0,0,0,Banana_fresh,20
data/raw/FRUIT-16K/F_Banana/739.jpg,Banana,fresh,0,0,0,Banana_fresh,20
data/raw/FRUIT-16K/F_Banana/740.jpg,Banana,fresh,0,0,0,Banana_fresh,20
data/raw/FRUIT-16K/F_Banana/741.jpg,Banana,fresh,0,0,0,Banana_fresh,20
data/raw/FRUIT-16K/F_Banana/742.jpg,Banana,fresh,0,0,0,Banana_fresh,20
data/raw/FRUIT-16K/F_Banana/743.jpg,Banana,fresh,0,0,0,Banana_fresh,20
data/raw/FRUIT-16K/F_Banana/744.jpg,Banana,fresh,0,0,0,Banana_fresh,20
data/raw/FRUIT-16K/F_Banana/745.jpg,Banana,fresh,0,0,0,Banana_fresh,20
data/raw/FRUIT-16K/F_Banana/746.jpg,Banana,fresh,0,0,0,Banana_fresh,20
data/raw/FRUIT-16K/F_Banana/747.jpg,Banana,fresh,0,0,0,Banana_fresh,20
data/raw/FRUIT-16K/F_Banana/748.jpg,Banana,fresh,0,0,0,Banana_fresh,20
data/raw/FRUIT-16K/F_Banana/749.jpg,Banana,fresh,0,0,0,Banana_fresh,20
data/raw/FRUIT-16K/F_Banana/750.jpg,Banana,fresh,0,0,0,Banana_fresh,20
data/raw/FRUIT-16K/F_Banana/751.jpg,Banana,fresh,0,0,0,Banana_fresh,21
data/raw/FRUIT-16K/F_Banana/752.jpg,Banana,fresh,0,0,0,Banana_fresh,21
data/raw/FRUIT-16K/F_Banana/753.jpg,Banana,fresh,0,0,0,Banana_fresh,21
data/raw/FRUIT-16K/F_Banana/754.jpg,Banana,fresh,0,0,0,Banana_fresh,21
data/raw/FRUIT-16K/F_Banana/755.jpg,Banana,fresh,0,0,0,Banana_fresh,21
data/raw/FRUIT-16K/F_Banana/756.jpg,Banana,fresh,0,0,0,Banana_fresh,21
data/raw/FRUIT-16K/F_Banana/757.jpg,Banana,fresh,0,0,0,Banana_fresh,21
data/raw/FRUIT-16K/F_Banana/758.jpg,Banana,fresh,0,0,0,Banana_fresh,21
data/raw/FRUIT-16K/F_Banana/759.jpg,Banana,fresh,0,0,0,Banana_fresh,21
data/raw/FRUIT-16K/F_Banana/760.jpg,Banana,fresh,0,0,0,Banana_fresh,21
data/raw/FRUIT-16K/F_Banana/761.jpg,Banana,fresh,0,0,0,Banana_fresh,21
data/raw/FRUIT-16K/F_Banana/762.jpg,Banana,fresh,0,0,0,Banana_fresh,21
data/raw/FRUIT-16K/F_Banana/763.jpg,Banana,fresh,0,0,0,Banana_fresh,21
data/raw/FRUIT-16K/F_Banana/764.jpg,Banana,fresh,0,0,0,Banana_fresh,21
data/raw/FRUIT-16K/F_Banana/765.jpg,Banana,fresh,0,0,0,Banana_fresh,21
data/raw/FRUIT-16K/F_Banana/766.jpg,Banana,fresh,0,0,0,Banana_fresh,21
data/raw/FRUIT-16K/F_Banana/767.jpg,Banana,fresh,0,0,0,Banana_fresh,21
data/raw/FRUIT-16K/F_Banana/768.jpg,Banana,fresh,0,0,0,Banana_fresh,21
data/raw/FRUIT-16K/F_Banana/769.jpg,Banana,fresh,0,0,0,Banana_fresh,21
data/raw/FRUIT-16K/F_Banana/770.jpg,Banana,fresh,0,0,0,Banana_fresh,21
data/raw/FRUIT-16K/F_Banana/771.jpg,Banana,fresh,0,0,0,Banana_fresh,21
data/raw/FRUIT-16K/F_Banana/772.jpg,Banana,fresh,0,0,0,Banana_fresh,21
data/raw/FRUIT-16K/F_Banana/773.jpg,Banana,fresh,0,0,0,Banana_fresh,21
data/raw/FRUIT-16K/F_Banana/774.jpg,Banana,fresh,0,0,0,Banana_fresh,21
data/raw/FRUIT-16K/F_Banana/775.jpg,Banana,fresh,0,0,0,Banana_fresh,21
data/raw/FRUIT-16K/F_Banana/776.jpg,Banana,fresh,0,0,0,Banana_fresh,22
data/raw/FRUIT-16K/F_Banana/777.jpg,Banana,fresh,0,0,0,Banana_fresh,22
data/raw/FRUIT-16K/F_Banana/778.jpg,Banana,fresh,0,0,0,Banana_fresh,22
data/raw/FRUIT-16K/F_Banana/779.jpg,Banana,fresh,0,0,0,Banana_fresh,22
data/raw/FRUIT-16K/F_Banana/780.jpg,Banana,fresh,0,0,0,Banana_fresh,22
data/raw/FRUIT-16K/F_Banana/781.jpg,Banana,fresh,0,0,0,Banana_fresh,22
data/raw/FRUIT-16K/F_Banana/782.jpg,Banana,fresh,0,0,0,Banana_fresh,22
data/raw/FRUIT-16K/F_Banana/783.jpg,Banana,fresh,0,0,0,Banana_fresh,22
data/raw/FRUIT-16K/F_Banana/784.jpg,Banana,fresh,0,0,0,Banana_fresh,22
data/raw/FRUIT-16K/F_Banana/785.jpg,Banana,fresh,0,0,0,Banana_fresh,22
data/raw/FRUIT-16K/F_Banana/786.jpg,Banana,fresh,0,0,0,Banana_fresh,22
data/raw/FRUIT-16K/F_Banana/787.jpg,Banana,fresh,0,0,0,Banana_fresh,22
data/raw/FRUIT-16K/F_Banana/788.jpg,Banana,fresh,0,0,0,Banana_fresh,22
data/raw/FRUIT-16K/F_Banana/789.jpg,Banana,fresh,0,0,0,Banana_fresh,22
data/raw/FRUIT-16K/F_Banana/790.jpg,Banana,fresh,0,0,0,Banana_fresh,22
data/raw/FRUIT-16K/F_Banana/791.jpg,Banana,fresh,0,0,0,Banana_fresh,22
data/raw/FRUIT-16K/F_Banana/792.jpg,Banana,fresh,0,0,0,Banana_fresh,22
data/raw/FRUIT-16K/F_Banana/793.jpg,Banana,fresh,0,0,0,Banana_fresh,22
data/raw/FRUIT-16K/F_Banana/794.jpg,Banana,fresh,0,0,0,Banana_fresh,22
data/raw/FRUIT-16K/F_Banana/795.jpg,Banana,fresh,0,0,0,Banana_fresh,22
data/raw/FRUIT-16K/F_Banana/796.jpg,Banana,fresh,0,0,0,Banana_fresh,22
data/raw/FRUIT-16K/F_Banana/797.jpg,Banana,fresh,0,0,0,Banana_fresh,22
data/raw/FRUIT-16K/F_Banana/798.jpg,Banana,fresh,0,0,0,Banana_fresh,22
data/raw/FRUIT-16K/F_Banana/799.jpg,Banana,fresh,0,0,0,Banana_fresh,22
data/raw/FRUIT-16K/F_Banana/800.jpg,Banana,fresh,0,0,0,Banana_fresh,22
data/raw/FRUIT-16K/F_Banana/801.jpg,Banana,fresh,0,0,0,Banana_fresh,23
data/raw/FRUIT-16K/F_Banana/802.jpg,Banana,fresh,0,0,0,Banana_fresh,23
data/raw/FRUIT-16K/F_Banana/803.jpg,Banana,fresh,0,0,0,Banana_fresh,23
data/raw/FRUIT-16K/F_Banana/804.jpg,Banana,fresh,0,0,0,Banana_fresh,23
data/raw/FRUIT-16K/F_Banana/805.jpg,Banana,fresh,0,0,0,Banana_fresh,23
data/raw/FRUIT-16K/F_Banana/806.jpg,Banana,fresh,0,0,0,Banana_fresh,23
data/raw/FRUIT-16K/F_Banana/807.jpg,Banana,fresh,0,0,0,Banana_fresh,23
data/raw/FRUIT-16K/F_Banana/808.jpg,Banana,fresh,0,0,0,Banana_fresh,23
data/raw/FRUIT-16K/F_Banana/809.jpg,Banana,fresh,0,0,0,Banana_fresh,23
data/raw/FRUIT-16K/F_Banana/810.jpg,Banana,fresh,0,0,0,Banana_fresh,23
data/raw/FRUIT-16K/F_Banana/811.jpg,Banana,fresh,0,0,0,Banana_fresh,23
data/raw/FRUIT-16K/F_Banana/812.jpg,Banana,fresh,0,0,0,Banana_fresh,23
data/raw/FRUIT-16K/F_Banana/813.jpg,Banana,fresh,0,0,0,Banana_fresh,23
data/raw/FRUIT-16K/F_Banana/814.jpg,Banana,fresh,0,0,0,Banana_fresh,23
data/raw/FRUIT-16K/F_Banana/815.jpg,Banana,fresh,0,0,0,Banana_fresh,23
data/raw/FRUIT-16K/F_Banana/816.jpg,Banana,fresh,0,0,0,Banana_fresh,23
data/raw/FRUIT-16K/F_Banana/817.jpg,Banana,fresh,0,0,0,Banana_fresh,23
data/raw/FRUIT-16K/F_Banana/818.jpg,Banana,fresh,0,0,0,Banana_fresh,23
data/raw/FRUIT-16K/F_Banana/819.jpg,Banana,fresh,0,0,0,Banana_fresh,23
data/raw/FRUIT-16K/F_Banana/820.jpg,Banana,fresh,0,0,0,Banana_fresh,23
data/raw/FRUIT-16K/F_Banana/821.jpg,Banana,fresh,0,0,0,Banana_fresh,23
data/raw/FRUIT-16K/F_Banana/822.jpg,Banana,fresh,0,0,0,Banana_fresh,23
data/raw/FRUIT-16K/F_Banana/823.jpg,Banana,fresh,0,0,0,Banana_fresh,23
data/raw/FRUIT-16K/F_Banana/824.jpg,Banana,fresh,0,0,0,Banana_fresh,23
data/raw/FRUIT-16K/F_Banana/825.jpg,Banana,fresh,0,0,0,Banana_fresh,23
data/raw/FRUIT-16K/F_Banana/826.jpg,Banana,fresh,0,0,0,Banana_fresh,24
data/raw/FRUIT-16K/F_Banana/827.jpg,Banana,fresh,0,0,0,Banana_fresh,24
data/raw/FRUIT-16K/F_Banana/828.jpg,Banana,fresh,0,0,0,Banana_fresh,24
data/raw/FRUIT-16K/F_Banana/829.jpg,Banana,fresh,0,0,0,Banana_fresh,24
data/raw/FRUIT-16K/F_Banana/830.jpg,Banana,fresh,0,0,0,Banana_fresh,24
data/raw/FRUIT-16K/F_Banana/831.jpg,Banana,fresh,0,0,0,Banana_fresh,24
data/raw/FRUIT-16K/F_Banana/832.jpg,Banana,fresh,0,0,0,Banana_fresh,24
data/raw/FRUIT-16K/F_Banana/833.jpg,Banana,fresh,0,0,0,Banana_fresh,24
data/raw/FRUIT-16K/F_Banana/834.jpg,Banana,fresh,0,0,0,Banana_fresh,24
data/raw/FRUIT-16K/F_Banana/835.jpg,Banana,fresh,0,0,0,Banana_fresh,24
data/raw/FRUIT-16K/F_Banana/836.jpg,Banana,fresh,0,0,0,Banana_fresh,24
data/raw/FRUIT-16K/F_Banana/837.jpg,Banana,fresh,0,0,0,Banana_fresh,24
data/raw/FRUIT-16K/F_Banana/838.jpg,Banana,fresh,0,0,0,Banana_fresh,24
data/raw/FRUIT-16K/F_Banana/839.jpg,Banana,fresh,0,0,0,Banana_fresh,24
data/raw/FRUIT-16K/F_Banana/840.jpg,Banana,fresh,0,0,0,Banana_fresh,24
data/raw/FRUIT-16K/F_Banana/841.jpg,Banana,fresh,0,0,0,Banana_fresh,24
data/raw/FRUIT-16K/F_Banana/842.jpg,Banana,fresh,0,0,0,Banana_fresh,24
data/raw/FRUIT-16K/F_Banana/843.jpg,Banana,fresh,0,0,0,Banana_fresh,24
data/raw/FRUIT-16K/F_Banana/844.jpg,Banana,fresh,0,0,0,Banana_fresh,24
data/raw/FRUIT-16K/F_Banana/845.jpg,Banana,fresh,0,0,0,Banana_fresh,24
data/raw/FRUIT-16K/F_Banana/846.jpg,Banana,fresh,0,0,0,Banana_fresh,24
data/raw/FRUIT-16K/F_Banana/847.jpg,Banana,fresh,0,0,0,Banana_fresh,24
data/raw/FRUIT-16K/F_Banana/848.jpg,Banana,fresh,0,0,0,Banana_fresh,24
data/raw/FRUIT-16K/F_Banana/849.jpg,Banana,fresh,0,0,0,Banana_fresh,24
data/raw/FRUIT-16K/F_Banana/850.jpg,Banana,fresh,0,0,0,Banana_fresh,24
data/raw/FRUIT-16K/F_Banana/851.jpg,Banana,fresh,0,0,0,Banana_fresh,23
data/raw/FRUIT-16K/F_Banana/852.jpg,Banana,fresh,0,0,0,Banana_fresh,23
data/raw/FRUIT-16K/F_Banana/853.jpg,Banana,fresh,0,0,0,Banana_fresh,23
data/raw/FRUIT-16K/F_Banana/854.jpg,Banana,fresh,0,0,0,Banana_fresh,23
data/raw/FRUIT-16K/F_Banana/855.jpg,Banana,fresh,0,0,0,Banana_fresh,23
data/raw/FRUIT-16K/F_Banana/856.jpg,Banana,fresh,0,0,0,Banana_fresh,23
data/raw/FRUIT-16K/F_Banana/857.jpg,Banana,fresh,0,0,0,Banana_fresh,23
data/raw/FRUIT-16K/F_Banana/858.jpg,Banana,fresh,0,0,0,Banana_fresh,23
data/raw/FRUIT-16K/F_Banana/859.jpg,Banana,fresh,0,0,0,Banana_fresh,23
data/raw/FRUIT-16K/F_Banana/860.jpg,Banana,fresh,0,0,0,Banana_fresh,23
data/raw/FRUIT-16K/F_Banana/861.jpg,Banana,fresh,0,0,0,Banana_fresh,23
data/raw/FRUIT-16K/F_Banana/862.jpg,Banana,fresh,0,0,0,Banana_fresh,23
data/raw/FRUIT-16K/F_Banana/863.jpg,Banana,fresh,0,0,0,Banana_fresh,23
data/raw/FRUIT-16K/F_Banana/864.jpg,Banana,fresh,0,0,0,Banana_fresh,23
data/raw/FRUIT-16K/F_Banana/865.jpg,Banana,fresh,0,0,0,Banana_fresh,23
data/raw/FRUIT-16K/F_Banana/866.jpg,Banana,fresh,0,0,0,Banana_fresh,23
data/raw/FRUIT-16K/F_Banana/867.jpg,Banana,fresh,0,0,0,Banana_fresh,23
data/raw/FRUIT-16K/F_Banana/868.jpg,Banana,fresh,0,0,0,Banana_fresh,23
data/raw/FRUIT-16K/F_Banana/869.jpg,Banana,fresh,0,0,0,Banana_fresh,23
data/raw/FRUIT-16K/F_Banana/870.jpg,Banana,fresh,0,0,0,Banana_fresh,23
data/raw/FRUIT-16K/F_Banana/871.jpg,Banana,fresh,0,0,0,Banana_fresh,23
data/raw/FRUIT-16K/F_Banana/872.jpg,Banana,fresh,0,0,0,Banana_fresh,23
data/raw/FRUIT-16K/F_Banana/873.jpg,Banana,fresh,0,0,0,Banana_fresh,23
data/raw/FRUIT-16K/F_Banana/874.jpg,Banana,fresh,0,0,0,Banana_fresh,23
data/raw/FRUIT-16K/F_Banana/875.jpg,Banana,fresh,0,0,0,Banana_fresh,23
data/raw/FRUIT-16K/F_Banana/876.jpg,Banana,fresh,0,0,0,Banana_fresh,23
data/raw/FRUIT-16K/F_Banana/877.jpg,Banana,fresh,0,0,0,Banana_fresh,23
data/raw/FRUIT-16K/F_Banana/878.jpg,Banana,fresh,0,0,0,Banana_fresh,23
data/raw/FRUIT-16K/F_Banana/879.jpg,Banana,fresh,0,0,0,Banana_fresh,23
data/raw/FRUIT-16K/F_Banana/880.jpg,Banana,fresh,0,0,0,Banana_fresh,23
data/raw/FRUIT-16K/F_Banana/881.jpg,Banana,fresh,0,0,0,Banana_fresh,23
data/raw/FRUIT-16K/F_Banana/882.jpg,Banana,fresh,0,0,0,Banana_fresh,23
data/raw/FRUIT-16K/F_Banana/883.jpg,Banana,fresh,0,0,0,Banana_fresh,23
data/raw/FRUIT-16K/F_Banana/884.jpg,Banana,fresh,0,0,0,Banana_fresh,23
data/raw/FRUIT-16K/F_Banana/885.jpg,Banana,fresh,0,0,0,Banana_fresh,23
data/raw/FRUIT-16K/F_Banana/886.jpg,Banana,fresh,0,0,0,Banana_fresh,23
data/raw/FRUIT-16K/F_Banana/887.jpg,Banana,fresh,0,0,0,Banana_fresh,23
data/raw/FRUIT-16K/F_Banana/888.jpg,Banana,fresh,0,0,0,Banana_fresh,23
data/raw/FRUIT-16K/F_Banana/889.jpg,Banana,fresh,0,0,0,Banana_fresh,23
data/raw/FRUIT-16K/F_Banana/890.jpg,Banana,fresh,0,0,0,Banana_fresh,23
data/raw/FRUIT-16K/F_Banana/891.jpg,Banana,fresh,0,0,0,Banana_fresh,23
data/raw/FRUIT-16K/F_Banana/892.jpg,Banana,fresh,0,0,0,Banana_fresh,23
data/raw/FRUIT-16K/F_Banana/893.jpg,Banana,fresh,0,0,0,Banana_fresh,23
data/raw/FRUIT-16K/F_Banana/894.jpg,Banana,fresh,0,0,0,Banana_fresh,23
data/raw/FRUIT-16K/F_Banana/895.jpg,Banana,fresh,0,0,0,Banana_fresh,23
data/raw/FRUIT-16K/F_Banana/896.jpg,Banana,fresh,0,0,0,Banana_fresh,23
data/raw/FRUIT-16K/F_Banana/897.jpg,Banana,fresh,0,0,0,Banana_fresh,23
data/raw/FRUIT-16K/F_Banana/898.jpg,Banana,fresh,0,0,0,Banana_fresh,23
data/raw/FRUIT-16K/F_Banana/899.jpg,Banana,fresh,0,0,0,Banana_fresh,23
data/raw/FRUIT-16K/F_Banana/900.jpg,Banana,fresh,0,0,0,Banana_fresh,23
data/raw/FRUIT-16K/F_Banana/901.jpg,Banana,fresh,0,0,0,Banana_fresh,23
data/raw/FRUIT-16K/F_Banana/902.jpg,Banana,fresh,0,0,0,Banana_fresh,23
data/raw/FRUIT-16K/F_Banana/903.jpg,Banana,fresh,0,0,0,Banana_fresh,23
data/raw/FRUIT-16K/F_Banana/904.jpg,Banana,fresh,0,0,0,Banana_fresh,23
data/raw/FRUIT-16K/F_Banana/905.jpg,Banana,fresh,0,0,0,Banana_fresh,23
data/raw/FRUIT-16K/F_Banana/906.jpg,Banana,fresh,0,0,0,Banana_fresh,23
data/raw/FRUIT-16K/F_Banana/907.jpg,Banana,fresh,0,0,0,Banana_fresh,23
data/raw/FRUIT-16K/F_Banana/908.jpg,Banana,fresh,0,0,0,Banana_fresh,23
data/raw/FRUIT-16K/F_Banana/909.jpg,Banana,fresh,0,0,0,Banana_fresh,23
data/raw/FRUIT-16K/F_Banana/910.jpg,Banana,fresh,0,0,0,Banana_fresh,23
data/raw/FRUIT-16K/F_Banana/911.jpg,Banana,fresh,0,0,0,Banana_fresh,23
data/raw/FRUIT-16K/F_Banana/912.jpg,Banana,fresh,0,0,0,Banana_fresh,23
data/raw/FRUIT-16K/F_Banana/913.jpg,Banana,fresh,0,0,0,Banana_fresh,23
data/raw/FRUIT-16K/F_Banana/914.jpg,Banana,fresh,0,0,0,Banana_fresh,23
data/raw/FRUIT-16K/F_Banana/915.jpg,Banana,fresh,0,0,0,Banana_fresh,23
data/raw/FRUIT-16K/F_Banana/916.jpg,Banana,fresh,0,0,0,Banana_fresh,23
data/raw/FRUIT-16K/F_Banana/917.jpg,Banana,fresh,0,0,0,Banana_fresh,23
data/raw/FRUIT-16K/F_Banana/918.jpg,Banana,fresh,0,0,0,Banana_fresh,23
data/raw/FRUIT-16K/F_Banana/919.jpg,Banana,fresh,0,0,0,Banana_fresh,23
data/raw/FRUIT-16K/F_Banana/920.jpg,Banana,fresh,0,0,0,Banana_fresh,23
data/raw/FRUIT-16K/F_Banana/921.jpg,Banana,fresh,0,0,0,Banana_fresh,23
data/raw/FRUIT-16K/F_Banana/922.jpg,Banana,fresh,0,0,0,Banana_fresh,23
data/raw/FRUIT-16K/F_Banana/923.jpg,Banana,fresh,0,0,0,Banana_fresh,23
data/raw/FRUIT-16K/F_Banana/924.jpg,Banana,fresh,0,0,0,Banana_fresh,23
data/raw/FRUIT-16K/F_Banana/925.jpg,Banana,fresh,0,0,0,Banana_fresh,23
data/raw/FRUIT-16K/F_Banana/926.jpg,Banana,fresh,0,0,0,Banana_fresh,25
data/raw/FRUIT-16K/F_Banana/927.jpg,Banana,fresh,0,0,0,Banana_fresh,25
data/raw/FRUIT-16K/F_Banana/928.jpg,Banana,fresh,0,0,0,Banana_fresh,25
data/raw/FRUIT-16K/F_Banana/929.jpg,Banana,fresh,0,0,0,Banana_fresh,25
data/raw/FRUIT-16K/F_Banana/930.jpg,Banana,fresh,0,0,0,Banana_fresh,25
data/raw/FRUIT-16K/F_Banana/931.jpg,Banana,fresh,0,0,0,Banana_fresh,25
data/raw/FRUIT-16K/F_Banana/932.jpg,Banana,fresh,0,0,0,Banana_fresh,25
data/raw/FRUIT-16K/F_Banana/933.jpg,Banana,fresh,0,0,0,Banana_fresh,25
data/raw/FRUIT-16K/F_Banana/934.jpg,Banana,fresh,0,0,0,Banana_fresh,25
data/raw/FRUIT-16K/F_Banana/935.jpg,Banana,fresh,0,0,0,Banana_fresh,25
data/raw/FRUIT-16K/F_Banana/936.jpg,Banana,fresh,0,0,0,Banana_fresh,25
data/raw/FRUIT-16K/F_Banana/937.jpg,Banana,fresh,0,0,0,Banana_fresh,25
data/raw/FRUIT-16K/F_Banana/938.jpg,Banana,fresh,0,0,0,Banana_fresh,25
data/raw/FRUIT-16K/F_Banana/939.jpg,Banana,fresh,0,0,0,Banana_fresh,25
data/raw/FRUIT-16K/F_Banana/940.jpg,Banana,fresh,0,0,0,Banana_fresh,25
data/raw/FRUIT-16K/F_Banana/941.jpg,Banana,fresh,0,0,0,Banana_fresh,25
data/raw/FRUIT-16K/F_Banana/942.jpg,Banana,fresh,0,0,0,Banana_fresh,25
data/raw/FRUIT-16K/F_Banana/943.jpg,Banana,fresh,0,0,0,Banana_fresh,25
data/raw/FRUIT-16K/F_Banana/944.jpg,Banana,fresh,0,0,0,Banana_fresh,25
data/raw/FRUIT-16K/F_Banana/945.jpg,Banana,fresh,0,0,0,Banana_fresh,25
data/raw/FRUIT-16K/F_Banana/946.jpg,Banana,fresh,0,0,0,Banana_fresh,25
data/raw/FRUIT-16K/F_Banana/947.jpg,Banana,fresh,0,0,0,Banana_fresh,25
data/raw/FRUIT-16K/F_Banana/948.jpg,Banana,fresh,0,0,0,Banana_fresh,25
data/raw/FRUIT-16K/F_Banana/949.jpg,Banana,fresh,0,0,0,Banana_fresh,25
data/raw/FRUIT-16K/F_Banana/950.jpg,Banana,fresh,0,0,0,Banana_fresh,25
data/raw/FRUIT-16K/F_Banana/951.jpg,Banana,fresh,0,0,0,Banana_fresh,26
data/raw/FRUIT-16K/F_Banana/952.jpg,Banana,fresh,0,0,0,Banana_fresh,26
data/raw/FRUIT-16K/F_Banana/953.jpg,Banana,fresh,0,0,0,Banana_fresh,26
data/raw/FRUIT-16K/F_Banana/954.jpg,Banana,fresh,0,0,0,Banana_fresh,26
data/raw/FRUIT-16K/F_Banana/955.jpg,Banana,fresh,0,0,0,Banana_fresh,26
data/raw/FRUIT-16K/F_Banana/956.jpg,Banana,fresh,0,0,0,Banana_fresh,26
data/raw/FRUIT-16K/F_Banana/957.jpg,Banana,fresh,0,0,0,Banana_fresh,26
data/raw/FRUIT-16K/F_Banana/958.jpg,Banana,fresh,0,0,0,Banana_fresh,26
data/raw/FRUIT-16K/F_Banana/959.jpg,Banana,fresh,0,0,0,Banana_fresh,26
data/raw/FRUIT-16K/F_Banana/960.jpg,Banana,fresh,0,0,0,Banana_fresh,26
data/raw/FRUIT-16K/F_Banana/961.jpg,Banana,fresh,0,0,0,Banana_fresh,26
data/raw/FRUIT-16K/F_Banana/962.jpg,Banana,fresh,0,0,0,Banana_fresh,26
data/raw/FRUIT-16K/F_Banana/963.jpg,Banana,fresh,0,0,0,Banana_fresh,26
data/raw/FRUIT-16K/F_Banana/964.jpg,Banana,fresh,0,0,0,Banana_fresh,26
data/raw/FRUIT-16K/F_Banana/965.jpg,Banana,fresh,0,0,0,Banana_fresh,26
data/raw/FRUIT-16K/F_Banana/966.jpg,Banana,fresh,0,0,0,Banana_fresh,26
data/raw/FRUIT-16K/F_Banana/967.jpg,Banana,fresh,0,0,0,Banana_fresh,26
data/raw/FRUIT-16K/F_Banana/968.jpg,Banana,fresh,0,0,0,Banana_fresh,26
data/raw/FRUIT-16K/F_Banana/969.jpg,Banana,fresh,0,0,0,Banana_fresh,26
data/raw/FRUIT-16K/F_Banana/970.jpg,Banana,fresh,0,0,0,Banana_fresh,26
data/raw/FRUIT-16K/F_Banana/971.jpg,Banana,fresh,0,0,0,Banana_fresh,26
data/raw/FRUIT-16K/F_Banana/972.jpg,Banana,fresh,0,0,0,Banana_fresh,26
data/raw/FRUIT-16K/F_Banana/973.jpg,Banana,fresh,0,0,0,Banana_fresh,26
data/raw/FRUIT-16K/F_Banana/974.jpg,Banana,fresh,0,0,0,Banana_fresh,26
data/raw/FRUIT-16K/F_Banana/975.jpg,Banana,fresh,0,0,0,Banana_fresh,26
data/raw/FRUIT-16K/F_Lemon/51.jpg,Lemon,fresh,1,0,2,Lemon_fresh,30
data/raw/FRUIT-16K/F_Lemon/53.jpg,Lemon,fresh,1,0,2,Lemon_fresh,30
data/raw/FRUIT-16K/F_Lemon/55.jpg,Lemon,fresh,1,0,2,Lemon_fresh,30
data/raw/FRUIT-16K/F_Lemon/57.jpg,Lemon,fresh,1,0,2,Lemon_fresh,30
data/raw/FRUIT-16K/F_Lemon/59.jpg,Lemon,fresh,1,0,2,Lemon_fresh,30
data/raw/FRUIT-16K/F_Lemon/61.jpg,Lemon,fresh,1,0,2,Lemon_fresh,30
data/raw/FRUIT-16K/F_Lemon/63.jpg,Lemon,fresh,1,0,2,Lemon_fresh,30
data/raw/FRUIT-16K/F_Lemon/65.jpg,Lemon,fresh,1,0,2,Lemon_fresh,30
data/raw/FRUIT-16K/F_Lemon/66.jpg,Lemon,fresh,1,0,2,Lemon_fresh,30
data/raw/FRUIT-16K/F_Lemon/67.jpg,Lemon,fresh,1,0,2,Lemon_fresh,30
data/raw/FRUIT-16K/F_Lemon/69.jpg,Lemon,fresh,1,0,2,Lemon_fresh,30
data/raw/FRUIT-16K/F_Lemon/71.jpg,Lemon,fresh,1,0,2,Lemon_fresh,30
data/raw/FRUIT-16K/F_Lemon/73.jpg,Lemon,fresh,1,0,2,Lemon_fresh,30
data/raw/FRUIT-16K/F_Lemon/75.jpg,Lemon,fresh,1,0,2,Lemon_fresh,30
data/raw/FRUIT-16K/F_Lemon/77.jpg,Lemon,fresh,1,0,2,Lemon_fresh,31
data/raw/FRUIT-16K/F_Lemon/79.jpg,Lemon,fresh,1,0,2,Lemon_fresh,31
data/raw/FRUIT-16K/F_Lemon/81.jpg,Lemon,fresh,1,0,2,Lemon_fresh,31
data/raw/FRUIT-16K/F_Lemon/83.jpg,Lemon,fresh,1,0,2,Lemon_fresh,31
data/raw/FRUIT-16K/F_Lemon/85.jpg,Lemon,fresh,1,0,2,Lemon_fresh,31
data/raw/FRUIT-16K/F_Lemon/87.jpg,Lemon,fresh,1,0,2,Lemon_fresh,31
data/raw/FRUIT-16K/F_Lemon/88.jpg,Lemon,fresh,1,0,2,Lemon_fresh,31
data/raw/FRUIT-16K/F_Lemon/89.jpg,Lemon,fresh,1,0,2,Lemon_fresh,31
data/raw/FRUIT-16K/F_Lemon/91.jpg,Lemon,fresh,1,0,2,Lemon_fresh,31
data/raw/FRUIT-16K/F_Lemon/93.jpg,Lemon,fresh,1,0,2,Lemon_fresh,31
data/raw/FRUIT-16K/F_Lemon/95.jpg,Lemon,fresh,1,0,2,Lemon_fresh,31
data/raw/FRUIT-16K/F_Lemon/97.jpg,Lemon,fresh,1,0,2,Lemon_fresh,31
data/raw/FRUIT-16K/F_Lemon/99.jpg,Lemon,fresh,1,0,2,Lemon_fresh,31
data/raw/FRUIT-16K/F_Lemon/101.jpg,Lemon,fresh,1,0,2,Lemon_fresh,32
data/raw/FRUIT-16K/F_Lemon/103.jpg,Lemon,fresh,1,0,2,Lemon_fresh,32
data/raw/FRUIT-16K/F_Lemon/105.jpg,Lemon,fresh,1,0,2,Lemon_fresh,32
data/raw/FRUIT-16K/F_Lemon/107.jpg,Lemon,fresh,1,0,2,Lemon_fresh,32
data/raw/FRUIT-16K/F_Lemon/109.jpg,Lemon,fresh,1,0,2,Lemon_fresh,32
data/raw/FRUIT-16K/F_Lemon/110.jpg,Lemon,fresh,1,0,2,Lemon_fresh,32
data/raw/FRUIT-16K/F_Lemon/111.jpg,Lemon,fresh,1,0,2,Lemon_fresh,32
data/raw/FRUIT-16K/F_Lemon/113.jpg,Lemon,fresh,1,0,2,Lemon_fresh,32
data/raw/FRUIT-16K/F_Lemon/115.jpg,Lemon,fresh,1,0,2,Lemon_fresh,32
data/raw/FRUIT-16K/F_Lemon/117.jpg,Lemon,fresh,1,0,2,Lemon_fresh,32
data/raw/FRUIT-16K/F_Lemon/119.jpg,Lemon,fresh,1,0,2,Lemon_fresh,32
data/raw/FRUIT-16K/F_Lemon/121.jpg,Lemon,fresh,1,0,2,Lemon_fresh,32
data/raw/FRUIT-16K/F_Lemon/123.jpg,Lemon,fresh,1,0,2,Lemon_fresh,32
data/raw/FRUIT-16K/F_Lemon/125.jpg,Lemon,fresh,1,0,2,Lemon_fresh,32
data/raw/FRUIT-16K/F_Lemon/127.jpg,Lemon,fresh,1,0,2,Lemon_fresh,31
data/raw/FRUIT-16K/F_Lemon/129.jpg,Lemon,fresh,1,0,2,Lemon_fresh,31
data/raw/FRUIT-16K/F_Lemon/131.jpg,Lemon,fresh,1,0,2,Lemon_fresh,31
data/raw/FRUIT-16K/F_Lemon/132.jpg,Lemon,fresh,1,0,2,Lemon_fresh,31
data/raw/FRUIT-16K/F_Lemon/133.jpg,Lemon,fresh,1,0,2,Lemon_fresh,31
data/raw/FRUIT-16K/F_Lemon/135.jpg,Lemon,fresh,1,0,2,Lemon_fresh,31
data/raw/FRUIT-16K/F_Lemon/137.jpg,Lemon,fresh,1,0,2,Lemon_fresh,31
data/raw/FRUIT-16K/F_Lemon/139.jpg,Lemon,fresh,1,0,2,Lemon_fresh,31
data/raw/FRUIT-16K/F_Lemon/141.jpg,Lemon,fresh,1,0,2,Lemon_fresh,31
data/raw/FRUIT-16K/F_Lemon/143.jpg,Lemon,fresh,1,0,2,Lemon_fresh,31
data/raw/FRUIT-16K/F_Lemon/145.jpg,Lemon,fresh,1,0,2,Lemon_fresh,31
data/raw/FRUIT-16K/F_Lemon/147.jpg,Lemon,fresh,1,0,2,Lemon_fresh,31
data/raw/FRUIT-16K/F_Lemon/149.jpg,Lemon,fresh,1,0,2,Lemon_fresh,31
data/raw/FRUIT-16K/F_Lemon/151.jpg,Lemon,fresh,1,0,2,Lemon_fresh,31
data/raw/FRUIT-16K/F_Lemon/153.jpg,Lemon,fresh,1,0,2,Lemon_fresh,31
data/raw/FRUIT-16K/F_Lemon/154.jpg,Lemon,fresh,1,0,2,Lemon_fresh,31
data/raw/FRUIT-16K/F_Lemon/155.jpg,Lemon,fresh,1,0,2,Lemon_fresh,31
data/raw/FRUIT-16K/F_Lemon/157.jpg,Lemon,fresh,1,0,2,Lemon_fresh,31
data/raw/FRUIT-16K/F_Lemon/159.jpg,Lemon,fresh,1,0,2,Lemon_fresh,31
data/raw/FRUIT-16K/F_Lemon/161.jpg,Lemon,fresh,1,0,2,Lemon_fresh,31
data/raw/FRUIT-16K/F_Lemon/163.jpg,Lemon,fresh,1,0,2,Lemon_fresh,31
data/raw/FRUIT-16K/F_Lemon/165.jpg,Lemon,fresh,1,0,2,Lemon_fresh,31
data/raw/FRUIT-16K/F_Lemon/167.jpg,Lemon,fresh,1,0,2,Lemon_fresh,31
data/raw/FRUIT-16K/F_Lemon/169.jpg,Lemon,fresh,1,0,2,Lemon_fresh,31
data/raw/FRUIT-16K/F_Lemon/171.jpg,Lemon,fresh,1,0,2,Lemon_fresh,31
data/raw/FRUIT-16K/F_Lemon/173.jpg,Lemon,fresh,1,0,2,Lemon_fresh,31
data/raw/FRUIT-16K/F_Lemon/175.jpg,Lemon,fresh,1,0,2,Lemon_fresh,31
data/raw/FRUIT-16K/F_Lemon/251.jpg,Lemon,fresh,1,0,2,Lemon_fresh,36
data/raw/FRUIT-16K/F_Lemon/253.jpg,Lemon,fresh,1,0,2,Lemon_fresh,36
data/raw/FRUIT-16K/F_Lemon/255.jpg,Lemon,fresh,1,0,2,Lemon_fresh,36
data/raw/FRUIT-16K/F_Lemon/257.jpg,Lemon,fresh,1,0,2,Lemon_fresh,36
data/raw/FRUIT-16K/F_Lemon/259.jpg,Lemon,fresh,1,0,2,Lemon_fresh,36
data/raw/FRUIT-16K/F_Lemon/261.jpg,Lemon,fresh,1,0,2,Lemon_fresh,36
data/raw/FRUIT-16K/F_Lemon/263.jpg,Lemon,fresh,1,0,2,Lemon_fresh,36
data/raw/FRUIT-16K/F_Lemon/264.jpg,Lemon,fresh,1,0,2,Lemon_fresh,36
data/raw/FRUIT-16K/F_Lemon/265.jpg,Lemon,fresh,1,0,2,Lemon_fresh,36
data/raw/FRUIT-16K/F_Lemon/267.jpg,Lemon,fresh,1,0,2,Lemon_fresh,36
data/raw/FRUIT-16K/F_Lemon/269.jpg,Lemon,fresh,1,0,2,Lemon_fresh,36
data/raw/FRUIT-16K/F_Lemon/271.jpg,Lemon,fresh,1,0,2,Lemon_fresh,36
data/raw/FRUIT-16K/F_Lemon/273.jpg,Lemon,fresh,1,0,2,Lemon_fresh,36
data/raw/FRUIT-16K/F_Lemon/275.jpg,Lemon,fresh,1,0,2,Lemon_fresh,36
data/raw/FRUIT-16K/F_Lemon/277.jpg,Lemon,fresh,1,0,2,Lemon_fresh,37
data/raw/FRUIT-16K/F_Lemon/279.jpg,Lemon,fresh,1,0,2,Lemon_fresh,37
data/raw/FRUIT-16K/F_Lemon/281.jpg,Lemon,fresh,1,0,2,Lemon_fresh,37
data/raw/FRUIT-16K/F_Lemon/283.jpg,Lemon,fresh,1,0,2,Lemon_fresh,37
data/raw/FRUIT-16K/F_Lemon/285.jpg,Lemon,fresh,1,0,2,Lemon_fresh,37
data/raw/FRUIT-16K/F_Lemon/286.jpg,Lemon,fresh,1,0,2,Lemon_fresh,37
data/raw/FRUIT-16K/F_Lemon/287.jpg,Lemon,fresh,1,0,2,Lemon_fresh,37
data/raw/FRUIT-16K/F_Lemon/289.jpg,Lemon,fresh,1,0,2,Lemon_fresh,37
data/raw/FRUIT-16K/F_Lemon/291.jpg,Lemon,fresh,1,0,2,Lemon_fresh,37
data/raw/FRUIT-16K/F_Lemon/293.jpg,Lemon,fresh,1,0,2,Lemon_fresh,37
data/raw/FRUIT-16K/F_Lemon/295.jpg,Lemon,fresh,1,0,2,Lemon_fresh,37
data/raw/FRUIT-16K/F_Lemon/297.jpg,Lemon,fresh,1,0,2,Lemon_fresh,37
data/raw/FRUIT-16K/F_Lemon/299.jpg,Lemon,fresh,1,0,2,Lemon_fresh,37
data/raw/FRUIT-16K/F_Lemon/301.jpg,Lemon,fresh,1,0,2,Lemon_fresh,37
data/raw/FRUIT-16K/F_Lemon/303.jpg,Lemon,fresh,1,0,2,Lemon_fresh,37
data/raw/FRUIT-16K/F_Lemon/305.jpg,Lemon,fresh,1,0,2,Lemon_fresh,37
data/raw/FRUIT-16K/F_Lemon/307.jpg,Lemon,fresh,1,0,2,Lemon_fresh,37
data/raw/FRUIT-16K/F_Lemon/308.jpg,Lemon,fresh,1,0,2,Lemon_fresh,37
data/raw/FRUIT-16K/F_Lemon/309.jpg,Lemon,fresh,1,0,2,Lemon_fresh,37
data/raw/FRUIT-16K/F_Lemon/311.jpg,Lemon,fresh,1,0,2,Lemon_fresh,37
data/raw/FRUIT-16K/F_Lemon/313.jpg,Lemon,fresh,1,0,2,Lemon_fresh,37
data/raw/FRUIT-16K/F_Lemon/315.jpg,Lemon,fresh,1,0,2,Lemon_fresh,37
data/raw/FRUIT-16K/F_Lemon/317.jpg,Lemon,fresh,1,0,2,Lemon_fresh,37
data/raw/FRUIT-16K/F_Lemon/319.jpg,Lemon,fresh,1,0,2,Lemon_fresh,37
data/raw/FRUIT-16K/F_Lemon/321.jpg,Lemon,fresh,1,0,2,Lemon_fresh,37
data/raw/FRUIT-16K/F_Lemon/323.jpg,Lemon,fresh,1,0,2,Lemon_fresh,37
data/raw/FRUIT-16K/F_Lemon/325.jpg,Lemon,fresh,1,0,2,Lemon_fresh,37
data/raw/FRUIT-16K/F_Lemon/327.jpg,Lemon,fresh,1,0,2,Lemon_fresh,38
data/raw/FRUIT-16K/F_Lemon/329.jpg,Lemon,fresh,1,0,2,Lemon_fresh,38
data/raw/FRUIT-16K/F_Lemon/330.jpg,Lemon,fresh,1,0,2,Lemon_fresh,38
data/raw/FRUIT-16K/F_Lemon/331.jpg,Lemon,fresh,1,0,2,Lemon_fresh,38
data/raw/FRUIT-16K/F_Lemon/333.jpg,Lemon,fresh,1,0,2,Lemon_fresh,38
data/raw/FRUIT-16K/F_Lemon/335.jpg,Lemon,fresh,1,0,2,Lemon_fresh,38
data/raw/FRUIT-16K/F_Lemon/337.jpg,Lemon,fresh,1,0,2,Lemon_fresh,38
data/raw/FRUIT-16K/F_Lemon/339.jpg,Lemon,fresh,1,0,2,Lemon_fresh,38
data/raw/FRUIT-16K/F_Lemon/341.jpg,Lemon,fresh,1,0,2,Lemon_fresh,38
data/raw/FRUIT-16K/F_Lemon/343.jpg,Lemon,fresh,1,0,2,Lemon_fresh,38
data/raw/FRUIT-16K/F_Lemon/345.jpg,Lemon,fresh,1,0,2,Lemon_fresh,38
data/raw/FRUIT-16K/F_Lemon/347.jpg,Lemon,fresh,1,0,2,Lemon_fresh,38
data/raw/FRUIT-16K/F_Lemon/349.jpg,Lemon,fresh,1,0,2,Lemon_fresh,38
data/raw/FRUIT-16K/F_Lemon/351.jpg,Lemon,fresh,1,0,2,Lemon_fresh,39
data/raw/FRUIT-16K/F_Lemon/352.jpg,Lemon,fresh,1,0,2,Lemon_fresh,39
data/raw/FRUIT-16K/F_Lemon/353.jpg,Lemon,fresh,1,0,2,Lemon_fresh,39
data/raw/FRUIT-16K/F_Lemon/355.jpg,Lemon,fresh,1,0,2,Lemon_fresh,39
data/raw/FRUIT-16K/F_Lemon/357.jpg,Lemon,fresh,1,0,2,Lemon_fresh,39
data/raw/FRUIT-16K/F_Lemon/359.jpg,Lemon,fresh,1,0,2,Lemon_fresh,39
data/raw/FRUIT-16K/F_Lemon/361.jpg,Lemon,fresh,1,0,2,Lemon_fresh,39
data/raw/FRUIT-16K/F_Lemon/363.jpg,Lemon,fresh,1,0,2,Lemon_fresh,39
data/raw/FRUIT-16K/F_Lemon/365.jpg,Lemon,fresh,1,0,2,Lemon_fresh,39
data/raw/FRUIT-16K/F_Lemon/367.jpg,Lemon,fresh,1,0,2,Lemon_fresh,39
data/raw/FRUIT-16K/F_Lemon/369.jpg,Lemon,fresh,1,0,2,Lemon_fresh,39
data/raw/FRUIT-16K/F_Lemon/371.jpg,Lemon,fresh,1,0,2,Lemon_fresh,39
data/raw/FRUIT-16K/F_Lemon/373.jpg,Lemon,fresh,1,0,2,Lemon_fresh,39
data/raw/FRUIT-16K/F_Lemon/374.jpg,Lemon,fresh,1,0,2,Lemon_fresh,39
data/raw/FRUIT-16K/F_Lemon/375.jpg,Lemon,fresh,1,0,2,Lemon_fresh,39
data/raw/FRUIT-16K/F_Lemon/451.jpg,Lemon,fresh,1,0,2,Lemon_fresh,43
data/raw/FRUIT-16K/F_Lemon/453.jpg,Lemon,fresh,1,0,2,Lemon_fresh,43
data/raw/FRUIT-16K/F_Lemon/455.jpg,Lemon,fresh,1,0,2,Lemon_fresh,43
data/raw/FRUIT-16K/F_Lemon/457.jpg,Lemon,fresh,1,0,2,Lemon_fresh,43
data/raw/FRUIT-16K/F_Lemon/459.jpg,Lemon,fresh,1,0,2,Lemon_fresh,43
data/raw/FRUIT-16K/F_Lemon/461.jpg,Lemon,fresh,1,0,2,Lemon_fresh,43
data/raw/FRUIT-16K/F_Lemon/462.jpg,Lemon,fresh,1,0,2,Lemon_fresh,43
data/raw/FRUIT-16K/F_Lemon/463.jpg,Lemon,fresh,1,0,2,Lemon_fresh,43
data/raw/FRUIT-16K/F_Lemon/465.jpg,Lemon,fresh,1,0,2,Lemon_fresh,43
data/raw/FRUIT-16K/F_Lemon/467.jpg,Lemon,fresh,1,0,2,Lemon_fresh,43
data/raw/FRUIT-16K/F_Lemon/469.jpg,Lemon,fresh,1,0,2,Lemon_fresh,43
data/raw/FRUIT-16K/F_Lemon/471.jpg,Lemon,fresh,1,0,2,Lemon_fresh,43
data/raw/FRUIT-16K/F_Lemon/473.jpg,Lemon,fresh,1,0,2,Lemon_fresh,43
data/raw/FRUIT-16K/F_Lemon/475.jpg,Lemon,fresh,1,0,2,Lemon_fresh,43
data/raw/FRUIT-16K/F_Lemon/477.jpg,Lemon,fresh,1,0,2,Lemon_fresh,43
data/raw/FRUIT-16K/F_Lemon/479.jpg,Lemon,fresh,1,0,2,Lemon_fresh,43
data/raw/FRUIT-16K/F_Lemon/481.jpg,Lemon,fresh,1,0,2,Lemon_fresh,43
data/raw/FRUIT-16K/F_Lemon/483.jpg,Lemon,fresh,1,0,2,Lemon_fresh,43
data/raw/FRUIT-16K/F_Lemon/484.jpg,Lemon,fresh,1,0,2,Lemon_fresh,43
data/raw/FRUIT-16K/F_Lemon/485.jpg,Lemon,fresh,1,0,2,Lemon_fresh,43
data/raw/FRUIT-16K/F_Lemon/487.jpg,Lemon,fresh,1,0,2,Lemon_fresh,43
data/raw/FRUIT-16K/F_Lemon/489.jpg,Lemon,fresh,1,0,2,Lemon_fresh,43
data/raw/FRUIT-16K/F_Lemon/491.jpg,Lemon,fresh,1,0,2,Lemon_fresh,43
data/raw/FRUIT-16K/F_Lemon/493.jpg,Lemon,fresh,1,0,2,Lemon_fresh,43
data/raw/FRUIT-16K/F_Lemon/495.jpg,Lemon,fresh,1,0,2,Lemon_fresh,43
data/raw/FRUIT-16K/F_Lemon/497.jpg,Lemon,fresh,1,0,2,Lemon_fresh,43
data/raw/FRUIT-16K/F_Lemon/499.jpg,Lemon,fresh,1,0,2,Lemon_fresh,43
data/raw/FRUIT-16K/F_Lemon/501.jpg,Lemon,fresh,1,0,2,Lemon_fresh,44
data/raw/FRUIT-16K/F_Lemon/503.jpg,Lemon,fresh,1,0,2,Lemon_fresh,44
data/raw/FRUIT-16K/F_Lemon/505.jpg,Lemon,fresh,1,0,2,Lemon_fresh,44
data/raw/FRUIT-16K/F_Lemon/506.jpg,Lemon,fresh,1,0,2,Lemon_fresh,44
data/raw/FRUIT-16K/F_Lemon/507.jpg,Lemon,fresh,1,0,2,Lemon_fresh,44
data/raw/FRUIT-16K/F_Lemon/509.jpg,Lemon,fresh,1,0,2,Lemon_fresh,44
data/raw/FRUIT-16K/F_Lemon/511.jpg,Lemon,fresh,1,0,2,Lemon_fresh,44
data/raw/FRUIT-16K/F_Lemon/513.jpg,Lemon,fresh,1,0,2,Lemon_fresh,44
data/raw/FRUIT-16K/F_Lemon/515.jpg,Lemon,fresh,1,0,2,Lemon_fresh,44
data/raw/FRUIT-16K/F_Lemon/517.jpg,Lemon,fresh,1,0,2,Lemon_fresh,44
data/raw/FRUIT-16K/F_Lemon/519.jpg,Lemon,fresh,1,0,2,Lemon_fresh,44
data/raw/FRUIT-16K/F_Lemon/521.jpg,Lemon,fresh,1,0,2,Lemon_fresh,44
data/raw/FRUIT-16K/F_Lemon/523.jpg,Lemon,fresh,1,0,2,Lemon_fresh,44
data/raw/FRUIT-16K/F_Lemon/525.jpg,Lemon,fresh,1,0,2,Lemon_fresh,44
data/raw/FRUIT-16K/F_Lemon/527.jpg,Lemon,fresh,1,0,2,Lemon_fresh,44
data/raw/FRUIT-16K/F_Lemon/528.jpg,Lemon,fresh,1,0,2,Lemon_fresh,44
data/raw/FRUIT-16K/F_Lemon/529.jpg,Lemon,fresh,1,0,2,Lemon_fresh,44
data/raw/FRUIT-16K/F_Lemon/531.jpg,Lemon,fresh,1,0,2,Lemon_fresh,44
data/raw/FRUIT-16K/F_Lemon/533.jpg,Lemon,fresh,1,0,2,Lemon_fresh,44
data/raw/FRUIT-16K/F_Lemon/535.jpg,Lemon,fresh,1,0,2,Lemon_fresh,44
data/raw/FRUIT-16K/F_Lemon/537.jpg,Lemon,fresh,1,0,2,Lemon_fresh,44
data/raw/FRUIT-16K/F_Lemon/539.jpg,Lemon,fresh,1,0,2,Lemon_fresh,44
data/raw/FRUIT-16K/F_Lemon/541.jpg,Lemon,fresh,1,0,2,Lemon_fresh,44
data/raw/FRUIT-16K/F_Lemon/543.jpg,Lemon,fresh,1,0,2,Lemon_fresh,44
data/raw/FRUIT-16K/F_Lemon/545.jpg,Lemon,fresh,1,0,2,Lemon_fresh,44
data/raw/FRUIT-16K/F_Lemon/547.jpg,Lemon,fresh,1,0,2,Lemon_fresh,44
data/raw/FRUIT-16K/F_Lemon/549.jpg,Lemon,fresh,1,0,2,Lemon_fresh,44
data/raw/FRUIT-16K/F_Lemon/550.jpg,Lemon,fresh,1,0,2,Lemon_fresh,44
data/raw/FRUIT-16K/F_Lemon/551.jpg,Lemon,fresh,1,0,2,Lemon_fresh,44
data/raw/FRUIT-16K/F_Lemon/553.jpg,Lemon,fresh,1,0,2,Lemon_fresh,44
data/raw/FRUIT-16K/F_Lemon/555.jpg,Lemon,fresh,1,0,2,Lemon_fresh,44
data/raw/FRUIT-16K/F_Lemon/557.jpg,Lemon,fresh,1,0,2,Lemon_fresh,44
data/raw/FRUIT-16K/F_Lemon/559.jpg,Lemon,fresh,1,0,2,Lemon_fresh,44
data/raw/FRUIT-16K/F_Lemon/561.jpg,Lemon,fresh,1,0,2,Lemon_fresh,44
data/raw/FRUIT-16K/F_Lemon/563.jpg,Lemon,fresh,1,0,2,Lemon_fresh,44
data/raw/FRUIT-16K/F_Lemon/565.jpg,Lemon,fresh,1,0,2,Lemon_fresh,44
data/raw/FRUIT-16K/F_Lemon/567.jpg,Lemon,fresh,1,0,2,Lemon_fresh,44
data/raw/FRUIT-16K/F_Lemon/569.jpg,Lemon,fresh,1,0,2,Lemon_fresh,44
data/raw/FRUIT-16K/F_Lemon/571.jpg,Lemon,fresh,1,0,2,Lemon_fresh,44
data/raw/FRUIT-16K/F_Lemon/572.jpg,Lemon,fresh,1,0,2,Lemon_fresh,44
data/raw/FRUIT-16K/F_Lemon/573.jpg,Lemon,fresh,1,0,2,Lemon_fresh,44
data/raw/FRUIT-16K/F_Lemon/575.jpg,Lemon,fresh,1,0,2,Lemon_fresh,44
data/raw/FRUIT-16K/F_Lemon/577.jpg,Lemon,fresh,1,0,2,Lemon_fresh,45
data/raw/FRUIT-16K/F_Lemon/579.jpg,Lemon,fresh,1,0,2,Lemon_fresh,45
data/raw/FRUIT-16K/F_Lemon/581.jpg,Lemon,fresh,1,0,2,Lemon_fresh,45
data/raw/FRUIT-16K/F_Lemon/583.jpg,Lemon,fresh,1,0,2,Lemon_fresh,45
data/raw/FRUIT-16K/F_Lemon/585.jpg,Lemon,fresh,1,0,2,Lemon_fresh,45
data/raw/FRUIT-16K/F_Lemon/587.jpg,Lemon,fresh,1,0,2,Lemon_fresh,45
data/raw/FRUIT-16K/F_Lemon/589.jpg,Lemon,fresh,1,0,2,Lemon_fresh,45
data/raw/FRUIT-16K/F_Lemon/591.jpg,Lemon,fresh,1,0,2,Lemon_fresh,45
data/raw/FRUIT-16K/F_Lemon/593.jpg,Lemon,fresh,1,0,2,Lemon_fresh,45
data/raw/FRUIT-16K/F_Lemon/594.jpg,Lemon,fresh,1,0,2,Lemon_fresh,45
data/raw/FRUIT-16K/F_Lemon/595.jpg,Lemon,fresh,1,0,2,Lemon_fresh,45
data/raw/FRUIT-16K/F_Lemon/597.jpg,Lemon,fresh,1,0,2,Lemon_fresh,45
data/raw/FRUIT-16K/F_Lemon/599.jpg,Lemon,fresh,1,0,2,Lemon_fresh,45
data/raw/FRUIT-16K/F_Lemon/601.jpg,Lemon,fresh,1,0,2,Lemon_fresh,45
data/raw/FRUIT-16K/F_Lemon/603.jpg,Lemon,fresh,1,0,2,Lemon_fresh,45
data/raw/FRUIT-16K/F_Lemon/605.jpg,Lemon,fresh,1,0,2,Lemon_fresh,45
data/raw/FRUIT-16K/F_Lemon/607.jpg,Lemon,fresh,1,0,2,Lemon_fresh,45
data/raw/FRUIT-16K/F_Lemon/609.jpg,Lemon,fresh,1,0,2,Lemon_fresh,45
data/raw/FRUIT-16K/F_Lemon/611.jpg,Lemon,fresh,1,0,2,Lemon_fresh,45
data/raw/FRUIT-16K/F_Lemon/613.jpg,Lemon,fresh,1,0,2,Lemon_fresh,45
data/raw/FRUIT-16K/F_Lemon/615.jpg,Lemon,fresh,1,0,2,Lemon_fresh,45
data/raw/FRUIT-16K/F_Lemon/616.jpg,Lemon,fresh,1,0,2,Lemon_fresh,45
data/raw/FRUIT-16K/F_Lemon/617.jpg,Lemon,fresh,1,0,2,Lemon_fresh,45
data/raw/FRUIT-16K/F_Lemon/619.jpg,Lemon,fresh,1,0,2,Lemon_fresh,45
data/raw/FRUIT-16K/F_Lemon/621.jpg,Lemon,fresh,1,0,2,Lemon_fresh,45
data/raw/FRUIT-16K/F_Lemon/623.jpg,Lemon,fresh,1,0,2,Lemon_fresh,45
data/raw/FRUIT-16K/F_Lemon/625.jpg,Lemon,fresh,1,0,2,Lemon_fresh,45
data/raw/FRUIT-16K/F_Lemon/627.jpg,Lemon,fresh,1,0,2,Lemon_fresh,46
data/raw/FRUIT-16K/F_Lemon/629.jpg,Lemon,fresh,1,0,2,Lemon_fresh,46
data/raw/FRUIT-16K/F_Lemon/631.jpg,Lemon,fresh,1,0,2,Lemon_fresh,46
data/raw/FRUIT-16K/F_Lemon/633.jpg,Lemon,fresh,1,0,2,Lemon_fresh,46
data/raw/FRUIT-16K/F_Lemon/635.jpg,Lemon,fresh,1,0,2,Lemon_fresh,46
data/raw/FRUIT-16K/F_Lemon/637.jpg,Lemon,fresh,1,0,2,Lemon_fresh,46
data/raw/FRUIT-16K/F_Lemon/638.jpg,Lemon,fresh,1,0,2,Lemon_fresh,46
data/raw/FRUIT-16K/F_Lemon/639.jpg,Lemon,fresh,1,0,2,Lemon_fresh,46
data/raw/FRUIT-16K/F_Lemon/641.jpg,Lemon,fresh,1,0,2,Lemon_fresh,46
data/raw/FRUIT-16K/F_Lemon/643.jpg,Lemon,fresh,1,0,2,Lemon_fresh,46
data/raw/FRUIT-16K/F_Lemon/645.jpg,Lemon,fresh,1,0,2,Lemon_fresh,46
data/raw/FRUIT-16K/F_Lemon/647.jpg,Lemon,fresh,1,0,2,Lemon_fresh,46
data/raw/FRUIT-16K/F_Lemon/649.jpg,Lemon,fresh,1,0,2,Lemon_fresh,46
data/raw/FRUIT-16K/F_Lemon/651.jpg,Lemon,fresh,1,0,2,Lemon_fresh,46
data/raw/FRUIT-16K/F_Lemon/653.jpg,Lemon,fresh,1,0,2,Lemon_fresh,46
data/raw/FRUIT-16K/F_Lemon/655.jpg,Lemon,fresh,1,0,2,Lemon_fresh,46
data/raw/FRUIT-16K/F_Lemon/657.jpg,Lemon,fresh,1,0,2,Lemon_fresh,46
data/raw/FRUIT-16K/F_Lemon/659.jpg,Lemon,fresh,1,0,2,Lemon_fresh,46
data/raw/FRUIT-16K/F_Lemon/660.jpg,Lemon,fresh,1,0,2,Lemon_fresh,46
data/raw/FRUIT-16K/F_Lemon/661.jpg,Lemon,fresh,1,0,2,Lemon_fresh,46
data/raw/FRUIT-16K/F_Lemon/663.jpg,Lemon,fresh,1,0,2,Lemon_fresh,46
data/raw/FRUIT-16K/F_Lemon/665.jpg,Lemon,fresh,1,0,2,Lemon_fresh,46
data/raw/FRUIT-16K/F_Lemon/667.jpg,Lemon,fresh,1,0,2,Lemon_fresh,46
data/raw/FRUIT-16K/F_Lemon/669.jpg,Lemon,fresh,1,0,2,Lemon_fresh,46
data/raw/FRUIT-16K/F_Lemon/671.jpg,Lemon,fresh,1,0,2,Lemon_fresh,46
data/raw/FRUIT-16K/F_Lemon/673.jpg,Lemon,fresh,1,0,2,Lemon_fresh,46
data/raw/FRUIT-16K/F_Lemon/675.jpg,Lemon,fresh,1,0,2,Lemon_fresh,46
data/raw/FRUIT-16K/F_Lemon/677.jpg,Lemon,fresh,1,0,2,Lemon_fresh,47
data/raw/FRUIT-16K/F_Lemon/679.jpg,Lemon,fresh,1,0,2,Lemon_fresh,47
data/raw/FRUIT-16K/F_Lemon/681.jpg,Lemon,fresh,1,0,2,Lemon_fresh,47
data/raw/FRUIT-16K/F_Lemon/682.jpg,Lemon,fresh,1,0,2,Lemon_fresh,47
data/raw/FRUIT-16K/F_Lemon/683.jpg,Lemon,fresh,1,0,2,Lemon_fresh,47
data/raw/FRUIT-16K/F_Lemon/685.jpg,Lemon,fresh,1,0,2,Lemon_fresh,47
data/raw/FRUIT-16K/F_Lemon/687.jpg,Lemon,fresh,1,0,2,Lemon_fresh,47
data/raw/FRUIT-16K/F_Lemon/689.jpg,Lemon,fresh,1,0,2,Lemon_fresh,47
data/raw/FRUIT-16K/F_Lemon/691.jpg,Lemon,fresh,1,0,2,Lemon_fresh,47
data/raw/FRUIT-16K/F_Lemon/693.jpg,Lemon,fresh,1,0,2,Lemon_fresh,47
data/raw/FRUIT-16K/F_Lemon/695.jpg,Lemon,fresh,1,0,2,Lemon_fresh,47
data/raw/FRUIT-16K/F_Lemon/697.jpg,Lemon,fresh,1,0,2,Lemon_fresh,47
data/raw/FRUIT-16K/F_Lemon/699.jpg,Lemon,fresh,1,0,2,Lemon_fresh,47
data/raw/FRUIT-16K/F_Lemon/701.jpg,Lemon,fresh,1,0,2,Lemon_fresh,48
data/raw/FRUIT-16K/F_Lemon/702.jpg,Lemon,fresh,1,0,2,Lemon_fresh,48
data/raw/FRUIT-16K/F_Lemon/703.jpg,Lemon,fresh,1,0,2,Lemon_fresh,48
data/raw/FRUIT-16K/F_Lemon/704.jpg,Lemon,fresh,1,0,2,Lemon_fresh,48
data/raw/FRUIT-16K/F_Lemon/706.jpg,Lemon,fresh,1,0,2,Lemon_fresh,48
data/raw/FRUIT-16K/F_Lemon/708.jpg,Lemon,fresh,1,0,2,Lemon_fresh,48
data/raw/FRUIT-16K/F_Lemon/710.jpg,Lemon,fresh,1,0,2,Lemon_fresh,48
data/raw/FRUIT-16K/F_Lemon/712.jpg,Lemon,fresh,1,0,2,Lemon_fresh,48
data/raw/FRUIT-16K/F_Lemon/714.jpg,Lemon,fresh,1,0,2,Lemon_fresh,48
data/raw/FRUIT-16K/F_Lemon/716.jpg,Lemon,fresh,1,0,2,Lemon_fresh,48
data/raw/FRUIT-16K/F_Lemon/718.jpg,Lemon,fresh,1,0,2,Lemon_fresh,48
data/raw/FRUIT-16K/F_Lemon/720.jpg,Lemon,fresh,1,0,2,Lemon_fresh,48
data/raw/FRUIT-16K/F_Lemon/722.jpg,Lemon,fresh,1,0,2,Lemon_fresh,48
data/raw/FRUIT-16K/F_Lemon/723.jpg,Lemon,fresh,1,0,2,Lemon_fresh,48
data/raw/FRUIT-16K/F_Lemon/724.jpg,Lemon,fresh,1,0,2,Lemon_fresh,48
data/raw/FRUIT-16K/F_Lemon/725.jpg,Lemon,fresh,1,0,2,Lemon_fresh,48
data/raw/FRUIT-16K/F_Lemon/777.jpg,Lemon,fresh,1,0,2,Lemon_fresh,51
data/raw/FRUIT-16K/F_Lemon/779.jpg,Lemon,fresh,1,0,2,Lemon_fresh,51
data/raw/FRUIT-16K/F_Lemon/781.jpg,Lemon,fresh,1,0,2,Lemon_fresh,51
data/raw/FRUIT-16K/F_Lemon/783.jpg,Lemon,fresh,1,0,2,Lemon_fresh,51
data/raw/FRUIT-16K/F_Lemon/785.jpg,Lemon,fresh,1,0,2,Lemon_fresh,51
data/raw/FRUIT-16K/F_Lemon/786.jpg,Lemon,fresh,1,0,2,Lemon_fresh,51
data/raw/FRUIT-16K/F_Lemon/787.jpg,Lemon,fresh,1,0,2,Lemon_fresh,51
data/raw/FRUIT-16K/F_Lemon/788.jpg,Lemon,fresh,1,0,2,Lemon_fresh,51
data/raw/FRUIT-16K/F_Lemon/790.jpg,Lemon,fresh,1,0,2,Lemon_fresh,51
data/raw/FRUIT-16K/F_Lemon/792.jpg,Lemon,fresh,1,0,2,Lemon_fresh,51
data/raw/FRUIT-16K/F_Lemon/794.jpg,Lemon,fresh,1,0,2,Lemon_fresh,51
data/raw/FRUIT-16K/F_Lemon/796.jpg,Lemon,fresh,1,0,2,Lemon_fresh,51
data/raw/FRUIT-16K/F_Lemon/798.jpg,Lemon,fresh,1,0,2,Lemon_fresh,51
data/raw/FRUIT-16K/F_Lemon/800.jpg,Lemon,fresh,1,0,2,Lemon_fresh,51
data/raw/FRUIT-16K/F_Lemon/802.jpg,Lemon,fresh,1,0,2,Lemon_fresh,52
data/raw/FRUIT-16K/F_Lemon/804.jpg,Lemon,fresh,1,0,2,Lemon_fresh,52
data/raw/FRUIT-16K/F_Lemon/806.jpg,Lemon,fresh,1,0,2,Lemon_fresh,52
data/raw/FRUIT-16K/F_Lemon/807.jpg,Lemon,fresh,1,0,2,Lemon_fresh,52
data/raw/FRUIT-16K/F_Lemon/808.jpg,Lemon,fresh,1,0,2,Lemon_fresh,52
data/raw/FRUIT-16K/F_Lemon/809.jpg,Lemon,fresh,1,0,2,Lemon_fresh,52
data/raw/FRUIT-16K/F_Lemon/811.jpg,Lemon,fresh,1,0,2,Lemon_fresh,52
data/raw/FRUIT-16K/F_Lemon/813.jpg,Lemon,fresh,1,0,2,Lemon_fresh,52
data/raw/FRUIT-16K/F_Lemon/815.jpg,Lemon,fresh,1,0,2,Lemon_fresh,52
data/raw/FRUIT-16K/F_Lemon/817.jpg,Lemon,fresh,1,0,2,Lemon_fresh,52
data/raw/FRUIT-16K/F_Lemon/819.jpg,Lemon,fresh,1,0,2,Lemon_fresh,52
data/raw/FRUIT-16K/F_Lemon/821.jpg,Lemon,fresh,1,0,2,Lemon_fresh,52
data/raw/FRUIT-16K/F_Lemon/823.jpg,Lemon,fresh,1,0,2,Lemon_fresh,52
data/raw/FRUIT-16K/F_Lemon/825.jpg,Lemon,fresh,1,0,2,Lemon_fresh,52
data/raw/FRUIT-16K/F_Lemon/827.jpg,Lemon,fresh,1,0,2,Lemon_fresh,53
data/raw/FRUIT-16K/F_Lemon/828.jpg,Lemon,fresh,1,0,2,Lemon_fresh,53
data/raw/FRUIT-16K/F_Lemon/829.jpg,Lemon,fresh,1,0,2,Lemon_fresh,53
data/raw/FRUIT-16K/F_Lemon/830.jpg,Lemon,fresh,1,0,2,Lemon_fresh,53
data/raw/FRUIT-16K/F_Lemon/832.jpg,Lemon,fresh,1,0,2,Lemon_fresh,53
data/raw/FRUIT-16K/F_Lemon/834.jpg,Lemon,fresh,1,0,2,Lemon_fresh,53
data/raw/FRUIT-16K/F_Lemon/836.jpg,Lemon,fresh,1,0,2,Lemon_fresh,53
data/raw/FRUIT-16K/F_Lemon/838.jpg,Lemon,fresh,1,0,2,Lemon_fresh,53
data/raw/FRUIT-16K/F_Lemon/840.jpg,Lemon,fresh,1,0,2,Lemon_fresh,53
data/raw/FRUIT-16K/F_Lemon/842.jpg,Lemon,fresh,1,0,2,Lemon_fresh,53
data/raw/FRUIT-16K/F_Lemon/844.jpg,Lemon,fresh,1,0,2,Lemon_fresh,53
data/raw/FRUIT-16K/F_Lemon/846.jpg,Lemon,fresh,1,0,2,Lemon_fresh,53
data/raw/FRUIT-16K/F_Lemon/848.jpg,Lemon,fresh,1,0,2,Lemon_fresh,53
data/raw/FRUIT-16K/F_Lemon/849.jpg,Lemon,fresh,1,0,2,Lemon_fresh,53
data/raw/FRUIT-16K/F_Lemon/850.jpg,Lemon,fresh,1,0,2,Lemon_fresh,53
data/raw/FRUIT-16K/F_Lemon/851.jpg,Lemon,fresh,1,0,2,Lemon_fresh,54
data/raw/FRUIT-16K/F_Lemon/853.jpg,Lemon,fresh,1,0,2,Lemon_fresh,54
data/raw/FRUIT-16K/F_Lemon/855.jpg,Lemon,fresh,1,0,2,Lemon_fresh,54
data/raw/FRUIT-16K/F_Lemon/857.jpg,Lemon,fresh,1,0,2,Lemon_fresh,54
data/raw/FRUIT-16K/F_Lemon/859.jpg,Lemon,fresh,1,0,2,Lemon_fresh,54
data/raw/FRUIT-16K/F_Lemon/861.jpg,Lemon,fresh,1,0,2,Lemon_fresh,54
data/raw/FRUIT-16K/F_Lemon/863.jpg,Lemon,fresh,1,0,2,Lemon_fresh,54
data/raw/FRUIT-16K/F_Lemon/865.jpg,Lemon,fresh,1,0,2,Lemon_fresh,54
data/raw/FRUIT-16K/F_Lemon/867.jpg,Lemon,fresh,1,0,2,Lemon_fresh,54
data/raw/FRUIT-16K/F_Lemon/869.jpg,Lemon,fresh,1,0,2,Lemon_fresh,54
data/raw/FRUIT-16K/F_Lemon/870.jpg,Lemon,fresh,1,0,2,Lemon_fresh,54
data/raw/FRUIT-16K/F_Lemon/871.jpg,Lemon,fresh,1,0,2,Lemon_fresh,54
data/raw/FRUIT-16K/F_Lemon/872.jpg,Lemon,fresh,1,0,2,Lemon_fresh,54
data/raw/FRUIT-16K/F_Lemon/874.jpg,Lemon,fresh,1,0,2,Lemon_fresh,54
data/raw/FRUIT-16K/F_Lemon/901.jpg,Lemon,fresh,1,0,2,Lemon_fresh,56
data/raw/FRUIT-16K/F_Lemon/903.jpg,Lemon,fresh,1,0,2,Lemon_fresh,56
data/raw/FRUIT-16K/F_Lemon/905.jpg,Lemon,fresh,1,0,2,Lemon_fresh,56
data/raw/FRUIT-16K/F_Lemon/907.jpg,Lemon,fresh,1,0,2,Lemon_fresh,56
data/raw/FRUIT-16K/F_Lemon/909.jpg,Lemon,fresh,1,0,2,Lemon_fresh,56
data/raw/FRUIT-16K/F_Lemon/911.jpg,Lemon,fresh,1,0,2,Lemon_fresh,56
data/raw/FRUIT-16K/F_Lemon/912.jpg,Lemon,fresh,1,0,2,Lemon_fresh,56
data/raw/FRUIT-16K/F_Lemon/913.jpg,Lemon,fresh,1,0,2,Lemon_fresh,56
data/raw/FRUIT-16K/F_Lemon/914.jpg,Lemon,fresh,1,0,2,Lemon_fresh,56
data/raw/FRUIT-16K/F_Lemon/916.jpg,Lemon,fresh,1,0,2,Lemon_fresh,56
data/raw/FRUIT-16K/F_Lemon/918.jpg,Lemon,fresh,1,0,2,Lemon_fresh,56
data/raw/FRUIT-16K/F_Lemon/920.jpg,Lemon,fresh,1,0,2,Lemon_fresh,56
data/raw/FRUIT-16K/F_Lemon/922.jpg,Lemon,fresh,1,0,2,Lemon_fresh,56
data/raw/FRUIT-16K/F_Lemon/924.jpg,Lemon,fresh,1,0,2,Lemon_fresh,56
data/raw/FRUIT-16K/F_Lemon/951.jpg,Lemon,fresh,1,0,2,Lemon_fresh,58
data/raw/FRUIT-16K/F_Lemon/953.jpg,Lemon,fresh,1,0,2,Lemon_fresh,58
data/raw/FRUIT-16K/F_Lemon/954.jpg,Lemon,fresh,1,0,2,Lemon_fresh,58
data/raw/FRUIT-16K/F_Lemon/955.jpg,Lemon,fresh,1,0,2,Lemon_fresh,58
data/raw/FRUIT-16K/F_Lemon/956.jpg,Lemon,fresh,1,0,2,Lemon_fresh,58
data/raw/FRUIT-16K/F_Lemon/958.jpg,Lemon,fresh,1,0,2,Lemon_fresh,58
data/raw/FRUIT-16K/F_Lemon/960.jpg,Lemon,fresh,1,0,2,Lemon_fresh,58
data/raw/FRUIT-16K/F_Lemon/962.jpg,Lemon,fresh,1,0,2,Lemon_fresh,58
data/raw/FRUIT-16K/F_Lemon/964.jpg,Lemon,fresh,1,0,2,Lemon_fresh,58
data/raw/FRUIT-16K/F_Lemon/966.jpg,Lemon,fresh,1,0,2,Lemon_fresh,58
data/raw/FRUIT-16K/F_Lemon/968.jpg,Lemon,fresh,1,0,2,Lemon_fresh,58
data/raw/FRUIT-16K/F_Lemon/970.jpg,Lemon,fresh,1,0,2,Lemon_fresh,58
data/raw/FRUIT-16K/F_Lemon/972.jpg,Lemon,fresh,1,0,2,Lemon_fresh,58
data/raw/FRUIT-16K/F_Lemon/974.jpg,Lemon,fresh,1,0,2,Lemon_fresh,58
data/raw/FRUIT-16K/F_Lemon/975.jpg,Lemon,fresh,1,0,2,Lemon_fresh,58
data/raw/FRUIT-16K/F_Lemon/976.jpg,Lemon,fresh,1,0,2,Lemon_fresh,59
data/raw/FRUIT-16K/F_Lemon/977.jpg,Lemon,fresh,1,0,2,Lemon_fresh,59
data/raw/FRUIT-16K/F_Lemon/979.jpg,Lemon,fresh,1,0,2,Lemon_fresh,59
data/raw/FRUIT-16K/F_Lemon/981.jpg,Lemon,fresh,1,0,2,Lemon_fresh,59
data/raw/FRUIT-16K/F_Lemon/983.jpg,Lemon,fresh,1,0,2,Lemon_fresh,59
data/raw/FRUIT-16K/F_Lemon/985.jpg,Lemon,fresh,1,0,2,Lemon_fresh,59
data/raw/FRUIT-16K/F_Lemon/987.jpg,Lemon,fresh,1,0,2,Lemon_fresh,59
data/raw/FRUIT-16K/F_Lemon/989.jpg,Lemon,fresh,1,0,2,Lemon_fresh,59
data/raw/FRUIT-16K/F_Lemon/991.jpg,Lemon,fresh,1,0,2,Lemon_fresh,59
data/raw/FRUIT-16K/F_Lemon/993.jpg,Lemon,fresh,1,0,2,Lemon_fresh,59
data/raw/FRUIT-16K/F_Lemon/995.jpg,Lemon,fresh,1,0,2,Lemon_fresh,59
data/raw/FRUIT-16K/F_Lemon/996.jpg,Lemon,fresh,1,0,2,Lemon_fresh,59
data/raw/FRUIT-16K/F_Lemon/997.jpg,Lemon,fresh,1,0,2,Lemon_fresh,59
data/raw/FRUIT-16K/F_Lemon/998.jpg,Lemon,fresh,1,0,2,Lemon_fresh,59
data/raw/FRUIT-16K/F_Lemon/999.jpg,Lemon,fresh,1,0,2,Lemon_fresh,59
data/raw/FRUIT-16K/F_Lemon/1000.jpg,Lemon,fresh,1,0,2,Lemon_fresh,59
data/raw/FRUIT-16K/F_Lulo/26.jpg,Lulo,fresh,2,0,4,Lulo_fresh,61
data/raw/FRUIT-16K/F_Lulo/28.jpg,Lulo,fresh,2,0,4,Lulo_fresh,61
data/raw/FRUIT-16K/F_Lulo/30.jpg,Lulo,fresh,2,0,4,Lulo_fresh,61
data/raw/FRUIT-16K/F_Lulo/32.jpg,Lulo,fresh,2,0,4,Lulo_fresh,61
data/raw/FRUIT-16K/F_Lulo/34.jpg,Lulo,fresh,2,0,4,Lulo_fresh,61
data/raw/FRUIT-16K/F_Lulo/36.jpg,Lulo,fresh,2,0,4,Lulo_fresh,61
data/raw/FRUIT-16K/F_Lulo/38.jpg,Lulo,fresh,2,0,4,Lulo_fresh,61
data/raw/FRUIT-16K/F_Lulo/40.jpg,Lulo,fresh,2,0,4,Lulo_fresh,61
data/raw/FRUIT-16K/F_Lulo/41.jpg,Lulo,fresh,2,0,4,Lulo_fresh,61
data/raw/FRUIT-16K/F_Lulo/42.jpg,Lulo,fresh,2,0,4,Lulo_fresh,61
data/raw/FRUIT-16K/F_Lulo/43.jpg,Lulo,fresh,2,0,4,Lulo_fresh,61
data/raw/FRUIT-16K/F_Lulo/45.jpg,Lulo,fresh,2,0,4,Lulo_fresh,61
data/raw/FRUIT-16K/F_Lulo/47.jpg,Lulo,fresh,2,0,4,Lulo_fresh,61
data/raw/FRUIT-16K/F_Lulo/49.jpg,Lulo,fresh,2,0,4,Lulo_fresh,61
data/raw/FRUIT-16K/F_Lulo/51.jpg,Lulo,fresh,2,0,4,Lulo_fresh,62
data/raw/FRUIT-16K/F_Lulo/53.jpg,Lulo,fresh,2,0,4,Lulo_fresh,62
data/raw/FRUIT-16K/F_Lulo/55.jpg,Lulo,fresh,2,0,4,Lulo_fresh,62
data/raw/FRUIT-16K/F_Lulo/57.jpg,Lulo,fresh,2,0,4,Lulo_fresh,62
data/raw/FRUIT-16K/F_Lulo/59.jpg,Lulo,fresh,2,0,4,Lulo_fresh,62
data/raw/FRUIT-16K/F_Lulo/61.jpg,Lulo,fresh,2,0,4,Lulo_fresh,62
data/raw/FRUIT-16K/F_Lulo/62.jpg,Lulo,fresh,2,0,4,Lulo_fresh,62
data/raw/FRUIT-16K/F_Lulo/63.jpg,Lulo,fresh,2,0,4,Lulo_fresh,62
data/raw/FRUIT-16K/F_Lulo/64.jpg,Lulo,fresh,2,0,4,Lulo_fresh,62
data/raw/FRUIT-16K/F_Lulo/66.jpg,Lulo,fresh,2,0,4,Lulo_fresh,62
data/raw/FRUIT-16K/F_Lulo/68.jpg,Lulo,fresh,2,0,4,Lulo_fresh,62
data/raw/FRUIT-16K/F_Lulo/70.jpg,Lulo,fresh,2,0,4,Lulo_fresh,62
data/raw/FRUIT-16K/F_Lulo/72.jpg,Lulo,fresh,2,0,4,Lulo_fresh,62
data/raw/FRUIT-16K/F_Lulo/74.jpg,Lulo,fresh,2,0,4,Lulo_fresh,62
data/raw/FRUIT-16K/F_Lulo/76.jpg,Lulo,fresh,2,0,4,Lulo_fresh,63
data/raw/FRUIT-16K/F_Lulo/78.jpg,Lulo,fresh,2,0,4,Lulo_fresh,63
data/raw/FRUIT-16K/F_Lulo/80.jpg,Lulo,fresh,2,0,4,Lulo_fresh,63
data/raw/FRUIT-16K/F_Lulo/82.jpg,Lulo,fresh,2,0,4,Lulo_fresh,63
data/raw/FRUIT-16K/F_Lulo/83.jpg,Lulo,fresh,2,0,4,Lulo_fresh,63
data/raw/FRUIT-16K/F_Lulo/84.jpg,Lulo,fresh,2,0,4,Lulo_fresh,63
data/raw/FRUIT-16K/F_Lulo/85.jpg,Lulo,fresh,2,0,4,Lulo_fresh,63
data/raw/FRUIT-16K/F_Lulo/87.jpg,Lulo,fresh,2,0,4,Lulo_fresh,63
data/raw/FRUIT-16K/F_Lulo/89.jpg,Lulo,fresh,2,0,4,Lulo_fresh,63
data/raw/FRUIT-16K/F_Lulo/91.jpg,Lulo,fresh,2,0,4,Lulo_fresh,63
data/raw/FRUIT-16K/F_Lulo/93.jpg,Lulo,fresh,2,0,4,Lulo_fresh,63
data/raw/FRUIT-16K/F_Lulo/95.jpg,Lulo,fresh,2,0,4,Lulo_fresh,63
data/raw/FRUIT-16K/F_Lulo/97.jpg,Lulo,fresh,2,0,4,Lulo_fresh,63
data/raw/FRUIT-16K/F_Lulo/99.jpg,Lulo,fresh,2,0,4,Lulo_fresh,63
data/raw/FRUIT-16K/F_Lulo/101.jpg,Lulo,fresh,2,0,4,Lulo_fresh,64
data/raw/FRUIT-16K/F_Lulo/103.jpg,Lulo,fresh,2,0,4,Lulo_fresh,64
data/raw/FRUIT-16K/F_Lulo/104.jpg,Lulo,fresh,2,0,4,Lulo_fresh,64
data/raw/FRUIT-16K/F_Lulo/105.jpg,Lulo,fresh,2,0,4,Lulo_fresh,64
data/raw/FRUIT-16K/F_Lulo/106.jpg,Lulo,fresh,2,0,4,Lulo_fresh,64
data/raw/FRUIT-16K/F_Lulo/108.jpg,Lulo,fresh,2,0,4,Lulo_fresh,64
data/raw/FRUIT-16K/F_Lulo/110.jpg,Lulo,fresh,2,0,4,Lulo_fresh,64
data/raw/FRUIT-16K/F_Lulo/112.jpg,Lulo,fresh,2,0,4,Lulo_fresh,64
data/raw/FRUIT-16K/F_Lulo/114.jpg,Lulo,fresh,2,0,4,Lulo_fresh,64
data/raw/FRUIT-16K/F_Lulo/116.jpg,Lulo,fresh,2,0,4,Lulo_fresh,64
data/raw/FRUIT-16K/F_Lulo/118.jpg,Lulo,fresh,2,0,4,Lulo_fresh,64
data/raw/FRUIT-16K/F_Lulo/120.jpg,Lulo,fresh,2,0,4,Lulo_fresh,64
data/raw/FRUIT-16K/F_Lulo/122.jpg,Lulo,fresh,2,0,4,Lulo_fresh,64
data/raw/FRUIT-16K/F_Lulo/124.jpg,Lulo,fresh,2,0,4,Lulo_fresh,64
data/raw/FRUIT-16K/F_Lulo/125.jpg,Lulo,fresh,2,0,4,Lulo_fresh,64
data/raw/FRUIT-16K/F_Lulo/126.jpg,Lulo,fresh,2,0,4,Lulo_fresh,65
data/raw/FRUIT-16K/F_Lulo/127.jpg,Lulo,fresh,2,0,4,Lulo_fresh,65
data/raw/FRUIT-16K/F_Lulo/129.jpg,Lulo,fresh,2,0,4,Lulo_fresh,65
data/raw/FRUIT-16K/F_Lulo/131.jpg,Lulo,fresh,2,0,4,Lulo_fresh,65
data/raw/FRUIT-16K/F_Lulo/133.jpg,Lulo,fresh,2,0,4,Lulo_fresh,65
data/raw/FRUIT-16K/F_Lulo/135.jpg,Lulo,fresh,2,0,4,Lulo_fresh,65
data/raw/FRUIT-16K/F_Lulo/137.jpg,Lulo,fresh,2,0,4,Lulo_fresh,65
data/raw/FRUIT-16K/F_Lulo/139.jpg,Lulo,fresh,2,0,4,Lulo_fresh,65
data/raw/FRUIT-16K/F_Lulo/141.jpg,Lulo,fresh,2,0,4,Lulo_fresh,65
data/raw/FRUIT-16K/F_Lulo/143.jpg,Lulo,fresh,2,0,4,Lulo_fresh,65
data/raw/FRUIT-16K/F_Lulo/145.jpg,Lulo,fresh,2,0,4,Lulo_fresh,65
data/raw/FRUIT-16K/F_Lulo/146.jpg,Lulo,fresh,2,0,4,Lulo_fresh,65
data/raw/FRUIT-16K/F_Lulo/147.jpg,Lulo,fresh,2,0,4,Lulo_fresh,65
data/raw/FRUIT-16K/F_Lulo/148.jpg,Lulo,fresh,2,0,4,Lulo_fresh,65
data/raw/FRUIT-16K/F_Lulo/150.jpg,Lulo,fresh,2,0,4,Lulo_fresh,65
data/raw/FRUIT-16K/F_Lulo/152.jpg,Lulo,fresh,2,0,4,Lulo_fresh,66
data/raw/FRUIT-16K/F_Lulo/154.jpg,Lulo,fresh,2,0,4,Lulo_fresh,66
data/raw/FRUIT-16K/F_Lulo/156.jpg,Lulo,fresh,2,0,4,Lulo_fresh,66
data/raw/FRUIT-16K/F_Lulo/158.jpg,Lulo,fresh,2,0,4,Lulo_fresh,66
data/raw/FRUIT-16K/F_Lulo/160.jpg,Lulo,fresh,2,0,4,Lulo_fresh,66
data/raw/FRUIT-16K/F_Lulo/162.jpg,Lulo,fresh,2,0,4,Lulo_fresh,66
data/raw/FRUIT-16K/F_Lulo/164.jpg,Lulo,fresh,2,0,4,Lulo_fresh,66
data/raw/FRUIT-16K/F_Lulo/166.jpg,Lulo,fresh,2,0,4,Lulo_fresh,66
data/raw/FRUIT-16K/F_Lulo/167.jpg,Lulo,fresh,2,0,4,Lulo_fresh,66
data/raw/FRUIT-16K/F_Lulo/168.jpg,Lulo,fresh,2,0,4,Lulo_fresh,66
data/raw/FRUIT-16K/F_Lulo/169.jpg,Lulo,fresh,2,0,4,Lulo_fresh,66
data/raw/FRUIT-16K/F_Lulo/171.jpg,Lulo,fresh,2,0,4,Lulo_fresh,66
data/raw/FRUIT-16K/F_Lulo/173.jpg,Lulo,fresh,2,0,4,Lulo_fresh,66
data/raw/FRUIT-16K/F_Lulo/175.jpg,Lulo,fresh,2,0,4,Lulo_fresh,66
data/raw/FRUIT-16K/F_Lulo/177.jpg,Lulo,fresh,2,0,4,Lulo_fresh,67
data/raw/FRUIT-16K/F_Lulo/179.jpg,Lulo,fresh,2,0,4,Lulo_fresh,67
data/raw/FRUIT-16K/F_Lulo/181.jpg,Lulo,fresh,2,0,4,Lulo_fresh,67
data/raw/FRUIT-16K/F_Lulo/183.jpg,Lulo,fresh,2,0,4,Lulo_fresh,67
data/raw/FRUIT-16K/F_Lulo/185.jpg,Lulo,fresh,2,0,4,Lulo_fresh,67
data/raw/FRUIT-16K/F_Lulo/187.jpg,Lulo,fresh,2,0,4,Lulo_fresh,67
data/raw/FRUIT-16K/F_Lulo/188.jpg,Lulo,fresh,2,0,4,Lulo_fresh,67
data/raw/FRUIT-16K/F_Lulo/189.jpg,Lulo,fresh,2,0,4,Lulo_fresh,67
data/raw/FRUIT-16K/F_Lulo/190.jpg,Lulo,fresh,2,0,4,Lulo_fresh,67
data/raw/FRUIT-16K/F_Lulo/192.jpg,Lulo,fresh,2,0,4,Lulo_fresh,67
data/raw/FRUIT-16K/F_Lulo/194.jpg,Lulo,fresh,2,0,4,Lulo_fresh,67
data/raw/FRUIT-16K/F_Lulo/196.jpg,Lulo,fresh,2,0,4,Lulo_fresh,67
data/raw/FRUIT-16K/F_Lulo/198.jpg,Lulo,fresh,2,0,4,Lulo_fresh,67
data/raw/FRUIT-16K/F_Lulo/200.jpg,Lulo,fresh,2,0,4,Lulo_fresh,67
data/raw/FRUIT-16K/F_Lulo/202.jpg,Lulo,fresh,2,0,4,Lulo_fresh,68
data/raw/FRUIT-16K/F_Lulo/204.jpg,Lulo,fresh,2,0,4,Lulo_fresh,68
data/raw/FRUIT-16K/F_Lulo/206.jpg,Lulo,fresh,2,0,4,Lulo_fresh,68
data/raw/FRUIT-16K/F_Lulo/208.jpg,Lulo,fresh,2,0,4,Lulo_fresh,68
data/raw/FRUIT-16K/F_Lulo/209.jpg,Lulo,fresh,2,0,4,Lulo_fresh,68
data/raw/FRUIT-16K/F_Lulo/210.jpg,Lulo,fresh,2,0,4,Lulo_fresh,68
data/raw/FRUIT-16K/F_Lulo/211.jpg,Lulo,fresh,2,0,4,Lulo_fresh,68
data/raw/FRUIT-16K/F_Lulo/213.jpg,Lulo,fresh,2,0,4,Lulo_fresh,68
data/raw/FRUIT-16K/F_Lulo/215.jpg,Lulo,fresh,2,0,4,Lulo_fresh,68
data/raw/FRUIT-16K/F_Lulo/217.jpg,Lulo,fresh,2,0,4,Lulo_fresh,68
data/raw/FRUIT-16K/F_Lulo/219.jpg,Lulo,fresh,2,0,4,Lulo_fresh,68
data/raw/FRUIT-16K/F_Lulo/221.jpg,Lulo,fresh,2,0,4,Lulo_fresh,68
data/raw/FRUIT-16K/F_Lulo/223.jpg,Lulo,fresh,2,0,4,Lulo_fresh,68
data/raw/FRUIT-16K/F_Lulo/225.jpg,Lulo,fresh,2,0,4,Lulo_fresh,68
data/raw/FRUIT-16K/F_Lulo/251.jpg,Lulo,fresh,2,0,4,Lulo_fresh,70
data/raw/FRUIT-16K/F_Lulo/252.jpg,Lulo,fresh,2,0,4,Lulo_fresh,70
data/raw/FRUIT-16K/F_Lulo/253.jpg,Lulo,fresh,2,0,4,Lulo_fresh,70
data/raw/FRUIT-16K/F_Lulo/255.jpg,Lulo,fresh,2,0,4,Lulo_fresh,70
data/raw/FRUIT-16K/F_Lulo/257.jpg,Lulo,fresh,2,0,4,Lulo_fresh,70
data/raw/FRUIT-16K/F_Lulo/259.jpg,Lulo,fresh,2,0,4,Lulo_fresh,70
data/raw/FRUIT-16K/F_Lulo/261.jpg,Lulo,fresh,2,0,4,Lulo_fresh,70
data/raw/FRUIT-16K/F_Lulo/263.jpg,Lulo,fresh,2,0,4,Lulo_fresh,70
data/raw/FRUIT-16K/F_Lulo/265.jpg,Lulo,fresh,2,0,4,Lulo_fresh,70
data/raw/FRUIT-16K/F_Lulo/267.jpg,Lulo,fresh,2,0,4,Lulo_fresh,70
data/raw/FRUIT-16K/F_Lulo/269.jpg,Lulo,fresh,2,0,4,Lulo_fresh,70
data/raw/FRUIT-16K/F_Lulo/271.jpg,Lulo,fresh,2,0,4,Lulo_fresh,70
data/raw/FRUIT-16K/F_Lulo/272.jpg,Lulo,fresh,2,0,4,Lulo_fresh,70
data/raw/FRUIT-16K/F_Lulo/273.jpg,Lulo,fresh,2,0,4,Lulo_fresh,70
data/raw/FRUIT-16K/F_Lulo/274.jpg,Lulo,fresh,2,0,4,Lulo_fresh,70
data/raw/FRUIT-16K/F_Lulo/276.jpg,Lulo,fresh,2,0,4,Lulo_fresh,71
data/raw/FRUIT-16K/F_Lulo/278.jpg,Lulo,fresh,2,0,4,Lulo_fresh,71
data/raw/FRUIT-16K/F_Lulo/280.jpg,Lulo,fresh,2,0,4,Lulo_fresh,71
data/raw/FRUIT-16K/F_Lulo/282.jpg,Lulo,fresh,2,0,4,Lulo_fresh,71
data/raw/FRUIT-16K/F_Lulo/284.jpg,Lulo,fresh,2,0,4,Lulo_fresh,71
data/raw/FRUIT-16K/F_Lulo/286.jpg,Lulo,fresh,2,0,4,Lulo_fresh,71
data/raw/FRUIT-16K/F_Lulo/288.jpg,Lulo,fresh,2,0,4,Lulo_fresh,71
data/raw/FRUIT-16K/F_Lulo/290.jpg,Lulo,fresh,2,0,4,Lulo_fresh,71
data/raw/FRUIT-16K/F_Lulo/292.jpg,Lulo,fresh,2,0,4,Lulo_fresh,71
data/raw/FRUIT-16K/F_Lulo/293.jpg,Lulo,fresh,2,0,4,Lulo_fresh,71
data/raw/FRUIT-16K/F_Lulo/294.jpg,Lulo,fresh,2,0,4,Lulo_fresh,71
data/raw/FRUIT-16K/F_Lulo/295.jpg,Lulo,fresh,2,0,4,Lulo_fresh,71
data/raw/FRUIT-16K/F_Lulo/297.jpg,Lulo,fresh,2,0,4,Lulo_fresh,71
data/raw/FRUIT-16K/F_Lulo/299.jpg,Lulo,fresh,2,0,4,Lulo_fresh,71
data/raw/FRUIT-16K/F_Lulo/326.jpg,Lulo,fresh,2,0,4,Lulo_fresh,73
data/raw/FRUIT-16K/F_Lulo/328.jpg,Lulo,fresh,2,0,4,Lulo_fresh,73
data/raw/FRUIT-16K/F_Lulo/330.jpg,Lulo,fresh,2,0,4,Lulo_fresh,73
data/raw/FRUIT-16K/F_Lulo/332.jpg,Lulo,fresh,2,0,4,Lulo_fresh,73
data/raw/FRUIT-16K/F_Lulo/334.jpg,Lulo,fresh,2,0,4,Lulo_fresh,73
data/raw/FRUIT-16K/F_Lulo/335.jpg,Lulo,fresh,2,0,4,Lulo_fresh,73
data/raw/FRUIT-16K/F_Lulo/336.jpg,Lulo,fresh,2,0,4,Lulo_fresh,73
data/raw/FRUIT-16K/F_Lulo/337.jpg,Lulo,fresh,2,0,4,Lulo_fresh,73
data/raw/FRUIT-16K/F_Lulo/339.jpg,Lulo,fresh,2,0,4,Lulo_fresh,73
data/raw/FRUIT-16K/F_Lulo/341.jpg,Lulo,fresh,2,0,4,Lulo_fresh,73
data/raw/FRUIT-16K/F_Lulo/343.jpg,Lulo,fresh,2,0,4,Lulo_fresh,73
data/raw/FRUIT-16K/F_Lulo/345.jpg,Lulo,fresh,2,0,4,Lulo_fresh,73
data/raw/FRUIT-16K/F_Lulo/347.jpg,Lulo,fresh,2,0,4,Lulo_fresh,73
data/raw/FRUIT-16K/F_Lulo/349.jpg,Lulo,fresh,2,0,4,Lulo_fresh,73
data/raw/FRUIT-16K/F_Lulo/376.jpg,Lulo,fresh,2,0,4,Lulo_fresh,75
data/raw/FRUIT-16K/F_Lulo/377.jpg,Lulo,fresh,2,0,4,Lulo_fresh,75
data/raw/FRUIT-16K/F_Lulo/378.jpg,Lulo,fresh,2,0,4,Lulo_fresh,75
data/raw/FRUIT-16K/F_Lulo/379.jpg,Lulo,fresh,2,0,4,Lulo_fresh,75
data/raw/FRUIT-16K/F_Lulo/381.jpg,Lulo,fresh,2,0,4,Lulo_fresh,75
data/raw/FRUIT-16K/F_Lulo/383.jpg,Lulo,fresh,2,0,4,Lulo_fresh,75
data/raw/FRUIT-16K/F_Lulo/385.jpg,Lulo,fresh,2,0,4,Lulo_fresh,75
data/raw/FRUIT-16K/F_Lulo/387.jpg,Lulo,fresh,2,0,4,Lulo_fresh,75
data/raw/FRUIT-16K/F_Lulo/389.jpg,Lulo,fresh,2,0,4,Lulo_fresh,75
data/raw/FRUIT-16K/F_Lulo/391.jpg,Lulo,fresh,2,0,4,Lulo_fresh,75
data/raw/FRUIT-16K/F_Lulo/393.jpg,Lulo,fresh,2,0,4,Lulo_fresh,75
data/raw/FRUIT-16K/F_Lulo/395.jpg,Lulo,fresh,2,0,4,Lulo_fresh,75
data/raw/FRUIT-16K/F_Lulo/397.jpg,Lulo,fresh,2,0,4,Lulo_fresh,75
data/raw/FRUIT-16K/F_Lulo/398.jpg,Lulo,fresh,2,0,4,Lulo_fresh,75
data/raw/FRUIT-16K/F_Lulo/399.jpg,Lulo,fresh,2,0,4,Lulo_fresh,75
data/raw/FRUIT-16K/F_Lulo/400.jpg,Lulo,fresh,2,0,4,Lulo_fresh,75
data/raw/FRUIT-16K/F_Lulo/427.jpg,Lulo,fresh,2,0,4,Lulo_fresh,77
data/raw/FRUIT-16K/F_Lulo/429.jpg,Lulo,fresh,2,0,4,Lulo_fresh,77
data/raw/FRUIT-16K/F_Lulo/431.jpg,Lulo,fresh,2,0,4,Lulo_fresh,77
data/raw/FRUIT-16K/F_Lulo/433.jpg,Lulo,fresh,2,0,4,Lulo_fresh,77
data/raw/FRUIT-16K/F_Lulo/435.jpg,Lulo,fresh,2,0,4,Lulo_fresh,77
data/raw/FRUIT-16K/F_Lulo/437.jpg,Lulo,fresh,2,0,4,Lulo_fresh,77
data/raw/FRUIT-16K/F_Lulo/439.jpg,Lulo,fresh,2,0,4,Lulo_fresh,77
data/raw/FRUIT-16K/F_Lulo/440.jpg,Lulo,fresh,2,0,4,Lulo_fresh,77
data/raw/FRUIT-16K/F_Lulo/441.jpg,Lulo,fresh,2,0,4,Lulo_fresh,77
data/raw/FRUIT-16K/F_Lulo/442.jpg,Lulo,fresh,2,0,4,Lulo_fresh,77
data/raw/FRUIT-16K/F_Lulo/444.jpg,Lulo,fresh,2,0,4,Lulo_fresh,77
data/raw/FRUIT-16K/F_Lulo/446.jpg,Lulo,fresh,2,0,4,Lulo_fresh,77
data/raw/FRUIT-16K/F_Lulo/448.jpg,Lulo,fresh,2,0,4,Lulo_fresh,77
data/raw/FRUIT-16K/F_Lulo/450.jpg,Lulo,fresh,2,0,4,Lulo_fresh,77
data/raw/FRUIT-16K/F_Lulo/452.jpg,Lulo,fresh,2,0,4,Lulo_fresh,77
data/raw/FRUIT-16K/F_Lulo/454.jpg,Lulo,fresh,2,0,4,Lulo_fresh,77
data/raw/FRUIT-16K/F_Lulo/456.jpg,Lulo,fresh,2,0,4,Lulo_fresh,77
data/raw/FRUIT-16K/F_Lulo/458.jpg,Lulo,fresh,2,0,4,Lulo_fresh,77
data/raw/FRUIT-16K/F_Lulo/460.jpg,Lulo,fresh,2,0,4,Lulo_fresh,77
data/raw/FRUIT-16K/F_Lulo/461.jpg,Lulo,fresh,2,0,4,Lulo_fresh,77
data/raw/FRUIT-16K/F_Lulo/462.jpg,Lulo,fresh,2,0,4,Lulo_fresh,77
data/raw/FRUIT-16K/F_Lulo/463.jpg,Lulo,fresh,2,0,4,Lulo_fresh,77
data/raw/FRUIT-16K/F_Lulo/465.jpg,Lulo,fresh,2,0,4,Lulo_fresh,77
data/raw/FRUIT-16K/F_Lulo/467.jpg,Lulo,fresh,2,0,4,Lulo_fresh,77
data/raw/FRUIT-16K/F_Lulo/469.jpg,Lulo,fresh,2,0,4,Lulo_fresh,77
data/raw/FRUIT-16K/F_Lulo/471.jpg,Lulo,fresh,2,0,4,Lulo_fresh,77
data/raw/FRUIT-16K/F_Lulo/473.jpg,Lulo,fresh,2,0,4,Lulo_fresh,77
data/raw/FRUIT-16K/F_Lulo/475.jpg,Lulo,fresh,2,0,4,Lulo_fresh,77
data/raw/FRUIT-16K/F_Lulo/502.jpg,Lulo,fresh,2,0,4,Lulo_fresh,79
data/raw/FRUIT-16K/F_Lulo/503.jpg,Lulo,fresh,2,0,4,Lulo_fresh,79
data/raw/FRUIT-16K/F_Lulo/504.jpg,Lulo,fresh,2,0,4,Lulo_fresh,79
data/raw/FRUIT-16K/F_Lulo/505.jpg,Lulo,fresh,2,0,4,Lulo_fresh,79
data/raw/FRUIT-16K/F_Lulo/507.jpg,Lulo,fresh,2,0,4,Lulo_fresh,79
data/raw/FRUIT-16K/F_Lulo/509.jpg,Lulo,fresh,2,0,4,Lulo_fresh,79
data/raw/FRUIT-16K/F_Lulo/511.jpg,Lulo,fresh,2,0,4,Lulo_fresh,79
data/raw/FRUIT-16K/F_Lulo/513.jpg,Lulo,fresh,2,0,4,Lulo_fresh,79
data/raw/FRUIT-16K/F_Lulo/515.jpg,Lulo,fresh,2,0,4,Lulo_fresh,79
data/raw/FRUIT-16K/F_Lulo/517.jpg,Lulo,fresh,2,0,4,Lulo_fresh,79
data/raw/FRUIT-16K/F_Lulo/519.jpg,Lulo,fresh,2,0,4,Lulo_fresh,79
data/raw/FRUIT-16K/F_Lulo/521.jpg,Lulo,fresh,2,0,4,Lulo_fresh,79
data/raw/FRUIT-16K/F_Lulo/523.jpg,Lulo,fresh,2,0,4,Lulo_fresh,79
data/raw/FRUIT-16K/F_Lulo/525.jpg,Lulo,fresh,2,0,4,Lulo_fresh,79
data/raw/FRUIT-16K/F_Lulo/551.jpg,Lulo,fresh,2,0,4,Lulo_fresh,81
data/raw/FRUIT-16K/F_Lulo/553.jpg,Lulo,fresh,2,0,4,Lulo_fresh,81
data/raw/FRUIT-16K/F_Lulo/555.jpg,Lulo,fresh,2,0,4,Lulo_fresh,81
data/raw/FRUIT-16K/F_Lulo/557.jpg,Lulo,fresh,2,0,4,Lulo_fresh,81
data/raw/FRUIT-16K/F_Lulo/559.jpg,Lulo,fresh,2,0,4,Lulo_fresh,81
data/raw/FRUIT-16K/F_Lulo/561.jpg,Lulo,fresh,2,0,4,Lulo_fresh,81
data/raw/FRUIT-16K/F_Lulo/563.jpg,Lulo,fresh,2,0,4,Lulo_fresh,81
data/raw/FRUIT-16K/F_Lulo/565.jpg,Lulo,fresh,2,0,4,Lulo_fresh,81
data/raw/FRUIT-16K/F_Lulo/567.jpg,Lulo,fresh,2,0,4,Lulo_fresh,81
data/raw/FRUIT-16K/F_Lulo/569.jpg,Lulo,fresh,2,0,4,Lulo_fresh,81
data/raw/FRUIT-16K/F_Lulo/570.jpg,Lulo,fresh,2,0,4,Lulo_fresh,81
data/raw/FRUIT-16K/F_Lulo/571.jpg,Lulo,fresh,2,0,4,Lulo_fresh,81
data/raw/FRUIT-16K/F_Lulo/573.jpg,Lulo,fresh,2,0,4,Lulo_fresh,81
data/raw/FRUIT-16K/F_Lulo/575.jpg,Lulo,fresh,2,0,4,Lulo_fresh,81
data/raw/FRUIT-16K/F_Lulo/577.jpg,Lulo,fresh,2,0,4,Lulo_fresh,82
data/raw/FRUIT-16K/F_Lulo/579.jpg,Lulo,fresh,2,0,4,Lulo_fresh,82
data/raw/FRUIT-16K/F_Lulo/581.jpg,Lulo,fresh,2,0,4,Lulo_fresh,82
data/raw/FRUIT-16K/F_Lulo/583.jpg,Lulo,fresh,2,0,4,Lulo_fresh,82
data/raw/FRUIT-16K/F_Lulo/585.jpg,Lulo,fresh,2,0,4,Lulo_fresh,82
data/raw/FRUIT-16K/F_Lulo/587.jpg,Lulo,fresh,2,0,4,Lulo_fresh,82
data/raw/FRUIT-16K/F_Lulo/589.jpg,Lulo,fresh,2,0,4,Lulo_fresh,82
data/raw/FRUIT-16K/F_Lulo/591.jpg,Lulo,fresh,2,0,4,Lulo_fresh,82
data/raw/FRUIT-16K/F_Lulo/592.jpg,Lulo,fresh,2,0,4,Lulo_fresh,82
data/raw/FRUIT-16K/F_Lulo/593.jpg,Lulo,fresh,2,0,4,Lulo_fresh,82
data/raw/FRUIT-16K/F_Lulo/595.jpg,Lulo,fresh,2,0,4,Lulo_fresh,82
data/raw/FRUIT-16K/F_Lulo/597.jpg,Lulo,fresh,2,0,4,Lulo_fresh,82
data/raw/FRUIT-16K/F_Lulo/599.jpg,Lulo,fresh,2,0,4,Lulo_fresh,82
data/raw/FRUIT-16K/F_Lulo/601.jpg,Lulo,fresh,2,0,4,Lulo_fresh,83
data/raw/FRUIT-16K/F_Lulo/603.jpg,Lulo,fresh,2,0,4,Lulo_fresh,83
data/raw/FRUIT-16K/F_Lulo/605.jpg,Lulo,fresh,2,0,4,Lulo_fresh,83
data/raw/FRUIT-16K/F_Lulo/607.jpg,Lulo,fresh,2,0,4,Lulo_fresh,83
data/raw/FRUIT-16K/F_Lulo/609.jpg,Lulo,fresh,2,0,4,Lulo_fresh,83
data/raw/FRUIT-16K/F_Lulo/611.jpg,Lulo,fresh,2,0,4,Lulo_fresh,83
data/raw/FRUIT-16K/F_Lulo/613.jpg,Lulo,fresh,2,0,4,Lulo_fresh,83
data/raw/FRUIT-16K/F_Lulo/614.jpg,Lulo,fresh,2,0,4,Lulo_fresh,83
data/raw/FRUIT-16K/F_Lulo/615.jpg,Lulo,fresh,2,0,4,Lulo_fresh,83
data/raw/FRUIT-16K/F_Lulo/617.jpg,Lulo,fresh,2,0,4,Lulo_fresh,83
data/raw/FRUIT-16K/F_Lulo/619.jpg,Lulo,fresh,2,0,4,Lulo_fresh,83
data/raw/FRUIT-16K/F_Lulo/621.jpg,Lulo,fresh,2,0,4,Lulo_fresh,83
data/raw/FRUIT-16K/F_Lulo/623.jpg,Lulo,fresh,2,0,4,Lulo_fresh,83
data/raw/FRUIT-16K/F_Lulo/625.jpg,Lulo,fresh,2,0,4,Lulo_fresh,83
data/raw/FRUIT-16K/F_Lulo/651.jpg,Lulo,fresh,2,0,4,Lulo_fresh,85
data/raw/FRUIT-16K/F_Lulo/653.jpg,Lulo,fresh,2,0,4,Lulo_fresh,85
data/raw/FRUIT-16K/F_Lulo/655.jpg,Lulo,fresh,2,0,4,Lulo_fresh,85
data/raw/FRUIT-16K/F_Lulo/657.jpg,Lulo,fresh,2,0,4,Lulo_fresh,85
data/raw/FRUIT-16K/F_Lulo/658.jpg,Lulo,fresh,2,0,4,Lulo_fresh,85
data/raw/FRUIT-16K/F_Lulo/659.jpg,Lulo,fresh,2,0,4,Lulo_fresh,85
data/raw/FRUIT-16K/F_Lulo/661.jpg,Lulo,fresh,2,0,4,Lulo_fresh,85
data/raw/FRUIT-16K/F_Lulo/663.jpg,Lulo,fresh,2,0,4,Lulo_fresh,85
data/raw/FRUIT-16K/F_Lulo/665.jpg,Lulo,fresh,2,0,4,Lulo_fresh,85
data/raw/FRUIT-16K/F_Lulo/667.jpg,Lulo,fresh,2,0,4,Lulo_fresh,85
data/raw/FRUIT-16K/F_Lulo/669.jpg,Lulo,fresh,2,0,4,Lulo_fresh,85
data/raw/FRUIT-16K/F_Lulo/671.jpg,Lulo,fresh,2,0,4,Lulo_fresh,85
data/raw/FRUIT-16K/F_Lulo/673.jpg,Lulo,fresh,2,0,4,Lulo_fresh,85
data/raw/FRUIT-16K/F_Lulo/675.jpg,Lulo,fresh,2,0,4,Lulo_fresh,85
data/raw/FRUIT-16K/F_Lulo/677.jpg,Lulo,fresh,2,0,4,Lulo_fresh,86
data/raw/FRUIT-16K/F_Lulo/679.jpg,Lulo,fresh,2,0,4,Lulo_fresh,86
data/raw/FRUIT-16K/F_Lulo/680.jpg,Lulo,fresh,2,0,4,Lulo_fresh,86
data/raw/FRUIT-16K/F_Lulo/681.jpg,Lulo,fresh,2,0,4,Lulo_fresh,86
data/raw/FRUIT-16K/F_Lulo/683.jpg,Lulo,fresh,2,0,4,Lulo_fresh,86
data/raw/FRUIT-16K/F_Lulo/685.jpg,Lulo,fresh,2,0,4,Lulo_fresh,86
data/raw/FRUIT-16K/F_Lulo/687.jpg,Lulo,fresh,2,0,4,Lulo_fresh,86
data/raw/FRUIT-16K/F_Lulo/689.jpg,Lulo,fresh,2,0,4,Lulo_fresh,86
data/raw/FRUIT-16K/F_Lulo/691.jpg,Lulo,fresh,2,0,4,Lulo_fresh,86
data/raw/FRUIT-16K/F_Lulo/693.jpg,Lulo,fresh,2,0,4,Lulo_fresh,86
data/raw/FRUIT-16K/F_Lulo/695.jpg,Lulo,fresh,2,0,4,Lulo_fresh,86
data/raw/FRUIT-16K/F_Lulo/697.jpg,Lulo,fresh,2,0,4,Lulo_fresh,86
data/raw/FRUIT-16K/F_Lulo/699.jpg,Lulo,fresh,2,0,4,Lulo_fresh,86
data/raw/FRUIT-16K/F_Lulo/701.jpg,Lulo,fresh,2,0,4,Lulo_fresh,87
data/raw/FRUIT-16K/F_Lulo/702.jpg,Lulo,fresh,2,0,4,Lulo_fresh,87
data/raw/FRUIT-16K/F_Lulo/703.jpg,Lulo,fresh,2,0,4,Lulo_fresh,87
data/raw/FRUIT-16K/F_Lulo/705.jpg,Lulo,fresh,2,0,4,Lulo_fresh,87
data/raw/FRUIT-16K/F_Lulo/707.jpg,Lulo,fresh,2,0,4,Lulo_fresh,87
data/raw/FRUIT-16K/F_Lulo/709.jpg,Lulo,fresh,2,0,4,Lulo_fresh,87
data/raw/FRUIT-16K/F_Lulo/711.jpg,Lulo,fresh,2,0,4,Lulo_fresh,87
data/raw/FRUIT-16K/F_Lulo/713.jpg,Lulo,fresh,2,0,4,Lulo_fresh,87
data/raw/FRUIT-16K/F_Lulo/715.jpg,Lulo,fresh,2,0,4,Lulo_fresh,87
data/raw/FRUIT-16K/F_Lulo/717.jpg,Lulo,fresh,2,0,4,Lulo_fresh,87
data/raw/FRUIT-16K/F_Lulo/719.jpg,Lulo,fresh,2,0,4,Lulo_fresh,87
data/raw/FRUIT-16K/F_Lulo/721.jpg,Lulo,fresh,2,0,4,Lulo_fresh,87
data/raw/FRUIT-16K/F_Lulo/723.jpg,Lulo,fresh,2,0,4,Lulo_fresh,87
data/raw/FRUIT-16K/F_Lulo/724.jpg,Lulo,fresh,2,0,4,Lulo_fresh,87
data/raw/FRUIT-16K/F_Lulo/725.jpg,Lulo,fresh,2,0,4,Lulo_fresh,87
data/raw/FRUIT-16K/F_Lulo/727.jpg,Lulo,fresh,2,0,4,Lulo_fresh,88
data/raw/FRUIT-16K/F_Lulo/729.jpg,Lulo,fresh,2,0,4,Lulo_fresh,88
data/raw/FRUIT-16K/F_Lulo/731.jpg,Lulo,fresh,2,0,4,Lulo_fresh,88
data/raw/FRUIT-16K/F_Lulo/733.jpg,Lulo,fresh,2,0,4,Lulo_fresh,88
data/raw/FRUIT-16K/F_Lulo/735.jpg,Lulo,fresh,2,0,4,Lulo_fresh,88
data/raw/FRUIT-16K/F_Lulo/737.jpg,Lulo,fresh,2,0,4,Lulo_fresh,88
data/raw/FRUIT-16K/F_Lulo/739.jpg,Lulo,fresh,2,0,4,Lulo_fresh,88
data/raw/FRUIT-16K/F_Lulo/741.jpg,Lulo,fresh,2,0,4,Lulo_fresh,88
data/raw/FRUIT-16K/F_Lulo/743.jpg,Lulo,fresh,2,0,4,Lulo_fresh,88
data/raw/FRUIT-16K/F_Lulo/745.jpg,Lulo,fresh,2,0,4,Lulo_fresh,88
data/raw/FRUIT-16K/F_Lulo/746.jpg,Lulo,fresh,2,0,4,Lulo_fresh,88
data/raw/FRUIT-16K/F_Lulo/747.jpg,Lulo,fresh,2,0,4,Lulo_fresh,88
data/raw/FRUIT-16K/F_Lulo/749.jpg,Lulo,fresh,2,0,4,Lulo_fresh,88
data/raw/FRUIT-16K/F_Lulo/751.jpg,Lulo,fresh,2,0,4,Lulo_fresh,88
data/raw/FRUIT-16K/F_Lulo/753.jpg,Lulo,fresh,2,0,4,Lulo_fresh,88
data/raw/FRUIT-16K/F_Lulo/755.jpg,Lulo,fresh,2,0,4,Lulo_fresh,88
data/raw/FRUIT-16K/F_Lulo/757.jpg,Lulo,fresh,2,0,4,Lulo_fresh,88
data/raw/FRUIT-16K/F_Lulo/759.jpg,Lulo,fresh,2,0,4,Lulo_fresh,88
data/raw/FRUIT-16K/F_Lulo/761.jpg,Lulo,fresh,2,0,4,Lulo_fresh,88
data/raw/FRUIT-16K/F_Lulo/763.jpg,Lulo,fresh,2,0,4,Lulo_fresh,88
data/raw/FRUIT-16K/F_Lulo/765.jpg,Lulo,fresh,2,0,4,Lulo_fresh,88
data/raw/FRUIT-16K/F_Lulo/767.jpg,Lulo,fresh,2,0,4,Lulo_fresh,88
data/raw/FRUIT-16K/F_Lulo/768.jpg,Lulo,fresh,2,0,4,Lulo_fresh,88
data/raw/FRUIT-16K/F_Lulo/769.jpg,Lulo,fresh,2,0,4,Lulo_fresh,88
data/raw/FRUIT-16K/F_Lulo/771.jpg,Lulo,fresh,2,0,4,Lulo_fresh,88
data/raw/FRUIT-16K/F_Lulo/773.jpg,Lulo,fresh,2,0,4,Lulo_fresh,88
data/raw/FRUIT-16K/F_Lulo/775.jpg,Lulo,fresh,2,0,4,Lulo_fresh,88
data/raw/FRUIT-16K/F_Lulo/801.jpg,Lulo,fresh,2,0,4,Lulo_fresh,90
data/raw/FRUIT-16K/F_Lulo/803.jpg,Lulo,fresh,2,0,4,Lulo_fresh,90
data/raw/FRUIT-16K/F_Lulo/805.jpg,Lulo,fresh,2,0,4,Lulo_fresh,90
data/raw/FRUIT-16K/F_Lulo/807.jpg,Lulo,fresh,2,0,4,Lulo_fresh,90
data/raw/FRUIT-16K/F_Lulo/809.jpg,Lulo,fresh,2,0,4,Lulo_fresh,90
data/raw/FRUIT-16K/F_Lulo/811.jpg,Lulo,fresh,2,0,4,Lulo_fresh,90
data/raw/FRUIT-16K/F_Lulo/812.jpg,Lulo,fresh,2,0,4,Lulo_fresh,90
data/raw/FRUIT-16K/F_Lulo/813.jpg,Lulo,fresh,2,0,4,Lulo_fresh,90
data/raw/FRUIT-16K/F_Lulo/815.jpg,Lulo,fresh,2,0,4,Lulo_fresh,90
data/raw/FRUIT-16K/F_Lulo/817.jpg,Lulo,fresh,2,0,4,Lulo_fresh,90
data/raw/FRUIT-16K/F_Lulo/819.jpg,Lulo,fresh,2,0,4,Lulo_fresh,90
data/raw/FRUIT-16K/F_Lulo/821.jpg,Lulo,fresh,2,0,4,Lulo_fresh,90
data/raw/FRUIT-16K/F_Lulo/823.jpg,Lulo,fresh,2,0,4,Lulo_fresh,90
data/raw/FRUIT-16K/F_Lulo/825.jpg,Lulo,fresh,2,0,4,Lulo_fresh,90
data/raw/FRUIT-16K/F_Lulo/827.jpg,Lulo,fresh,2,0,4,Lulo_fresh,91
data/raw/FRUIT-16K/F_Lulo/829.jpg,Lulo,fresh,2,0,4,Lulo_fresh,91
data/raw/FRUIT-16K/F_Lulo/831.jpg,Lulo,fresh,2,0,4,Lulo_fresh,91
data/raw/FRUIT-16K/F_Lulo/833.jpg,Lulo,fresh,2,0,4,Lulo_fresh,91
data/raw/FRUIT-16K/F_Lulo/834.jpg,Lulo,fresh,2,0,4,Lulo_fresh,91
data/raw/FRUIT-16K/F_Lulo/835.jpg,Lulo,fresh,2,0,4,Lulo_fresh,91
data/raw/FRUIT-16K/F_Lulo/837.jpg,Lulo,fresh,2,0,4,Lulo_fresh,91
data/raw/FRUIT-16K/F_Lulo/839.jpg,Lulo,fresh,2,0,4,Lulo_fresh,91
data/raw/FRUIT-16K/F_Lulo/841.jpg,Lulo,fresh,2,0,4,Lulo_fresh,91
data/raw/FRUIT-16K/F_Lulo/843.jpg,Lulo,fresh,2,0,4,Lulo_fresh,91
data/raw/FRUIT-16K/F_Lulo/845.jpg,Lulo,fresh,2,0,4,Lulo_fresh,91
data/raw/FRUIT-16K/F_Lulo/847.jpg,Lulo,fresh,2,0,4,Lulo_fresh,91
data/raw/FRUIT-16K/F_Lulo/849.jpg,Lulo,fresh,2,0,4,Lulo_fresh,91
data/raw/FRUIT-16K/F_Lulo/851.jpg,Lulo,fresh,2,0,4,Lulo_fresh,92
data/raw/FRUIT-16K/F_Lulo/853.jpg,Lulo,fresh,2,0,4,Lulo_fresh,92
data/raw/FRUIT-16K/F_Lulo/855.jpg,Lulo,fresh,2,0,4,Lulo_fresh,92
data/raw/FRUIT-16K/F_Lulo/856.jpg,Lulo,fresh,2,0,4,Lulo_fresh,92
data/raw/FRUIT-16K/F_Lulo/857.jpg,Lulo,fresh,2,0,4,Lulo_fresh,92
data/raw/FRUIT-16K/F_Lulo/859.jpg,Lulo,fresh,2,0,4,Lulo_fresh,92
data/raw/FRUIT-16K/F_Lulo/861.jpg,Lulo,fresh,2,0,4,Lulo_fresh,92
data/raw/FRUIT-16K/F_Lulo/863.jpg,Lulo,fresh,2,0,4,Lulo_fresh,92
data/raw/FRUIT-16K/F_Lulo/865.jpg,Lulo,fresh,2,0,4,Lulo_fresh,92
data/raw/FRUIT-16K/F_Lulo/867.jpg,Lulo,fresh,2,0,4,Lulo_fresh,92
data/raw/FRUIT-16K/F_Lulo/869.jpg,Lulo,fresh,2,0,4,Lulo_fresh,92
data/raw/FRUIT-16K/F_Lulo/871.jpg,Lulo,fresh,2,0,4,Lulo_fresh,92
data/raw/FRUIT-16K/F_Lulo/873.jpg,Lulo,fresh,2,0,4,Lulo_fresh,92
data/raw/FRUIT-16K/F_Lulo/875.jpg,Lulo,fresh,2,0,4,Lulo_fresh,92
data/raw/FRUIT-16K/F_Lulo/877.jpg,Lulo,fresh,2,0,4,Lulo_fresh,92
data/raw/FRUIT-16K/F_Lulo/878.jpg,Lulo,fresh,2,0,4,Lulo_fresh,92
data/raw/FRUIT-16K/F_Lulo/879.jpg,Lulo,fresh,2,0,4,Lulo_fresh,92
data/raw/FRUIT-16K/F_Lulo/881.jpg,Lulo,fresh,2,0,4,Lulo_fresh,92
data/raw/FRUIT-16K/F_Lulo/883.jpg,Lulo,fresh,2,0,4,Lulo_fresh,92
data/raw/FRUIT-16K/F_Lulo/885.jpg,Lulo,fresh,2,0,4,Lulo_fresh,92
data/raw/FRUIT-16K/F_Lulo/887.jpg,Lulo,fresh,2,0,4,Lulo_fresh,92
data/raw/FRUIT-16K/F_Lulo/889.jpg,Lulo,fresh,2,0,4,Lulo_fresh,92
data/raw/FRUIT-16K/F_Lulo/891.jpg,Lulo,fresh,2,0,4,Lulo_fresh,92
data/raw/FRUIT-16K/F_Lulo/893.jpg,Lulo,fresh,2,0,4,Lulo_fresh,92
data/raw/FRUIT-16K/F_Lulo/895.jpg,Lulo,fresh,2,0,4,Lulo_fresh,92
data/raw/FRUIT-16K/F_Lulo/897.jpg,Lulo,fresh,2,0,4,Lulo_fresh,92
data/raw/FRUIT-16K/F_Lulo/899.jpg,Lulo,fresh,2,0,4,Lulo_fresh,92
data/raw/FRUIT-16K/F_Lulo/900.jpg,Lulo,fresh,2,0,4,Lulo_fresh,92
data/raw/FRUIT-16K/F_Lulo/901.jpg,Lulo,fresh,2,0,4,Lulo_fresh,93
data/raw/FRUIT-16K/F_Lulo/903.jpg,Lulo,fresh,2,0,4,Lulo_fresh,93
data/raw/FRUIT-16K/F_Lulo/905.jpg,Lulo,fresh,2,0,4,Lulo_fresh,93
data/raw/FRUIT-16K/F_Lulo/907.jpg,Lulo,fresh,2,0,4,Lulo_fresh,93
data/raw/FRUIT-16K/F_Lulo/909.jpg,Lulo,fresh,2,0,4,Lulo_fresh,93
data/raw/FRUIT-16K/F_Lulo/911.jpg,Lulo,fresh,2,0,4,Lulo_fresh,93
data/raw/FRUIT-16K/F_Lulo/913.jpg,Lulo,fresh,2,0,4,Lulo_fresh,93
data/raw/FRUIT-16K/F_Lulo/915.jpg,Lulo,fresh,2,0,4,Lulo_fresh,93
data/raw/FRUIT-16K/F_Lulo/917.jpg,Lulo,fresh,2,0,4,Lulo_fresh,93
data/raw/FRUIT-16K/F_Lulo/919.jpg,Lulo,fresh,2,0,4,Lulo_fresh,93
data/raw/FRUIT-16K/F_Lulo/921.jpg,Lulo,fresh,2,0,4,Lulo_fresh,93
data/raw/FRUIT-16K/F_Lulo/922.jpg,Lulo,fresh,2,0,4,Lulo_fresh,93
data/raw/FRUIT-16K/F_Lulo/923.jpg,Lulo,fresh,2,0,4,Lulo_fresh,93
data/raw/FRUIT-16K/F_Lulo/925.jpg,Lulo,fresh,2,0,4,Lulo_fresh,93
data/raw/FRUIT-16K/F_Mango/1.jpg,Mango,fresh,3,0,6,Mango_fresh,97
data/raw/FRUIT-16K/F_Mango/2.jpg,Mango,fresh,3,0,6,Mango_fresh,97
data/raw/FRUIT-16K/F_Mango/3.jpg,Mango,fresh,3,0,6,Mango_fresh,97
data/raw/FRUIT-16K/F_Mango/4.jpg,Mango,fresh,3,0,6,Mango_fresh,97
data/raw/FRUIT-16K/F_Mango/5.jpg,Mango,fresh,3,0,6,Mango_fresh,97
data/raw/FRUIT-16K/F_Mango/6.jpg,Mango,fresh,3,0,6,Mango_fresh,97
data/raw/FRUIT-16K/F_Mango/7.jpg,Mango,fresh,3,0,6,Mango_fresh,97
data/raw/FRUIT-16K/F_Mango/8.jpg,Mango,fresh,3,0,6,Mango_fresh,97
data/raw/FRUIT-16K/F_Mango/9.jpg,Mango,fresh,3,0,6,Mango_fresh,97
data/raw/FRUIT-16K/F_Mango/10.jpg,Mango,fresh,3,0,6,Mango_fresh,97
data/raw/FRUIT-16K/F_Mango/11.jpg,Mango,fresh,3,0,6,Mango_fresh,97
data/raw/FRUIT-16K/F_Mango/12.jpg,Mango,fresh,3,0,6,Mango_fresh,97
data/raw/FRUIT-16K/F_Mango/13.jpg,Mango,fresh,3,0,6,Mango_fresh,97
data/raw/FRUIT-16K/F_Mango/14.jpg,Mango,fresh,3,0,6,Mango_fresh,97
data/raw/FRUIT-16K/F_Mango/15.jpg,Mango,fresh,3,0,6,Mango_fresh,97
data/raw/FRUIT-16K/F_Mango/16.jpg,Mango,fresh,3,0,6,Mango_fresh,97
data/raw/FRUIT-16K/F_Mango/17.jpg,Mango,fresh,3,0,6,Mango_fresh,97
data/raw/FRUIT-16K/F_Mango/18.jpg,Mango,fresh,3,0,6,Mango_fresh,97
data/raw/FRUIT-16K/F_Mango/19.jpg,Mango,fresh,3,0,6,Mango_fresh,97
data/raw/FRUIT-16K/F_Mango/20.jpg,Mango,fresh,3,0,6,Mango_fresh,97
data/raw/FRUIT-16K/F_Mango/21.jpg,Mango,fresh,3,0,6,Mango_fresh,97
data/raw/FRUIT-16K/F_Mango/22.jpg,Mango,fresh,3,0,6,Mango_fresh,97
data/raw/FRUIT-16K/F_Mango/23.jpg,Mango,fresh,3,0,6,Mango_fresh,97
data/raw/FRUIT-16K/F_Mango/24.jpg,Mango,fresh,3,0,6,Mango_fresh,97
data/raw/FRUIT-16K/F_Mango/25.jpg,Mango,fresh,3,0,6,Mango_fresh,97
data/raw/FRUIT-16K/F_Mango/26.jpg,Mango,fresh,3,0,6,Mango_fresh,97
data/raw/FRUIT-16K/F_Mango/27.jpg,Mango,fresh,3,0,6,Mango_fresh,97
data/raw/FRUIT-16K/F_Mango/28.jpg,Mango,fresh,3,0,6,Mango_fresh,97
data/raw/FRUIT-16K/F_Mango/29.jpg,Mango,fresh,3,0,6,Mango_fresh,97
data/raw/FRUIT-16K/F_Mango/30.jpg,Mango,fresh,3,0,6,Mango_fresh,97
data/raw/FRUIT-16K/F_Mango/31.jpg,Mango,fresh,3,0,6,Mango_fresh,97
data/raw/FRUIT-16K/F_Mango/32.jpg,Mango,fresh,3,0,6,Mango_fresh,97
data/raw/FRUIT-16K/F_Mango/33.jpg,Mango,fresh,3,0,6,Mango_fresh,97
data/raw/FRUIT-16K/F_Mango/34.jpg,Mango,fresh,3,0,6,Mango_fresh,97
data/raw/FRUIT-16K/F_Mango/35.jpg,Mango,fresh,3,0,6,Mango_fresh,97
data/raw/FRUIT-16K/F_Mango/36.jpg,Mango,fresh,3,0,6,Mango_fresh,97
data/raw/FRUIT-16K/F_Mango/37.jpg,Mango,fresh,3,0,6,Mango_fresh,97
data/raw/FRUIT-16K/F_Mango/38.jpg,Mango,fresh,3,0,6,Mango_fresh,97
data/raw/FRUIT-16K/F_Mango/39.jpg,Mango,fresh,3,0,6,Mango_fresh,97
data/raw/FRUIT-16K/F_Mango/40.jpg,Mango,fresh,3,0,6,Mango_fresh,97
data/raw/FRUIT-16K/F_Mango/41.jpg,Mango,fresh,3,0,6,Mango_fresh,97
data/raw/FRUIT-16K/F_Mango/42.jpg,Mango,fresh,3,0,6,Mango_fresh,97
data/raw/FRUIT-16K/F_Mango/43.jpg,Mango,fresh,3,0,6,Mango_fresh,97
data/raw/FRUIT-16K/F_Mango/44.jpg,Mango,fresh,3,0,6,Mango_fresh,97
data/raw/FRUIT-16K/F_Mango/45.jpg,Mango,fresh,3,0,6,Mango_fresh,97
data/raw/FRUIT-16K/F_Mango/46.jpg,Mango,fresh,3,0,6,Mango_fresh,97
data/raw/FRUIT-16K/F_Mango/47.jpg,Mango,fresh,3,0,6,Mango_fresh,97
data/raw/FRUIT-16K/F_Mango/48.jpg,Mango,fresh,3,0,6,Mango_fresh,97
data/raw/FRUIT-16K/F_Mango/49.jpg,Mango,fresh,3,0,6,Mango_fresh,97
data/raw/FRUIT-16K/F_Mango/50.jpg,Mango,fresh,3,0,6,Mango_fresh,97
data/raw/FRUIT-16K/F_Mango/76.jpg,Mango,fresh,3,0,6,Mango_fresh,97
data/raw/FRUIT-16K/F_Mango/77.jpg,Mango,fresh,3,0,6,Mango_fresh,97
data/raw/FRUIT-16K/F_Mango/78.jpg,Mango,fresh,3,0,6,Mango_fresh,97
data/raw/FRUIT-16K/F_Mango/79.jpg,Mango,fresh,3,0,6,Mango_fresh,97
data/raw/FRUIT-16K/F_Mango/80.jpg,Mango,fresh,3,0,6,Mango_fresh,97
data/raw/FRUIT-16K/F_Mango/81.jpg,Mango,fresh,3,0,6,Mango_fresh,97
data/raw/FRUIT-16K/F_Mango/82.jpg,Mango,fresh,3,0,6,Mango_fresh,97
data/raw/FRUIT-16K/F_Mango/83.jpg,Mango,fresh,3,0,6,Mango_fresh,97
data/raw/FRUIT-16K/F_Mango/84.jpg,Mango,fresh,3,0,6,Mango_fresh,97
data/raw/FRUIT-16K/F_Mango/85.jpg,Mango,fresh,3,0,6,Mango_fresh,97
data/raw/FRUIT-16K/F_Mango/86.jpg,Mango,fresh,3,0,6,Mango_fresh,97
data/raw/FRUIT-16K/F_Mango/87.jpg,Mango,fresh,3,0,6,Mango_fresh,97
data/raw/FRUIT-16K/F_Mango/88.jpg,Mango,fresh,3,0,6,Mango_fresh,97
data/raw/FRUIT-16K/F_Mango/89.jpg,Mango,fresh,3,0,6,Mango_fresh,97
data/raw/FRUIT-16K/F_Mango/90.jpg,Mango,fresh,3,0,6,Mango_fresh,97
data/raw/FRUIT-16K/F_Mango/91.jpg,Mango,fresh,3,0,6,Mango_fresh,97
data/raw/FRUIT-16K/F_Mango/92.jpg,Mango,fresh,3,0,6,Mango_fresh,97
data/raw/FRUIT-16K/F_Mango/93.jpg,Mango,fresh,3,0,6,Mango_fresh,97
data/raw/FRUIT-16K/F_Mango/94.jpg,Mango,fresh,3,0,6,Mango_fresh,97
data/raw/FRUIT-16K/F_Mango/95.jpg,Mango,fresh,3,0,6,Mango_fresh,97
data/raw/FRUIT-16K/F_Mango/96.jpg,Mango,fresh,3,0,6,Mango_fresh,97
data/raw/FRUIT-16K/F_Mango/97.jpg,Mango,fresh,3,0,6,Mango_fresh,97
data/raw/FRUIT-16K/F_Mango/98.jpg,Mango,fresh,3,0,6,Mango_fresh,97
data/raw/FRUIT-16K/F_Mango/99.jpg,Mango,fresh,3,0,6,Mango_fresh,97
data/raw/FRUIT-16K/F_Mango/100.jpg,Mango,fresh,3,0,6,Mango_fresh,97
data/raw/FRUIT-16K/F_Mango/101.jpg,Mango,fresh,3,0,6,Mango_fresh,99
data/raw/FRUIT-16K/F_Mango/102.jpg,Mango,fresh,3,0,6,Mango_fresh,99
data/raw/FRUIT-16K/F_Mango/103.jpg,Mango,fresh,3,0,6,Mango_fresh,99
data/raw/FRUIT-16K/F_Mango/104.jpg,Mango,fresh,3,0,6,Mango_fresh,99
data/raw/FRUIT-16K/F_Mango/105.jpg,Mango,fresh,3,0,6,Mango_fresh,99
data/raw/FRUIT-16K/F_Mango/106.jpg,Mango,fresh,3,0,6,Mango_fresh,99
data/raw/FRUIT-16K/F_Mango/107.jpg,Mango,fresh,3,0,6,Mango_fresh,99
data/raw/FRUIT-16K/F_Mango/108.jpg,Mango,fresh,3,0,6,Mango_fresh,99
data/raw/FRUIT-16K/F_Mango/109.jpg,Mango,fresh,3,0,6,Mango_fresh,99
data/raw/FRUIT-16K/F_Mango/110.jpg,Mango,fresh,3,0,6,Mango_fresh,99
data/raw/FRUIT-16K/F_Mango/111.jpg,Mango,fresh,3,0,6,Mango_fresh,99
data/raw/FRUIT-16K/F_Mango/112.jpg,Mango,fresh,3,0,6,Mango_fresh,99
data/raw/FRUIT-16K/F_Mango/113.jpg,Mango,fresh,3,0,6,Mango_fresh,99
data/raw/FRUIT-16K/F_Mango/114.jpg,Mango,fresh,3,0,6,Mango_fresh,99
data/raw/FRUIT-16K/F_Mango/115.jpg,Mango,fresh,3,0,6,Mango_fresh,99
data/raw/FRUIT-16K/F_Mango/116.jpg,Mango,fresh,3,0,6,Mango_fresh,99
data/raw/FRUIT-16K/F_Mango/117.jpg,Mango,fresh,3,0,6,Mango_fresh,99
data/raw/FRUIT-16K/F_Mango/118.jpg,Mango,fresh,3,0,6,Mango_fresh,99
data/raw/FRUIT-16K/F_Mango/119.jpg,Mango,fresh,3,0,6,Mango_fresh,99
data/raw/FRUIT-16K/F_Mango/120.jpg,Mango,fresh,3,0,6,Mango_fresh,99
data/raw/FRUIT-16K/F_Mango/121.jpg,Mango,fresh,3,0,6,Mango_fresh,99
data/raw/FRUIT-16K/F_Mango/122.jpg,Mango,fresh,3,0,6,Mango_fresh,99
data/raw/FRUIT-16K/F_Mango/123.jpg,Mango,fresh,3,0,6,Mango_fresh,99
data/raw/FRUIT-16K/F_Mango/124.jpg,Mango,fresh,3,0,6,Mango_fresh,99
data/raw/FRUIT-16K/F_Mango/125.jpg,Mango,fresh,3,0,6,Mango_fresh,99
data/raw/FRUIT-16K/F_Mango/126.jpg,Mango,fresh,3,0,6,Mango_fresh,100
data/raw/FRUIT-16K/F_Mango/127.jpg,Mango,fresh,3,0,6,Mango_fresh,100
data/raw/FRUIT-16K/F_Mango/128.jpg,Mango,fresh,3,0,6,Mango_fresh,100
data/raw/FRUIT-16K/F_Mango/129.jpg,Mango,fresh,3,0,6,Mango_fresh,100
data/raw/FRUIT-16K/F_Mango/130.jpg,Mango,fresh,3,0,6,Mango_fresh,100
data/raw/FRUIT-16K/F_Mango/131.jpg,Mango,fresh,3,0,6,Mango_fresh,100
data/raw/FRUIT-16K/F_Mango/132.jpg,Mango,fresh,3,0,6,Mango_fresh,100
data/raw/FRUIT-16K/F_Mango/133.jpg,Mango,fresh,3,0,6,Mango_fresh,100
data/raw/FRUIT-16K/F_Mango/134.jpg,Mango,fresh,3,0,6,Mango_fresh,100
data/raw/FRUIT-16K/F_Mango/135.jpg,Mango,fresh,3,0,6,Mango_fresh,100
data/raw/FRUIT-16K/F_Mango/136.jpg,Mango,fresh,3,0,6,Mango_fresh,100
data/raw/FRUIT-16K/F_Mango/137.jpg,Mango,fresh,3,0,6,Mango_fresh,100
data/raw/FRUIT-16K/F_Mango/138.jpg,Mango,fresh,3,0,6,Mango_fresh,100
data/raw/FRUIT-16K/F_Mango/139.jpg,Mango,fresh,3,0,6,Mango_fresh,100
data/raw/FRUIT-16K/F_Mango/140.jpg,Mango,fresh,3,0,6,Mango_fresh,100
data/raw/FRUIT-16K/F_Mango/141.jpg,Mango,fresh,3,0,6,Mango_fresh,100
data/raw/FRUIT-16K/F_Mango/142.jpg,Mango,fresh,3,0,6,Mango_fresh,100
data/raw/FRUIT-16K/F_Mango/143.jpg,Mango,fresh,3,0,6,Mango_fresh,100
data/raw/FRUIT-16K/F_Mango/144.jpg,Mango,fresh,3,0,6,Mango_fresh,100
data/raw/FRUIT-16K/F_Mango/145.jpg,Mango,fresh,3,0,6,Mango_fresh,100
data/raw/FRUIT-16K/F_Mango/146.jpg,Mango,fresh,3,0,6,Mango_fresh,100
data/raw/FRUIT-16K/F_Mango/147.jpg,Mango,fresh,3,0,6,Mango_fresh,100
data/raw/FRUIT-16K/F_Mango/148.jpg,Mango,fresh,3,0,6,Mango_fresh,100
data/raw/FRUIT-16K/F_Mango/149.jpg,Mango,fresh,3,0,6,Mango_fresh,100
data/raw/FRUIT-16K/F_Mango/150.jpg,Mango,fresh,3,0,6,Mango_fresh,100
data/raw/FRUIT-16K/F_Mango/151.jpg,Mango,fresh,3,0,6,Mango_fresh,101
data/raw/FRUIT-16K/F_Mango/152.jpg,Mango,fresh,3,0,6,Mango_fresh,101
data/raw/FRUIT-16K/F_Mango/153.jpg,Mango,fresh,3,0,6,Mango_fresh,101
data/raw/FRUIT-16K/F_Mango/154.jpg,Mango,fresh,3,0,6,Mango_fresh,101
data/raw/FRUIT-16K/F_Mango/155.jpg,Mango,fresh,3,0,6,Mango_fresh,101
data/raw/FRUIT-16K/F_Mango/156.jpg,Mango,fresh,3,0,6,Mango_fresh,101
data/raw/FRUIT-16K/F_Mango/157.jpg,Mango,fresh,3,0,6,Mango_fresh,101
data/raw/FRUIT-16K/F_Mango/158.jpg,Mango,fresh,3,0,6,Mango_fresh,101
data/raw/FRUIT-16K/F_Mango/159.jpg,Mango,fresh,3,0,6,Mango_fresh,101
data/raw/FRUIT-16K/F_Mango/160.jpg,Mango,fresh,3,0,6,Mango_fresh,101
data/raw/FRUIT-16K/F_Mango/161.jpg,Mango,fresh,3,0,6,Mango_fresh,101
data/raw/FRUIT-16K/F_Mango/162.jpg,Mango,fresh,3,0,6,Mango_fresh,101
data/raw/FRUIT-16K/F_Mango/163.jpg,Mango,fresh,3,0,6,Mango_fresh,101
data/raw/FRUIT-16K/F_Mango/164.jpg,Mango,fresh,3,0,6,Mango_fresh,101
data/raw/FRUIT-16K/F_Mango/165.jpg,Mango,fresh,3,0,6,Mango_fresh,101
data/raw/FRUIT-16K/F_Mango/166.jpg,Mango,fresh,3,0,6,Mango_fresh,101
data/raw/FRUIT-16K/F_Mango/167.jpg,Mango,fresh,3,0,6,Mango_fresh,101
data/raw/FRUIT-16K/F_Mango/168.jpg,Mango,fresh,3,0,6,Mango_fresh,101
data/raw/FRUIT-16K/F_Mango/169.jpg,Mango,fresh,3,0,6,Mango_fresh,101
data/raw/FRUIT-16K/F_Mango/170.jpg,Mango,fresh,3,0,6,Mango_fresh,101
data/raw/FRUIT-16K/F_Mango/171.jpg,Mango,fresh,3,0,6,Mango_fresh,101
data/raw/FRUIT-16K/F_Mango/172.jpg,Mango,fresh,3,0,6,Mango_fresh,101
data/raw/FRUIT-16K/F_Mango/173.jpg,Mango,fresh,3,0,6,Mango_fresh,101
data/raw/FRUIT-16K/F_Mango/174.jpg,Mango,fresh,3,0,6,Mango_fresh,101
data/raw/FRUIT-16K/F_Mango/175.jpg,Mango,fresh,3,0,6,Mango_fresh,101
data/raw/FRUIT-16K/F_Mango/201.jpg,Mango,fresh,3,0,6,Mango_fresh,103
data/raw/FRUIT-16K/F_Mango/202.jpg,Mango,fresh,3,0,6,Mango_fresh,103
data/raw/FRUIT-16K/F_Mango/203.jpg,Mango,fresh,3,0,6,Mango_fresh,103
data/raw/FRUIT-16K/F_Mango/204.jpg,Mango,fresh,3,0,6,Mango_fresh,103
data/raw/FRUIT-16K/F_Mango/205.jpg,Mango,fresh,3,0,6,Mango_fresh,103
data/raw/FRUIT-16K/F_Mango/206.jpg,Mango,fresh,3,0,6,Mango_fresh,103
data/raw/FRUIT-16K/F_Mango/207.jpg,Mango,fresh,3,0,6,Mango_fresh,103
data/raw/FRUIT-16K/F_Mango/208.jpg,Mango,fresh,3,0,6,Mango_fresh,103
data/raw/FRUIT-16K/F_Mango/209.jpg,Mango,fresh,3,0,6,Mango_fresh,103
data/raw/FRUIT-16K/F_Mango/210.jpg,Mango,fresh,3,0,6,Mango_fresh,103
data/raw/FRUIT-16K/F_Mango/211.jpg,Mango,fresh,3,0,6,Mango_fresh,103
data/raw/FRUIT-16K/F_Mango/212.jpg,Mango,fresh,3,0,6,Mango_fresh,103
data/raw/FRUIT-16K/F_Mango/213.jpg,Mango,fresh,3,0,6,Mango_fresh,103
data/raw/FRUIT-16K/F_Mango/214.jpg,Mango,fresh,3,0,6,Mango_fresh,103
data/raw/FRUIT-16K/F_Mango/215.jpg,Mango,fresh,3,0,6,Mango_fresh,103
data/raw/FRUIT-16K/F_Mango/216.jpg,Mango,fresh,3,0,6,Mango_fresh,103
data/raw/FRUIT-16K/F_Mango/217.jpg,Mango,fresh,3,0,6,Mango_fresh,103
data/raw/FRUIT-16K/F_Mango/218.jpg,Mango,fresh,3,0,6,Mango_fresh,103
data/raw/FRUIT-16K/F_Mango/219.jpg,Mango,fresh,3,0,6,Mango_fresh,103
data/raw/FRUIT-16K/F_Mango/220.jpg,Mango,fresh,3,0,6,Mango_fresh,103
data/raw/FRUIT-16K/F_Mango/221.jpg,Mango,fresh,3,0,6,Mango_fresh,103
data/raw/FRUIT-16K/F_Mango/222.jpg,Mango,fresh,3,0,6,Mango_fresh,103
data/raw/FRUIT-16K/F_Mango/223.jpg,Mango,fresh,3,0,6,Mango_fresh,103
data/raw/FRUIT-16K/F_Mango/224.jpg,Mango,fresh,3,0,6,Mango_fresh,103
data/raw/FRUIT-16K/F_Mango/225.jpg,Mango,fresh,3,0,6,Mango_fresh,103
data/raw/FRUIT-16K/F_Mango/251.jpg,Mango,fresh,3,0,6,Mango_fresh,105
data/raw/FRUIT-16K/F_Mango/252.jpg,Mango,fresh,3,0,6,Mango_fresh,105
data/raw/FRUIT-16K/F_Mango/253.jpg,Mango,fresh,3,0,6,Mango_fresh,105
data/raw/FRUIT-16K/F_Mango/254.jpg,Mango,fresh,3,0,6,Mango_fresh,105
data/raw/FRUIT-16K/F_Mango/255.jpg,Mango,fresh,3,0,6,Mango_fresh,105
data/raw/FRUIT-16K/F_Mango/256.jpg,Mango,fresh,3,0,6,Mango_fresh,105
data/raw/FRUIT-16K/F_Mango/257.jpg,Mango,fresh,3,0,6,Mango_fresh,105
data/raw/FRUIT-16K/F_Mango/258.jpg,Mango,fresh,3,0,6,Mango_fresh,105
data/raw/FRUIT-16K/F_Mango/259.jpg,Mango,fresh,3,0,6,Mango_fresh,105
data/raw/FRUIT-16K/F_Mango/260.jpg,Mango,fresh,3,0,6,Mango_fresh,105
data/raw/FRUIT-16K/F_Mango/261.jpg,Mango,fresh,3,0,6,Mango_fresh,105
data/raw/FRUIT-16K/F_Mango/262.jpg,Mango,fresh,3,0,6,Mango_fresh,105
data/raw/FRUIT-16K/F_Mango/263.jpg,Mango,fresh,3,0,6,Mango_fresh,105
data/raw/FRUIT-16K/F_Mango/264.jpg,Mango,fresh,3,0,6,Mango_fresh,105
data/raw/FRUIT-16K/F_Mango/265.jpg,Mango,fresh,3,0,6,Mango_fresh,105
data/raw/FRUIT-16K/F_Mango/266.jpg,Mango,fresh,3,0,6,Mango_fresh,105
data/raw/FRUIT-16K/F_Mango/267.jpg,Mango,fresh,3,0,6,Mango_fresh,105
data/raw/FRUIT-16K/F_Mango/268.jpg,Mango,fresh,3,0,6,Mango_fresh,105
data/raw/FRUIT-16K/F_Mango/269.jpg,Mango,fresh,3,0,6,Mango_fresh,105
data/raw/FRUIT-16K/F_Mango/270.jpg,Mango,fresh,3,0,6,Mango_fresh,105
data/raw/FRUIT-16K/F_Mango/271.jpg,Mango,fresh,3,0,6,Mango_fresh,105
data/raw/FRUIT-16K/F_Mango/272.jpg,Mango,fresh,3,0,6,Mango_fresh,105
data/raw/FRUIT-16K/F_Mango/273.jpg,Mango,fresh,3,0,6,Mango_fresh,105
data/raw/FRUIT-16K/F_Mango/274.jpg,Mango,fresh,3,0,6,Mango_fresh,105
data/raw/FRUIT-16K/F_Mango/275.jpg,Mango,fresh,3,0,6,Mango_fresh,105
data/raw/FRUIT-16K/F_Mango/276.jpg,Mango,fresh,3,0,6,Mango_fresh,106
data/raw/FRUIT-16K/F_Mango/277.jpg,Mango,fresh,3,0,6,Mango_fresh,106
data/raw/FRUIT-16K/F_Mango/278.jpg,Mango,fresh,3,0,6,Mango_fresh,106
data/raw/FRUIT-16K/F_Mango/279.jpg,Mango,fresh,3,0,6,Mango_fresh,106
data/raw/FRUIT-16K/F_Mango/280.jpg,Mango,fresh,3,0,6,Mango_fresh,106
data/raw/FRUIT-16K/F_Mango/281.jpg,Mango,fresh,3,0,6,Mango_fresh,106
data/raw/FRUIT-16K/F_Mango/282.jpg,Mango,fresh,3,0,6,Mango_fresh,106
data/raw/FRUIT-16K/F_Mango/283.jpg,Mango,fresh,3,0,6,Mango_fresh,106
data/raw/FRUIT-16K/F_Mango/284.jpg,Mango,fresh,3,0,6,Mango_fresh,106
data/raw/FRUIT-16K/F_Mango/285.jpg,Mango,fresh,3,0,6,Mango_fresh,106
data/raw/FRUIT-16K/F_Mango/286.jpg,Mango,fresh,3,0,6,Mango_fresh,106
data/raw/FRUIT-16K/F_Mango/287.jpg,Mango,fresh,3,0,6,Mango_fresh,106
data/raw/FRUIT-16K/F_Mango/288.jpg,Mango,fresh,3,0,6,Mango_fresh,106
data/raw/FRUIT-16K/F_Mango/289.jpg,Mango,fresh,3,0,6,Mango_fresh,106
data/raw/FRUIT-16K/F_Mango/290.jpg,Mango,fresh,3,0,6,Mango_fresh,106
data/raw/FRUIT-16K/F_Mango/291.jpg,Mango,fresh,3,0,6,Mango_fresh,106
data/raw/FRUIT-16K/F_Mango/292.jpg,Mango,fresh,3,0,6,Mango_fresh,106
data/raw/FRUIT-16K/F_Mango/293.jpg,Mango,fresh,3,0,6,Mango_fresh,106
data/raw/FRUIT-16K/F_Mango/294.jpg,Mango,fresh,3,0,6,Mango_fresh,106
data/raw/FRUIT-16K/F_Mango/295.jpg,Mango,fresh,3,0,6,Mango_fresh,106
data/raw/FRUIT-16K/F_Mango/296.jpg,Mango,fresh,3,0,6,Mango_fresh,106
data/raw/FRUIT-16K/F_Mango/297.jpg,Mango,fresh,3,0,6,Mango_fresh,106
data/raw/FRUIT-16K/F_Mango/298.jpg,Mango,fresh,3,0,6,Mango_fresh,106
data/raw/FRUIT-16K/F_Mango/299.jpg,Mango,fresh,3,0,6,Mango_fresh,106
data/raw/FRUIT-16K/F_Mango/300.jpg,Mango,fresh,3,0,6,Mango_fresh,106
data/raw/FRUIT-16K/F_Mango/301.jpg,Mango,fresh,3,0,6,Mango_fresh,107
data/raw/FRUIT-16K/F_Mango/302.jpg,Mango,fresh,3,0,6,Mango_fresh,107
data/raw/FRUIT-16K/F_Mango/303.jpg,Mango,fresh,3,0,6,Mango_fresh,107
data/raw/FRUIT-16K/F_Mango/304.jpg,Mango,fresh,3,0,6,Mango_fresh,107
data/raw/FRUIT-16K/F_Mango/305.jpg,Mango,fresh,3,0,6,Mango_fresh,107
data/raw/FRUIT-16K/F_Mango/306.jpg,Mango,fresh,3,0,6,Mango_fresh,107
data/raw/FRUIT-16K/F_Mango/307.jpg,Mango,fresh,3,0,6,Mango_fresh,107
data/raw/FRUIT-16K/F_Mango/308.jpg,Mango,fresh,3,0,6,Mango_fresh,107
data/raw/FRUIT-16K/F_Mango/309.jpg,Mango,fresh,3,0,6,Mango_fresh,107
data/raw/FRUIT-16K/F_Mango/310.jpg,Mango,fresh,3,0,6,Mango_fresh,107
data/raw/FRUIT-16K/F_Mango/311.jpg,Mango,fresh,3,0,6,Mango_fresh,107
data/raw/FRUIT-16K/F_Mango/312.jpg,Mango,fresh,3,0,6,Mango_fresh,107
data/raw/FRUIT-16K/F_Mango/313.jpg,Mango,fresh,3,0,6,Mango_fresh,107
data/raw/FRUIT-16K/F_Mango/314.jpg,Mango,fresh,3,0,6,Mango_fresh,107
data/raw/FRUIT-16K/F_Mango/315.jpg,Mango,fresh,3,0,6,Mango_fresh,107
data/raw/FRUIT-16K/F_Mango/316.jpg,Mango,fresh,3,0,6,Mango_fresh,107
data/raw/FRUIT-16K/F_Mango/317.jpg,Mango,fresh,3,0,6,Mango_fresh,107
data/raw/FRUIT-16K/F_Mango/318.jpg,Mango,fresh,3,0,6,Mango_fresh,107
data/raw/FRUIT-16K/F_Mango/319.jpg,Mango,fresh,3,0,6,Mango_fresh,107
data/raw/FRUIT-16K/F_Mango/320.jpg,Mango,fresh,3,0,6,Mango_fresh,107
data/raw/FRUIT-16K/F_Mango/321.jpg,Mango,fresh,3,0,6,Mango_fresh,107
data/raw/FRUIT-16K/F_Mango/322.jpg,Mango,fresh,3,0,6,Mango_fresh,107
data/raw/FRUIT-16K/F_Mango/323.jpg,Mango,fresh,3,0,6,Mango_fresh,107
data/raw/FRUIT-16K/F_Mango/324.jpg,Mango,fresh,3,0,6,Mango_fresh,107
data/raw/FRUIT-16K/F_Mango/325.jpg,Mango,fresh,3,0,6,Mango_fresh,107
data/raw/FRUIT-16K/F_Mango/326.jpg,Mango,fresh,3,0,6,Mango_fresh,107
data/raw/FRUIT-16K/F_Mango/327.jpg,Mango,fresh,3,0,6,Mango_fresh,107
data/raw/FRUIT-16K/F_Mango/328.jpg,Mango,fresh,3,0,6,Mango_fresh,107
data/raw/FRUIT-16K/F_Mango/329.jpg,Mango,fresh,3,0,6,Mango_fresh,107
data/raw/FRUIT-16K/F_Mango/330.jpg,Mango,fresh,3,0,6,Mango_fresh,107
data/raw/FRUIT-16K/F_Mango/331.jpg,Mango,fresh,3,0,6,Mango_fresh,107
data/raw/FRUIT-16K/F_Mango/332.jpg,Mango,fresh,3,0,6,Mango_fresh,107
data/raw/FRUIT-16K/F_Mango/333.jpg,Mango,fresh,3,0,6,Mango_fresh,107
data/raw/FRUIT-16K/F_Mango/334.jpg,Mango,fresh,3,0,6,Mango_fresh,107
data/raw/FRUIT-16K/F_Mango/335.jpg,Mango,fresh,3,0,6,Mango_fresh,107
data/raw/FRUIT-16K/F_Mango/336.jpg,Mango,fresh,3,0,6,Mango_fresh,107
data/raw/FRUIT-16K/F_Mango/337.jpg,Mango,fresh,3,0,6,Mango_fresh,107
data/raw/FRUIT-16K/F_Mango/338.jpg,Mango,fresh,3,0,6,Mango_fresh,107
data/raw/FRUIT-16K/F_Mango/339.jpg,Mango,fresh,3,0,6,Mango_fresh,107
data/raw/FRUIT-16K/F_Mango/340.jpg,Mango,fresh,3,0,6,Mango_fresh,107
data/raw/FRUIT-16K/F_Mango/341.jpg,Mango,fresh,3,0,6,Mango_fresh,107
data/raw/FRUIT-16K/F_Mango/342.jpg,Mango,fresh,3,0,6,Mango_fresh,107
data/raw/FRUIT-16K/F_Mango/343.jpg,Mango,fresh,3,0,6,Mango_fresh,107
data/raw/FRUIT-16K/F_Mango/344.jpg,Mango,fresh,3,0,6,Mango_fresh,107
data/raw/FRUIT-16K/F_Mango/345.jpg,Mango,fresh,3,0,6,Mango_fresh,107
data/raw/FRUIT-16K/F_Mango/346.jpg,Mango,fresh,3,0,6,Mango_fresh,107
data/raw/FRUIT-16K/F_Mango/347.jpg,Mango,fresh,3,0,6,Mango_fresh,107
data/raw/FRUIT-16K/F_Mango/348.jpg,Mango,fresh,3,0,6,Mango_fresh,107
data/raw/FRUIT-16K/F_Mango/349.jpg,Mango,fresh,3,0,6,Mango_fresh,107
data/raw/FRUIT-16K/F_Mango/350.jpg,Mango,fresh,3,0,6,Mango_fresh,107
data/raw/FRUIT-16K/F_Mango/351.jpg,Mango,fresh,3,0,6,Mango_fresh,107
data/raw/FRUIT-16K/F_Mango/352.jpg,Mango,fresh,3,0,6,Mango_fresh,107
data/raw/FRUIT-16K/F_Mango/353.jpg,Mango,fresh,3,0,6,Mango_fresh,107
data/raw/FRUIT-16K/F_Mango/354.jpg,Mango,fresh,3,0,6,Mango_fresh,107
data/raw/FRUIT-16K/F_Mango/355.jpg,Mango,fresh,3,0,6,Mango_fresh,107
data/raw/FRUIT-16K/F_Mango/356.jpg,Mango,fresh,3,0,6,Mango_fresh,107
data/raw/FRUIT-16K/F_Mango/357.jpg,Mango,fresh,3,0,6,Mango_fresh,107
data/raw/FRUIT-16K/F_Mango/358.jpg,Mango,fresh,3,0,6,Mango_fresh,107
data/raw/FRUIT-16K/F_Mango/359.jpg,Mango,fresh,3,0,6,Mango_fresh,107
data/raw/FRUIT-16K/F_Mango/360.jpg,Mango,fresh,3,0,6,Mango_fresh,107
data/raw/FRUIT-16K/F_Mango/361.jpg,Mango,fresh,3,0,6,Mango_fresh,107
data/raw/FRUIT-16K/F_Mango/362.jpg,Mango,fresh,3,0,6,Mango_fresh,107
data/raw/FRUIT-16K/F_Mango/363.jpg,Mango,fresh,3,0,6,Mango_fresh,107
data/raw/FRUIT-16K/F_Mango/364.jpg,Mango,fresh,3,0,6,Mango_fresh,107
data/raw/FRUIT-16K/F_Mango/365.jpg,Mango,fresh,3,0,6,Mango_fresh,107
data/raw/FRUIT-16K/F_Mango/366.jpg,Mango,fresh,3,0,6,Mango_fresh,107
data/raw/FRUIT-16K/F_Mango/367.jpg,Mango,fresh,3,0,6,Mango_fresh,107
data/raw/FRUIT-16K/F_Mango/368.jpg,Mango,fresh,3,0,6,Mango_fresh,107
data/raw/FRUIT-16K/F_Mango/369.jpg,Mango,fresh,3,0,6,Mango_fresh,107
data/raw/FRUIT-16K/F_Mango/370.jpg,Mango,fresh,3,0,6,Mango_fresh,107
data/raw/FRUIT-16K/F_Mango/371.jpg,Mango,fresh,3,0,6,Mango_fresh,107
data/raw/FRUIT-16K/F_Mango/372.jpg,Mango,fresh,3,0,6,Mango_fresh,107
data/raw/FRUIT-16K/F_Mango/373.jpg,Mango,fresh,3,0,6,Mango_fresh,107
data/raw/FRUIT-16K/F_Mango/374.jpg,Mango,fresh,3,0,6,Mango_fresh,107
data/raw/FRUIT-16K/F_Mango/375.jpg,Mango,fresh,3,0,6,Mango_fresh,107
data/raw/FRUIT-16K/F_Mango/376.jpg,Mango,fresh,3,0,6,Mango_fresh,107
data/raw/FRUIT-16K/F_Mango/377.jpg,Mango,fresh,3,0,6,Mango_fresh,107
data/raw/FRUIT-16K/F_Mango/378.jpg,Mango,fresh,3,0,6,Mango_fresh,107
data/raw/FRUIT-16K/F_Mango/379.jpg,Mango,fresh,3,0,6,Mango_fresh,107
data/raw/FRUIT-16K/F_Mango/380.jpg,Mango,fresh,3,0,6,Mango_fresh,107
data/raw/FRUIT-16K/F_Mango/381.jpg,Mango,fresh,3,0,6,Mango_fresh,107
data/raw/FRUIT-16K/F_Mango/382.jpg,Mango,fresh,3,0,6,Mango_fresh,107
data/raw/FRUIT-16K/F_Mango/383.jpg,Mango,fresh,3,0,6,Mango_fresh,107
data/raw/FRUIT-16K/F_Mango/384.jpg,Mango,fresh,3,0,6,Mango_fresh,107
data/raw/FRUIT-16K/F_Mango/385.jpg,Mango,fresh,3,0,6,Mango_fresh,107
data/raw/FRUIT-16K/F_Mango/386.jpg,Mango,fresh,3,0,6,Mango_fresh,107
data/raw/FRUIT-16K/F_Mango/387.jpg,Mango,fresh,3,0,6,Mango_fresh,107
data/raw/FRUIT-16K/F_Mango/388.jpg,Mango,fresh,3,0,6,Mango_fresh,107
data/raw/FRUIT-16K/F_Mango/389.jpg,Mango,fresh,3,0,6,Mango_fresh,107
data/raw/FRUIT-16K/F_Mango/390.jpg,Mango,fresh,3,0,6,Mango_fresh,107
data/raw/FRUIT-16K/F_Mango/391.jpg,Mango,fresh,3,0,6,Mango_fresh,107
data/raw/FRUIT-16K/F_Mango/392.jpg,Mango,fresh,3,0,6,Mango_fresh,107
data/raw/FRUIT-16K/F_Mango/393.jpg,Mango,fresh,3,0,6,Mango_fresh,107
data/raw/FRUIT-16K/F_Mango/394.jpg,Mango,fresh,3,0,6,Mango_fresh,107
data/raw/FRUIT-16K/F_Mango/395.jpg,Mango,fresh,3,0,6,Mango_fresh,107
data/raw/FRUIT-16K/F_Mango/396.jpg,Mango,fresh,3,0,6,Mango_fresh,107
data/raw/FRUIT-16K/F_Mango/397.jpg,Mango,fresh,3,0,6,Mango_fresh,107
data/raw/FRUIT-16K/F_Mango/398.jpg,Mango,fresh,3,0,6,Mango_fresh,107
data/raw/FRUIT-16K/F_Mango/399.jpg,Mango,fresh,3,0,6,Mango_fresh,107
data/raw/FRUIT-16K/F_Mango/400.jpg,Mango,fresh,3,0,6,Mango_fresh,107
data/raw/FRUIT-16K/F_Mango/401.jpg,Mango,fresh,3,0,6,Mango_fresh,107
data/raw/FRUIT-16K/F_Mango/402.jpg,Mango,fresh,3,0,6,Mango_fresh,107
data/raw/FRUIT-16K/F_Mango/403.jpg,Mango,fresh,3,0,6,Mango_fresh,107
data/raw/FRUIT-16K/F_Mango/404.jpg,Mango,fresh,3,0,6,Mango_fresh,107
data/raw/FRUIT-16K/F_Mango/405.jpg,Mango,fresh,3,0,6,Mango_fresh,107
data/raw/FRUIT-16K/F_Mango/406.jpg,Mango,fresh,3,0,6,Mango_fresh,107
data/raw/FRUIT-16K/F_Mango/407.jpg,Mango,fresh,3,0,6,Mango_fresh,107
data/raw/FRUIT-16K/F_Mango/408.jpg,Mango,fresh,3,0,6,Mango_fresh,107
data/raw/FRUIT-16K/F_Mango/409.jpg,Mango,fresh,3,0,6,Mango_fresh,107
data/raw/FRUIT-16K/F_Mango/410.jpg,Mango,fresh,3,0,6,Mango_fresh,107
data/raw/FRUIT-16K/F_Mango/411.jpg,Mango,fresh,3,0,6,Mango_fresh,107
data/raw/FRUIT-16K/F_Mango/412.jpg,Mango,fresh,3,0,6,Mango_fresh,107
data/raw/FRUIT-16K/F_Mango/413.jpg,Mango,fresh,3,0,6,Mango_fresh,107
data/raw/FRUIT-16K/F_Mango/414.jpg,Mango,fresh,3,0,6,Mango_fresh,107
data/raw/FRUIT-16K/F_Mango/415.jpg,Mango,fresh,3,0,6,Mango_fresh,107
data/raw/FRUIT-16K/F_Mango/416.jpg,Mango,fresh,3,0,6,Mango_fresh,107
data/raw/FRUIT-16K/F_Mango/417.jpg,Mango,fresh,3,0,6,Mango_fresh,107
data/raw/FRUIT-16K/F_Mango/418.jpg,Mango,fresh,3,0,6,Mango_fresh,107
data/raw/FRUIT-16K/F_Mango/419.jpg,Mango,fresh,3,0,6,Mango_fresh,107
data/raw/FRUIT-16K/F_Mango/420.jpg,Mango,fresh,3,0,6,Mango_fresh,107
data/raw/FRUIT-16K/F_Mango/421.jpg,Mango,fresh,3,0,6,Mango_fresh,107
data/raw/FRUIT-16K/F_Mango/422.jpg,Mango,fresh,3,0,6,Mango_fresh,107
data/raw/FRUIT-16K/F_Mango/423.jpg,Mango,fresh,3,0,6,Mango_fresh,107
data/raw/FRUIT-16K/F_Mango/424.jpg,Mango,fresh,3,0,6,Mango_fresh,107
data/raw/FRUIT-16K/F_Mango/425.jpg,Mango,fresh,3,0,6,Mango_fresh,107
data/raw/FRUIT-16K/F_Mango/426.jpg,Mango,fresh,3,0,6,Mango_fresh,107
data/raw/FRUIT-16K/F_Mango/427.jpg,Mango,fresh,3,0,6,Mango_fresh,107
data/raw/FRUIT-16K/F_Mango/428.jpg,Mango,fresh,3,0,6,Mango_fresh,107
data/raw/FRUIT-16K/F_Mango/429.jpg,Mango,fresh,3,0,6,Mango_fresh,107
data/raw/FRUIT-16K/F_Mango/430.jpg,Mango,fresh,3,0,6,Mango_fresh,107
data/raw/FRUIT-16K/F_Mango/431.jpg,Mango,fresh,3,0,6,Mango_fresh,107
data/raw/FRUIT-16K/F_Mango/432.jpg,Mango,fresh,3,0,6,Mango_fresh,107
data/raw/FRUIT-16K/F_Mango/433.jpg,Mango,fresh,3,0,6,Mango_fresh,107
data/raw/FRUIT-16K/F_Mango/434.jpg,Mango,fresh,3,0,6,Mango_fresh,107
data/raw/FRUIT-16K/F_Mango/435.jpg,Mango,fresh,3,0,6,Mango_fresh,107
data/raw/FRUIT-16K/F_Mango/436.jpg,Mango,fresh,3,0,6,Mango_fresh,107
data/raw/FRUIT-16K/F_Mango/437.jpg,Mango,fresh,3,0,6,Mango_fresh,107
data/raw/FRUIT-16K/F_Mango/438.jpg,Mango,fresh,3,0,6,Mango_fresh,107
data/raw/FRUIT-16K/F_Mango/439.jpg,Mango,fresh,3,0,6,Mango_fresh,107
data/raw/FRUIT-16K/F_Mango/440.jpg,Mango,fresh,3,0,6,Mango_fresh,107
data/raw/FRUIT-16K/F_Mango/441.jpg,Mango,fresh,3,0,6,Mango_fresh,107
data/raw/FRUIT-16K/F_Mango/442.jpg,Mango,fresh,3,0,6,Mango_fresh,107
data/raw/FRUIT-16K/F_Mango/443.jpg,Mango,fresh,3,0,6,Mango_fresh,107
data/raw/FRUIT-16K/F_Mango/444.jpg,Mango,fresh,3,0,6,Mango_fresh,107
data/raw/FRUIT-16K/F_Mango/445.jpg,Mango,fresh,3,0,6,Mango_fresh,107
data/raw/FRUIT-16K/F_Mango/446.jpg,Mango,fresh,3,0,6,Mango_fresh,107
data/raw/FRUIT-16K/F_Mango/447.jpg,Mango,fresh,3,0,6,Mango_fresh,107
data/raw/FRUIT-16K/F_Mango/448.jpg,Mango,fresh,3,0,6,Mango_fresh,107
data/raw/FRUIT-16K/F_Mango/449.jpg,Mango,fresh,3,0,6,Mango_fresh,107
data/raw/FRUIT-16K/F_Mango/450.jpg,Mango,fresh,3,0,6,Mango_fresh,107
data/raw/FRUIT-16K/F_Mango/451.jpg,Mango,fresh,3,0,6,Mango_fresh,107
data/raw/FRUIT-16K/F_Mango/452.jpg,Mango,fresh,3,0,6,Mango_fresh,107
data/raw/FRUIT-16K/F_Mango/453.jpg,Mango,fresh,3,0,6,Mango_fresh,107
data/raw/FRUIT-16K/F_Mango/454.jpg,Mango,fresh,3,0,6,Mango_fresh,107
data/raw/FRUIT-16K/F_Mango/455.jpg,Mango,fresh,3,0,6,Mango_fresh,107
data/raw/FRUIT-16K/F_Mango/456.jpg,Mango,fresh,3,0,6,Mango_fresh,107
data/raw/FRUIT-16K/F_Mango/457.jpg,Mango,fresh,3,0,6,Mango_fresh,107
data/raw/FRUIT-16K/F_Mango/458.jpg,Mango,fresh,3,0,6,Mango_fresh,107
data/raw/FRUIT-16K/F_Mango/459.jpg,Mango,fresh,3,0,6,Mango_fresh,107
data/raw/FRUIT-16K/F_Mango/460.jpg,Mango,fresh,3,0,6,Mango_fresh,107
data/raw/FRUIT-16K/F_Mango/461.jpg,Mango,fresh,3,0,6,Mango_fresh,107
data/raw/FRUIT-16K/F_Mango/462.jpg,Mango,fresh,3,0,6,Mango_fresh,107
data/raw/FRUIT-16K/F_Mango/463.jpg,Mango,fresh,3,0,6,Mango_fresh,107
data/raw/FRUIT-16K/F_Mango/464.jpg,Mango,fresh,3,0,6,Mango_fresh,107
data/raw/FRUIT-16K/F_Mango/465.jpg,Mango,fresh,3,0,6,Mango_fresh,107
data/raw/FRUIT-16K/F_Mango/466.jpg,Mango,fresh,3,0,6,Mango_fresh,107
data/raw/FRUIT-16K/F_Mango/467.jpg,Mango,fresh,3,0,6,Mango_fresh,107
data/raw/FRUIT-16K/F_Mango/468.jpg,Mango,fresh,3,0,6,Mango_fresh,107
data/raw/FRUIT-16K/F_Mango/469.jpg,Mango,fresh,3,0,6,Mango_fresh,107
data/raw/FRUIT-16K/F_Mango/470.jpg,Mango,fresh,3,0,6,Mango_fresh,107
data/raw/FRUIT-16K/F_Mango/471.jpg,Mango,fresh,3,0,6,Mango_fresh,107
data/raw/FRUIT-16K/F_Mango/472.jpg,Mango,fresh,3,0,6,Mango_fresh,107
data/raw/FRUIT-16K/F_Mango/473.jpg,Mango,fresh,3,0,6,Mango_fresh,107
data/raw/FRUIT-16K/F_Mango/474.jpg,Mango,fresh,3,0,6,Mango_fresh,107
data/raw/FRUIT-16K/F_Mango/475.jpg,Mango,fresh,3,0,6,Mango_fresh,107
data/raw/FRUIT-16K/F_Mango/476.jpg,Mango,fresh,3,0,6,Mango_fresh,108
data/raw/FRUIT-16K/F_Mango/477.jpg,Mango,fresh,3,0,6,Mango_fresh,108
data/raw/FRUIT-16K/F_Mango/478.jpg,Mango,fresh,3,0,6,Mango_fresh,108
data/raw/FRUIT-16K/F_Mango/479.jpg,Mango,fresh,3,0,6,Mango_fresh,108
data/raw/FRUIT-16K/F_Mango/480.jpg,Mango,fresh,3,0,6,Mango_fresh,108
data/raw/FRUIT-16K/F_Mango/481.jpg,Mango,fresh,3,0,6,Mango_fresh,108
data/raw/FRUIT-16K/F_Mango/482.jpg,Mango,fresh,3,0,6,Mango_fresh,108
data/raw/FRUIT-16K/F_Mango/483.jpg,Mango,fresh,3,0,6,Mango_fresh,108
data/raw/FRUIT-16K/F_Mango/484.jpg,Mango,fresh,3,0,6,Mango_fresh,108
data/raw/FRUIT-16K/F_Mango/485.jpg,Mango,fresh,3,0,6,Mango_fresh,108
data/raw/FRUIT-16K/F_Mango/486.jpg,Mango,fresh,3,0,6,Mango_fresh,108
data/raw/FRUIT-16K/F_Mango/487.jpg,Mango,fresh,3,0,6,Mango_fresh,108
data/raw/FRUIT-16K/F_Mango/488.jpg,Mango,fresh,3,0,6,Mango_fresh,108
data/raw/FRUIT-16K/F_Mango/489.jpg,Mango,fresh,3,0,6,Mango_fresh,108
data/raw/FRUIT-16K/F_Mango/490.jpg,Mango,fresh,3,0,6,Mango_fresh,108
data/raw/FRUIT-16K/F_Mango/491.jpg,Mango,fresh,3,0,6,Mango_fresh,108
data/raw/FRUIT-16K/F_Mango/492.jpg,Mango,fresh,3,0,6,Mango_fresh,108
data/raw/FRUIT-16K/F_Mango/493.jpg,Mango,fresh,3,0,6,Mango_fresh,108
data/raw/FRUIT-16K/F_Mango/494.jpg,Mango,fresh,3,0,6,Mango_fresh,108
data/raw/FRUIT-16K/F_Mango/495.jpg,Mango,fresh,3,0,6,Mango_fresh,108
data/raw/FRUIT-16K/F_Mango/496.jpg,Mango,fresh,3,0,6,Mango_fresh,108
data/raw/FRUIT-16K/F_Mango/497.jpg,Mango,fresh,3,0,6,Mango_fresh,108
data/raw/FRUIT-16K/F_Mango/498.jpg,Mango,fresh,3,0,6,Mango_fresh,108
data/raw/FRUIT-16K/F_Mango/499.jpg,Mango,fresh,3,0,6,Mango_fresh,108
data/raw/FRUIT-16K/F_Mango/500.jpg,Mango,fresh,3,0,6,Mango_fresh,108
data/raw/FRUIT-16K/F_Mango/501.jpg,Mango,fresh,3,0,6,Mango_fresh,108
data/raw/FRUIT-16K/F_Mango/502.jpg,Mango,fresh,3,0,6,Mango_fresh,108
data/raw/FRUIT-16K/F_Mango/503.jpg,Mango,fresh,3,0,6,Mango_fresh,108
data/raw/FRUIT-16K/F_Mango/504.jpg,Mango,fresh,3,0,6,Mango_fresh,108
data/raw/FRUIT-16K/F_Mango/505.jpg,Mango,fresh,3,0,6,Mango_fresh,108
data/raw/FRUIT-16K/F_Mango/506.jpg,Mango,fresh,3,0,6,Mango_fresh,108
data/raw/FRUIT-16K/F_Mango/507.jpg,Mango,fresh,3,0,6,Mango_fresh,108
data/raw/FRUIT-16K/F_Mango/508.jpg,Mango,fresh,3,0,6,Mango_fresh,108
data/raw/FRUIT-16K/F_Mango/509.jpg,Mango,fresh,3,0,6,Mango_fresh,108
data/raw/FRUIT-16K/F_Mango/510.jpg,Mango,fresh,3,0,6,Mango_fresh,108
data/raw/FRUIT-16K/F_Mango/511.jpg,Mango,fresh,3,0,6,Mango_fresh,108
data/raw/FRUIT-16K/F_Mango/512.jpg,Mango,fresh,3,0,6,Mango_fresh,108
data/raw/FRUIT-16K/F_Mango/513.jpg,Mango,fresh,3,0,6,Mango_fresh,108
data/raw/FRUIT-16K/F_Mango/514.jpg,Mango,fresh,3,0,6,Mango_fresh,108
data/raw/FRUIT-16K/F_Mango/515.jpg,Mango,fresh,3,0,6,Mango_fresh,108
data/raw/FRUIT-16K/F_Mango/516.jpg,Mango,fresh,3,0,6,Mango_fresh,108
data/raw/FRUIT-16K/F_Mango/517.jpg,Mango,fresh,3,0,6,Mango_fresh,108
data/raw/FRUIT-16K/F_Mango/518.jpg,Mango,fresh,3,0,6,Mango_fresh,108
data/raw/FRUIT-16K/F_Mango/519.jpg,Mango,fresh,3,0,6,Mango_fresh,108
data/raw/FRUIT-16K/F_Mango/520.jpg,Mango,fresh,3,0,6,Mango_fresh,108
data/raw/FRUIT-16K/F_Mango/521.jpg,Mango,fresh,3,0,6,Mango_fresh,108
data/raw/FRUIT-16K/F_Mango/522.jpg,Mango,fresh,3,0,6,Mango_fresh,108
data/raw/FRUIT-16K/F_Mango/523.jpg,Mango,fresh,3,0,6,Mango_fresh,108
data/raw/FRUIT-16K/F_Mango/524.jpg,Mango,fresh,3,0,6,Mango_fresh,108
data/raw/FRUIT-16K/F_Mango/525.jpg,Mango,fresh,3,0,6,Mango_fresh,108
data/raw/FRUIT-16K/F_Mango/526.jpg,Mango,fresh,3,0,6,Mango_fresh,109
data/raw/FRUIT-16K/F_Mango/527.jpg,Mango,fresh,3,0,6,Mango_fresh,109
data/raw/FRUIT-16K/F_Mango/528.jpg,Mango,fresh,3,0,6,Mango_fresh,109
data/raw/FRUIT-16K/F_Mango/529.jpg,Mango,fresh,3,0,6,Mango_fresh,109
data/raw/FRUIT-16K/F_Mango/530.jpg,Mango,fresh,3,0,6,Mango_fresh,109
data/raw/FRUIT-16K/F_Mango/531.jpg,Mango,fresh,3,0,6,Mango_fresh,109
data/raw/FRUIT-16K/F_Mango/532.jpg,Mango,fresh,3,0,6,Mango_fresh,109
data/raw/FRUIT-16K/F_Mango/533.jpg,Mango,fresh,3,0,6,Mango_fresh,109
data/raw/FRUIT-16K/F_Mango/534.jpg,Mango,fresh,3,0,6,Mango_fresh,109
data/raw/FRUIT-16K/F_Mango/535.jpg,Mango,fresh,3,0,6,Mango_fresh,109
data/raw/FRUIT-16K/F_Mango/536.jpg,Mango,fresh,3,0,6,Mango_fresh,109
data/raw/FRUIT-16K/F_Mango/537.jpg,Mango,fresh,3,0,6,Mango_fresh,109
data/raw/FRUIT-16K/F_Mango/538.jpg,Mango,fresh,3,0,6,Mango_fresh,109
data/raw/FRUIT-16K/F_Mango/539.jpg,Mango,fresh,3,0,6,Mango_fresh,109
data/raw/FRUIT-16K/F_Mango/540.jpg,Mango,fresh,3,0,6,Mango_fresh,109
data/raw/FRUIT-16K/F_Mango/541.jpg,Mango,fresh,3,0,6,Mango_fresh,109
data/raw/FRUIT-16K/F_Mango/542.jpg,Mango,fresh,3,0,6,Mango_fresh,109
data/raw/FRUIT-16K/F_Mango/543.jpg,Mango,fresh,3,0,6,Mango_fresh,109
data/raw/FRUIT-16K/F_Mango/544.jpg,Mango,fresh,3,0,6,Mango_fresh,109
data/raw/FRUIT-16K/F_Mango/545.jpg,Mango,fresh,3,0,6,Mango_fresh,109
data/raw/FRUIT-16K/F_Mango/546.jpg,Mango,fresh,3,0,6,Mango_fresh,109
data/raw/FRUIT-16K/F_Mango/547.jpg,Mango,fresh,3,0,6,Mango_fresh,109
data/raw/FRUIT-16K/F_Mango/548.jpg,Mango,fresh,3,0,6,Mango_fresh,109
data/raw/FRUIT-16K/F_Mango/549.jpg,Mango,fresh,3,0,6,Mango_fresh,109
data/raw/FRUIT-16K/F_Mango/550.jpg,Mango,fresh,3,0,6,Mango_fresh,109
data/raw/FRUIT-16K/F_Mango/551.jpg,Mango,fresh,3,0,6,Mango_fresh,109
data/raw/FRUIT-16K/F_Mango/552.jpg,Mango,fresh,3,0,6,Mango_fresh,109
data/raw/FRUIT-16K/F_Mango/553.jpg,Mango,fresh,3,0,6,Mango_fresh,109
data/raw/FRUIT-16K/F_Mango/554.jpg,Mango,fresh,3,0,6,Mango_fresh,109
data/raw/FRUIT-16K/F_Mango/555.jpg,Mango,fresh,3,0,6,Mango_fresh,109
data/raw/FRUIT-16K/F_Mango/556.jpg,Mango,fresh,3,0,6,Mango_fresh,109
data/raw/FRUIT-16K/F_Mango/557.jpg,Mango,fresh,3,0,6,Mango_fresh,109
data/raw/FRUIT-16K/F_Mango/558.jpg,Mango,fresh,3,0,6,Mango_fresh,109
data/raw/FRUIT-16K/F_Mango/559.jpg,Mango,fresh,3,0,6,Mango_fresh,109
data/raw/FRUIT-16K/F_Mango/560.jpg,Mango,fresh,3,0,6,Mango_fresh,109
data/raw/FRUIT-16K/F_Mango/561.jpg,Mango,fresh,3,0,6,Mango_fresh,109
data/raw/FRUIT-16K/F_Mango/562.jpg,Mango,fresh,3,0,6,Mango_fresh,109
data/raw/FRUIT-16K/F_Mango/563.jpg,Mango,fresh,3,0,6,Mango_fresh,109
data/raw/FRUIT-16K/F_Mango/564.jpg,Mango,fresh,3,0,6,Mango_fresh,109
data/raw/FRUIT-16K/F_Mango/565.jpg,Mango,fresh,3,0,6,Mango_fresh,109
data/raw/FRUIT-16K/F_Mango/566.jpg,Mango,fresh,3,0,6,Mango_fresh,109
data/raw/FRUIT-16K/F_Mango/567.jpg,Mango,fresh,3,0,6,Mango_fresh,109
data/raw/FRUIT-16K/F_Mango/568.jpg,Mango,fresh,3,0,6,Mango_fresh,109
data/raw/FRUIT-16K/F_Mango/569.jpg,Mango,fresh,3,0,6,Mango_fresh,109
data/raw/FRUIT-16K/F_Mango/570.jpg,Mango,fresh,3,0,6,Mango_fresh,109
data/raw/FRUIT-16K/F_Mango/571.jpg,Mango,fresh,3,0,6,Mango_fresh,109
data/raw/FRUIT-16K/F_Mango/572.jpg,Mango,fresh,3,0,6,Mango_fresh,109
data/raw/FRUIT-16K/F_Mango/573.jpg,Mango,fresh,3,0,6,Mango_fresh,109
data/raw/FRUIT-16K/F_Mango/574.jpg,Mango,fresh,3,0,6,Mango_fresh,109
data/raw/FRUIT-16K/F_Mango/575.jpg,Mango,fresh,3,0,6,Mango_fresh,109
data/raw/FRUIT-16K/F_Mango/576.jpg,Mango,fresh,3,0,6,Mango_fresh,109
data/raw/FRUIT-16K/F_Mango/577.jpg,Mango,fresh,3,0,6,Mango_fresh,109
data/raw/FRUIT-16K/F_Mango/578.jpg,Mango,fresh,3,0,6,Mango_fresh,109
data/raw/FRUIT-16K/F_Mango/579.jpg,Mango,fresh,3,0,6,Mango_fresh,109
data/raw/FRUIT-16K/F_Mango/580.jpg,Mango,fresh,3,0,6,Mango_fresh,109
data/raw/FRUIT-16K/F_Mango/581.jpg,Mango,fresh,3,0,6,Mango_fresh,109
data/raw/FRUIT-16K/F_Mango/582.jpg,Mango,fresh,3,0,6,Mango_fresh,109
data/raw/FRUIT-16K/F_Mango/583.jpg,Mango,fresh,3,0,6,Mango_fresh,109
data/raw/FRUIT-16K/F_Mango/584.jpg,Mango,fresh,3,0,6,Mango_fresh,109
data/raw/FRUIT-16K/F_Mango/585.jpg,Mango,fresh,3,0,6,Mango_fresh,109
data/raw/FRUIT-16K/F_Mango/586.jpg,Mango,fresh,3,0,6,Mango_fresh,109
data/raw/FRUIT-16K/F_Mango/587.jpg,Mango,fresh,3,0,6,Mango_fresh,109
data/raw/FRUIT-16K/F_Mango/588.jpg,Mango,fresh,3,0,6,Mango_fresh,109
data/raw/FRUIT-16K/F_Mango/589.jpg,Mango,fresh,3,0,6,Mango_fresh,109
data/raw/FRUIT-16K/F_Mango/590.jpg,Mango,fresh,3,0,6,Mango_fresh,109
data/raw/FRUIT-16K/F_Mango/591.jpg,Mango,fresh,3,0,6,Mango_fresh,109
data/raw/FRUIT-16K/F_Mango/592.jpg,Mango,fresh,3,0,6,Mango_fresh,109
data/raw/FRUIT-16K/F_Mango/593.jpg,Mango,fresh,3,0,6,Mango_fresh,109
data/raw/FRUIT-16K/F_Mango/594.jpg,Mango,fresh,3,0,6,Mango_fresh,109
data/raw/FRUIT-16K/F_Mango/595.jpg,Mango,fresh,3,0,6,Mango_fresh,109
data/raw/FRUIT-16K/F_Mango/596.jpg,Mango,fresh,3,0,6,Mango_fresh,109
data/raw/FRUIT-16K/F_Mango/597.jpg,Mango,fresh,3,0,6,Mango_fresh,109
data/raw/FRUIT-16K/F_Mango/598.jpg,Mango,fresh,3,0,6,Mango_fresh,109
data/raw/FRUIT-16K/F_Mango/599.jpg,Mango,fresh,3,0,6,Mango_fresh,109
data/raw/FRUIT-16K/F_Mango/600.jpg,Mango,fresh,3,0,6,Mango_fresh,109
data/raw/FRUIT-16K/F_Mango/651.jpg,Mango,fresh,3,0,6,Mango_fresh,112
data/raw/FRUIT-16K/F_Mango/652.jpg,Mango,fresh,3,0,6,Mango_fresh,112
data/raw/FRUIT-16K/F_Mango/653.jpg,Mango,fresh,3,0,6,Mango_fresh,112
data/raw/FRUIT-16K/F_Mango/654.jpg,Mango,fresh,3,0,6,Mango_fresh,112
data/raw/FRUIT-16K/F_Mango/655.jpg,Mango,fresh,3,0,6,Mango_fresh,112
data/raw/FRUIT-16K/F_Mango/656.jpg,Mango,fresh,3,0,6,Mango_fresh,112
data/raw/FRUIT-16K/F_Mango/657.jpg,Mango,fresh,3,0,6,Mango_fresh,112
data/raw/FRUIT-16K/F_Mango/658.jpg,Mango,fresh,3,0,6,Mango_fresh,112
data/raw/FRUIT-16K/F_Mango/659.jpg,Mango,fresh,3,0,6,Mango_fresh,112
data/raw/FRUIT-16K/F_Mango/660.jpg,Mango,fresh,3,0,6,Mango_fresh,112
data/raw/FRUIT-16K/F_Mango/661.jpg,Mango,fresh,3,0,6,Mango_fresh,112
data/raw/FRUIT-16K/F_Mango/662.jpg,Mango,fresh,3,0,6,Mango_fresh,112
data/raw/FRUIT-16K/F_Mango/663.jpg,Mango,fresh,3,0,6,Mango_fresh,112
data/raw/FRUIT-16K/F_Mango/664.jpg,Mango,fresh,3,0,6,Mango_fresh,112
data/raw/FRUIT-16K/F_Mango/665.jpg,Mango,fresh,3,0,6,Mango_fresh,112
data/raw/FRUIT-16K/F_Mango/666.jpg,Mango,fresh,3,0,6,Mango_fresh,112
data/raw/FRUIT-16K/F_Mango/667.jpg,Mango,fresh,3,0,6,Mango_fresh,112
data/raw/FRUIT-16K/F_Mango/668.jpg,Mango,fresh,3,0,6,Mango_fresh,112
data/raw/FRUIT-16K/F_Mango/669.jpg,Mango,fresh,3,0,6,Mango_fresh,112
data/raw/FRUIT-16K/F_Mango/670.jpg,Mango,fresh,3,0,6,Mango_fresh,112
data/raw/FRUIT-16K/F_Mango/671.jpg,Mango,fresh,3,0,6,Mango_fresh,112
data/raw/FRUIT-16K/F_Mango/672.jpg,Mango,fresh,3,0,6,Mango_fresh,112
data/raw/FRUIT-16K/F_Mango/673.jpg,Mango,fresh,3,0,6,Mango_fresh,112
data/raw/FRUIT-16K/F_Mango/674.jpg,Mango,fresh,3,0,6,Mango_fresh,112
data/raw/FRUIT-16K/F_Mango/675.jpg,Mango,fresh,3,0,6,Mango_fresh,112
data/raw/FRUIT-16K/F_Mango/701.jpg,Mango,fresh,3,0,6,Mango_fresh,114
data/raw/FRUIT-16K/F_Mango/702.jpg,Mango,fresh,3,0,6,Mango_fresh,114
data/raw/FRUIT-16K/F_Mango/703.jpg,Mango,fresh,3,0,6,Mango_fresh,114
data/raw/FRUIT-16K/F_Mango/704.jpg,Mango,fresh,3,0,6,Mango_fresh,114
data/raw/FRUIT-16K/F_Mango/705.jpg,Mango,fresh,3,0,6,Mango_fresh,114
data/raw/FRUIT-16K/F_Mango/706.jpg,Mango,fresh,3,0,6,Mango_fresh,114
data/raw/FRUIT-16K/F_Mango/707.jpg,Mango,fresh,3,0,6,Mango_fresh,114
data/raw/FRUIT-16K/F_Mango/708.jpg,Mango,fresh,3,0,6,Mango_fresh,114
data/raw/FRUIT-16K/F_Mango/709.jpg,Mango,fresh,3,0,6,Mango_fresh,114
data/raw/FRUIT-16K/F_Mango/710.jpg,Mango,fresh,3,0,6,Mango_fresh,114
data/raw/FRUIT-16K/F_Mango/711.jpg,Mango,fresh,3,0,6,Mango_fresh,114
data/raw/FRUIT-16K/F_Mango/712.jpg,Mango,fresh,3,0,6,Mango_fresh,114
data/raw/FRUIT-16K/F_Mango/713.jpg,Mango,fresh,3,0,6,Mango_fresh,114
data/raw/FRUIT-16K/F_Mango/714.jpg,Mango,fresh,3,0,6,Mango_fresh,114
data/raw/FRUIT-16K/F_Mango/715.jpg,Mango,fresh,3,0,6,Mango_fresh,114
data/raw/FRUIT-16K/F_Mango/716.jpg,Mango,fresh,3,0,6,Mango_fresh,114
data/raw/FRUIT-16K/F_Mango/717.jpg,Mango,fresh,3,0,6,Mango_fresh,114
data/raw/FRUIT-16K/F_Mango/718.jpg,Mango,fresh,3,0,6,Mango_fresh,114
data/raw/FRUIT-16K/F_Mango/719.jpg,Mango,fresh,3,0,6,Mango_fresh,114
data/raw/FRUIT-16K/F_Mango/720.jpg,Mango,fresh,3,0,6,Mango_fresh,114
data/raw/FRUIT-16K/F_Mango/721.jpg,Mango,fresh,3,0,6,Mango_fresh,114
data/raw/FRUIT-16K/F_Mango/722.jpg,Mango,fresh,3,0,6,Mango_fresh,114
data/raw/FRUIT-16K/F_Mango/723.jpg,Mango,fresh,3,0,6,Mango_fresh,114
data/raw/FRUIT-16K/F_Mango/724.jpg,Mango,fresh,3,0,6,Mango_fresh,114
data/raw/FRUIT-16K/F_Mango/725.jpg,Mango,fresh,3,0,6,Mango_fresh,114
data/raw/FRUIT-16K/F_Mango/726.jpg,Mango,fresh,3,0,6,Mango_fresh,115
data/raw/FRUIT-16K/F_Mango/727.jpg,Mango,fresh,3,0,6,Mango_fresh,115
data/raw/FRUIT-16K/F_Mango/728.jpg,Mango,fresh,3,0,6,Mango_fresh,115
data/raw/FRUIT-16K/F_Mango/729.jpg,Mango,fresh,3,0,6,Mango_fresh,115
data/raw/FRUIT-16K/F_Mango/730.jpg,Mango,fresh,3,0,6,Mango_fresh,115
data/raw/FRUIT-16K/F_Mango/731.jpg,Mango,fresh,3,0,6,Mango_fresh,115
data/raw/FRUIT-16K/F_Mango/732.jpg,Mango,fresh,3,0,6,Mango_fresh,115
data/raw/FRUIT-16K/F_Mango/733.jpg,Mango,fresh,3,0,6,Mango_fresh,115
data/raw/FRUIT-16K/F_Mango/734.jpg,Mango,fresh,3,0,6,Mango_fresh,115
data/raw/FRUIT-16K/F_Mango/735.jpg,Mango,fresh,3,0,6,Mango_fresh,115
data/raw/FRUIT-16K/F_Mango/736.jpg,Mango,fresh,3,0,6,Mango_fresh,115
data/raw/FRUIT-16K/F_Mango/737.jpg,Mango,fresh,3,0,6,Mango_fresh,115
data/raw/FRUIT-16K/F_Mango/738.jpg,Mango,fresh,3,0,6,Mango_fresh,115
data/raw/FRUIT-16K/F_Mango/739.jpg,Mango,fresh,3,0,6,Mango_fresh,115
data/raw/FRUIT-16K/F_Mango/740.jpg,Mango,fresh,3,0,6,Mango_fresh,115
data/raw/FRUIT-16K/F_Mango/741.jpg,Mango,fresh,3,0,6,Mango_fresh,115
data/raw/FRUIT-16K/F_Mango/742.jpg,Mango,fresh,3,0,6,Mango_fresh,115
data/raw/FRUIT-16K/F_Mango/743.jpg,Mango,fresh,3,0,6,Mango_fresh,115
data/raw/FRUIT-16K/F_Mango/744.jpg,Mango,fresh,3,0,6,Mango_fresh,115
data/raw/FRUIT-16K/F_Mango/745.jpg,Mango,fresh,3,0,6,Mango_fresh,115
data/raw/FRUIT-16K/F_Mango/746.jpg,Mango,fresh,3,0,6,Mango_fresh,115
data/raw/FRUIT-16K/F_Mango/747.jpg,Mango,fresh,3,0,6,Mango_fresh,115
data/raw/FRUIT-16K/F_Mango/748.jpg,Mango,fresh,3,0,6,Mango_fresh,115
data/raw/FRUIT-16K/F_Mango/749.jpg,Mango,fresh,3,0,6,Mango_fresh,115
data/raw/FRUIT-16K/F_Mango/750.jpg,Mango,fresh,3,0,6,Mango_fresh,115
data/raw/FRUIT-16K/F_Mango/776.jpg,Mango,fresh,3,0,6,Mango_fresh,117
data/raw/FRUIT-16K/F_Mango/777.jpg,Mango,fresh,3,0,6,Mango_fresh,117
data/raw/FRUIT-16K/F_Mango/778.jpg,Mango,fresh,3,0,6,Mango_fresh,117
data/raw/FRUIT-16K/F_Mango/779.jpg,Mango,fresh,3,0,6,Mango_fresh,117
data/raw/FRUIT-16K/F_Mango/780.jpg,Mango,fresh,3,0,6,Mango_fresh,117
data/raw/FRUIT-16K/F_Mango/781.jpg,Mango,fresh,3,0,6,Mango_fresh,117
data/raw/FRUIT-16K/F_Mango/782.jpg,Mango,fresh,3,0,6,Mango_fresh,117
data/raw/FRUIT-16K/F_Mango/783.jpg,Mango,fresh,3,0,6,Mango_fresh,117
data/raw/FRUIT-16K/F_Mango/784.jpg,Mango,fresh,3,0,6,Mango_fresh,117
data/raw/FRUIT-16K/F_Mango/785.jpg,Mango,fresh,3,0,6,Mango_fresh,117
data/raw/FRUIT-16K/F_Mango/786.jpg,Mango,fresh,3,0,6,Mango_fresh,117
data/raw/FRUIT-16K/F_Mango/787.jpg,Mango,fresh,3,0,6,Mango_fresh,117
data/raw/FRUIT-16K/F_Mango/788.jpg,Mango,fresh,3,0,6,Mango_fresh,117
data/raw/FRUIT-16K/F_Mango/789.jpg,Mango,fresh,3,0,6,Mango_fresh,117
data/raw/FRUIT-16K/F_Mango/790.jpg,Mango,fresh,3,0,6,Mango_fresh,117
data/raw/FRUIT-16K/F_Mango/791.jpg,Mango,fresh,3,0,6,Mango_fresh,117
data/raw/FRUIT-16K/F_Mango/792.jpg,Mango,fresh,3,0,6,Mango_fresh,117
data/raw/FRUIT-16K/F_Mango/793.jpg,Mango,fresh,3,0,6,Mango_fresh,117
data/raw/FRUIT-16K/F_Mango/794.jpg,Mango,fresh,3,0,6,Mango_fresh,117
data/raw/FRUIT-16K/F_Mango/795.jpg,Mango,fresh,3,0,6,Mango_fresh,117
data/raw/FRUIT-16K/F_Mango/796.jpg,Mango,fresh,3,0,6,Mango_fresh,117
data/raw/FRUIT-16K/F_Mango/797.jpg,Mango,fresh,3,0,6,Mango_fresh,117
data/raw/FRUIT-16K/F_Mango/798.jpg,Mango,fresh,3,0,6,Mango_fresh,117
data/raw/FRUIT-16K/F_Mango/799.jpg,Mango,fresh,3,0,6,Mango_fresh,117
data/raw/FRUIT-16K/F_Mango/800.jpg,Mango,fresh,3,0,6,Mango_fresh,117
data/raw/FRUIT-16K/F_Mango/901.jpg,Mango,fresh,3,0,6,Mango_fresh,122
data/raw/FRUIT-16K/F_Mango/902.jpg,Mango,fresh,3,0,6,Mango_fresh,122
data/raw/FRUIT-16K/F_Mango/903.jpg,Mango,fresh,3,0,6,Mango_fresh,122
data/raw/FRUIT-16K/F_Mango/904.jpg,Mango,fresh,3,0,6,Mango_fresh,122
data/raw/FRUIT-16K/F_Mango/905.jpg,Mango,fresh,3,0,6,Mango_fresh,122
data/raw/FRUIT-16K/F_Mango/906.jpg,Mango,fresh,3,0,6,Mango_fresh,122
data/raw/FRUIT-16K/F_Mango/907.jpg,Mango,fresh,3,0,6,Mango_fresh,122
data/raw/FRUIT-16K/F_Mango/908.jpg,Mango,fresh,3,0,6,Mango_fresh,122
data/raw/FRUIT-16K/F_Mango/909.jpg,Mango,fresh,3,0,6,Mango_fresh,122
data/raw/FRUIT-16K/F_Mango/910.jpg,Mango,fresh,3,0,6,Mango_fresh,122
data/raw/FRUIT-16K/F_Mango/911.jpg,Mango,fresh,3,0,6,Mango_fresh,122
data/raw/FRUIT-16K/F_Mango/912.jpg,Mango,fresh,3,0,6,Mango_fresh,122
data/raw/FRUIT-16K/F_Mango/913.jpg,Mango,fresh,3,0,6,Mango_fresh,122
data/raw/FRUIT-16K/F_Mango/914.jpg,Mango,fresh,3,0,6,Mango_fresh,122
data/raw/FRUIT-16K/F_Mango/915.jpg,Mango,fresh,3,0,6,Mango_fresh,122
data/raw/FRUIT-16K/F_Mango/916.jpg,Mango,fresh,3,0,6,Mango_fresh,122
data/raw/FRUIT-16K/F_Mango/917.jpg,Mango,fresh,3,0,6,Mango_fresh,122
data/raw/FRUIT-16K/F_Mango/918.jpg,Mango,fresh,3,0,6,Mango_fresh,122
data/raw/FRUIT-16K/F_Mango/919.jpg,Mango,fresh,3,0,6,Mango_fresh,122
data/raw/FRUIT-16K/F_Mango/920.jpg,Mango,fresh,3,0,6,Mango_fresh,122
data/raw/FRUIT-16K/F_Mango/921.jpg,Mango,fresh,3,0,6,Mango_fresh,122
data/raw/FRUIT-16K/F_Mango/922.jpg,Mango,fresh,3,0,6,Mango_fresh,122
data/raw/FRUIT-16K/F_Mango/923.jpg,Mango,fresh,3,0,6,Mango_fresh,122
data/raw/FRUIT-16K/F_Mango/924.jpg,Mango,fresh,3,0,6,Mango_fresh,122
data/raw/FRUIT-16K/F_Mango/925.jpg,Mango,fresh,3,0,6,Mango_fresh,122
data/raw/FRUIT-16K/F_Mango/926.jpg,Mango,fresh,3,0,6,Mango_fresh,122
data/raw/FRUIT-16K/F_Mango/927.jpg,Mango,fresh,3,0,6,Mango_fresh,122
data/raw/FRUIT-16K/F_Mango/928.jpg,Mango,fresh,3,0,6,Mango_fresh,122
data/raw/FRUIT-16K/F_Mango/929.jpg,Mango,fresh,3,0,6,Mango_fresh,122
data/raw/FRUIT-16K/F_Mango/930.jpg,Mango,fresh,3,0,6,Mango_fresh,122
data/raw/FRUIT-16K/F_Mango/931.jpg,Mango,fresh,3,0,6,Mango_fresh,122
data/raw/FRUIT-16K/F_Mango/932.jpg,Mango,fresh,3,0,6,Mango_fresh,122
data/raw/FRUIT-16K/F_Mango/933.jpg,Mango,fresh,3,0,6,Mango_fresh,122
data/raw/FRUIT-16K/F_Mango/934.jpg,Mango,fresh,3,0,6,Mango_fresh,122
data/raw/FRUIT-16K/F_Mango/935.jpg,Mango,fresh,3,0,6,Mango_fresh,122
data/raw/FRUIT-16K/F_Mango/936.jpg,Mango,fresh,3,0,6,Mango_fresh,122
data/raw/FRUIT-16K/F_Mango/937.jpg,Mango,fresh,3,0,6,Mango_fresh,122
data/raw/FRUIT-16K/F_Mango/938.jpg,Mango,fresh,3,0,6,Mango_fresh,122
data/raw/FRUIT-16K/F_Mango/939.jpg,Mango,fresh,3,0,6,Mango_fresh,122
data/raw/FRUIT-16K/F_Mango/940.jpg,Mango,fresh,3,0,6,Mango_fresh,122
data/raw/FRUIT-16K/F_Mango/941.jpg,Mango,fresh,3,0,6,Mango_fresh,122
data/raw/FRUIT-16K/F_Mango/942.jpg,Mango,fresh,3,0,6,Mango_fresh,122
data/raw/FRUIT-16K/F_Mango/943.jpg,Mango,fresh,3,0,6,Mango_fresh,122
data/raw/FRUIT-16K/F_Mango/944.jpg,Mango,fresh,3,0,6,Mango_fresh,122
data/raw/FRUIT-16K/F_Mango/945.jpg,Mango,fresh,3,0,6,Mango_fresh,122
data/raw/FRUIT-16K/F_Mango/946.jpg,Mango,fresh,3,0,6,Mango_fresh,122
data/raw/FRUIT-16K/F_Mango/947.jpg,Mango,fresh,3,0,6,Mango_fresh,122
data/raw/FRUIT-16K/F_Mango/948.jpg,Mango,fresh,3,0,6,Mango_fresh,122
data/raw/FRUIT-16K/F_Mango/949.jpg,Mango,fresh,3,0,6,Mango_fresh,122
data/raw/FRUIT-16K/F_Mango/950.jpg,Mango,fresh,3,0,6,Mango_fresh,122
data/raw/FRUIT-16K/F_Mango/951.jpg,Mango,fresh,3,0,6,Mango_fresh,122
data/raw/FRUIT-16K/F_Mango/952.jpg,Mango,fresh,3,0,6,Mango_fresh,122
data/raw/FRUIT-16K/F_Mango/953.jpg,Mango,fresh,3,0,6,Mango_fresh,122
data/raw/FRUIT-16K/F_Mango/954.jpg,Mango,fresh,3,0,6,Mango_fresh,122
data/raw/FRUIT-16K/F_Mango/955.jpg,Mango,fresh,3,0,6,Mango_fresh,122
data/raw/FRUIT-16K/F_Mango/956.jpg,Mango,fresh,3,0,6,Mango_fresh,122
data/raw/FRUIT-16K/F_Mango/957.jpg,Mango,fresh,3,0,6,Mango_fresh,122
data/raw/FRUIT-16K/F_Mango/958.jpg,Mango,fresh,3,0,6,Mango_fresh,122
data/raw/FRUIT-16K/F_Mango/959.jpg,Mango,fresh,3,0,6,Mango_fresh,122
data/raw/FRUIT-16K/F_Mango/960.jpg,Mango,fresh,3,0,6,Mango_fresh,122
data/raw/FRUIT-16K/F_Mango/961.jpg,Mango,fresh,3,0,6,Mango_fresh,122
data/raw/FRUIT-16K/F_Mango/962.jpg,Mango,fresh,3,0,6,Mango_fresh,122
data/raw/FRUIT-16K/F_Mango/963.jpg,Mango,fresh,3,0,6,Mango_fresh,122
data/raw/FRUIT-16K/F_Mango/964.jpg,Mango,fresh,3,0,6,Mango_fresh,122
data/raw/FRUIT-16K/F_Mango/965.jpg,Mango,fresh,3,0,6,Mango_fresh,122
data/raw/FRUIT-16K/F_Mango/966.jpg,Mango,fresh,3,0,6,Mango_fresh,122
data/raw/FRUIT-16K/F_Mango/967.jpg,Mango,fresh,3,0,6,Mango_fresh,122
data/raw/FRUIT-16K/F_Mango/968.jpg,Mango,fresh,3,0,6,Mango_fresh,122
data/raw/FRUIT-16K/F_Mango/969.jpg,Mango,fresh,3,0,6,Mango_fresh,122
data/raw/FRUIT-16K/F_Mango/970.jpg,Mango,fresh,3,0,6,Mango_fresh,122
data/raw/FRUIT-16K/F_Mango/971.jpg,Mango,fresh,3,0,6,Mango_fresh,122
data/raw/FRUIT-16K/F_Mango/972.jpg,Mango,fresh,3,0,6,Mango_fresh,122
data/raw/FRUIT-16K/F_Mango/973.jpg,Mango,fresh,3,0,6,Mango_fresh,122
data/raw/FRUIT-16K/F_Mango/974.jpg,Mango,fresh,3,0,6,Mango_fresh,122
data/raw/FRUIT-16K/F_Mango/975.jpg,Mango,fresh,3,0,6,Mango_fresh,122
data/raw/FRUIT-16K/F_Orange/1.jpg,Orange,fresh,4,0,8,Orange_fresh,124
data/raw/FRUIT-16K/F_Orange/2.jpg,Orange,fresh,4,0,8,Orange_fresh,124
data/raw/FRUIT-16K/F_Orange/3.jpg,Orange,fresh,4,0,8,Orange_fresh,124
data/raw/FRUIT-16K/F_Orange/4.jpg,Orange,fresh,4,0,8,Orange_fresh,124
data/raw/FRUIT-16K/F_Orange/5.jpg,Orange,fresh,4,0,8,Orange_fresh,124
data/raw/FRUIT-16K/F_Orange/6.jpg,Orange,fresh,4,0,8,Orange_fresh,124
data/raw/FRUIT-16K/F_Orange/7.jpg,Orange,fresh,4,0,8,Orange_fresh,124
data/raw/FRUIT-16K/F_Orange/8.jpg,Orange,fresh,4,0,8,Orange_fresh,124
data/raw/FRUIT-16K/F_Orange/9.jpg,Orange,fresh,4,0,8,Orange_fresh,124
data/raw/FRUIT-16K/F_Orange/10.jpg,Orange,fresh,4,0,8,Orange_fresh,124
data/raw/FRUIT-16K/F_Orange/11.jpg,Orange,fresh,4,0,8,Orange_fresh,124
data/raw/FRUIT-16K/F_Orange/12.jpg,Orange,fresh,4,0,8,Orange_fresh,124
data/raw/FRUIT-16K/F_Orange/13.jpg,Orange,fresh,4,0,8,Orange_fresh,124
data/raw/FRUIT-16K/F_Orange/14.jpg,Orange,fresh,4,0,8,Orange_fresh,124
data/raw/FRUIT-16K/F_Orange/15.jpg,Orange,fresh,4,0,8,Orange_fresh,124
data/raw/FRUIT-16K/F_Orange/16.jpg,Orange,fresh,4,0,8,Orange_fresh,124
data/raw/FRUIT-16K/F_Orange/17.jpg,Orange,fresh,4,0,8,Orange_fresh,124
data/raw/FRUIT-16K/F_Orange/18.jpg,Orange,fresh,4,0,8,Orange_fresh,124
data/raw/FRUIT-16K/F_Orange/19.jpg,Orange,fresh,4,0,8,Orange_fresh,124
data/raw/FRUIT-16K/F_Orange/20.jpg,Orange,fresh,4,0,8,Orange_fresh,124
data/raw/FRUIT-16K/F_Orange/21.jpg,Orange,fresh,4,0,8,Orange_fresh,124
data/raw/FRUIT-16K/F_Orange/22.jpg,Orange,fresh,4,0,8,Orange_fresh,124
data/raw/FRUIT-16K/F_Orange/23.jpg,Orange,fresh,4,0,8,Orange_fresh,124
data/raw/FRUIT-16K/F_Orange/24.jpg,Orange,fresh,4,0,8,Orange_fresh,124
data/raw/FRUIT-16K/F_Orange/25.jpg,Orange,fresh,4,0,8,Orange_fresh,124
data/raw/FRUIT-16K/F_Orange/26.jpg,Orange,fresh,4,0,8,Orange_fresh,125
data/raw/FRUIT-16K/F_Orange/27.jpg,Orange,fresh,4,0,8,Orange_fresh,125
data/raw/FRUIT-16K/F_Orange/28.jpg,Orange,fresh,4,0,8,Orange_fresh,125
data/raw/FRUIT-16K/F_Orange/29.jpg,Orange,fresh,4,0,8,Orange_fresh,125
data/raw/FRUIT-16K/F_Orange/30.jpg,Orange,fresh,4,0,8,Orange_fresh,125
data/raw/FRUIT-16K/F_Orange/31.jpg,Orange,fresh,4,0,8,Orange_fresh,125
data/raw/FRUIT-16K/F_Orange/32.jpg,Orange,fresh,4,0,8,Orange_fresh,125
data/raw/FRUIT-16K/F_Orange/33.jpg,Orange,fresh,4,0,8,Orange_fresh,125
data/raw/FRUIT-16K/F_Orange/34.jpg,Orange,fresh,4,0,8,Orange_fresh,125
data/raw/FRUIT-16K/F_Orange/35.jpg,Orange,fresh,4,0,8,Orange_fresh,125
data/raw/FRUIT-16K/F_Orange/36.jpg,Orange,fresh,4,0,8,Orange_fresh,125
data/raw/FRUIT-16K/F_Orange/37.jpg,Orange,fresh,4,0,8,Orange_fresh,125
data/raw/FRUIT-16K/F_Orange/38.jpg,Orange,fresh,4,0,8,Orange_fresh,125
data/raw/FRUIT-16K/F_Orange/39.jpg,Orange,fresh,4,0,8,Orange_fresh,125
data/raw/FRUIT-16K/F_Orange/40.jpg,Orange,fresh,4,0,8,Orange_fresh,125
data/raw/FRUIT-16K/F_Orange/41.jpg,Orange,fresh,4,0,8,Orange_fresh,125
data/raw/FRUIT-16K/F_Orange/42.jpg,Orange,fresh,4,0,8,Orange_fresh,125
data/raw/FRUIT-16K/F_Orange/43.jpg,Orange,fresh,4,0,8,Orange_fresh,125
data/raw/FRUIT-16K/F_Orange/44.jpg,Orange,fresh,4,0,8,Orange_fresh,125
data/raw/FRUIT-16K/F_Orange/45.jpg,Orange,fresh,4,0,8,Orange_fresh,125
data/raw/FRUIT-16K/F_Orange/46.jpg,Orange,fresh,4,0,8,Orange_fresh,125
data/raw/FRUIT-16K/F_Orange/47.jpg,Orange,fresh,4,0,8,Orange_fresh,125
data/raw/FRUIT-16K/F_Orange/48.jpg,Orange,fresh,4,0,8,Orange_fresh,125
data/raw/FRUIT-16K/F_Orange/49.jpg,Orange,fresh,4,0,8,Orange_fresh,125
data/raw/FRUIT-16K/F_Orange/50.jpg,Orange,fresh,4,0,8,Orange_fresh,125
data/raw/FRUIT-16K/F_Orange/76.jpg,Orange,fresh,4,0,8,Orange_fresh,127
data/raw/FRUIT-16K/F_Orange/77.jpg,Orange,fresh,4,0,8,Orange_fresh,127
data/raw/FRUIT-16K/F_Orange/78.jpg,Orange,fresh,4,0,8,Orange_fresh,127
data/raw/FRUIT-16K/F_Orange/79.jpg,Orange,fresh,4,0,8,Orange_fresh,127
data/raw/FRUIT-16K/F_Orange/80.jpg,Orange,fresh,4,0,8,Orange_fresh,127
data/raw/FRUIT-16K/F_Orange/81.jpg,Orange,fresh,4,0,8,Orange_fresh,127
data/raw/FRUIT-16K/F_Orange/82.jpg,Orange,fresh,4,0,8,Orange_fresh,127
data/raw/FRUIT-16K/F_Orange/83.jpg,Orange,fresh,4,0,8,Orange_fresh,127
data/raw/FRUIT-16K/F_Orange/84.jpg,Orange,fresh,4,0,8,Orange_fresh,127
data/raw/FRUIT-16K/F_Orange/85.jpg,Orange,fresh,4,0,8,Orange_fresh,127
data/raw/FRUIT-16K/F_Orange/86.jpg,Orange,fresh,4,0,8,Orange_fresh,127
data/raw/FRUIT-16K/F_Orange/87.jpg,Orange,fresh,4,0,8,Orange_fresh,127
data/raw/FRUIT-16K/F_Orange/88.jpg,Orange,fresh,4,0,8,Orange_fresh,127
data/raw/FRUIT-16K/F_Orange/89.jpg,Orange,fresh,4,0,8,Orange_fresh,127
data/raw/FRUIT-16K/F_Orange/90.jpg,Orange,fresh,4,0,8,Orange_fresh,127
data/raw/FRUIT-16K/F_Orange/91.jpg,Orange,fresh,4,0,8,Orange_fresh,127
data/raw/FRUIT-16K/F_Orange/92.jpg,Orange,fresh,4,0,8,Orange_fresh,127
data/raw/FRUIT-16K/F_Orange/93.jpg,Orange,fresh,4,0,8,Orange_fresh,127
data/raw/FRUIT-16K/F_Orange/94.jpg,Orange,fresh,4,0,8,Orange_fresh,127
data/raw/FRUIT-16K/F_Orange/95.jpg,Orange,fresh,4,0,8,Orange_fresh,127
data/raw/FRUIT-16K/F_Orange/96.jpg,Orange,fresh,4,0,8,Orange_fresh,127
data/raw/FRUIT-16K/F_Orange/97.jpg,Orange,fresh,4,0,8,Orange_fresh,127
data/raw/FRUIT-16K/F_Orange/98.jpg,Orange,fresh,4,0,8,Orange_fresh,127
data/raw/FRUIT-16K/F_Orange/99.jpg,Orange,fresh,4,0,8,Orange_fresh,127
data/raw/FRUIT-16K/F_Orange/100.jpg,Orange,fresh,4,0,8,Orange_fresh,127
data/raw/FRUIT-16K/F_Orange/101.jpg,Orange,fresh,4,0,8,Orange_fresh,127
data/raw/FRUIT-16K/F_Orange/102.jpg,Orange,fresh,4,0,8,Orange_fresh,127
data/raw/FRUIT-16K/F_Orange/103.jpg,Orange,fresh,4,0,8,Orange_fresh,127
data/raw/FRUIT-16K/F_Orange/104.jpg,Orange,fresh,4,0,8,Orange_fresh,127
data/raw/FRUIT-16K/F_Orange/105.jpg,Orange,fresh,4,0,8,Orange_fresh,127
data/raw/FRUIT-16K/F_Orange/106.jpg,Orange,fresh,4,0,8,Orange_fresh,127
data/raw/FRUIT-16K/F_Orange/107.jpg,Orange,fresh,4,0,8,Orange_fresh,127
data/raw/FRUIT-16K/F_Orange/108.jpg,Orange,fresh,4,0,8,Orange_fresh,127
data/raw/FRUIT-16K/F_Orange/109.jpg,Orange,fresh,4,0,8,Orange_fresh,127
data/raw/FRUIT-16K/F_Orange/110.jpg,Orange,fresh,4,0,8,Orange_fresh,127
data/raw/FRUIT-16K/F_Orange/111.jpg,Orange,fresh,4,0,8,Orange_fresh,127
data/raw/FRUIT-16K/F_Orange/112.jpg,Orange,fresh,4,0,8,Orange_fresh,127
data/raw/FRUIT-16K/F_Orange/113.jpg,Orange,fresh,4,0,8,Orange_fresh,127
data/raw/FRUIT-16K/F_Orange/114.jpg,Orange,fresh,4,0,8,Orange_fresh,127
data/raw/FRUIT-16K/F_Orange/115.jpg,Orange,fresh,4,0,8,Orange_fresh,127
data/raw/FRUIT-16K/F_Orange/116.jpg,Orange,fresh,4,0,8,Orange_fresh,127
data/raw/FRUIT-16K/F_Orange/117.jpg,Orange,fresh,4,0,8,Orange_fresh,127
data/raw/FRUIT-16K/F_Orange/118.jpg,Orange,fresh,4,0,8,Orange_fresh,127
data/raw/FRUIT-16K/F_Orange/119.jpg,Orange,fresh,4,0,8,Orange_fresh,127
data/raw/FRUIT-16K/F_Orange/120.jpg,Orange,fresh,4,0,8,Orange_fresh,127
data/raw/FRUIT-16K/F_Orange/121.jpg,Orange,fresh,4,0,8,Orange_fresh,127
data/raw/FRUIT-16K/F_Orange/122.jpg,Orange,fresh,4,0,8,Orange_fresh,127
data/raw/FRUIT-16K/F_Orange/123.jpg,Orange,fresh,4,0,8,Orange_fresh,127
data/raw/FRUIT-16K/F_Orange/124.jpg,Orange,fresh,4,0,8,Orange_fresh,127
data/raw/FRUIT-16K/F_Orange/125.jpg,Orange,fresh,4,0,8,Orange_fresh,127
data/raw/FRUIT-16K/F_Orange/126.jpg,Orange,fresh,4,0,8,Orange_fresh,127
data/raw/FRUIT-16K/F_Orange/127.jpg,Orange,fresh,4,0,8,Orange_fresh,127
data/raw/FRUIT-16K/F_Orange/128.jpg,Orange,fresh,4,0,8,Orange_fresh,127
data/raw/FRUIT-16K/F_Orange/129.jpg,Orange,fresh,4,0,8,Orange_fresh,127
data/raw/FRUIT-16K/F_Orange/130.jpg,Orange,fresh,4,0,8,Orange_fresh,127
data/raw/FRUIT-16K/F_Orange/131.jpg,Orange,fresh,4,0,8,Orange_fresh,127
data/raw/FRUIT-16K/F_Orange/132.jpg,Orange,fresh,4,0,8,Orange_fresh,127
data/raw/FRUIT-16K/F_Orange/133.jpg,Orange,fresh,4,0,8,Orange_fresh,127
data/raw/FRUIT-16K/F_Orange/134.jpg,Orange,fresh,4,0,8,Orange_fresh,127
data/raw/FRUIT-16K/F_Orange/135.jpg,Orange,fresh,4,0,8,Orange_fresh,127
data/raw/FRUIT-16K/F_Orange/136.jpg,Orange,fresh,4,0,8,Orange_fresh,127
data/raw/FRUIT-16K/F_Orange/137.jpg,Orange,fresh,4,0,8,Orange_fresh,127
data/raw/FRUIT-16K/F_Orange/138.jpg,Orange,fresh,4,0,8,Orange_fresh,127
data/raw/FRUIT-16K/F_Orange/139.jpg,Orange,fresh,4,0,8,Orange_fresh,127
data/raw/FRUIT-16K/F_Orange/140.jpg,Orange,fresh,4,0,8,Orange_fresh,127
data/raw/FRUIT-16K/F_Orange/141.jpg,Orange,fresh,4,0,8,Orange_fresh,127
data/raw/FRUIT-16K/F_Orange/142.jpg,Orange,fresh,4,0,8,Orange_fresh,127
data/raw/FRUIT-16K/F_Orange/143.jpg,Orange,fresh,4,0,8,Orange_fresh,127
data/raw/FRUIT-16K/F_Orange/144.jpg,Orange,fresh,4,0,8,Orange_fresh,127
data/raw/FRUIT-16K/F_Orange/145.jpg,Orange,fresh,4,0,8,Orange_fresh,127
data/raw/FRUIT-16K/F_Orange/146.jpg,Orange,fresh,4,0,8,Orange_fresh,127
data/raw/FRUIT-16K/F_Orange/147.jpg,Orange,fresh,4,0,8,Orange_fresh,127
data/raw/FRUIT-16K/F_Orange/148.jpg,Orange,fresh,4,0,8,Orange_fresh,127
data/raw/FRUIT-16K/F_Orange/149.jpg,Orange,fresh,4,0,8,Orange_fresh,127
data/raw/FRUIT-16K/F_Orange/150.jpg,Orange,fresh,4,0,8,Orange_fresh,127
data/raw/FRUIT-16K/F_Orange/201.jpg,Orange,fresh,4,0,8,Orange_fresh,130
data/raw/FRUIT-16K/F_Orange/202.jpg,Orange,fresh,4,0,8,Orange_fresh,130
data/raw/FRUIT-16K/F_Orange/203.jpg,Orange,fresh,4,0,8,Orange_fresh,130
data/raw/FRUIT-16K/F_Orange/204.jpg,Orange,fresh,4,0,8,Orange_fresh,130
data/raw/FRUIT-16K/F_Orange/205.jpg,Orange,fresh,4,0,8,Orange_fresh,130
data/raw/FRUIT-16K/F_Orange/206.jpg,Orange,fresh,4,0,8,Orange_fresh,130
data/raw/FRUIT-16K/F_Orange/207.jpg,Orange,fresh,4,0,8,Orange_fresh,130
data/raw/FRUIT-16K/F_Orange/208.jpg,Orange,fresh,4,0,8,Orange_fresh,130
data/raw/FRUIT-16K/F_Orange/209.jpg,Orange,fresh,4,0,8,Orange_fresh,130
data/raw/FRUIT-16K/F_Orange/210.jpg,Orange,fresh,4,0,8,Orange_fresh,130
data/raw/FRUIT-16K/F_Orange/211.jpg,Orange,fresh,4,0,8,Orange_fresh,130
data/raw/FRUIT-16K/F_Orange/212.jpg,Orange,fresh,4,0,8,Orange_fresh,130
data/raw/FRUIT-16K/F_Orange/213.jpg,Orange,fresh,4,0,8,Orange_fresh,130
data/raw/FRUIT-16K/F_Orange/214.jpg,Orange,fresh,4,0,8,Orange_fresh,130
data/raw/FRUIT-16K/F_Orange/215.jpg,Orange,fresh,4,0,8,Orange_fresh,130
data/raw/FRUIT-16K/F_Orange/216.jpg,Orange,fresh,4,0,8,Orange_fresh,130
data/raw/FRUIT-16K/F_Orange/217.jpg,Orange,fresh,4,0,8,Orange_fresh,130
data/raw/FRUIT-16K/F_Orange/218.jpg,Orange,fresh,4,0,8,Orange_fresh,130
data/raw/FRUIT-16K/F_Orange/219.jpg,Orange,fresh,4,0,8,Orange_fresh,130
data/raw/FRUIT-16K/F_Orange/220.jpg,Orange,fresh,4,0,8,Orange_fresh,130
data/raw/FRUIT-16K/F_Orange/221.jpg,Orange,fresh,4,0,8,Orange_fresh,130
data/raw/FRUIT-16K/F_Orange/222.jpg,Orange,fresh,4,0,8,Orange_fresh,130
data/raw/FRUIT-16K/F_Orange/223.jpg,Orange,fresh,4,0,8,Orange_fresh,130
data/raw/FRUIT-16K/F_Orange/224.jpg,Orange,fresh,4,0,8,Orange_fresh,130
data/raw/FRUIT-16K/F_Orange/225.jpg,Orange,fresh,4,0,8,Orange_fresh,130
data/raw/FRUIT-16K/F_Orange/226.jpg,Orange,fresh,4,0,8,Orange_fresh,131
data/raw/FRUIT-16K/F_Orange/227.jpg,Orange,fresh,4,0,8,Orange_fresh,131
data/raw/FRUIT-16K/F_Orange/228.jpg,Orange,fresh,4,0,8,Orange_fresh,131
data/raw/FRUIT-16K/F_Orange/229.jpg,Orange,fresh,4,0,8,Orange_fresh,131
data/raw/FRUIT-16K/F_Orange/230.jpg,Orange,fresh,4,0,8,Orange_fresh,131
data/raw/FRUIT-16K/F_Orange/231.jpg,Orange,fresh,4,0,8,Orange_fresh,131
data/raw/FRUIT-16K/F_Orange/232.jpg,Orange,fresh,4,0,8,Orange_fresh,131
data/raw/FRUIT-16K/F_Orange/233.jpg,Orange,fresh,4,0,8,Orange_fresh,131
data/raw/FRUIT-16K/F_Orange/234.jpg,Orange,fresh,4,0,8,Orange_fresh,131
data/raw/FRUIT-16K/F_Orange/235.jpg,Orange,fresh,4,0,8,Orange_fresh,131
data/raw/FRUIT-16K/F_Orange/236.jpg,Orange,fresh,4,0,8,Orange_fresh,131
data/raw/FRUIT-16K/F_Orange/237.jpg,Orange,fresh,4,0,8,Orange_fresh,131
data/raw/FRUIT-16K/F_Orange/238.jpg,Orange,fresh,4,0,8,Orange_fresh,131
data/raw/FRUIT-16K/F_Orange/239.jpg,Orange,fresh,4,0,8,Orange_fresh,131
data/raw/FRUIT-16K/F_Orange/240.jpg,Orange,fresh,4,0,8,Orange_fresh,131
data/raw/FRUIT-16K/F_Orange/241.jpg,Orange,fresh,4,0,8,Orange_fresh,131
data/raw/FRUIT-16K/F_Orange/242.jpg,Orange,fresh,4,0,8,Orange_fresh,131
data/raw/FRUIT-16K/F_Orange/243.jpg,Orange,fresh,4,0,8,Orange_fresh,131
data/raw/FRUIT-16K/F_Orange/244.jpg,Orange,fresh,4,0,8,Orange_fresh,131
data/raw/FRUIT-16K/F_Orange/245.jpg,Orange,fresh,4,0,8,Orange_fresh,131
data/raw/FRUIT-16K/F_Orange/246.jpg,Orange,fresh,4,0,8,Orange_fresh,131
data/raw/FRUIT-16K/F_Orange/247.jpg,Orange,fresh,4,0,8,Orange_fresh,131
data/raw/FRUIT-16K/F_Orange/248.jpg,Orange,fresh,4,0,8,Orange_fresh,131
data/raw/FRUIT-16K/F_Orange/249.jpg,Orange,fresh,4,0,8,Orange_fresh,131
data/raw/FRUIT-16K/F_Orange/250.jpg,Orange,fresh,4,0,8,Orange_fresh,131
data/raw/FRUIT-16K/F_Orange/251.jpg,Orange,fresh,4,0,8,Orange_fresh,131
data/raw/FRUIT-16K/F_Orange/252.jpg,Orange,fresh,4,0,8,Orange_fresh,131
data/raw/FRUIT-16K/F_Orange/253.jpg,Orange,fresh,4,0,8,Orange_fresh,131
data/raw/FRUIT-16K/F_Orange/254.jpg,Orange,fresh,4,0,8,Orange_fresh,131
data/raw/FRUIT-16K/F_Orange/255.jpg,Orange,fresh,4,0,8,Orange_fresh,131
data/raw/FRUIT-16K/F_Orange/256.jpg,Orange,fresh,4,0,8,Orange_fresh,131
data/raw/FRUIT-16K/F_Orange/257.jpg,Orange,fresh,4,0,8,Orange_fresh,131
data/raw/FRUIT-16K/F_Orange/258.jpg,Orange,fresh,4,0,8,Orange_fresh,131
data/raw/FRUIT-16K/F_Orange/259.jpg,Orange,fresh,4,0,8,Orange_fresh,131
data/raw/FRUIT-16K/F_Orange/260.jpg,Orange,fresh,4,0,8,Orange_fresh,131
data/raw/FRUIT-16K/F_Orange/261.jpg,Orange,fresh,4,0,8,Orange_fresh,131
data/raw/FRUIT-16K/F_Orange/262.jpg,Orange,fresh,4,0,8,Orange_fresh,131
data/raw/FRUIT-16K/F_Orange/263.jpg,Orange,fresh,4,0,8,Orange_fresh,131
data/raw/FRUIT-16K/F_Orange/264.jpg,Orange,fresh,4,0,8,Orange_fresh,131
data/raw/FRUIT-16K/F_Orange/265.jpg,Orange,fresh,4,0,8,Orange_fresh,131
data/raw/FRUIT-16K/F_Orange/266.jpg,Orange,fresh,4,0,8,Orange_fresh,131
data/raw/FRUIT-16K/F_Orange/267.jpg,Orange,fresh,4,0,8,Orange_fresh,131
data/raw/FRUIT-16K/F_Orange/268.jpg,Orange,fresh,4,0,8,Orange_fresh,131
data/raw/FRUIT-16K/F_Orange/269.jpg,Orange,fresh,4,0,8,Orange_fresh,131
data/raw/FRUIT-16K/F_Orange/270.jpg,Orange,fresh,4,0,8,Orange_fresh,131
data/raw/FRUIT-16K/F_Orange/271.jpg,Orange,fresh,4,0,8,Orange_fresh,131
data/raw/FRUIT-16K/F_Orange/272.jpg,Orange,fresh,4,0,8,Orange_fresh,131
data/raw/FRUIT-16K/F_Orange/273.jpg,Orange,fresh,4,0,8,Orange_fresh,131
data/raw/FRUIT-16K/F_Orange/274.jpg,Orange,fresh,4,0,8,Orange_fresh,131
data/raw/FRUIT-16K/F_Orange/275.jpg,Orange,fresh,4,0,8,Orange_fresh,131
data/raw/FRUIT-16K/F_Orange/276.jpg,Orange,fresh,4,0,8,Orange_fresh,132
data/raw/FRUIT-16K/F_Orange/277.jpg,Orange,fresh,4,0,8,Orange_fresh,132
data/raw/FRUIT-16K/F_Orange/278.jpg,Orange,fresh,4,0,8,Orange_fresh,132
data/raw/FRUIT-16K/F_Orange/279.jpg,Orange,fresh,4,0,8,Orange_fresh,132
data/raw/FRUIT-16K/F_Orange/280.jpg,Orange,fresh,4,0,8,Orange_fresh,132
data/raw/FRUIT-16K/F_Orange/281.jpg,Orange,fresh,4,0,8,Orange_fresh,132
data/raw/FRUIT-16K/F_Orange/282.jpg,Orange,fresh,4,0,8,Orange_fresh,132
data/raw/FRUIT-16K/F_Orange/283.jpg,Orange,fresh,4,0,8,Orange_fresh,132
data/raw/FRUIT-16K/F_Orange/284.jpg,Orange,fresh,4,0,8,Orange_fresh,132
data/raw/FRUIT-16K/F_Orange/285.jpg,Orange,fresh,4,0,8,Orange_fresh,132
data/raw/FRUIT-16K/F_Orange/286.jpg,Orange,fresh,4,0,8,Orange_fresh,132
data/raw/FRUIT-16K/F_Orange/287.jpg,Orange,fresh,4,0,8,Orange_fresh,132
data/raw/FRUIT-16K/F_Orange/288.jpg,Orange,fresh,4,0,8,Orange_fresh,132
data/raw/FRUIT-16K/F_Orange/289.jpg,Orange,fresh,4,0,8,Orange_fresh,132
data/raw/FRUIT-16K/F_Orange/290.jpg,Orange,fresh,4,0,8,Orange_fresh,132
data/raw/FRUIT-16K/F_Orange/291.jpg,Orange,fresh,4,0,8,Orange_fresh,132
data/raw/FRUIT-16K/F_Orange/292.jpg,Orange,fresh,4,0,8,Orange_fresh,132
data/raw/FRUIT-16K/F_Orange/293.jpg,Orange,fresh,4,0,8,Orange_fresh,132
data/raw/FRUIT-16K/F_Orange/294.jpg,Orange,fresh,4,0,8,Orange_fresh,132
data/raw/FRUIT-16K/F_Orange/295.jpg,Orange,fresh,4,0,8,Orange_fresh,132
data/raw/FRUIT-16K/F_Orange/296.jpg,Orange,fresh,4,0,8,Orange_fresh,132
data/raw/FRUIT-16K/F_Orange/297.jpg,Orange,fresh,4,0,8,Orange_fresh,132
data/raw/FRUIT-16K/F_Orange/298.jpg,Orange,fresh,4,0,8,Orange_fresh,132
data/raw/FRUIT-16K/F_Orange/299.jpg,Orange,fresh,4,0,8,Orange_fresh,132
data/raw/FRUIT-16K/F_Orange/300.jpg,Orange,fresh,4,0,8,Orange_fresh,132
data/raw/FRUIT-16K/F_Orange/301.jpg,Orange,fresh,4,0,8,Orange_fresh,132
data/raw/FRUIT-16K/F_Orange/302.jpg,Orange,fresh,4,0,8,Orange_fresh,132
data/raw/FRUIT-16K/F_Orange/303.jpg,Orange,fresh,4,0,8,Orange_fresh,132
data/raw/FRUIT-16K/F_Orange/304.jpg,Orange,fresh,4,0,8,Orange_fresh,132
data/raw/FRUIT-16K/F_Orange/305.jpg,Orange,fresh,4,0,8,Orange_fresh,132
data/raw/FRUIT-16K/F_Orange/306.jpg,Orange,fresh,4,0,8,Orange_fresh,132
data/raw/FRUIT-16K/F_Orange/307.jpg,Orange,fresh,4,0,8,Orange_fresh,132
data/raw/FRUIT-16K/F_Orange/308.jpg,Orange,fresh,4,0,8,Orange_fresh,132
data/raw/FRUIT-16K/F_Orange/309.jpg,Orange,fresh,4,0,8,Orange_fresh,132
data/raw/FRUIT-16K/F_Orange/310.jpg,Orange,fresh,4,0,8,Orange_fresh,132
data/raw/FRUIT-16K/F_Orange/311.jpg,Orange,fresh,4,0,8,Orange_fresh,132
data/raw/FRUIT-16K/F_Orange/312.jpg,Orange,fresh,4,0,8,Orange_fresh,132
data/raw/FRUIT-16K/F_Orange/313.jpg,Orange,fresh,4,0,8,Orange_fresh,132
data/raw/FRUIT-16K/F_Orange/314.jpg,Orange,fresh,4,0,8,Orange_fresh,132
data/raw/FRUIT-16K/F_Orange/315.jpg,Orange,fresh,4,0,8,Orange_fresh,132
data/raw/FRUIT-16K/F_Orange/316.jpg,Orange,fresh,4,0,8,Orange_fresh,132
data/raw/FRUIT-16K/F_Orange/317.jpg,Orange,fresh,4,0,8,Orange_fresh,132
data/raw/FRUIT-16K/F_Orange/318.jpg,Orange,fresh,4,0,8,Orange_fresh,132
data/raw/FRUIT-16K/F_Orange/319.jpg,Orange,fresh,4,0,8,Orange_fresh,132
data/raw/FRUIT-16K/F_Orange/320.jpg,Orange,fresh,4,0,8,Orange_fresh,132
data/raw/FRUIT-16K/F_Orange/321.jpg,Orange,fresh,4,0,8,Orange_fresh,132
data/raw/FRUIT-16K/F_Orange/322.jpg,Orange,fresh,4,0,8,Orange_fresh,132
data/raw/FRUIT-16K/F_Orange/323.jpg,Orange,fresh,4,0,8,Orange_fresh,132
data/raw/FRUIT-16K/F_Orange/324.jpg,Orange,fresh,4,0,8,Orange_fresh,132
data/raw/FRUIT-16K/F_Orange/325.jpg,Orange,fresh,4,0,8,Orange_fresh,132
data/raw/FRUIT-16K/F_Orange/326.jpg,Orange,fresh,4,0,8,Orange_fresh,132
data/raw/FRUIT-16K/F_Orange/327.jpg,Orange,fresh,4,0,8,Orange_fresh,132
data/raw/FRUIT-16K/F_Orange/328.jpg,Orange,fresh,4,0,8,Orange_fresh,132
data/raw/FRUIT-16K/F_Orange/329.jpg,Orange,fresh,4,0,8,Orange_fresh,132
data/raw/FRUIT-16K/F_Orange/330.jpg,Orange,fresh,4,0,8,Orange_fresh,132
data/raw/FRUIT-16K/F_Orange/331.jpg,Orange,fresh,4,0,8,Orange_fresh,132
data/raw/FRUIT-16K/F_Orange/332.jpg,Orange,fresh,4,0,8,Orange_fresh,132
data/raw/FRUIT-16K/F_Orange/333.jpg,Orange,fresh,4,0,8,Orange_fresh,132
data/raw/FRUIT-16K/F_Orange/334.jpg,Orange,fresh,4,0,8,Orange_fresh,132
data/raw/FRUIT-16K/F_Orange/335.jpg,Orange,fresh,4,0,8,Orange_fresh,132
data/raw/FRUIT-16K/F_Orange/336.jpg,Orange,fresh,4,0,8,Orange_fresh,132
data/raw/FRUIT-16K/F_Orange/337.jpg,Orange,fresh,4,0,8,Orange_fresh,132
data/raw/FRUIT-16K/F_Orange/338.jpg,Orange,fresh,4,0,8,Orange_fresh,132
data/raw/FRUIT-16K/F_Orange/339.jpg,Orange,fresh,4,0,8,Orange_fresh,132
data/raw/FRUIT-16K/F_Orange/340.jpg,Orange,fresh,4,0,8,Orange_fresh,132
data/raw/FRUIT-16K/F_Orange/341.jpg,Orange,fresh,4,0,8,Orange_fresh,132
data/raw/FRUIT-16K/F_Orange/342.jpg,Orange,fresh,4,0,8,Orange_fresh,132
data/raw/FRUIT-16K/F_Orange/343.jpg,Orange,fresh,4,0,8,Orange_fresh,132
data/raw/FRUIT-16K/F_Orange/344.jpg,Orange,fresh,4,0,8,Orange_fresh,132
data/raw/FRUIT-16K/F_Orange/345.jpg,Orange,fresh,4,0,8,Orange_fresh,132
data/raw/FRUIT-16K/F_Orange/346.jpg,Orange,fresh,4,0,8,Orange_fresh,132
data/raw/FRUIT-16K/F_Orange/347.jpg,Orange,fresh,4,0,8,Orange_fresh,132
data/raw/FRUIT-16K/F_Orange/348.jpg,Orange,fresh,4,0,8,Orange_fresh,132
data/raw/FRUIT-16K/F_Orange/349.jpg,Orange,fresh,4,0,8,Orange_fresh,132
data/raw/FRUIT-16K/F_Orange/350.jpg,Orange,fresh,4,0,8,Orange_fresh,132
data/raw/FRUIT-16K/F_Orange/376.jpg,Orange,fresh,4,0,8,Orange_fresh,134
data/raw/FRUIT-16K/F_Orange/377.jpg,Orange,fresh,4,0,8,Orange_fresh,134
data/raw/FRUIT-16K/F_Orange/378.jpg,Orange,fresh,4,0,8,Orange_fresh,134
data/raw/FRUIT-16K/F_Orange/379.jpg,Orange,fresh,4,0,8,Orange_fresh,134
data/raw/FRUIT-16K/F_Orange/380.jpg,Orange,fresh,4,0,8,Orange_fresh,134
data/raw/FRUIT-16K/F_Orange/381.jpg,Orange,fresh,4,0,8,Orange_fresh,134
data/raw/FRUIT-16K/F_Orange/382.jpg,Orange,fresh,4,0,8,Orange_fresh,134
data/raw/FRUIT-16K/F_Orange/383.jpg,Orange,fresh,4,0,8,Orange_fresh,134
data/raw/FRUIT-16K/F_Orange/384.jpg,Orange,fresh,4,0,8,Orange_fresh,134
data/raw/FRUIT-16K/F_Orange/385.jpg,Orange,fresh,4,0,8,Orange_fresh,134
data/raw/FRUIT-16K/F_Orange/386.jpg,Orange,fresh,4,0,8,Orange_fresh,134
data/raw/FRUIT-16K/F_Orange/387.jpg,Orange,fresh,4,0,8,Orange_fresh,134
data/raw/FRUIT-16K/F_Orange/388.jpg,Orange,fresh,4,0,8,Orange_fresh,134
data/raw/FRUIT-16K/F_Orange/389.jpg,Orange,fresh,4,0,8,Orange_fresh,134
data/raw/FRUIT-16K/F_Orange/390.jpg,Orange,fresh,4,0,8,Orange_fresh,134
data/raw/FRUIT-16K/F_Orange/391.jpg,Orange,fresh,4,0,8,Orange_fresh,134
data/raw/FRUIT-16K/F_Orange/392.jpg,Orange,fresh,4,0,8,Orange_fresh,134
data/raw/FRUIT-16K/F_Orange/393.jpg,Orange,fresh,4,0,8,Orange_fresh,134
data/raw/FRUIT-16K/F_Orange/394.jpg,Orange,fresh,4,0,8,Orange_fresh,134
data/raw/FRUIT-16K/F_Orange/395.jpg,Orange,fresh,4,0,8,Orange_fresh,134
data/raw/FRUIT-16K/F_Orange/396.jpg,Orange,fresh,4,0,8,Orange_fresh,134
data/raw/FRUIT-16K/F_Orange/397.jpg,Orange,fresh,4,0,8,Orange_fresh,134
data/raw/FRUIT-16K/F_Orange/398.jpg,Orange,fresh,4,0,8,Orange_fresh,134
data/raw/FRUIT-16K/F_Orange/399.jpg,Orange,fresh,4,0,8,Orange_fresh,134
data/raw/FRUIT-16K/F_Orange/400.jpg,Orange,fresh,4,0,8,Orange_fresh,134
data/raw/FRUIT-16K/F_Orange/401.jpg,Orange,fresh,4,0,8,Orange_fresh,134
data/raw/FRUIT-16K/F_Orange/402.jpg,Orange,fresh,4,0,8,Orange_fresh,134
data/raw/FRUIT-16K/F_Orange/403.jpg,Orange,fresh,4,0,8,Orange_fresh,134
data/raw/FRUIT-16K/F_Orange/404.jpg,Orange,fresh,4,0,8,Orange_fresh,134
data/raw/FRUIT-16K/F_Orange/405.jpg,Orange,fresh,4,0,8,Orange_fresh,134
data/raw/FRUIT-16K/F_Orange/406.jpg,Orange,fresh,4,0,8,Orange_fresh,134
data/raw/FRUIT-16K/F_Orange/407.jpg,Orange,fresh,4,0,8,Orange_fresh,134
data/raw/FRUIT-16K/F_Orange/408.jpg,Orange,fresh,4,0,8,Orange_fresh,134
data/raw/FRUIT-16K/F_Orange/409.jpg,Orange,fresh,4,0,8,Orange_fresh,134
data/raw/FRUIT-16K/F_Orange/410.jpg,Orange,fresh,4,0,8,Orange_fresh,134
data/raw/FRUIT-16K/F_Orange/411.jpg,Orange,fresh,4,0,8,Orange_fresh,134
data/raw/FRUIT-16K/F_Orange/412.jpg,Orange,fresh,4,0,8,Orange_fresh,134
data/raw/FRUIT-16K/F_Orange/413.jpg,Orange,fresh,4,0,8,Orange_fresh,134
data/raw/FRUIT-16K/F_Orange/414.jpg,Orange,fresh,4,0,8,Orange_fresh,134
data/raw/FRUIT-16K/F_Orange/415.jpg,Orange,fresh,4,0,8,Orange_fresh,134
data/raw/FRUIT-16K/F_Orange/416.jpg,Orange,fresh,4,0,8,Orange_fresh,134
data/raw/FRUIT-16K/F_Orange/417.jpg,Orange,fresh,4,0,8,Orange_fresh,134
data/raw/FRUIT-16K/F_Orange/418.jpg,Orange,fresh,4,0,8,Orange_fresh,134
data/raw/FRUIT-16K/F_Orange/419.jpg,Orange,fresh,4,0,8,Orange_fresh,134
data/raw/FRUIT-16K/F_Orange/420.jpg,Orange,fresh,4,0,8,Orange_fresh,134
data/raw/FRUIT-16K/F_Orange/421.jpg,Orange,fresh,4,0,8,Orange_fresh,134
data/raw/FRUIT-16K/F_Orange/422.jpg,Orange,fresh,4,0,8,Orange_fresh,134
data/raw/FRUIT-16K/F_Orange/423.jpg,Orange,fresh,4,0,8,Orange_fresh,134
data/raw/FRUIT-16K/F_Orange/424.jpg,Orange,fresh,4,0,8,Orange_fresh,134
data/raw/FRUIT-16K/F_Orange/425.jpg,Orange,fresh,4,0,8,Orange_fresh,134
data/raw/FRUIT-16K/F_Orange/426.jpg,Orange,fresh,4,0,8,Orange_fresh,132
data/raw/FRUIT-16K/F_Orange/427.jpg,Orange,fresh,4,0,8,Orange_fresh,132
data/raw/FRUIT-16K/F_Orange/428.jpg,Orange,fresh,4,0,8,Orange_fresh,132
data/raw/FRUIT-16K/F_Orange/429.jpg,Orange,fresh,4,0,8,Orange_fresh,132
data/raw/FRUIT-16K/F_Orange/430.jpg,Orange,fresh,4,0,8,Orange_fresh,132
data/raw/FRUIT-16K/F_Orange/431.jpg,Orange,fresh,4,0,8,Orange_fresh,132
data/raw/FRUIT-16K/F_Orange/432.jpg,Orange,fresh,4,0,8,Orange_fresh,132
data/raw/FRUIT-16K/F_Orange/433.jpg,Orange,fresh,4,0,8,Orange_fresh,132
data/raw/FRUIT-16K/F_Orange/434.jpg,Orange,fresh,4,0,8,Orange_fresh,132
data/raw/FRUIT-16K/F_Orange/435.jpg,Orange,fresh,4,0,8,Orange_fresh,132
data/raw/FRUIT-16K/F_Orange/436.jpg,Orange,fresh,4,0,8,Orange_fresh,132
data/raw/FRUIT-16K/F_Orange/437.jpg,Orange,fresh,4,0,8,Orange_fresh,132
data/raw/FRUIT-16K/F_Orange/438.jpg,Orange,fresh,4,0,8,Orange_fresh,132
data/raw/FRUIT-16K/F_Orange/439.jpg,Orange,fresh,4,0,8,Orange_fresh,132
data/raw/FRUIT-16K/F_Orange/440.jpg,Orange,fresh,4,0,8,Orange_fresh,132
data/raw/FRUIT-16K/F_Orange/441.jpg,Orange,fresh,4,0,8,Orange_fresh,132
data/raw/FRUIT-16K/F_Orange/442.jpg,Orange,fresh,4,0,8,Orange_fresh,132
data/raw/FRUIT-16K/F_Orange/443.jpg,Orange,fresh,4,0,8,Orange_fresh,132
data/raw/FRUIT-16K/F_Orange/444.jpg,Orange,fresh,4,0,8,Orange_fresh,132
data/raw/FRUIT-16K/F_Orange/445.jpg,Orange,fresh,4,0,8,Orange_fresh,132
data/raw/FRUIT-16K/F_Orange/446.jpg,Orange,fresh,4,0,8,Orange_fresh,132
data/raw/FRUIT-16K/F_Orange/447.jpg,Orange,fresh,4,0,8,Orange_fresh,132
data/raw/FRUIT-16K/F_Orange/448.jpg,Orange,fresh,4,0,8,Orange_fresh,132
data/raw/FRUIT-16K/F_Orange/449.jpg,Orange,fresh,4,0,8,Orange_fresh,132
data/raw/FRUIT-16K/F_Orange/450.jpg,Orange,fresh,4,0,8,Orange_fresh,132
data/raw/FRUIT-16K/F_Orange/451.jpg,Orange,fresh,4,0,8,Orange_fresh,135
data/raw/FRUIT-16K/F_Orange/452.jpg,Orange,fresh,4,0,8,Orange_fresh,135
data/raw/FRUIT-16K/F_Orange/453.jpg,Orange,fresh,4,0,8,Orange_fresh,135
data/raw/FRUIT-16K/F_Orange/454.jpg,Orange,fresh,4,0,8,Orange_fresh,135
data/raw/FRUIT-16K/F_Orange/455.jpg,Orange,fresh,4,0,8,Orange_fresh,135
data/raw/FRUIT-16K/F_Orange/456.jpg,Orange,fresh,4,0,8,Orange_fresh,135
data/raw/FRUIT-16K/F_Orange/457.jpg,Orange,fresh,4,0,8,Orange_fresh,135
data/raw/FRUIT-16K/F_Orange/458.jpg,Orange,fresh,4,0,8,Orange_fresh,135
data/raw/FRUIT-16K/F_Orange/459.jpg,Orange,fresh,4,0,8,Orange_fresh,135
data/raw/FRUIT-16K/F_Orange/460.jpg,Orange,fresh,4,0,8,Orange_fresh,135
data/raw/FRUIT-16K/F_Orange/461.jpg,Orange,fresh,4,0,8,Orange_fresh,135
data/raw/FRUIT-16K/F_Orange/462.jpg,Orange,fresh,4,0,8,Orange_fresh,135
data/raw/FRUIT-16K/F_Orange/463.jpg,Orange,fresh,4,0,8,Orange_fresh,135
data/raw/FRUIT-16K/F_Orange/464.jpg,Orange,fresh,4,0,8,Orange_fresh,135
data/raw/FRUIT-16K/F_Orange/465.jpg,Orange,fresh,4,0,8,Orange_fresh,135
data/raw/FRUIT-16K/F_Orange/466.jpg,Orange,fresh,4,0,8,Orange_fresh,135
data/raw/FRUIT-16K/F_Orange/467.jpg,Orange,fresh,4,0,8,Orange_fresh,135
data/raw/FRUIT-16K/F_Orange/468.jpg,Orange,fresh,4,0,8,Orange_fresh,135
data/raw/FRUIT-16K/F_Orange/469.jpg,Orange,fresh,4,0,8,Orange_fresh,135
data/raw/FRUIT-16K/F_Orange/470.jpg,Orange,fresh,4,0,8,Orange_fresh,135
data/raw/FRUIT-16K/F_Orange/471.jpg,Orange,fresh,4,0,8,Orange_fresh,135
data/raw/FRUIT-16K/F_Orange/472.jpg,Orange,fresh,4,0,8,Orange_fresh,135
data/raw/FRUIT-16K/F_Orange/473.jpg,Orange,fresh,4,0,8,Orange_fresh,135
data/raw/FRUIT-16K/F_Orange/474.jpg,Orange,fresh,4,0,8,Orange_fresh,135
data/raw/FRUIT-16K/F_Orange/475.jpg,Orange,fresh,4,0,8,Orange_fresh,135
data/raw/FRUIT-16K/F_Orange/501.jpg,Orange,fresh,4,0,8,Orange_fresh,135
data/raw/FRUIT-16K/F_Orange/502.jpg,Orange,fresh,4,0,8,Orange_fresh,135
data/raw/FRUIT-16K/F_Orange/503.jpg,Orange,fresh,4,0,8,Orange_fresh,135
data/raw/FRUIT-16K/F_Orange/504.jpg,Orange,fresh,4,0,8,Orange_fresh,135
data/raw/FRUIT-16K/F_Orange/505.jpg,Orange,fresh,4,0,8,Orange_fresh,135
data/raw/FRUIT-16K/F_Orange/506.jpg,Orange,fresh,4,0,8,Orange_fresh,135
data/raw/FRUIT-16K/F_Orange/507.jpg,Orange,fresh,4,0,8,Orange_fresh,135
data/raw/FRUIT-16K/F_Orange/508.jpg,Orange,fresh,4,0,8,Orange_fresh,135
data/raw/FRUIT-16K/F_Orange/509.jpg,Orange,fresh,4,0,8,Orange_fresh,135
data/raw/FRUIT-16K/F_Orange/510.jpg,Orange,fresh,4,0,8,Orange_fresh,135
data/raw/FRUIT-16K/F_Orange/511.jpg,Orange,fresh,4,0,8,Orange_fresh,135
data/raw/FRUIT-16K/F_Orange/512.jpg,Orange,fresh,4,0,8,Orange_fresh,135
data/raw/FRUIT-16K/F_Orange/513.jpg,Orange,fresh,4,0,8,Orange_fresh,135
data/raw/FRUIT-16K/F_Orange/514.jpg,Orange,fresh,4,0,8,Orange_fresh,135
data/raw/FRUIT-16K/F_Orange/515.jpg,Orange,fresh,4,0,8,Orange_fresh,135
data/raw/FRUIT-16K/F_Orange/516.jpg,Orange,fresh,4,0,8,Orange_fresh,135
data/raw/FRUIT-16K/F_Orange/517.jpg,Orange,fresh,4,0,8,Orange_fresh,135
data/raw/FRUIT-16K/F_Orange/518.jpg,Orange,fresh,4,0,8,Orange_fresh,135
data/raw/FRUIT-16K/F_Orange/519.jpg,Orange,fresh,4,0,8,Orange_fresh,135
data/raw/FRUIT-16K/F_Orange/520.jpg,Orange,fresh,4,0,8,Orange_fresh,135
data/raw/FRUIT-16K/F_Orange/521.jpg,Orange,fresh,4,0,8,Orange_fresh,135
data/raw/FRUIT-16K/F_Orange/522.jpg,Orange,fresh,4,0,8,Orange_fresh,135
data/raw/FRUIT-16K/F_Orange/523.jpg,Orange,fresh,4,0,8,Orange_fresh,135
data/raw/FRUIT-16K/F_Orange/524.jpg,Orange,fresh,4,0,8,Orange_fresh,135
data/raw/FRUIT-16K/F_Orange/525.jpg,Orange,fresh,4,0,8,Orange_fresh,135
data/raw/FRUIT-16K/F_Orange/526.jpg,Orange,fresh,4,0,8,Orange_fresh,135
data/raw/FRUIT-16K/F_Orange/527.jpg,Orange,fresh,4,0,8,Orange_fresh,135
data/raw/FRUIT-16K/F_Orange/528.jpg,Orange,fresh,4,0,8,Orange_fresh,135
data/raw/FRUIT-16K/F_Orange/529.jpg,Orange,fresh,4,0,8,Orange_fresh,135
data/raw/FRUIT-16K/F_Orange/530.jpg,Orange,fresh,4,0,8,Orange_fresh,135
data/raw/FRUIT-16K/F_Orange/531.jpg,Orange,fresh,4,0,8,Orange_fresh,135
data/raw/FRUIT-16K/F_Orange/532.jpg,Orange,fresh,4,0,8,Orange_fresh,135
data/raw/FRUIT-16K/F_Orange/533.jpg,Orange,fresh,4,0,8,Orange_fresh,135
data/raw/FRUIT-16K/F_Orange/534.jpg,Orange,fresh,4,0,8,Orange_fresh,135
data/raw/FRUIT-16K/F_Orange/535.jpg,Orange,fresh,4,0,8,Orange_fresh,135
data/raw/FRUIT-16K/F_Orange/536.jpg,Orange,fresh,4,0,8,Orange_fresh,135
data/raw/FRUIT-16K/F_Orange/537.jpg,Orange,fresh,4,0,8,Orange_fresh,135
data/raw/FRUIT-16K/F_Orange/538.jpg,Orange,fresh,4,0,8,Orange_fresh,135
data/raw/FRUIT-16K/F_Orange/539.jpg,Orange,fresh,4,0,8,Orange_fresh,135
data/raw/FRUIT-16K/F_Orange/540.jpg,Orange,fresh,4,0,8,Orange_fresh,135
data/raw/FRUIT-16K/F_Orange/541.jpg,Orange,fresh,4,0,8,Orange_fresh,135
data/raw/FRUIT-16K/F_Orange/542.jpg,Orange,fresh,4,0,8,Orange_fresh,135
data/raw/FRUIT-16K/F_Orange/543.jpg,Orange,fresh,4,0,8,Orange_fresh,135
data/raw/FRUIT-16K/F_Orange/544.jpg,Orange,fresh,4,0,8,Orange_fresh,135
data/raw/FRUIT-16K/F_Orange/545.jpg,Orange,fresh,4,0,8,Orange_fresh,135
data/raw/FRUIT-16K/F_Orange/546.jpg,Orange,fresh,4,0,8,Orange_fresh,135
data/raw/FRUIT-16K/F_Orange/547.jpg,Orange,fresh,4,0,8,Orange_fresh,135
data/raw/FRUIT-16K/F_Orange/548.jpg,Orange,fresh,4,0,8,Orange_fresh,135
data/raw/FRUIT-16K/F_Orange/549.jpg,Orange,fresh,4,0,8,Orange_fresh,135
data/raw/FRUIT-16K/F_Orange/550.jpg,Orange,fresh,4,0,8,Orange_fresh,135
data/raw/FRUIT-16K/F_Orange/551.jpg,Orange,fresh,4,0,8,Orange_fresh,135
data/raw/FRUIT-16K/F_Orange/552.jpg,Orange,fresh,4,0,8,Orange_fresh,135
data/raw/FRUIT-16K/F_Orange/553.jpg,Orange,fresh,4,0,8,Orange_fresh,135
data/raw/FRUIT-16K/F_Orange/554.jpg,Orange,fresh,4,0,8,Orange_fresh,135
data/raw/FRUIT-16K/F_Orange/555.jpg,Orange,fresh,4,0,8,Orange_fresh,135
data/raw/FRUIT-16K/F_Orange/556.jpg,Orange,fresh,4,0,8,Orange_fresh,135
data/raw/FRUIT-16K/F_Orange/557.jpg,Orange,fresh,4,0,8,Orange_fresh,135
data/raw/FRUIT-16K/F_Orange/558.jpg,Orange,fresh,4,0,8,Orange_fresh,135
data/raw/FRUIT-16K/F_Orange/559.jpg,Orange,fresh,4,0,8,Orange_fresh,135
data/raw/FRUIT-16K/F_Orange/560.jpg,Orange,fresh,4,0,8,Orange_fresh,135
data/raw/FRUIT-16K/F_Orange/561.jpg,Orange,fresh,4,0,8,Orange_fresh,135
data/raw/FRUIT-16K/F_Orange/562.jpg,Orange,fresh,4,0,8,Orange_fresh,135
data/raw/FRUIT-16K/F_Orange/563.jpg,Orange,fresh,4,0,8,Orange_fresh,135
data/raw/FRUIT-16K/F_Orange/564.jpg,Orange,fresh,4,0,8,Orange_fresh,135
data/raw/FRUIT-16K/F_Orange/565.jpg,Orange,fresh,4,0,8,Orange_fresh,135
data/raw/FRUIT-16K/F_Orange/566.jpg,Orange,fresh,4,0,8,Orange_fresh,135
data/raw/FRUIT-16K/F_Orange/567.jpg,Orange,fresh,4,0,8,Orange_fresh,135
data/raw/FRUIT-16K/F_Orange/568.jpg,Orange,fresh,4,0,8,Orange_fresh,135
data/raw/FRUIT-16K/F_Orange/569.jpg,Orange,fresh,4,0,8,Orange_fresh,135
data/raw/FRUIT-16K/F_Orange/570.jpg,Orange,fresh,4,0,8,Orange_fresh,135
data/raw/FRUIT-16K/F_Orange/571.jpg,Orange,fresh,4,0,8,Orange_fresh,135
data/raw/FRUIT-16K/F_Orange/572.jpg,Orange,fresh,4,0,8,Orange_fresh,135
data/raw/FRUIT-16K/F_Orange/573.jpg,Orange,fresh,4,0,8,Orange_fresh,135
data/raw/FRUIT-16K/F_Orange/574.jpg,Orange,fresh,4,0,8,Orange_fresh,135
data/raw/FRUIT-16K/F_Orange/575.jpg,Orange,fresh,4,0,8,Orange_fresh,135
data/raw/FRUIT-16K/F_Orange/576.jpg,Orange,fresh,4,0,8,Orange_fresh,135
data/raw/FRUIT-16K/F_Orange/577.jpg,Orange,fresh,4,0,8,Orange_fresh,135
data/raw/FRUIT-16K/F_Orange/578.jpg,Orange,fresh,4,0,8,Orange_fresh,135
data/raw/FRUIT-16K/F_Orange/579.jpg,Orange,fresh,4,0,8,Orange_fresh,135
data/raw/FRUIT-16K/F_Orange/580.jpg,Orange,fresh,4,0,8,Orange_fresh,135
data/raw/FRUIT-16K/F_Orange/581.jpg,Orange,fresh,4,0,8,Orange_fresh,135
data/raw/FRUIT-16K/F_Orange/582.jpg,Orange,fresh,4,0,8,Orange_fresh,135
data/raw/FRUIT-16K/F_Orange/583.jpg,Orange,fresh,4,0,8,Orange_fresh,135
data/raw/FRUIT-16K/F_Orange/584.jpg,Orange,fresh,4,0,8,Orange_fresh,135
data/raw/FRUIT-16K/F_Orange/585.jpg,Orange,fresh,4,0,8,Orange_fresh,135
data/raw/FRUIT-16K/F_Orange/586.jpg,Orange,fresh,4,0,8,Orange_fresh,135
data/raw/FRUIT-16K/F_Orange/587.jpg,Orange,fresh,4,0,8,Orange_fresh,135
data/raw/FRUIT-16K/F_Orange/588.jpg,Orange,fresh,4,0,8,Orange_fresh,135
data/raw/FRUIT-16K/F_Orange/589.jpg,Orange,fresh,4,0,8,Orange_fresh,135
data/raw/FRUIT-16K/F_Orange/590.jpg,Orange,fresh,4,0,8,Orange_fresh,135
data/raw/FRUIT-16K/F_Orange/591.jpg,Orange,fresh,4,0,8,Orange_fresh,135
data/raw/FRUIT-16K/F_Orange/592.jpg,Orange,fresh,4,0,8,Orange_fresh,135
data/raw/FRUIT-16K/F_Orange/593.jpg,Orange,fresh,4,0,8,Orange_fresh,135
data/raw/FRUIT-16K/F_Orange/594.jpg,Orange,fresh,4,0,8,Orange_fresh,135
data/raw/FRUIT-16K/F_Orange/595.jpg,Orange,fresh,4,0,8,Orange_fresh,135
data/raw/FRUIT-16K/F_Orange/596.jpg,Orange,fresh,4,0,8,Orange_fresh,135
data/raw/FRUIT-16K/F_Orange/597.jpg,Orange,fresh,4,0,8,Orange_fresh,135
data/raw/FRUIT-16K/F_Orange/598.jpg,Orange,fresh,4,0,8,Orange_fresh,135
data/raw/FRUIT-16K/F_Orange/599.jpg,Orange,fresh,4,0,8,Orange_fresh,135
data/raw/FRUIT-16K/F_Orange/600.jpg,Orange,fresh,4,0,8,Orange_fresh,135
data/raw/FRUIT-16K/F_Orange/601.jpg,Orange,fresh,4,0,8,Orange_fresh,135
data/raw/FRUIT-16K/F_Orange/602.jpg,Orange,fresh,4,0,8,Orange_fresh,135
data/raw/FRUIT-16K/F_Orange/603.jpg,Orange,fresh,4,0,8,Orange_fresh,135
data/raw/FRUIT-16K/F_Orange/604.jpg,Orange,fresh,4,0,8,Orange_fresh,135
data/raw/FRUIT-16K/F_Orange/605.jpg,Orange,fresh,4,0,8,Orange_fresh,135
data/raw/FRUIT-16K/F_Orange/606.jpg,Orange,fresh,4,0,8,Orange_fresh,135
data/raw/FRUIT-16K/F_Orange/607.jpg,Orange,fresh,4,0,8,Orange_fresh,135
data/raw/FRUIT-16K/F_Orange/608.jpg,Orange,fresh,4,0,8,Orange_fresh,135
data/raw/FRUIT-16K/F_Orange/609.jpg,Orange,fresh,4,0,8,Orange_fresh,135
data/raw/FRUIT-16K/F_Orange/610.jpg,Orange,fresh,4,0,8,Orange_fresh,135
data/raw/FRUIT-16K/F_Orange/611.jpg,Orange,fresh,4,0,8,Orange_fresh,135
data/raw/FRUIT-16K/F_Orange/612.jpg,Orange,fresh,4,0,8,Orange_fresh,135
data/raw/FRUIT-16K/F_Orange/613.jpg,Orange,fresh,4,0,8,Orange_fresh,135
data/raw/FRUIT-16K/F_Orange/614.jpg,Orange,fresh,4,0,8,Orange_fresh,135
data/raw/FRUIT-16K/F_Orange/615.jpg,Orange,fresh,4,0,8,Orange_fresh,135
data/raw/FRUIT-16K/F_Orange/616.jpg,Orange,fresh,4,0,8,Orange_fresh,135
data/raw/FRUIT-16K/F_Orange/617.jpg,Orange,fresh,4,0,8,Orange_fresh,135
data/raw/FRUIT-16K/F_Orange/618.jpg,Orange,fresh,4,0,8,Orange_fresh,135
data/raw/FRUIT-16K/F_Orange/619.jpg,Orange,fresh,4,0,8,Orange_fresh,135
data/raw/FRUIT-16K/F_Orange/620.jpg,Orange,fresh,4,0,8,Orange_fresh,135
data/raw/FRUIT-16K/F_Orange/621.jpg,Orange,fresh,4,0,8,Orange_fresh,135
data/raw/FRUIT-16K/F_Orange/622.jpg,Orange,fresh,4,0,8,Orange_fresh,135
data/raw/FRUIT-16K/F_Orange/623.jpg,Orange,fresh,4,0,8,Orange_fresh,135
data/raw/FRUIT-16K/F_Orange/624.jpg,Orange,fresh,4,0,8,Orange_fresh,135
data/raw/FRUIT-16K/F_Orange/625.jpg,Orange,fresh,4,0,8,Orange_fresh,135
data/raw/FRUIT-16K/F_Orange/651.jpg,Orange,fresh,4,0,8,Orange_fresh,138
data/raw/FRUIT-16K/F_Orange/652.jpg,Orange,fresh,4,0,8,Orange_fresh,138
data/raw/FRUIT-16K/F_Orange/653.jpg,Orange,fresh,4,0,8,Orange_fresh,138
data/raw/FRUIT-16K/F_Orange/654.jpg,Orange,fresh,4,0,8,Orange_fresh,138
data/raw/FRUIT-16K/F_Orange/655.jpg,Orange,fresh,4,0,8,Orange_fresh,138
data/raw/FRUIT-16K/F_Orange/656.jpg,Orange,fresh,4,0,8,Orange_fresh,138
data/raw/FRUIT-16K/F_Orange/657.jpg,Orange,fresh,4,0,8,Orange_fresh,138
data/raw/FRUIT-16K/F_Orange/658.jpg,Orange,fresh,4,0,8,Orange_fresh,138
data/raw/FRUIT-16K/F_Orange/659.jpg,Orange,fresh,4,0,8,Orange_fresh,138
data/raw/FRUIT-16K/F_Orange/660.jpg,Orange,fresh,4,0,8,Orange_fresh,138
data/raw/FRUIT-16K/F_Orange/661.jpg,Orange,fresh,4,0,8,Orange_fresh,138
data/raw/FRUIT-16K/F_Orange/662.jpg,Orange,fresh,4,0,8,Orange_fresh,138
data/raw/FRUIT-16K/F_Orange/663.jpg,Orange,fresh,4,0,8,Orange_fresh,138
data/raw/FRUIT-16K/F_Orange/664.jpg,Orange,fresh,4,0,8,Orange_fresh,138
data/raw/FRUIT-16K/F_Orange/665.jpg,Orange,fresh,4,0,8,Orange_fresh,138
data/raw/FRUIT-16K/F_Orange/666.jpg,Orange,fresh,4,0,8,Orange_fresh,138
data/raw/FRUIT-16K/F_Orange/667.jpg,Orange,fresh,4,0,8,Orange_fresh,138
data/raw/FRUIT-16K/F_Orange/668.jpg,Orange,fresh,4,0,8,Orange_fresh,138
data/raw/FRUIT-16K/F_Orange/669.jpg,Orange,fresh,4,0,8,Orange_fresh,138
data/raw/FRUIT-16K/F_Orange/670.jpg,Orange,fresh,4,0,8,Orange_fresh,138
data/raw/FRUIT-16K/F_Orange/671.jpg,Orange,fresh,4,0,8,Orange_fresh,138
data/raw/FRUIT-16K/F_Orange/672.jpg,Orange,fresh,4,0,8,Orange_fresh,138
data/raw/FRUIT-16K/F_Orange/673.jpg,Orange,fresh,4,0,8,Orange_fresh,138
data/raw/FRUIT-16K/F_Orange/674.jpg,Orange,fresh,4,0,8,Orange_fresh,138
data/raw/FRUIT-16K/F_Orange/675.jpg,Orange,fresh,4,0,8,Orange_fresh,138
data/raw/FRUIT-16K/F_Orange/676.jpg,Orange,fresh,4,0,8,Orange_fresh,139
data/raw/FRUIT-16K/F_Orange/677.jpg,Orange,fresh,4,0,8,Orange_fresh,139
data/raw/FRUIT-16K/F_Orange/678.jpg,Orange,fresh,4,0,8,Orange_fresh,139
data/raw/FRUIT-16K/F_Orange/679.jpg,Orange,fresh,4,0,8,Orange_fresh,139
data/raw/FRUIT-16K/F_Orange/680.jpg,Orange,fresh,4,0,8,Orange_fresh,139
data/raw/FRUIT-16K/F_Orange/681.jpg,Orange,fresh,4,0,8,Orange_fresh,139
data/raw/FRUIT-16K/F_Orange/682.jpg,Orange,fresh,4,0,8,Orange_fresh,139
data/raw/FRUIT-16K/F_Orange/683.jpg,Orange,fresh,4,0,8,Orange_fresh,139
data/raw/FRUIT-16K/F_Orange/684.jpg,Orange,fresh,4,0,8,Orange_fresh,139
data/raw/FRUIT-16K/F_Orange/685.jpg,Orange,fresh,4,0,8,Orange_fresh,139
data/raw/FRUIT-16K/F_Orange/686.jpg,Orange,fresh,4,0,8,Orange_fresh,139
data/raw/FRUIT-16K/F_Orange/687.jpg,Orange,fresh,4,0,8,Orange_fresh,139
data/raw/FRUIT-16K/F_Orange/688.jpg,Orange,fresh,4,0,8,Orange_fresh,139
data/raw/FRUIT-16K/F_Orange/689.jpg,Orange,fresh,4,0,8,Orange_fresh,139
data/raw/FRUIT-16K/F_Orange/690.jpg,Orange,fresh,4,0,8,Orange_fresh,139
data/raw/FRUIT-16K/F_Orange/691.jpg,Orange,fresh,4,0,8,Orange_fresh,139
data/raw/FRUIT-16K/F_Orange/692.jpg,Orange,fresh,4,0,8,Orange_fresh,139
data/raw/FRUIT-16K/F_Orange/693.jpg,Orange,fresh,4,0,8,Orange_fresh,139
data/raw/FRUIT-16K/F_Orange/694.jpg,Orange,fresh,4,0,8,Orange_fresh,139
data/raw/FRUIT-16K/F_Orange/695.jpg,Orange,fresh,4,0,8,Orange_fresh,139
data/raw/FRUIT-16K/F_Orange/696.jpg,Orange,fresh,4,0,8,Orange_fresh,139
data/raw/FRUIT-16K/F_Orange/697.jpg,Orange,fresh,4,0,8,Orange_fresh,139
data/raw/FRUIT-16K/F_Orange/698.jpg,Orange,fresh,4,0,8,Orange_fresh,139
data/raw/FRUIT-16K/F_Orange/699.jpg,Orange,fresh,4,0,8,Orange_fresh,139
data/raw/FRUIT-16K/F_Orange/700.jpg,Orange,fresh,4,0,8,Orange_fresh,139
data/raw/FRUIT-16K/F_Orange/726.jpg,Orange,fresh,4,0,8,Orange_fresh,141
data/raw/FRUIT-16K/F_Orange/727.jpg,Orange,fresh,4,0,8,Orange_fresh,141
data/raw/FRUIT-16K/F_Orange/728.jpg,Orange,fresh,4,0,8,Orange_fresh,141
data/raw/FRUIT-16K/F_Orange/729.jpg,Orange,fresh,4,0,8,Orange_fresh,141
data/raw/FRUIT-16K/F_Orange/730.jpg,Orange,fresh,4,0,8,Orange_fresh,141
data/raw/FRUIT-16K/F_Orange/731.jpg,Orange,fresh,4,0,8,Orange_fresh,141
data/raw/FRUIT-16K/F_Orange/732.jpg,Orange,fresh,4,0,8,Orange_fresh,141
data/raw/FRUIT-16K/F_Orange/733.jpg,Orange,fresh,4,0,8,Orange_fresh,141
data/raw/FRUIT-16K/F_Orange/734.jpg,Orange,fresh,4,0,8,Orange_fresh,141
data/raw/FRUIT-16K/F_Orange/735.jpg,Orange,fresh,4,0,8,Orange_fresh,141
data/raw/FRUIT-16K/F_Orange/736.jpg,Orange,fresh,4,0,8,Orange_fresh,141
data/raw/FRUIT-16K/F_Orange/737.jpg,Orange,fresh,4,0,8,Orange_fresh,141
data/raw/FRUIT-16K/F_Orange/738.jpg,Orange,fresh,4,0,8,Orange_fresh,141
data/raw/FRUIT-16K/F_Orange/739.jpg,Orange,fresh,4,0,8,Orange_fresh,141
data/raw/FRUIT-16K/F_Orange/740.jpg,Orange,fresh,4,0,8,Orange_fresh,141
data/raw/FRUIT-16K/F_Orange/741.jpg,Orange,fresh,4,0,8,Orange_fresh,141
data/raw/FRUIT-16K/F_Orange/742.jpg,Orange,fresh,4,0,8,Orange_fresh,141
data/raw/FRUIT-16K/F_Orange/743.jpg,Orange,fresh,4,0,8,Orange_fresh,141
data/raw/FRUIT-16K/F_Orange/744.jpg,Orange,fresh,4,0,8,Orange_fresh,141
data/raw/FRUIT-16K/F_Orange/745.jpg,Orange,fresh,4,0,8,Orange_fresh,141
data/raw/FRUIT-16K/F_Orange/746.jpg,Orange,fresh,4,0,8,Orange_fresh,141
data/raw/FRUIT-16K/F_Orange/747.jpg,Orange,fresh,4,0,8,Orange_fresh,141
data/raw/FRUIT-16K/F_Orange/748.jpg,Orange,fresh,4,0,8,Orange_fresh,141
data/raw/FRUIT-16K/F_Orange/749.jpg,Orange,fresh,4,0,8,Orange_fresh,141
data/raw/FRUIT-16K/F_Orange/750.jpg,Orange,fresh,4,0,8,Orange_fresh,141
data/raw/FRUIT-16K/F_Orange/751.jpg,Orange,fresh,4,0,8,Orange_fresh,142
data/raw/FRUIT-16K/F_Orange/752.jpg,Orange,fresh,4,0,8,Orange_fresh,142
data/raw/FRUIT-16K/F_Orange/753.jpg,Orange,fresh,4,0,8,Orange_fresh,142
data/raw/FRUIT-16K/F_Orange/754.jpg,Orange,fresh,4,0,8,Orange_fresh,142
data/raw/FRUIT-16K/F_Orange/755.jpg,Orange,fresh,4,0,8,Orange_fresh,142
data/raw/FRUIT-16K/F_Orange/756.jpg,Orange,fresh,4,0,8,Orange_fresh,142
data/raw/FRUIT-16K/F_Orange/757.jpg,Orange,fresh,4,0,8,Orange_fresh,142
data/raw/FRUIT-16K/F_Orange/758.jpg,Orange,fresh,4,0,8,Orange_fresh,142
data/raw/FRUIT-16K/F_Orange/759.jpg,Orange,fresh,4,0,8,Orange_fresh,142
data/raw/FRUIT-16K/F_Orange/760.jpg,Orange,fresh,4,0,8,Orange_fresh,142
data/raw/FRUIT-16K/F_Orange/761.jpg,Orange,fresh,4,0,8,Orange_fresh,142
data/raw/FRUIT-16K/F_Orange/762.jpg,Orange,fresh,4,0,8,Orange_fresh,142
data/raw/FRUIT-16K/F_Orange/763.jpg,Orange,fresh,4,0,8,Orange_fresh,142
data/raw/FRUIT-16K/F_Orange/764.jpg,Orange,fresh,4,0,8,Orange_fresh,142
data/raw/FRUIT-16K/F_Orange/765.jpg,Orange,fresh,4,0,8,Orange_fresh,142
data/raw/FRUIT-16K/F_Orange/766.jpg,Orange,fresh,4,0,8,Orange_fresh,142
data/raw/FRUIT-16K/F_Orange/767.jpg,Orange,fresh,4,0,8,Orange_fresh,142
data/raw/FRUIT-16K/F_Orange/768.jpg,Orange,fresh,4,0,8,Orange_fresh,142
data/raw/FRUIT-16K/F_Orange/769.jpg,Orange,fresh,4,0,8,Orange_fresh,142
data/raw/FRUIT-16K/F_Orange/770.jpg,Orange,fresh,4,0,8,Orange_fresh,142
data/raw/FRUIT-16K/F_Orange/771.jpg,Orange,fresh,4,0,8,Orange_fresh,142
data/raw/FRUIT-16K/F_Orange/772.jpg,Orange,fresh,4,0,8,Orange_fresh,142
data/raw/FRUIT-16K/F_Orange/773.jpg,Orange,fresh,4,0,8,Orange_fresh,142
data/raw/FRUIT-16K/F_Orange/774.jpg,Orange,fresh,4,0,8,Orange_fresh,142
data/raw/FRUIT-16K/F_Orange/775.jpg,Orange,fresh,4,0,8,Orange_fresh,142
data/raw/FRUIT-16K/F_Orange/776.jpg,Orange,fresh,4,0,8,Orange_fresh,143
data/raw/FRUIT-16K/F_Orange/777.jpg,Orange,fresh,4,0,8,Orange_fresh,143
data/raw/FRUIT-16K/F_Orange/778.jpg,Orange,fresh,4,0,8,Orange_fresh,143
data/raw/FRUIT-16K/F_Orange/779.jpg,Orange,fresh,4,0,8,Orange_fresh,143
data/raw/FRUIT-16K/F_Orange/780.jpg,Orange,fresh,4,0,8,Orange_fresh,143
data/raw/FRUIT-16K/F_Orange/781.jpg,Orange,fresh,4,0,8,Orange_fresh,143
data/raw/FRUIT-16K/F_Orange/782.jpg,Orange,fresh,4,0,8,Orange_fresh,143
data/raw/FRUIT-16K/F_Orange/783.jpg,Orange,fresh,4,0,8,Orange_fresh,143
data/raw/FRUIT-16K/F_Orange/784.jpg,Orange,fresh,4,0,8,Orange_fresh,143
data/raw/FRUIT-16K/F_Orange/785.jpg,Orange,fresh,4,0,8,Orange_fresh,143
data/raw/FRUIT-16K/F_Orange/786.jpg,Orange,fresh,4,0,8,Orange_fresh,143
data/raw/FRUIT-16K/F_Orange/787.jpg,Orange,fresh,4,0,8,Orange_fresh,143
data/raw/FRUIT-16K/F_Orange/788.jpg,Orange,fresh,4,0,8,Orange_fresh,143
data/raw/FRUIT-16K/F_Orange/789.jpg,Orange,fresh,4,0,8,Orange_fresh,143
data/raw/FRUIT-16K/F_Orange/790.jpg,Orange,fresh,4,0,8,Orange_fresh,143
data/raw/FRUIT-16K/F_Orange/791.jpg,Orange,fresh,4,0,8,Orange_fresh,143
data/raw/FRUIT-16K/F_Orange/792.jpg,Orange,fresh,4,0,8,Orange_fresh,143
data/raw/FRUIT-16K/F_Orange/793.jpg,Orange,fresh,4,0,8,Orange_fresh,143
data/raw/FRUIT-16K/F_Orange/794.jpg,Orange,fresh,4,0,8,Orange_fresh,143
data/raw/FRUIT-16K/F_Orange/795.jpg,Orange,fresh,4,0,8,Orange_fresh,143
data/raw/FRUIT-16K/F_Orange/796.jpg,Orange,fresh,4,0,8,Orange_fresh,143
data/raw/FRUIT-16K/F_Orange/797.jpg,Orange,fresh,4,0,8,Orange_fresh,143
data/raw/FRUIT-16K/F_Orange/798.jpg,Orange,fresh,4,0,8,Orange_fresh,143
data/raw/FRUIT-16K/F_Orange/799.jpg,Orange,fresh,4,0,8,Orange_fresh,143
data/raw/FRUIT-16K/F_Orange/800.jpg,Orange,fresh,4,0,8,Orange_fresh,143
data/raw/FRUIT-16K/F_Orange/801.jpg,Orange,fresh,4,0,8,Orange_fresh,144
data/raw/FRUIT-16K/F_Orange/802.jpg,Orange,fresh,4,0,8,Orange_fresh,144
data/raw/FRUIT-16K/F_Orange/803.jpg,Orange,fresh,4,0,8,Orange_fresh,144
data/raw/FRUIT-16K/F_Orange/804.jpg,Orange,fresh,4,0,8,Orange_fresh,144
data/raw/FRUIT-16K/F_Orange/805.jpg,Orange,fresh,4,0,8,Orange_fresh,144
data/raw/FRUIT-16K/F_Orange/806.jpg,Orange,fresh,4,0,8,Orange_fresh,144
data/raw/FRUIT-16K/F_Orange/807.jpg,Orange,fresh,4,0,8,Orange_fresh,144
data/raw/FRUIT-16K/F_Orange/808.jpg,Orange,fresh,4,0,8,Orange_fresh,144
data/raw/FRUIT-16K/F_Orange/809.jpg,Orange,fresh,4,0,8,Orange_fresh,144
data/raw/FRUIT-16K/F_Orange/810.jpg,Orange,fresh,4,0,8,Orange_fresh,144
data/raw/FRUIT-16K/F_Orange/811.jpg,Orange,fresh,4,0,8,Orange_fresh,144
data/raw/FRUIT-16K/F_Orange/812.jpg,Orange,fresh,4,0,8,Orange_fresh,144
data/raw/FRUIT-16K/F_Orange/813.jpg,Orange,fresh,4,0,8,Orange_fresh,144
data/raw/FRUIT-16K/F_Orange/814.jpg,Orange,fresh,4,0,8,Orange_fresh,144
data/raw/FRUIT-16K/F_Orange/815.jpg,Orange,fresh,4,0,8,Orange_fresh,144
data/raw/FRUIT-16K/F_Orange/816.jpg,Orange,fresh,4,0,8,Orange_fresh,144
data/raw/FRUIT-16K/F_Orange/817.jpg,Orange,fresh,4,0,8,Orange_fresh,144
data/raw/FRUIT-16K/F_Orange/818.jpg,Orange,fresh,4,0,8,Orange_fresh,144
data/raw/FRUIT-16K/F_Orange/819.jpg,Orange,fresh,4,0,8,Orange_fresh,144
data/raw/FRUIT-16K/F_Orange/820.jpg,Orange,fresh,4,0,8,Orange_fresh,144
data/raw/FRUIT-16K/F_Orange/821.jpg,Orange,fresh,4,0,8,Orange_fresh,144
data/raw/FRUIT-16K/F_Orange/822.jpg,Orange,fresh,4,0,8,Orange_fresh,144
data/raw/FRUIT-16K/F_Orange/823.jpg,Orange,fresh,4,0,8,Orange_fresh,144
data/raw/FRUIT-16K/F_Orange/824.jpg,Orange,fresh,4,0,8,Orange_fresh,144
data/raw/FRUIT-16K/F_Orange/825.jpg,Orange,fresh,4,0,8,Orange_fresh,144
data/raw/FRUIT-16K/F_Orange/826.jpg,Orange,fresh,4,0,8,Orange_fresh,145
data/raw/FRUIT-16K/F_Orange/827.jpg,Orange,fresh,4,0,8,Orange_fresh,145
data/raw/FRUIT-16K/F_Orange/828.jpg,Orange,fresh,4,0,8,Orange_fresh,145
data/raw/FRUIT-16K/F_Orange/829.jpg,Orange,fresh,4,0,8,Orange_fresh,145
data/raw/FRUIT-16K/F_Orange/830.jpg,Orange,fresh,4,0,8,Orange_fresh,145
data/raw/FRUIT-16K/F_Orange/831.jpg,Orange,fresh,4,0,8,Orange_fresh,145
data/raw/FRUIT-16K/F_Orange/832.jpg,Orange,fresh,4,0,8,Orange_fresh,145
data/raw/FRUIT-16K/F_Orange/833.jpg,Orange,fresh,4,0,8,Orange_fresh,145
data/raw/FRUIT-16K/F_Orange/834.jpg,Orange,fresh,4,0,8,Orange_fresh,145
data/raw/FRUIT-16K/F_Orange/835.jpg,Orange,fresh,4,0,8,Orange_fresh,145
data/raw/FRUIT-16K/F_Orange/836.jpg,Orange,fresh,4,0,8,Orange_fresh,145
data/raw/FRUIT-16K/F_Orange/837.jpg,Orange,fresh,4,0,8,Orange_fresh,145
data/raw/FRUIT-16K/F_Orange/838.jpg,Orange,fresh,4,0,8,Orange_fresh,145
data/raw/FRUIT-16K/F_Orange/839.jpg,Orange,fresh,4,0,8,Orange_fresh,145
data/raw/FRUIT-16K/F_Orange/840.jpg,Orange,fresh,4,0,8,Orange_fresh,145
data/raw/FRUIT-16K/F_Orange/841.jpg,Orange,fresh,4,0,8,Orange_fresh,145
data/raw/FRUIT-16K/F_Orange/842.jpg,Orange,fresh,4,0,8,Orange_fresh,145
data/raw/FRUIT-16K/F_Orange/843.jpg,Orange,fresh,4,0,8,Orange_fresh,145
data/raw/FRUIT-16K/F_Orange/844.jpg,Orange,fresh,4,0,8,Orange_fresh,145
data/raw/FRUIT-16K/F_Orange/845.jpg,Orange,fresh,4,0,8,Orange_fresh,145
data/raw/FRUIT-16K/F_Orange/846.jpg,Orange,fresh,4,0,8,Orange_fresh,145
data/raw/FRUIT-16K/F_Orange/847.jpg,Orange,fresh,4,0,8,Orange_fresh,145
data/raw/FRUIT-16K/F_Orange/848.jpg,Orange,fresh,4,0,8,Orange_fresh,145
data/raw/FRUIT-16K/F_Orange/849.jpg,Orange,fresh,4,0,8,Orange_fresh,145
data/raw/FRUIT-16K/F_Orange/850.jpg,Orange,fresh,4,0,8,Orange_fresh,145
data/raw/FRUIT-16K/F_Orange/876.jpg,Orange,fresh,4,0,8,Orange_fresh,147
data/raw/FRUIT-16K/F_Orange/877.jpg,Orange,fresh,4,0,8,Orange_fresh,147
data/raw/FRUIT-16K/F_Orange/878.jpg,Orange,fresh,4,0,8,Orange_fresh,147
data/raw/FRUIT-16K/F_Orange/879.jpg,Orange,fresh,4,0,8,Orange_fresh,147
data/raw/FRUIT-16K/F_Orange/880.jpg,Orange,fresh,4,0,8,Orange_fresh,147
data/raw/FRUIT-16K/F_Orange/881.jpg,Orange,fresh,4,0,8,Orange_fresh,147
data/raw/FRUIT-16K/F_Orange/882.jpg,Orange,fresh,4,0,8,Orange_fresh,147
data/raw/FRUIT-16K/F_Orange/883.jpg,Orange,fresh,4,0,8,Orange_fresh,147
data/raw/FRUIT-16K/F_Orange/884.jpg,Orange,fresh,4,0,8,Orange_fresh,147
data/raw/FRUIT-16K/F_Orange/885.jpg,Orange,fresh,4,0,8,Orange_fresh,147
data/raw/FRUIT-16K/F_Orange/886.jpg,Orange,fresh,4,0,8,Orange_fresh,147
data/raw/FRUIT-16K/F_Orange/887.jpg,Orange,fresh,4,0,8,Orange_fresh,147
data/raw/FRUIT-16K/F_Orange/888.jpg,Orange,fresh,4,0,8,Orange_fresh,147
data/raw/FRUIT-16K/F_Orange/889.jpg,Orange,fresh,4,0,8,Orange_fresh,147
data/raw/FRUIT-16K/F_Orange/890.jpg,Orange,fresh,4,0,8,Orange_fresh,147
data/raw/FRUIT-16K/F_Orange/891.jpg,Orange,fresh,4,0,8,Orange_fresh,147
data/raw/FRUIT-16K/F_Orange/892.jpg,Orange,fresh,4,0,8,Orange_fresh,147
data/raw/FRUIT-16K/F_Orange/893.jpg,Orange,fresh,4,0,8,Orange_fresh,147
data/raw/FRUIT-16K/F_Orange/894.jpg,Orange,fresh,4,0,8,Orange_fresh,147
data/raw/FRUIT-16K/F_Orange/895.jpg,Orange,fresh,4,0,8,Orange_fresh,147
data/raw/FRUIT-16K/F_Orange/896.jpg,Orange,fresh,4,0,8,Orange_fresh,147
data/raw/FRUIT-16K/F_Orange/897.jpg,Orange,fresh,4,0,8,Orange_fresh,147
data/raw/FRUIT-16K/F_Orange/898.jpg,Orange,fresh,4,0,8,Orange_fresh,147
data/raw/FRUIT-16K/F_Orange/899.jpg,Orange,fresh,4,0,8,Orange_fresh,147
data/raw/FRUIT-16K/F_Orange/900.jpg,Orange,fresh,4,0,8,Orange_fresh,147
data/raw/FRUIT-16K/F_Strawberry/1.jpg,Strawberry,fresh,5,0,10,Strawberry_fresh,152
data/raw/FRUIT-16K/F_Strawberry/2.jpg,Strawberry,fresh,5,0,10,Strawberry_fresh,152
data/raw/FRUIT-16K/F_Strawberry/3.jpg,Strawberry,fresh,5,0,10,Strawberry_fresh,152
data/raw/FRUIT-16K/F_Strawberry/4.jpg,Strawberry,fresh,5,0,10,Strawberry_fresh,152
data/raw/FRUIT-16K/F_Strawberry/5.jpg,Strawberry,fresh,5,0,10,Strawberry_fresh,152
data/raw/FRUIT-16K/F_Strawberry/6.jpg,Strawberry,fresh,5,0,10,Strawberry_fresh,152
data/raw/FRUIT-16K/F_Strawberry/7.jpg,Strawberry,fresh,5,0,10,Strawberry_fresh,152
data/raw/FRUIT-16K/F_Strawberry/8.jpg,Strawberry,fresh,5,0,10,Strawberry_fresh,152
data/raw/FRUIT-16K/F_Strawberry/9.jpg,Strawberry,fresh,5,0,10,Strawberry_fresh,152
data/raw/FRUIT-16K/F_Strawberry/10.jpg,Strawberry,fresh,5,0,10,Strawberry_fresh,152
data/raw/FRUIT-16K/F_Strawberry/11.jpg,Strawberry,fresh,5,0,10,Strawberry_fresh,152
data/raw/FRUIT-16K/F_Strawberry/12.jpg,Strawberry,fresh,5,0,10,Strawberry_fresh,152
data/raw/FRUIT-16K/F_Strawberry/13.jpg,Strawberry,fresh,5,0,10,Strawberry_fresh,152
data/raw/FRUIT-16K/F_Strawberry/14.jpg,Strawberry,fresh,5,0,10,Strawberry_fresh,152
data/raw/FRUIT-16K/F_Strawberry/15.jpg,Strawberry,fresh,5,0,10,Strawberry_fresh,152
data/raw/FRUIT-16K/F_Strawberry/16.jpg,Strawberry,fresh,5,0,10,Strawberry_fresh,152
data/raw/FRUIT-16K/F_Strawberry/17.jpg,Strawberry,fresh,5,0,10,Strawberry_fresh,152
data/raw/FRUIT-16K/F_Strawberry/18.jpg,Strawberry,fresh,5,0,10,Strawberry_fresh,152
data/raw/FRUIT-16K/F_Strawberry/19.jpg,Strawberry,fresh,5,0,10,Strawberry_fresh,152
data/raw/FRUIT-16K/F_Strawberry/20.jpg,Strawberry,fresh,5,0,10,Strawberry_fresh,152
data/raw/FRUIT-16K/F_Strawberry/21.jpg,Strawberry,fresh,5,0,10,Strawberry_fresh,152
data/raw/FRUIT-16K/F_Strawberry/22.jpg,Strawberry,fresh,5,0,10,Strawberry_fresh,152
data/raw/FRUIT-16K/F_Strawberry/23.jpg,Strawberry,fresh,5,0,10,Strawberry_fresh,152
data/raw/FRUIT-16K/F_Strawberry/24.jpg,Strawberry,fresh,5,0,10,Strawberry_fresh,152
data/raw/FRUIT-16K/F_Strawberry/25.jpg,Strawberry,fresh,5,0,10,Strawberry_fresh,152
data/raw/FRUIT-16K/F_Strawberry/26.jpg,Strawberry,fresh,5,0,10,Strawberry_fresh,152
data/raw/FRUIT-16K/F_Strawberry/27.jpg,Strawberry,fresh,5,0,10,Strawberry_fresh,152
data/raw/FRUIT-16K/F_Strawberry/28.jpg,Strawberry,fresh,5,0,10,Strawberry_fresh,152
data/raw/FRUIT-16K/F_Strawberry/29.jpg,Strawberry,fresh,5,0,10,Strawberry_fresh,152
data/raw/FRUIT-16K/F_Strawberry/30.jpg,Strawberry,fresh,5,0,10,Strawberry_fresh,152
data/raw/FRUIT-16K/F_Strawberry/31.jpg,Strawberry,fresh,5,0,10,Strawberry_fresh,152
data/raw/FRUIT-16K/F_Strawberry/32.jpg,Strawberry,fresh,5,0,10,Strawberry_fresh,152
data/raw/FRUIT-16K/F_Strawberry/33.jpg,Strawberry,fresh,5,0,10,Strawberry_fresh,152
data/raw/FRUIT-16K/F_Strawberry/34.jpg,Strawberry,fresh,5,0,10,Strawberry_fresh,152
data/raw/FRUIT-16K/F_Strawberry/35.jpg,Strawberry,fresh,5,0,10,Strawberry_fresh,152
data/raw/FRUIT-16K/F_Strawberry/36.jpg,Strawberry,fresh,5,0,10,Strawberry_fresh,152
data/raw/FRUIT-16K/F_Strawberry/37.jpg,Strawberry,fresh,5,0,10,Strawberry_fresh,152
data/raw/FRUIT-16K/F_Strawberry/38.jpg,Strawberry,fresh,5,0,10,Strawberry_fresh,152
data/raw/FRUIT-16K/F_Strawberry/39.jpg,Strawberry,fresh,5,0,10,Strawberry_fresh,152
data/raw/FRUIT-16K/F_Strawberry/40.jpg,Strawberry,fresh,5,0,10,Strawberry_fresh,152
data/raw/FRUIT-16K/F_Strawberry/41.jpg,Strawberry,fresh,5,0,10,Strawberry_fresh,152
data/raw/FRUIT-16K/F_Strawberry/42.jpg,Strawberry,fresh,5,0,10,Strawberry_fresh,152
data/raw/FRUIT-16K/F_Strawberry/43.jpg,Strawberry,fresh,5,0,10,Strawberry_fresh,152
data/raw/FRUIT-16K/F_Strawberry/44.jpg,Strawberry,fresh,5,0,10,Strawberry_fresh,152
data/raw/FRUIT-16K/F_Strawberry/45.jpg,Strawberry,fresh,5,0,10,Strawberry_fresh,152
data/raw/FRUIT-16K/F_Strawberry/46.jpg,Strawberry,fresh,5,0,10,Strawberry_fresh,152
data/raw/FRUIT-16K/F_Strawberry/47.jpg,Strawberry,fresh,5,0,10,Strawberry_fresh,152
data/raw/FRUIT-16K/F_Strawberry/48.jpg,Strawberry,fresh,5,0,10,Strawberry_fresh,152
data/raw/FRUIT-16K/F_Strawberry/49.jpg,Strawberry,fresh,5,0,10,Strawberry_fresh,152
data/raw/FRUIT-16K/F_Strawberry/50.jpg,Strawberry,fresh,5,0,10,Strawberry_fresh,152
data/raw/FRUIT-16K/F_Strawberry/51.jpg,Strawberry,fresh,5,0,10,Strawberry_fresh,153
data/raw/FRUIT-16K/F_Strawberry/52.jpg,Strawberry,fresh,5,0,10,Strawberry_fresh,153
data/raw/FRUIT-16K/F_Strawberry/53.jpg,Strawberry,fresh,5,0,10,Strawberry_fresh,153
data/raw/FRUIT-16K/F_Strawberry/54.jpg,Strawberry,fresh,5,0,10,Strawberry_fresh,153
data/raw/FRUIT-16K/F_Strawberry/55.jpg,Strawberry,fresh,5,0,10,Strawberry_fresh,153
data/raw/FRUIT-16K/F_Strawberry/56.jpg,Strawberry,fresh,5,0,10,Strawberry_fresh,153
data/raw/FRUIT-16K/F_Strawberry/57.jpg,Strawberry,fresh,5,0,10,Strawberry_fresh,153
data/raw/FRUIT-16K/F_Strawberry/58.jpg,Strawberry,fresh,5,0,10,Strawberry_fresh,153
data/raw/FRUIT-16K/F_Strawberry/59.jpg,Strawberry,fresh,5,0,10,Strawberry_fresh,153
data/raw/FRUIT-16K/F_Strawberry/60.jpg,Strawberry,fresh,5,0,10,Strawberry_fresh,153
data/raw/FRUIT-16K/F_Strawberry/61.jpg,Strawberry,fresh,5,0,10,Strawberry_fresh,153
data/raw/FRUIT-16K/F_Strawberry/62.jpg,Strawberry,fresh,5,0,10,Strawberry_fresh,153
data/raw/FRUIT-16K/F_Strawberry/63.jpg,Strawberry,fresh,5,0,10,Strawberry_fresh,153
data/raw/FRUIT-16K/F_Strawberry/64.jpg,Strawberry,fresh,5,0,10,Strawberry_fresh,153
data/raw/FRUIT-16K/F_Strawberry/65.jpg,Strawberry,fresh,5,0,10,Strawberry_fresh,153
data/raw/FRUIT-16K/F_Strawberry/66.jpg,Strawberry,fresh,5,0,10,Strawberry_fresh,153
data/raw/FRUIT-16K/F_Strawberry/67.jpg,Strawberry,fresh,5,0,10,Strawberry_fresh,153
data/raw/FRUIT-16K/F_Strawberry/68.jpg,Strawberry,fresh,5,0,10,Strawberry_fresh,153
data/raw/FRUIT-16K/F_Strawberry/69.jpg,Strawberry,fresh,5,0,10,Strawberry_fresh,153
data/raw/FRUIT-16K/F_Strawberry/70.jpg,Strawberry,fresh,5,0,10,Strawberry_fresh,153
data/raw/FRUIT-16K/F_Strawberry/71.jpg,Strawberry,fresh,5,0,10,Strawberry_fresh,153
data/raw/FRUIT-16K/F_Strawberry/72.jpg,Strawberry,fresh,5,0,10,Strawberry_fresh,153
data/raw/FRUIT-16K/F_Strawberry/73.jpg,Strawberry,fresh,5,0,10,Strawberry_fresh,153
data/raw/FRUIT-16K/F_Strawberry/74.jpg,Strawberry,fresh,5,0,10,Strawberry_fresh,153
data/raw/FRUIT-16K/F_Strawberry/75.jpg,Strawberry,fresh,5,0,10,Strawberry_fresh,153
data/raw/FRUIT-16K/F_Strawberry/76.jpg,Strawberry,fresh,5,0,10,Strawberry_fresh,153
data/raw/FRUIT-16K/F_Strawberry/77.jpg,Strawberry,fresh,5,0,10,Strawberry_fresh,153
data/raw/FRUIT-16K/F_Strawberry/78.jpg,Strawberry,fresh,5,0,10,Strawberry_fresh,153
data/raw/FRUIT-16K/F_Strawberry/79.jpg,Strawberry,fresh,5,0,10,Strawberry_fresh,153
data/raw/FRUIT-16K/F_Strawberry/80.jpg,Strawberry,fresh,5,0,10,Strawberry_fresh,153
data/raw/FRUIT-16K/F_Strawberry/81.jpg,Strawberry,fresh,5,0,10,Strawberry_fresh,153
data/raw/FRUIT-16K/F_Strawberry/82.jpg,Strawberry,fresh,5,0,10,Strawberry_fresh,153
data/raw/FRUIT-16K/F_Strawberry/83.jpg,Strawberry,fresh,5,0,10,Strawberry_fresh,153
data/raw/FRUIT-16K/F_Strawberry/84.jpg,Strawberry,fresh,5,0,10,Strawberry_fresh,153
data/raw/FRUIT-16K/F_Strawberry/85.jpg,Strawberry,fresh,5,0,10,Strawberry_fresh,153
data/raw/FRUIT-16K/F_Strawberry/86.jpg,Strawberry,fresh,5,0,10,Strawberry_fresh,153
data/raw/FRUIT-16K/F_Strawberry/87.jpg,Strawberry,fresh,5,0,10,Strawberry_fresh,153
data/raw/FRUIT-16K/F_Strawberry/88.jpg,Strawberry,fresh,5,0,10,Strawberry_fresh,153
data/raw/FRUIT-16K/F_Strawberry/89.jpg,Strawberry,fresh,5,0,10,Strawberry_fresh,153
data/raw/FRUIT-16K/F_Strawberry/90.jpg,Strawberry,fresh,5,0,10,Strawberry_fresh,153
data/raw/FRUIT-16K/F_Strawberry/91.jpg,Strawberry,fresh,5,0,10,Strawberry_fresh,153
data/raw/FRUIT-16K/F_Strawberry/92.jpg,Strawberry,fresh,5,0,10,Strawberry_fresh,153
data/raw/FRUIT-16K/F_Strawberry/93.jpg,Strawberry,fresh,5,0,10,Strawberry_fresh,153
data/raw/FRUIT-16K/F_Strawberry/94.jpg,Strawberry,fresh,5,0,10,Strawberry_fresh,153
data/raw/FRUIT-16K/F_Strawberry/95.jpg,Strawberry,fresh,5,0,10,Strawberry_fresh,153
data/raw/FRUIT-16K/F_Strawberry/96.jpg,Strawberry,fresh,5,0,10,Strawberry_fresh,153
data/raw/FRUIT-16K/F_Strawberry/97.jpg,Strawberry,fresh,5,0,10,Strawberry_fresh,153
data/raw/FRUIT-16K/F_Strawberry/98.jpg,Strawberry,fresh,5,0,10,Strawberry_fresh,153
data/raw/FRUIT-16K/F_Strawberry/99.jpg,Strawberry,fresh,5,0,10,Strawberry_fresh,153
data/raw/FRUIT-16K/F_Strawberry/100.jpg,Strawberry,fresh,5,0,10,Strawberry_fresh,153
data/raw/FRUIT-16K/F_Strawberry/226.jpg,Strawberry,fresh,5,0,10,Strawberry_fresh,159
data/raw/FRUIT-16K/F_Strawberry/227.jpg,Strawberry,fresh,5,0,10,Strawberry_fresh,159
data/raw/FRUIT-16K/F_Strawberry/228.jpg,Strawberry,fresh,5,0,10,Strawberry_fresh,159
data/raw/FRUIT-16K/F_Strawberry/229.jpg,Strawberry,fresh,5,0,10,Strawberry_fresh,159
data/raw/FRUIT-16K/F_Strawberry/230.jpg,Strawberry,fresh,5,0,10,Strawberry_fresh,159
data/raw/FRUIT-16K/F_Strawberry/231.jpg,Strawberry,fresh,5,0,10,Strawberry_fresh,159
data/raw/FRUIT-16K/F_Strawberry/232.jpg,Strawberry,fresh,5,0,10,Strawberry_fresh,159
data/raw/FRUIT-16K/F_Strawberry/233.jpg,Strawberry,fresh,5,0,10,Strawberry_fresh,159
data/raw/FRUIT-16K/F_Strawberry/234.jpg,Strawberry,fresh,5,0,10,Strawberry_fresh,159
data/raw/FRUIT-16K/F_Strawberry/235.jpg,Strawberry,fresh,5,0,10,Strawberry_fresh,159
data/raw/FRUIT-16K/F_Strawberry/236.jpg,Strawberry,fresh,5,0,10,Strawberry_fresh,159
data/raw/FRUIT-16K/F_Strawberry/237.jpg,Strawberry,fresh,5,0,10,Strawberry_fresh,159
data/raw/FRUIT-16K/F_Strawberry/238.jpg,Strawberry,fresh,5,0,10,Strawberry_fresh,159
data/raw/FRUIT-16K/F_Strawberry/239.jpg,Strawberry,fresh,5,0,10,Strawberry_fresh,159
data/raw/FRUIT-16K/F_Strawberry/240.jpg,Strawberry,fresh,5,0,10,Strawberry_fresh,159
data/raw/FRUIT-16K/F_Strawberry/241.jpg,Strawberry,fresh,5,0,10,Strawberry_fresh,159
data/raw/FRUIT-16K/F_Strawberry/242.jpg,Strawberry,fresh,5,0,10,Strawberry_fresh,159
data/raw/FRUIT-16K/F_Strawberry/243.jpg,Strawberry,fresh,5,0,10,Strawberry_fresh,159
data/raw/FRUIT-16K/F_Strawberry/244.jpg,Strawberry,fresh,5,0,10,Strawberry_fresh,159
data/raw/FRUIT-16K/F_Strawberry/245.jpg,Strawberry,fresh,5,0,10,Strawberry_fresh,159
data/raw/FRUIT-16K/F_Strawberry/246.jpg,Strawberry,fresh,5,0,10,Strawberry_fresh,159
data/raw/FRUIT-16K/F_Strawberry/247.jpg,Strawberry,fresh,5,0,10,Strawberry_fresh,159
data/raw/FRUIT-16K/F_Strawberry/248.jpg,Strawberry,fresh,5,0,10,Strawberry_fresh,159
data/raw/FRUIT-16K/F_Strawberry/249.jpg,Strawberry,fresh,5,0,10,Strawberry_fresh,159
data/raw/FRUIT-16K/F_Strawberry/250.jpg,Strawberry,fresh,5,0,10,Strawberry_fresh,159
data/raw/FRUIT-16K/F_Strawberry/251.jpg,Strawberry,fresh,5,0,10,Strawberry_fresh,160
data/raw/FRUIT-16K/F_Strawberry/252.jpg,Strawberry,fresh,5,0,10,Strawberry_fresh,160
data/raw/FRUIT-16K/F_Strawberry/253.jpg,Strawberry,fresh,5,0,10,Strawberry_fresh,160
data/raw/FRUIT-16K/F_Strawberry/254.jpg,Strawberry,fresh,5,0,10,Strawberry_fresh,160
data/raw/FRUIT-16K/F_Strawberry/255.jpg,Strawberry,fresh,5,0,10,Strawberry_fresh,160
data/raw/FRUIT-16K/F_Strawberry/256.jpg,Strawberry,fresh,5,0,10,Strawberry_fresh,160
data/raw/FRUIT-16K/F_Strawberry/257.jpg,Strawberry,fresh,5,0,10,Strawberry_fresh,160
data/raw/FRUIT-16K/F_Strawberry/258.jpg,Strawberry,fresh,5,0,10,Strawberry_fresh,160
data/raw/FRUIT-16K/F_Strawberry/259.jpg,Strawberry,fresh,5,0,10,Strawberry_fresh,160
data/raw/FRUIT-16K/F_Strawberry/260.jpg,Strawberry,fresh,5,0,10,Strawberry_fresh,160
data/raw/FRUIT-16K/F_Strawberry/261.jpg,Strawberry,fresh,5,0,10,Strawberry_fresh,160
data/raw/FRUIT-16K/F_Strawberry/262.jpg,Strawberry,fresh,5,0,10,Strawberry_fresh,160
data/raw/FRUIT-16K/F_Strawberry/263.jpg,Strawberry,fresh,5,0,10,Strawberry_fresh,160
data/raw/FRUIT-16K/F_Strawberry/264.jpg,Strawberry,fresh,5,0,10,Strawberry_fresh,160
data/raw/FRUIT-16K/F_Strawberry/265.jpg,Strawberry,fresh,5,0,10,Strawberry_fresh,160
data/raw/FRUIT-16K/F_Strawberry/266.jpg,Strawberry,fresh,5,0,10,Strawberry_fresh,160
data/raw/FRUIT-16K/F_Strawberry/267.jpg,Strawberry,fresh,5,0,10,Strawberry_fresh,160
data/raw/FRUIT-16K/F_Strawberry/268.jpg,Strawberry,fresh,5,0,10,Strawberry_fresh,160
data/raw/FRUIT-16K/F_Strawberry/269.jpg,Strawberry,fresh,5,0,10,Strawberry_fresh,160
data/raw/FRUIT-16K/F_Strawberry/270.jpg,Strawberry,fresh,5,0,10,Strawberry_fresh,160
data/raw/FRUIT-16K/F_Strawberry/271.jpg,Strawberry,fresh,5,0,10,Strawberry_fresh,160
data/raw/FRUIT-16K/F_Strawberry/272.jpg,Strawberry,fresh,5,0,10,Strawberry_fresh,160
data/raw/FRUIT-16K/F_Strawberry/273.jpg,Strawberry,fresh,5,0,10,Strawberry_fresh,160
data/raw/FRUIT-16K/F_Strawberry/274.jpg,Strawberry,fresh,5,0,10,Strawberry_fresh,160
data/raw/FRUIT-16K/F_Strawberry/275.jpg,Strawberry,fresh,5,0,10,Strawberry_fresh,160
data/raw/FRUIT-16K/F_Strawberry/301.jpg,Strawberry,fresh,5,0,10,Strawberry_fresh,162
data/raw/FRUIT-16K/F_Strawberry/302.jpg,Strawberry,fresh,5,0,10,Strawberry_fresh,162
data/raw/FRUIT-16K/F_Strawberry/303.jpg,Strawberry,fresh,5,0,10,Strawberry_fresh,162
data/raw/FRUIT-16K/F_Strawberry/304.jpg,Strawberry,fresh,5,0,10,Strawberry_fresh,162
data/raw/FRUIT-16K/F_Strawberry/305.jpg,Strawberry,fresh,5,0,10,Strawberry_fresh,162
data/raw/FRUIT-16K/F_Strawberry/306.jpg,Strawberry,fresh,5,0,10,Strawberry_fresh,162
data/raw/FRUIT-16K/F_Strawberry/307.jpg,Strawberry,fresh,5,0,10,Strawberry_fresh,162
data/raw/FRUIT-16K/F_Strawberry/308.jpg,Strawberry,fresh,5,0,10,Strawberry_fresh,162
data/raw/FRUIT-16K/F_Strawberry/309.jpg,Strawberry,fresh,5,0,10,Strawberry_fresh,162
data/raw/FRUIT-16K/F_Strawberry/310.jpg,Strawberry,fresh,5,0,10,Strawberry_fresh,162
data/raw/FRUIT-16K/F_Strawberry/311.jpg,Strawberry,fresh,5,0,10,Strawberry_fresh,162
data/raw/FRUIT-16K/F_Strawberry/312.jpg,Strawberry,fresh,5,0,10,Strawberry_fresh,162
data/raw/FRUIT-16K/F_Strawberry/313.jpg,Strawberry,fresh,5,0,10,Strawberry_fresh,162
data/raw/FRUIT-16K/F_Strawberry/314.jpg,Strawberry,fresh,5,0,10,Strawberry_fresh,162
data/raw/FRUIT-16K/F_Strawberry/315.jpg,Strawberry,fresh,5,0,10,Strawberry_fresh,162
data/raw/FRUIT-16K/F_Strawberry/316.jpg,Strawberry,fresh,5,0,10,Strawberry_fresh,162
data/raw/FRUIT-16K/F_Strawberry/317.jpg,Strawberry,fresh,5,0,10,Strawberry_fresh,162
data/raw/FRUIT-16K/F_Strawberry/318.jpg,Strawberry,fresh,5,0,10,Strawberry_fresh,162
data/raw/FRUIT-16K/F_Strawberry/319.jpg,Strawberry,fresh,5,0,10,Strawberry_fresh,162
data/raw/FRUIT-16K/F_Strawberry/320.jpg,Strawberry,fresh,5,0,10,Strawberry_fresh,162
data/raw/FRUIT-16K/F_Strawberry/321.jpg,Strawberry,fresh,5,0,10,Strawberry_fresh,162
data/raw/FRUIT-16K/F_Strawberry/322.jpg,Strawberry,fresh,5,0,10,Strawberry_fresh,162
data/raw/FRUIT-16K/F_Strawberry/323.jpg,Strawberry,fresh,5,0,10,Strawberry_fresh,162
data/raw/FRUIT-16K/F_Strawberry/324.jpg,Strawberry,fresh,5,0,10,Strawberry_fresh,162
data/raw/FRUIT-16K/F_Strawberry/325.jpg,Strawberry,fresh,5,0,10,Strawberry_fresh,162
data/raw/FRUIT-16K/F_Strawberry/326.jpg,Strawberry,fresh,5,0,10,Strawberry_fresh,163
data/raw/FRUIT-16K/F_Strawberry/327.jpg,Strawberry,fresh,5,0,10,Strawberry_fresh,163
data/raw/FRUIT-16K/F_Strawberry/328.jpg,Strawberry,fresh,5,0,10,Strawberry_fresh,163
data/raw/FRUIT-16K/F_Strawberry/329.jpg,Strawberry,fresh,5,0,10,Strawberry_fresh,163
data/raw/FRUIT-16K/F_Strawberry/330.jpg,Strawberry,fresh,5,0,10,Strawberry_fresh,163
data/raw/FRUIT-16K/F_Strawberry/331.jpg,Strawberry,fresh,5,0,10,Strawberry_fresh,163
data/raw/FRUIT-16K/F_Strawberry/332.jpg,Strawberry,fresh,5,0,10,Strawberry_fresh,163
data/raw/FRUIT-16K/F_Strawberry/333.jpg,Strawberry,fresh,5,0,10,Strawberry_fresh,163
data/raw/FRUIT-16K/F_Strawberry/334.jpg,Strawberry,fresh,5,0,10,Strawberry_fresh,163
data/raw/FRUIT-16K/F_Strawberry/335.jpg,Strawberry,fresh,5,0,10,Strawberry_fresh,163
data/raw/FRUIT-16K/F_Strawberry/336.jpg,Strawberry,fresh,5,0,10,Strawberry_fresh,163
data/raw/FRUIT-16K/F_Strawberry/337.jpg,Strawberry,fresh,5,0,10,Strawberry_fresh,163
data/raw/FRUIT-16K/F_Strawberry/338.jpg,Strawberry,fresh,5,0,10,Strawberry_fresh,163
data/raw/FRUIT-16K/F_Strawberry/339.jpg,Strawberry,fresh,5,0,10,Strawberry_fresh,163
data/raw/FRUIT-16K/F_Strawberry/340.jpg,Strawberry,fresh,5,0,10,Strawberry_fresh,163
data/raw/FRUIT-16K/F_Strawberry/341.jpg,Strawberry,fresh,5,0,10,Strawberry_fresh,163
data/raw/FRUIT-16K/F_Strawberry/342.jpg,Strawberry,fresh,5,0,10,Strawberry_fresh,163
data/raw/FRUIT-16K/F_Strawberry/343.jpg,Strawberry,fresh,5,0,10,Strawberry_fresh,163
data/raw/FRUIT-16K/F_Strawberry/344.jpg,Strawberry,fresh,5,0,10,Strawberry_fresh,163
data/raw/FRUIT-16K/F_Strawberry/345.jpg,Strawberry,fresh,5,0,10,Strawberry_fresh,163
data/raw/FRUIT-16K/F_Strawberry/346.jpg,Strawberry,fresh,5,0,10,Strawberry_fresh,163
data/raw/FRUIT-16K/F_Strawberry/347.jpg,Strawberry,fresh,5,0,10,Strawberry_fresh,163
data/raw/FRUIT-16K/F_Strawberry/348.jpg,Strawberry,fresh,5,0,10,Strawberry_fresh,163
data/raw/FRUIT-16K/F_Strawberry/349.jpg,Strawberry,fresh,5,0,10,Strawberry_fresh,163
data/raw/FRUIT-16K/F_Strawberry/350.jpg,Strawberry,fresh,5,0,10,Strawberry_fresh,163
data/raw/FRUIT-16K/F_Strawberry/351.jpg,Strawberry,fresh,5,0,10,Strawberry_fresh,163
data/raw/FRUIT-16K/F_Strawberry/352.jpg,Strawberry,fresh,5,0,10,Strawberry_fresh,163
data/raw/FRUIT-16K/F_Strawberry/353.jpg,Strawberry,fresh,5,0,10,Strawberry_fresh,163
data/raw/FRUIT-16K/F_Strawberry/354.jpg,Strawberry,fresh,5,0,10,Strawberry_fresh,163
data/raw/FRUIT-16K/F_Strawberry/355.jpg,Strawberry,fresh,5,0,10,Strawberry_fresh,163
data/raw/FRUIT-16K/F_Strawberry/356.jpg,Strawberry,fresh,5,0,10,Strawberry_fresh,163
data/raw/FRUIT-16K/F_Strawberry/357.jpg,Strawberry,fresh,5,0,10,Strawberry_fresh,163
data/raw/FRUIT-16K/F_Strawberry/358.jpg,Strawberry,fresh,5,0,10,Strawberry_fresh,163
data/raw/FRUIT-16K/F_Strawberry/359.jpg,Strawberry,fresh,5,0,10,Strawberry_fresh,163
data/raw/FRUIT-16K/F_Strawberry/360.jpg,Strawberry,fresh,5,0,10,Strawberry_fresh,163
data/raw/FRUIT-16K/F_Strawberry/361.jpg,Strawberry,fresh,5,0,10,Strawberry_fresh,163
data/raw/FRUIT-16K/F_Strawberry/362.jpg,Strawberry,fresh,5,0,10,Strawberry_fresh,163
data/raw/FRUIT-16K/F_Strawberry/363.jpg,Strawberry,fresh,5,0,10,Strawberry_fresh,163
data/raw/FRUIT-16K/F_Strawberry/364.jpg,Strawberry,fresh,5,0,10,Strawberry_fresh,163
data/raw/FRUIT-16K/F_Strawberry/365.jpg,Strawberry,fresh,5,0,10,Strawberry_fresh,163
data/raw/FRUIT-16K/F_Strawberry/366.jpg,Strawberry,fresh,5,0,10,Strawberry_fresh,163
data/raw/FRUIT-16K/F_Strawberry/367.jpg,Strawberry,fresh,5,0,10,Strawberry_fresh,163
data/raw/FRUIT-16K/F_Strawberry/368.jpg,Strawberry,fresh,5,0,10,Strawberry_fresh,163
data/raw/FRUIT-16K/F_Strawberry/369.jpg,Strawberry,fresh,5,0,10,Strawberry_fresh,163
data/raw/FRUIT-16K/F_Strawberry/370.jpg,Strawberry,fresh,5,0,10,Strawberry_fresh,163
data/raw/FRUIT-16K/F_Strawberry/371.jpg,Strawberry,fresh,5,0,10,Strawberry_fresh,163
data/raw/FRUIT-16K/F_Strawberry/372.jpg,Strawberry,fresh,5,0,10,Strawberry_fresh,163
data/raw/FRUIT-16K/F_Strawberry/373.jpg,Strawberry,fresh,5,0,10,Strawberry_fresh,163
data/raw/FRUIT-16K/F_Strawberry/374.jpg,Strawberry,fresh,5,0,10,Strawberry_fresh,163
data/raw/FRUIT-16K/F_Strawberry/375.jpg,Strawberry,fresh,5,0,10,Strawberry_fresh,163
data/raw/FRUIT-16K/F_Strawberry/376.jpg,Strawberry,fresh,5,0,10,Strawberry_fresh,163
data/raw/FRUIT-16K/F_Strawberry/377.jpg,Strawberry,fresh,5,0,10,Strawberry_fresh,163
data/raw/FRUIT-16K/F_Strawberry/378.jpg,Strawberry,fresh,5,0,10,Strawberry_fresh,163
data/raw/FRUIT-16K/F_Strawberry/379.jpg,Strawberry,fresh,5,0,10,Strawberry_fresh,163
data/raw/FRUIT-16K/F_Strawberry/380.jpg,Strawberry,fresh,5,0,10,Strawberry_fresh,163
data/raw/FRUIT-16K/F_Strawberry/381.jpg,Strawberry,fresh,5,0,10,Strawberry_fresh,163
data/raw/FRUIT-16K/F_Strawberry/382.jpg,Strawberry,fresh,5,0,10,Strawberry_fresh,163
data/raw/FRUIT-16K/F_Strawberry/383.jpg,Strawberry,fresh,5,0,10,Strawberry_fresh,163
data/raw/FRUIT-16K/F_Strawberry/384.jpg,Strawberry,fresh,5,0,10,Strawberry_fresh,163
data/raw/FRUIT-16K/F_Strawberry/385.jpg,Strawberry,fresh,5,0,10,Strawberry_fresh,163
data/raw/FRUIT-16K/F_Strawberry/386.jpg,Strawberry,fresh,5,0,10,Strawberry_fresh,163
data/raw/FRUIT-16K/F_Strawberry/387.jpg,Strawberry,fresh,5,0,10,Strawberry_fresh,163
data/raw/FRUIT-16K/F_Strawberry/388.jpg,Strawberry,fresh,5,0,10,Strawberry_fresh,163
data/raw/FRUIT-16K/F_Strawberry/389.jpg,Strawberry,fresh,5,0,10,Strawberry_fresh,163
data/raw/FRUIT-16K/F_Strawberry/390.jpg,Strawberry,fresh,5,0,10,Strawberry_fresh,163
data/raw/FRUIT-16K/F_Strawberry/391.jpg,Strawberry,fresh,5,0,10,Strawberry_fresh,163
data/raw/FRUIT-16K/F_Strawberry/392.jpg,Strawberry,fresh,5,0,10,Strawberry_fresh,163
data/raw/FRUIT-16K/F_Strawberry/393.jpg,Strawberry,fresh,5,0,10,Strawberry_fresh,163
data/raw/FRUIT-16K/F_Strawberry/394.jpg,Strawberry,fresh,5,0,10,Strawberry_fresh,163
data/raw/FRUIT-16K/F_Strawberry/395.jpg,Strawberry,fresh,5,0,10,Strawberry_fresh,163
data/raw/FRUIT-16K/F_Strawberry/396.jpg,Strawberry,fresh,5,0,10,Strawberry_fresh,163
data/raw/FRUIT-16K/F_Strawberry/397.jpg,Strawberry,fresh,5,0,10,Strawberry_fresh,163
data/raw/FRUIT-16K/F_Strawberry/398.jpg,Strawberry,fresh,5,0,10,Strawberry_fresh,163
data/raw/FRUIT-16K/F_Strawberry/399.jpg,Strawberry,fresh,5,0,10,Strawberry_fresh,163
data/raw/FRUIT-16K/F_Strawberry/400.jpg,Strawberry,fresh,5,0,10,Strawberry_fresh,163
data/raw/FRUIT-16K/F_Strawberry/401.jpg,Strawberry,fresh,5,0,10,Strawberry_fresh,163
data/raw/FRUIT-16K/F_Strawberry/402.jpg,Strawberry,fresh,5,0,10,Strawberry_fresh,163
data/raw/FRUIT-16K/F_Strawberry/403.jpg,Strawberry,fresh,5,0,10,Strawberry_fresh,163
data/raw/FRUIT-16K/F_Strawberry/404.jpg,Strawberry,fresh,5,0,10,Strawberry_fresh,163
data/raw/FRUIT-16K/F_Strawberry/405.jpg,Strawberry,fresh,5,0,10,Strawberry_fresh,163
data/raw/FRUIT-16K/F_Strawberry/406.jpg,Strawberry,fresh,5,0,10,Strawberry_fresh,163
data/raw/FRUIT-16K/F_Strawberry/407.jpg,Strawberry,fresh,5,0,10,Strawberry_fresh,163
data/raw/FRUIT-16K/F_Strawberry/408.jpg,Strawberry,fresh,5,0,10,Strawberry_fresh,163
data/raw/FRUIT-16K/F_Strawberry/409.jpg,Strawberry,fresh,5,0,10,Strawberry_fresh,163
data/raw/FRUIT-16K/F_Strawberry/410.jpg,Strawberry,fresh,5,0,10,Strawberry_fresh,163
data/raw/FRUIT-16K/F_Strawberry/411.jpg,Strawberry,fresh,5,0,10,Strawberry_fresh,163
data/raw/FRUIT-16K/F_Strawberry/412.jpg,Strawberry,fresh,5,0,10,Strawberry_fresh,163
data/raw/FRUIT-16K/F_Strawberry/413.jpg,Strawberry,fresh,5,0,10,Strawberry_fresh,163
data/raw/FRUIT-16K/F_Strawberry/414.jpg,Strawberry,fresh,5,0,10,Strawberry_fresh,163
data/raw/FRUIT-16K/F_Strawberry/415.jpg,Strawberry,fresh,5,0,10,Strawberry_fresh,163
data/raw/FRUIT-16K/F_Strawberry/416.jpg,Strawberry,fresh,5,0,10,Strawberry_fresh,163
data/raw/FRUIT-16K/F_Strawberry/417.jpg,Strawberry,fresh,5,0,10,Strawberry_fresh,163
data/raw/FRUIT-16K/F_Strawberry/418.jpg,Strawberry,fresh,5,0,10,Strawberry_fresh,163
data/raw/FRUIT-16K/F_Strawberry/419.jpg,Strawberry,fresh,5,0,10,Strawberry_fresh,163
data/raw/FRUIT-16K/F_Strawberry/420.jpg,Strawberry,fresh,5,0,10,Strawberry_fresh,163
data/raw/FRUIT-16K/F_Strawberry/421.jpg,Strawberry,fresh,5,0,10,Strawberry_fresh,163
data/raw/FRUIT-16K/F_Strawberry/422.jpg,Strawberry,fresh,5,0,10,Strawberry_fresh,163
data/raw/FRUIT-16K/F_Strawberry/423.jpg,Strawberry,fresh,5,0,10,Strawberry_fresh,163
data/raw/FRUIT-16K/F_Strawberry/424.jpg,Strawberry,fresh,5,0,10,Strawberry_fresh,163
data/raw/FRUIT-16K/F_Strawberry/425.jpg,Strawberry,fresh,5,0,10,Strawberry_fresh,163
data/raw/FRUIT-16K/F_Strawberry/426.jpg,Strawberry,fresh,5,0,10,Strawberry_fresh,164
data/raw/FRUIT-16K/F_Strawberry/427.jpg,Strawberry,fresh,5,0,10,Strawberry_fresh,164
data/raw/FRUIT-16K/F_Strawberry/428.jpg,Strawberry,fresh,5,0,10,Strawberry_fresh,164
data/raw/FRUIT-16K/F_Strawberry/429.jpg,Strawberry,fresh,5,0,10,Strawberry_fresh,164
data/raw/FRUIT-16K/F_Strawberry/430.jpg,Strawberry,fresh,5,0,10,Strawberry_fresh,164
data/raw/FRUIT-16K/F_Strawberry/431.jpg,Strawberry,fresh,5,0,10,Strawberry_fresh,164
data/raw/FRUIT-16K/F_Strawberry/432.jpg,Strawberry,fresh,5,0,10,Strawberry_fresh,164
data/raw/FRUIT-16K/F_Strawberry/433.jpg,Strawberry,fresh,5,0,10,Strawberry_fresh,164
data/raw/FRUIT-16K/F_Strawberry/434.jpg,Strawberry,fresh,5,0,10,Strawberry_fresh,164
data/raw/FRUIT-16K/F_Strawberry/435.jpg,Strawberry,fresh,5,0,10,Strawberry_fresh,164
data/raw/FRUIT-16K/F_Strawberry/436.jpg,Strawberry,fresh,5,0,10,Strawberry_fresh,164
data/raw/FRUIT-16K/F_Strawberry/437.jpg,Strawberry,fresh,5,0,10,Strawberry_fresh,164
data/raw/FRUIT-16K/F_Strawberry/438.jpg,Strawberry,fresh,5,0,10,Strawberry_fresh,164
data/raw/FRUIT-16K/F_Strawberry/439.jpg,Strawberry,fresh,5,0,10,Strawberry_fresh,164
data/raw/FRUIT-16K/F_Strawberry/440.jpg,Strawberry,fresh,5,0,10,Strawberry_fresh,164
data/raw/FRUIT-16K/F_Strawberry/441.jpg,Strawberry,fresh,5,0,10,Strawberry_fresh,164
data/raw/FRUIT-16K/F_Strawberry/442.jpg,Strawberry,fresh,5,0,10,Strawberry_fresh,164
data/raw/FRUIT-16K/F_Strawberry/443.jpg,Strawberry,fresh,5,0,10,Strawberry_fresh,164
data/raw/FRUIT-16K/F_Strawberry/444.jpg,Strawberry,fresh,5,0,10,Strawberry_fresh,164
data/raw/FRUIT-16K/F_Strawberry/445.jpg,Strawberry,fresh,5,0,10,Strawberry_fresh,164
data/raw/FRUIT-16K/F_Strawberry/446.jpg,Strawberry,fresh,5,0,10,Strawberry_fresh,164
data/raw/FRUIT-16K/F_Strawberry/447.jpg,Strawberry,fresh,5,0,10,Strawberry_fresh,164
data/raw/FRUIT-16K/F_Strawberry/448.jpg,Strawberry,fresh,5,0,10,Strawberry_fresh,164
data/raw/FRUIT-16K/F_Strawberry/449.jpg,Strawberry,fresh,5,0,10,Strawberry_fresh,164
data/raw/FRUIT-16K/F_Strawberry/450.jpg,Strawberry,fresh,5,0,10,Strawberry_fresh,164
data/raw/FRUIT-16K/F_Strawberry/451.jpg,Strawberry,fresh,5,0,10,Strawberry_fresh,164
data/raw/FRUIT-16K/F_Strawberry/452.jpg,Strawberry,fresh,5,0,10,Strawberry_fresh,164
data/raw/FRUIT-16K/F_Strawberry/453.jpg,Strawberry,fresh,5,0,10,Strawberry_fresh,164
data/raw/FRUIT-16K/F_Strawberry/454.jpg,Strawberry,fresh,5,0,10,Strawberry_fresh,164
data/raw/FRUIT-16K/F_Strawberry/455.jpg,Strawberry,fresh,5,0,10,Strawberry_fresh,164
data/raw/FRUIT-16K/F_Strawberry/456.jpg,Strawberry,fresh,5,0,10,Strawberry_fresh,164
data/raw/FRUIT-16K/F_Strawberry/457.jpg,Strawberry,fresh,5,0,10,Strawberry_fresh,164
data/raw/FRUIT-16K/F_Strawberry/458.jpg,Strawberry,fresh,5,0,10,Strawberry_fresh,164
data/raw/FRUIT-16K/F_Strawberry/459.jpg,Strawberry,fresh,5,0,10,Strawberry_fresh,164
data/raw/FRUIT-16K/F_Strawberry/460.jpg,Strawberry,fresh,5,0,10,Strawberry_fresh,164
data/raw/FRUIT-16K/F_Strawberry/461.jpg,Strawberry,fresh,5,0,10,Strawberry_fresh,164
data/raw/FRUIT-16K/F_Strawberry/462.jpg,Strawberry,fresh,5,0,10,Strawberry_fresh,164
data/raw/FRUIT-16K/F_Strawberry/463.jpg,Strawberry,fresh,5,0,10,Strawberry_fresh,164
data/raw/FRUIT-16K/F_Strawberry/464.jpg,Strawberry,fresh,5,0,10,Strawberry_fresh,164
data/raw/FRUIT-16K/F_Strawberry/465.jpg,Strawberry,fresh,5,0,10,Strawberry_fresh,164
data/raw/FRUIT-16K/F_Strawberry/466.jpg,Strawberry,fresh,5,0,10,Strawberry_fresh,164
data/raw/FRUIT-16K/F_Strawberry/467.jpg,Strawberry,fresh,5,0,10,Strawberry_fresh,164
data/raw/FRUIT-16K/F_Strawberry/468.jpg,Strawberry,fresh,5,0,10,Strawberry_fresh,164
data/raw/FRUIT-16K/F_Strawberry/469.jpg,Strawberry,fresh,5,0,10,Strawberry_fresh,164
data/raw/FRUIT-16K/F_Strawberry/470.jpg,Strawberry,fresh,5,0,10,Strawberry_fresh,164
data/raw/FRUIT-16K/F_Strawberry/471.jpg,Strawberry,fresh,5,0,10,Strawberry_fresh,164
data/raw/FRUIT-16K/F_Strawberry/472.jpg,Strawberry,fresh,5,0,10,Strawberry_fresh,164
data/raw/FRUIT-16K/F_Strawberry/473.jpg,Strawberry,fresh,5,0,10,Strawberry_fresh,164
data/raw/FRUIT-16K/F_Strawberry/474.jpg,Strawberry,fresh,5,0,10,Strawberry_fresh,164
data/raw/FRUIT-16K/F_Strawberry/475.jpg,Strawberry,fresh,5,0,10,Strawberry_fresh,164
data/raw/FRUIT-16K/F_Strawberry/476.jpg,Strawberry,fresh,5,0,10,Strawberry_fresh,165
data/raw/FRUIT-16K/F_Strawberry/477.jpg,Strawberry,fresh,5,0,10,Strawberry_fresh,165
data/raw/FRUIT-16K/F_Strawberry/478.jpg,Strawberry,fresh,5,0,10,Strawberry_fresh,165
data/raw/FRUIT-16K/F_Strawberry/479.jpg,Strawberry,fresh,5,0,10,Strawberry_fresh,165
data/raw/FRUIT-16K/F_Strawberry/480.jpg,Strawberry,fresh,5,0,10,Strawberry_fresh,165
data/raw/FRUIT-16K/F_Strawberry/481.jpg,Strawberry,fresh,5,0,10,Strawberry_fresh,165
data/raw/FRUIT-16K/F_Strawberry/482.jpg,Strawberry,fresh,5,0,10,Strawberry_fresh,165
data/raw/FRUIT-16K/F_Strawberry/483.jpg,Strawberry,fresh,5,0,10,Strawberry_fresh,165
data/raw/FRUIT-16K/F_Strawberry/484.jpg,Strawberry,fresh,5,0,10,Strawberry_fresh,165
data/raw/FRUIT-16K/F_Strawberry/485.jpg,Strawberry,fresh,5,0,10,Strawberry_fresh,165
data/raw/FRUIT-16K/F_Strawberry/486.jpg,Strawberry,fresh,5,0,10,Strawberry_fresh,165
data/raw/FRUIT-16K/F_Strawberry/487.jpg,Strawberry,fresh,5,0,10,Strawberry_fresh,165
data/raw/FRUIT-16K/F_Strawberry/488.jpg,Strawberry,fresh,5,0,10,Strawberry_fresh,165
data/raw/FRUIT-16K/F_Strawberry/489.jpg,Strawberry,fresh,5,0,10,Strawberry_fresh,165
data/raw/FRUIT-16K/F_Strawberry/490.jpg,Strawberry,fresh,5,0,10,Strawberry_fresh,165
data/raw/FRUIT-16K/F_Strawberry/491.jpg,Strawberry,fresh,5,0,10,Strawberry_fresh,165
data/raw/FRUIT-16K/F_Strawberry/492.jpg,Strawberry,fresh,5,0,10,Strawberry_fresh,165
data/raw/FRUIT-16K/F_Strawberry/493.jpg,Strawberry,fresh,5,0,10,Strawberry_fresh,165
data/raw/FRUIT-16K/F_Strawberry/494.jpg,Strawberry,fresh,5,0,10,Strawberry_fresh,165
data/raw/FRUIT-16K/F_Strawberry/495.jpg,Strawberry,fresh,5,0,10,Strawberry_fresh,165
data/raw/FRUIT-16K/F_Strawberry/496.jpg,Strawberry,fresh,5,0,10,Strawberry_fresh,165
data/raw/FRUIT-16K/F_Strawberry/497.jpg,Strawberry,fresh,5,0,10,Strawberry_fresh,165
data/raw/FRUIT-16K/F_Strawberry/498.jpg,Strawberry,fresh,5,0,10,Strawberry_fresh,165
data/raw/FRUIT-16K/F_Strawberry/499.jpg,Strawberry,fresh,5,0,10,Strawberry_fresh,165
data/raw/FRUIT-16K/F_Strawberry/500.jpg,Strawberry,fresh,5,0,10,Strawberry_fresh,165
data/raw/FRUIT-16K/F_Strawberry/501.jpg,Strawberry,fresh,5,0,10,Strawberry_fresh,166
data/raw/FRUIT-16K/F_Strawberry/502.jpg,Strawberry,fresh,5,0,10,Strawberry_fresh,166
data/raw/FRUIT-16K/F_Strawberry/503.jpg,Strawberry,fresh,5,0,10,Strawberry_fresh,166
data/raw/FRUIT-16K/F_Strawberry/504.jpg,Strawberry,fresh,5,0,10,Strawberry_fresh,166
data/raw/FRUIT-16K/F_Strawberry/505.jpg,Strawberry,fresh,5,0,10,Strawberry_fresh,166
data/raw/FRUIT-16K/F_Strawberry/506.jpg,Strawberry,fresh,5,0,10,Strawberry_fresh,166
data/raw/FRUIT-16K/F_Strawberry/507.jpg,Strawberry,fresh,5,0,10,Strawberry_fresh,166
data/raw/FRUIT-16K/F_Strawberry/508.jpg,Strawberry,fresh,5,0,10,Strawberry_fresh,166
data/raw/FRUIT-16K/F_Strawberry/509.jpg,Strawberry,fresh,5,0,10,Strawberry_fresh,166
data/raw/FRUIT-16K/F_Strawberry/510.jpg,Strawberry,fresh,5,0,10,Strawberry_fresh,166
data/raw/FRUIT-16K/F_Strawberry/511.jpg,Strawberry,fresh,5,0,10,Strawberry_fresh,166
data/raw/FRUIT-16K/F_Strawberry/512.jpg,Strawberry,fresh,5,0,10,Strawberry_fresh,166
data/raw/FRUIT-16K/F_Strawberry/513.jpg,Strawberry,fresh,5,0,10,Strawberry_fresh,166
data/raw/FRUIT-16K/F_Strawberry/514.jpg,Strawberry,fresh,5,0,10,Strawberry_fresh,166
data/raw/FRUIT-16K/F_Strawberry/515.jpg,Strawberry,fresh,5,0,10,Strawberry_fresh,166
data/raw/FRUIT-16K/F_Strawberry/516.jpg,Strawberry,fresh,5,0,10,Strawberry_fresh,166
data/raw/FRUIT-16K/F_Strawberry/517.jpg,Strawberry,fresh,5,0,10,Strawberry_fresh,166
data/raw/FRUIT-16K/F_Strawberry/518.jpg,Strawberry,fresh,5,0,10,Strawberry_fresh,166
data/raw/FRUIT-16K/F_Strawberry/519.jpg,Strawberry,fresh,5,0,10,Strawberry_fresh,166
data/raw/FRUIT-16K/F_Strawberry/520.jpg,Strawberry,fresh,5,0,10,Strawberry_fresh,166
data/raw/FRUIT-16K/F_Strawberry/521.jpg,Strawberry,fresh,5,0,10,Strawberry_fresh,166
data/raw/FRUIT-16K/F_Strawberry/522.jpg,Strawberry,fresh,5,0,10,Strawberry_fresh,166
data/raw/FRUIT-16K/F_Strawberry/523.jpg,Strawberry,fresh,5,0,10,Strawberry_fresh,166
data/raw/FRUIT-16K/F_Strawberry/524.jpg,Strawberry,fresh,5,0,10,Strawberry_fresh,166
data/raw/FRUIT-16K/F_Strawberry/525.jpg,Strawberry,fresh,5,0,10,Strawberry_fresh,166
data/raw/FRUIT-16K/F_Strawberry/526.jpg,Strawberry,fresh,5,0,10,Strawberry_fresh,166
data/raw/FRUIT-16K/F_Strawberry/527.jpg,Strawberry,fresh,5,0,10,Strawberry_fresh,166
data/raw/FRUIT-16K/F_Strawberry/528.jpg,Strawberry,fresh,5,0,10,Strawberry_fresh,166
data/raw/FRUIT-16K/F_Strawberry/529.jpg,Strawberry,fresh,5,0,10,Strawberry_fresh,166
data/raw/FRUIT-16K/F_Strawberry/530.jpg,Strawberry,fresh,5,0,10,Strawberry_fresh,166
data/raw/FRUIT-16K/F_Strawberry/531.jpg,Strawberry,fresh,5,0,10,Strawberry_fresh,166
data/raw/FRUIT-16K/F_Strawberry/532.jpg,Strawberry,fresh,5,0,10,Strawberry_fresh,166
data/raw/FRUIT-16K/F_Strawberry/533.jpg,Strawberry,fresh,5,0,10,Strawberry_fresh,166
data/raw/FRUIT-16K/F_Strawberry/534.jpg,Strawberry,fresh,5,0,10,Strawberry_fresh,166
data/raw/FRUIT-16K/F_Strawberry/535.jpg,Strawberry,fresh,5,0,10,Strawberry_fresh,166
data/raw/FRUIT-16K/F_Strawberry/536.jpg,Strawberry,fresh,5,0,10,Strawberry_fresh,166
data/raw/FRUIT-16K/F_Strawberry/537.jpg,Strawberry,fresh,5,0,10,Strawberry_fresh,166
data/raw/FRUIT-16K/F_Strawberry/538.jpg,Strawberry,fresh,5,0,10,Strawberry_fresh,166
data/raw/FRUIT-16K/F_Strawberry/539.jpg,Strawberry,fresh,5,0,10,Strawberry_fresh,166
data/raw/FRUIT-16K/F_Strawberry/540.jpg,Strawberry,fresh,5,0,10,Strawberry_fresh,166
data/raw/FRUIT-16K/F_Strawberry/541.jpg,Strawberry,fresh,5,0,10,Strawberry_fresh,166
data/raw/FRUIT-16K/F_Strawberry/542.jpg,Strawberry,fresh,5,0,10,Strawberry_fresh,166
data/raw/FRUIT-16K/F_Strawberry/543.jpg,Strawberry,fresh,5,0,10,Strawberry_fresh,166
data/raw/FRUIT-16K/F_Strawberry/544.jpg,Strawberry,fresh,5,0,10,Strawberry_fresh,166
data/raw/FRUIT-16K/F_Strawberry/545.jpg,Strawberry,fresh,5,0,10,Strawberry_fresh,166
data/raw/FRUIT-16K/F_Strawberry/546.jpg,Strawberry,fresh,5,0,10,Strawberry_fresh,166
data/raw/FRUIT-16K/F_Strawberry/547.jpg,Strawberry,fresh,5,0,10,Strawberry_fresh,166
data/raw/FRUIT-16K/F_Strawberry/548.jpg,Strawberry,fresh,5,0,10,Strawberry_fresh,166
data/raw/FRUIT-16K/F_Strawberry/549.jpg,Strawberry,fresh,5,0,10,Strawberry_fresh,166
data/raw/FRUIT-16K/F_Strawberry/550.jpg,Strawberry,fresh,5,0,10,Strawberry_fresh,166
data/raw/FRUIT-16K/F_Strawberry/576.jpg,Strawberry,fresh,5,0,10,Strawberry_fresh,168
data/raw/FRUIT-16K/F_Strawberry/577.jpg,Strawberry,fresh,5,0,10,Strawberry_fresh,168
data/raw/FRUIT-16K/F_Strawberry/578.jpg,Strawberry,fresh,5,0,10,Strawberry_fresh,168
data/raw/FRUIT-16K/F_Strawberry/579.jpg,Strawberry,fresh,5,0,10,Strawberry_fresh,168
data/raw/FRUIT-16K/F_Strawberry/580.jpg,Strawberry,fresh,5,0,10,Strawberry_fresh,168
data/raw/FRUIT-16K/F_Strawberry/581.jpg,Strawberry,fresh,5,0,10,Strawberry_fresh,168
data/raw/FRUIT-16K/F_Strawberry/582.jpg,Strawberry,fresh,5,0,10,Strawberry_fresh,168
data/raw/FRUIT-16K/F_Strawberry/583.jpg,Strawberry,fresh,5,0,10,Strawberry_fresh,168
data/raw/FRUIT-16K/F_Strawberry/584.jpg,Strawberry,fresh,5,0,10,Strawberry_fresh,168
data/raw/FRUIT-16K/F_Strawberry/585.jpg,Strawberry,fresh,5,0,10,Strawberry_fresh,168
data/raw/FRUIT-16K/F_Strawberry/586.jpg,Strawberry,fresh,5,0,10,Strawberry_fresh,168
data/raw/FRUIT-16K/F_Strawberry/587.jpg,Strawberry,fresh,5,0,10,Strawberry_fresh,168
data/raw/FRUIT-16K/F_Strawberry/588.jpg,Strawberry,fresh,5,0,10,Strawberry_fresh,168
data/raw/FRUIT-16K/F_Strawberry/589.jpg,Strawberry,fresh,5,0,10,Strawberry_fresh,168
data/raw/FRUIT-16K/F_Strawberry/590.jpg,Strawberry,fresh,5,0,10,Strawberry_fresh,168
data/raw/FRUIT-16K/F_Strawberry/591.jpg,Strawberry,fresh,5,0,10,Strawberry_fresh,168
data/raw/FRUIT-16K/F_Strawberry/592.jpg,Strawberry,fresh,5,0,10,Strawberry_fresh,168
data/raw/FRUIT-16K/F_Strawberry/593.jpg,Strawberry,fresh,5,0,10,Strawberry_fresh,168
data/raw/FRUIT-16K/F_Strawberry/594.jpg,Strawberry,fresh,5,0,10,Strawberry_fresh,168
data/raw/FRUIT-16K/F_Strawberry/595.jpg,Strawberry,fresh,5,0,10,Strawberry_fresh,168
data/raw/FRUIT-16K/F_Strawberry/596.jpg,Strawberry,fresh,5,0,10,Strawberry_fresh,168
data/raw/FRUIT-16K/F_Strawberry/597.jpg,Strawberry,fresh,5,0,10,Strawberry_fresh,168
data/raw/FRUIT-16K/F_Strawberry/598.jpg,Strawberry,fresh,5,0,10,Strawberry_fresh,168
data/raw/FRUIT-16K/F_Strawberry/599.jpg,Strawberry,fresh,5,0,10,Strawberry_fresh,168
data/raw/FRUIT-16K/F_Strawberry/600.jpg,Strawberry,fresh,5,0,10,Strawberry_fresh,168
data/raw/FRUIT-16K/F_Strawberry/601.jpg,Strawberry,fresh,5,0,10,Strawberry_fresh,169
data/raw/FRUIT-16K/F_Strawberry/602.jpg,Strawberry,fresh,5,0,10,Strawberry_fresh,169
data/raw/FRUIT-16K/F_Strawberry/603.jpg,Strawberry,fresh,5,0,10,Strawberry_fresh,169
data/raw/FRUIT-16K/F_Strawberry/604.jpg,Strawberry,fresh,5,0,10,Strawberry_fresh,169
data/raw/FRUIT-16K/F_Strawberry/605.jpg,Strawberry,fresh,5,0,10,Strawberry_fresh,169
data/raw/FRUIT-16K/F_Strawberry/606.jpg,Strawberry,fresh,5,0,10,Strawberry_fresh,169
data/raw/FRUIT-16K/F_Strawberry/607.jpg,Strawberry,fresh,5,0,10,Strawberry_fresh,169
data/raw/FRUIT-16K/F_Strawberry/608.jpg,Strawberry,fresh,5,0,10,Strawberry_fresh,169
data/raw/FRUIT-16K/F_Strawberry/609.jpg,Strawberry,fresh,5,0,10,Strawberry_fresh,169
data/raw/FRUIT-16K/F_Strawberry/610.jpg,Strawberry,fresh,5,0,10,Strawberry_fresh,169
data/raw/FRUIT-16K/F_Strawberry/611.jpg,Strawberry,fresh,5,0,10,Strawberry_fresh,169
data/raw/FRUIT-16K/F_Strawberry/612.jpg,Strawberry,fresh,5,0,10,Strawberry_fresh,169
data/raw/FRUIT-16K/F_Strawberry/613.jpg,Strawberry,fresh,5,0,10,Strawberry_fresh,169
data/raw/FRUIT-16K/F_Strawberry/614.jpg,Strawberry,fresh,5,0,10,Strawberry_fresh,169
data/raw/FRUIT-16K/F_Strawberry/615.jpg,Strawberry,fresh,5,0,10,Strawberry_fresh,169
data/raw/FRUIT-16K/F_Strawberry/616.jpg,Strawberry,fresh,5,0,10,Strawberry_fresh,169
data/raw/FRUIT-16K/F_Strawberry/617.jpg,Strawberry,fresh,5,0,10,Strawberry_fresh,169
data/raw/FRUIT-16K/F_Strawberry/618.jpg,Strawberry,fresh,5,0,10,Strawberry_fresh,169
data/raw/FRUIT-16K/F_Strawberry/619.jpg,Strawberry,fresh,5,0,10,Strawberry_fresh,169
data/raw/FRUIT-16K/F_Strawberry/620.jpg,Strawberry,fresh,5,0,10,Strawberry_fresh,169
data/raw/FRUIT-16K/F_Strawberry/621.jpg,Strawberry,fresh,5,0,10,Strawberry_fresh,169
data/raw/FRUIT-16K/F_Strawberry/622.jpg,Strawberry,fresh,5,0,10,Strawberry_fresh,169
data/raw/FRUIT-16K/F_Strawberry/623.jpg,Strawberry,fresh,5,0,10,Strawberry_fresh,169
data/raw/FRUIT-16K/F_Strawberry/624.jpg,Strawberry,fresh,5,0,10,Strawberry_fresh,169
data/raw/FRUIT-16K/F_Strawberry/625.jpg,Strawberry,fresh,5,0,10,Strawberry_fresh,169
data/raw/FRUIT-16K/F_Strawberry/626.jpg,Strawberry,fresh,5,0,10,Strawberry_fresh,170
data/raw/FRUIT-16K/F_Strawberry/627.jpg,Strawberry,fresh,5,0,10,Strawberry_fresh,170
data/raw/FRUIT-16K/F_Strawberry/628.jpg,Strawberry,fresh,5,0,10,Strawberry_fresh,170
data/raw/FRUIT-16K/F_Strawberry/629.jpg,Strawberry,fresh,5,0,10,Strawberry_fresh,170
data/raw/FRUIT-16K/F_Strawberry/630.jpg,Strawberry,fresh,5,0,10,Strawberry_fresh,170
data/raw/FRUIT-16K/F_Strawberry/631.jpg,Strawberry,fresh,5,0,10,Strawberry_fresh,170
data/raw/FRUIT-16K/F_Strawberry/632.jpg,Strawberry,fresh,5,0,10,Strawberry_fresh,170
data/raw/FRUIT-16K/F_Strawberry/633.jpg,Strawberry,fresh,5,0,10,Strawberry_fresh,170
data/raw/FRUIT-16K/F_Strawberry/634.jpg,Strawberry,fresh,5,0,10,Strawberry_fresh,170
data/raw/FRUIT-16K/F_Strawberry/635.jpg,Strawberry,fresh,5,0,10,Strawberry_fresh,170
data/raw/FRUIT-16K/F_Strawberry/636.jpg,Strawberry,fresh,5,0,10,Strawberry_fresh,170
data/raw/FRUIT-16K/F_Strawberry/637.jpg,Strawberry,fresh,5,0,10,Strawberry_fresh,170
data/raw/FRUIT-16K/F_Strawberry/638.jpg,Strawberry,fresh,5,0,10,Strawberry_fresh,170
data/raw/FRUIT-16K/F_Strawberry/639.jpg,Strawberry,fresh,5,0,10,Strawberry_fresh,170
data/raw/FRUIT-16K/F_Strawberry/640.jpg,Strawberry,fresh,5,0,10,Strawberry_fresh,170
data/raw/FRUIT-16K/F_Strawberry/641.jpg,Strawberry,fresh,5,0,10,Strawberry_fresh,170
data/raw/FRUIT-16K/F_Strawberry/642.jpg,Strawberry,fresh,5,0,10,Strawberry_fresh,170
data/raw/FRUIT-16K/F_Strawberry/643.jpg,Strawberry,fresh,5,0,10,Strawberry_fresh,170
data/raw/FRUIT-16K/F_Strawberry/644.jpg,Strawberry,fresh,5,0,10,Strawberry_fresh,170
data/raw/FRUIT-16K/F_Strawberry/645.jpg,Strawberry,fresh,5,0,10,Strawberry_fresh,170
data/raw/FRUIT-16K/F_Strawberry/646.jpg,Strawberry,fresh,5,0,10,Strawberry_fresh,170
data/raw/FRUIT-16K/F_Strawberry/647.jpg,Strawberry,fresh,5,0,10,Strawberry_fresh,170
data/raw/FRUIT-16K/F_Strawberry/648.jpg,Strawberry,fresh,5,0,10,Strawberry_fresh,170
data/raw/FRUIT-16K/F_Strawberry/649.jpg,Strawberry,fresh,5,0,10,Strawberry_fresh,170
data/raw/FRUIT-16K/F_Strawberry/650.jpg,Strawberry,fresh,5,0,10,Strawberry_fresh,170
data/raw/FRUIT-16K/F_Strawberry/651.jpg,Strawberry,fresh,5,0,10,Strawberry_fresh,170
data/raw/FRUIT-16K/F_Strawberry/652.jpg,Strawberry,fresh,5,0,10,Strawberry_fresh,170
data/raw/FRUIT-16K/F_Strawberry/653.jpg,Strawberry,fresh,5,0,10,Strawberry_fresh,170
data/raw/FRUIT-16K/F_Strawberry/654.jpg,Strawberry,fresh,5,0,10,Strawberry_fresh,170
data/raw/FRUIT-16K/F_Strawberry/655.jpg,Strawberry,fresh,5,0,10,Strawberry_fresh,170
data/raw/FRUIT-16K/F_Strawberry/656.jpg,Strawberry,fresh,5,0,10,Strawberry_fresh,170
data/raw/FRUIT-16K/F_Strawberry/657.jpg,Strawberry,fresh,5,0,10,Strawberry_fresh,170
data/raw/FRUIT-16K/F_Strawberry/658.jpg,Strawberry,fresh,5,0,10,Strawberry_fresh,170
data/raw/FRUIT-16K/F_Strawberry/659.jpg,Strawberry,fresh,5,0,10,Strawberry_fresh,170
data/raw/FRUIT-16K/F_Strawberry/660.jpg,Strawberry,fresh,5,0,10,Strawberry_fresh,170
data/raw/FRUIT-16K/F_Strawberry/661.jpg,Strawberry,fresh,5,0,10,Strawberry_fresh,170
data/raw/FRUIT-16K/F_Strawberry/662.jpg,Strawberry,fresh,5,0,10,Strawberry_fresh,170
data/raw/FRUIT-16K/F_Strawberry/663.jpg,Strawberry,fresh,5,0,10,Strawberry_fresh,170
data/raw/FRUIT-16K/F_Strawberry/664.jpg,Strawberry,fresh,5,0,10,Strawberry_fresh,170
data/raw/FRUIT-16K/F_Strawberry/665.jpg,Strawberry,fresh,5,0,10,Strawberry_fresh,170
data/raw/FRUIT-16K/F_Strawberry/666.jpg,Strawberry,fresh,5,0,10,Strawberry_fresh,170
data/raw/FRUIT-16K/F_Strawberry/667.jpg,Strawberry,fresh,5,0,10,Strawberry_fresh,170
data/raw/FRUIT-16K/F_Strawberry/668.jpg,Strawberry,fresh,5,0,10,Strawberry_fresh,170
data/raw/FRUIT-16K/F_Strawberry/669.jpg,Strawberry,fresh,5,0,10,Strawberry_fresh,170
data/raw/FRUIT-16K/F_Strawberry/670.jpg,Strawberry,fresh,5,0,10,Strawberry_fresh,170
data/raw/FRUIT-16K/F_Strawberry/671.jpg,Strawberry,fresh,5,0,10,Strawberry_fresh,170
data/raw/FRUIT-16K/F_Strawberry/672.jpg,Strawberry,fresh,5,0,10,Strawberry_fresh,170
data/raw/FRUIT-16K/F_Strawberry/673.jpg,Strawberry,fresh,5,0,10,Strawberry_fresh,170
data/raw/FRUIT-16K/F_Strawberry/674.jpg,Strawberry,fresh,5,0,10,Strawberry_fresh,170
data/raw/FRUIT-16K/F_Strawberry/675.jpg,Strawberry,fresh,5,0,10,Strawberry_fresh,170
data/raw/FRUIT-16K/F_Strawberry/676.jpg,Strawberry,fresh,5,0,10,Strawberry_fresh,171
data/raw/FRUIT-16K/F_Strawberry/677.jpg,Strawberry,fresh,5,0,10,Strawberry_fresh,171
data/raw/FRUIT-16K/F_Strawberry/678.jpg,Strawberry,fresh,5,0,10,Strawberry_fresh,171
data/raw/FRUIT-16K/F_Strawberry/679.jpg,Strawberry,fresh,5,0,10,Strawberry_fresh,171
data/raw/FRUIT-16K/F_Strawberry/680.jpg,Strawberry,fresh,5,0,10,Strawberry_fresh,171
data/raw/FRUIT-16K/F_Strawberry/681.jpg,Strawberry,fresh,5,0,10,Strawberry_fresh,171
data/raw/FRUIT-16K/F_Strawberry/682.jpg,Strawberry,fresh,5,0,10,Strawberry_fresh,171
data/raw/FRUIT-16K/F_Strawberry/683.jpg,Strawberry,fresh,5,0,10,Strawberry_fresh,171
data/raw/FRUIT-16K/F_Strawberry/684.jpg,Strawberry,fresh,5,0,10,Strawberry_fresh,171
data/raw/FRUIT-16K/F_Strawberry/685.jpg,Strawberry,fresh,5,0,10,Strawberry_fresh,171
data/raw/FRUIT-16K/F_Strawberry/686.jpg,Strawberry,fresh,5,0,10,Strawberry_fresh,171
data/raw/FRUIT-16K/F_Strawberry/687.jpg,Strawberry,fresh,5,0,10,Strawberry_fresh,171
data/raw/FRUIT-16K/F_Strawberry/688.jpg,Strawberry,fresh,5,0,10,Strawberry_fresh,171
data/raw/FRUIT-16K/F_Strawberry/689.jpg,Strawberry,fresh,5,0,10,Strawberry_fresh,171
data/raw/FRUIT-16K/F_Strawberry/690.jpg,Strawberry,fresh,5,0,10,Strawberry_fresh,171
data/raw/FRUIT-16K/F_Strawberry/691.jpg,Strawberry,fresh,5,0,10,Strawberry_fresh,171
data/raw/FRUIT-16K/F_Strawberry/692.jpg,Strawberry,fresh,5,0,10,Strawberry_fresh,171
data/raw/FRUIT-16K/F_Strawberry/693.jpg,Strawberry,fresh,5,0,10,Strawberry_fresh,171
data/raw/FRUIT-16K/F_Strawberry/694.jpg,Strawberry,fresh,5,0,10,Strawberry_fresh,171
data/raw/FRUIT-16K/F_Strawberry/695.jpg,Strawberry,fresh,5,0,10,Strawberry_fresh,171
data/raw/FRUIT-16K/F_Strawberry/696.jpg,Strawberry,fresh,5,0,10,Strawberry_fresh,171
data/raw/FRUIT-16K/F_Strawberry/697.jpg,Strawberry,fresh,5,0,10,Strawberry_fresh,171
data/raw/FRUIT-16K/F_Strawberry/698.jpg,Strawberry,fresh,5,0,10,Strawberry_fresh,171
data/raw/FRUIT-16K/F_Strawberry/699.jpg,Strawberry,fresh,5,0,10,Strawberry_fresh,171
data/raw/FRUIT-16K/F_Strawberry/700.jpg,Strawberry,fresh,5,0,10,Strawberry_fresh,171
data/raw/FRUIT-16K/F_Strawberry/701.jpg,Strawberry,fresh,5,0,10,Strawberry_fresh,171
data/raw/FRUIT-16K/F_Strawberry/702.jpg,Strawberry,fresh,5,0,10,Strawberry_fresh,171
data/raw/FRUIT-16K/F_Strawberry/703.jpg,Strawberry,fresh,5,0,10,Strawberry_fresh,171
data/raw/FRUIT-16K/F_Strawberry/704.jpg,Strawberry,fresh,5,0,10,Strawberry_fresh,171
data/raw/FRUIT-16K/F_Strawberry/705.jpg,Strawberry,fresh,5,0,10,Strawberry_fresh,171
data/raw/FRUIT-16K/F_Strawberry/706.jpg,Strawberry,fresh,5,0,10,Strawberry_fresh,171
data/raw/FRUIT-16K/F_Strawberry/707.jpg,Strawberry,fresh,5,0,10,Strawberry_fresh,171
data/raw/FRUIT-16K/F_Strawberry/708.jpg,Strawberry,fresh,5,0,10,Strawberry_fresh,171
data/raw/FRUIT-16K/F_Strawberry/709.jpg,Strawberry,fresh,5,0,10,Strawberry_fresh,171
data/raw/FRUIT-16K/F_Strawberry/710.jpg,Strawberry,fresh,5,0,10,Strawberry_fresh,171
data/raw/FRUIT-16K/F_Strawberry/711.jpg,Strawberry,fresh,5,0,10,Strawberry_fresh,171
data/raw/FRUIT-16K/F_Strawberry/712.jpg,Strawberry,fresh,5,0,10,Strawberry_fresh,171
data/raw/FRUIT-16K/F_Strawberry/713.jpg,Strawberry,fresh,5,0,10,Strawberry_fresh,171
data/raw/FRUIT-16K/F_Strawberry/714.jpg,Strawberry,fresh,5,0,10,Strawberry_fresh,171
data/raw/FRUIT-16K/F_Strawberry/715.jpg,Strawberry,fresh,5,0,10,Strawberry_fresh,171
data/raw/FRUIT-16K/F_Strawberry/716.jpg,Strawberry,fresh,5,0,10,Strawberry_fresh,171
data/raw/FRUIT-16K/F_Strawberry/717.jpg,Strawberry,fresh,5,0,10,Strawberry_fresh,171
data/raw/FRUIT-16K/F_Strawberry/718.jpg,Strawberry,fresh,5,0,10,Strawberry_fresh,171
data/raw/FRUIT-16K/F_Strawberry/719.jpg,Strawberry,fresh,5,0,10,Strawberry_fresh,171
data/raw/FRUIT-16K/F_Strawberry/720.jpg,Strawberry,fresh,5,0,10,Strawberry_fresh,171
data/raw/FRUIT-16K/F_Strawberry/721.jpg,Strawberry,fresh,5,0,10,Strawberry_fresh,171
data/raw/FRUIT-16K/F_Strawberry/722.jpg,Strawberry,fresh,5,0,10,Strawberry_fresh,171
data/raw/FRUIT-16K/F_Strawberry/723.jpg,Strawberry,fresh,5,0,10,Strawberry_fresh,171
data/raw/FRUIT-16K/F_Strawberry/724.jpg,Strawberry,fresh,5,0,10,Strawberry_fresh,171
data/raw/FRUIT-16K/F_Strawberry/725.jpg,Strawberry,fresh,5,0,10,Strawberry_fresh,171
data/raw/FRUIT-16K/F_Strawberry/776.jpg,Strawberry,fresh,5,0,10,Strawberry_fresh,174
data/raw/FRUIT-16K/F_Strawberry/777.jpg,Strawberry,fresh,5,0,10,Strawberry_fresh,174
data/raw/FRUIT-16K/F_Strawberry/778.jpg,Strawberry,fresh,5,0,10,Strawberry_fresh,174
data/raw/FRUIT-16K/F_Strawberry/779.jpg,Strawberry,fresh,5,0,10,Strawberry_fresh,174
data/raw/FRUIT-16K/F_Strawberry/780.jpg,Strawberry,fresh,5,0,10,Strawberry_fresh,174
data/raw/FRUIT-16K/F_Strawberry/781.jpg,Strawberry,fresh,5,0,10,Strawberry_fresh,174
data/raw/FRUIT-16K/F_Strawberry/782.jpg,Strawberry,fresh,5,0,10,Strawberry_fresh,174
data/raw/FRUIT-16K/F_Strawberry/783.jpg,Strawberry,fresh,5,0,10,Strawberry_fresh,174
data/raw/FRUIT-16K/F_Strawberry/784.jpg,Strawberry,fresh,5,0,10,Strawberry_fresh,174
data/raw/FRUIT-16K/F_Strawberry/785.jpg,Strawberry,fresh,5,0,10,Strawberry_fresh,174
data/raw/FRUIT-16K/F_Strawberry/786.jpg,Strawberry,fresh,5,0,10,Strawberry_fresh,174
data/raw/FRUIT-16K/F_Strawberry/787.jpg,Strawberry,fresh,5,0,10,Strawberry_fresh,174
data/raw/FRUIT-16K/F_Strawberry/788.jpg,Strawberry,fresh,5,0,10,Strawberry_fresh,174
data/raw/FRUIT-16K/F_Strawberry/789.jpg,Strawberry,fresh,5,0,10,Strawberry_fresh,174
data/raw/FRUIT-16K/F_Strawberry/790.jpg,Strawberry,fresh,5,0,10,Strawberry_fresh,174
data/raw/FRUIT-16K/F_Strawberry/791.jpg,Strawberry,fresh,5,0,10,Strawberry_fresh,174
data/raw/FRUIT-16K/F_Strawberry/792.jpg,Strawberry,fresh,5,0,10,Strawberry_fresh,174
data/raw/FRUIT-16K/F_Strawberry/793.jpg,Strawberry,fresh,5,0,10,Strawberry_fresh,174
data/raw/FRUIT-16K/F_Strawberry/794.jpg,Strawberry,fresh,5,0,10,Strawberry_fresh,174
data/raw/FRUIT-16K/F_Strawberry/795.jpg,Strawberry,fresh,5,0,10,Strawberry_fresh,174
data/raw/FRUIT-16K/F_Strawberry/796.jpg,Strawberry,fresh,5,0,10,Strawberry_fresh,174
data/raw/FRUIT-16K/F_Strawberry/797.jpg,Strawberry,fresh,5,0,10,Strawberry_fresh,174
data/raw/FRUIT-16K/F_Strawberry/798.jpg,Strawberry,fresh,5,0,10,Strawberry_fresh,174
data/raw/FRUIT-16K/F_Strawberry/799.jpg,Strawberry,fresh,5,0,10,Strawberry_fresh,174
data/raw/FRUIT-16K/F_Strawberry/800.jpg,Strawberry,fresh,5,0,10,Strawberry_fresh,174
data/raw/FRUIT-16K/F_Strawberry/826.jpg,Strawberry,fresh,5,0,10,Strawberry_fresh,176
data/raw/FRUIT-16K/F_Strawberry/827.jpg,Strawberry,fresh,5,0,10,Strawberry_fresh,176
data/raw/FRUIT-16K/F_Strawberry/828.jpg,Strawberry,fresh,5,0,10,Strawberry_fresh,176
data/raw/FRUIT-16K/F_Strawberry/829.jpg,Strawberry,fresh,5,0,10,Strawberry_fresh,176
data/raw/FRUIT-16K/F_Strawberry/830.jpg,Strawberry,fresh,5,0,10,Strawberry_fresh,176
data/raw/FRUIT-16K/F_Strawberry/831.jpg,Strawberry,fresh,5,0,10,Strawberry_fresh,176
data/raw/FRUIT-16K/F_Strawberry/832.jpg,Strawberry,fresh,5,0,10,Strawberry_fresh,176
data/raw/FRUIT-16K/F_Strawberry/833.jpg,Strawberry,fresh,5,0,10,Strawberry_fresh,176
data/raw/FRUIT-16K/F_Strawberry/834.jpg,Strawberry,fresh,5,0,10,Strawberry_fresh,176
data/raw/FRUIT-16K/F_Strawberry/835.jpg,Strawberry,fresh,5,0,10,Strawberry_fresh,176
data/raw/FRUIT-16K/F_Strawberry/836.jpg,Strawberry,fresh,5,0,10,Strawberry_fresh,176
data/raw/FRUIT-16K/F_Strawberry/837.jpg,Strawberry,fresh,5,0,10,Strawberry_fresh,176
data/raw/FRUIT-16K/F_Strawberry/838.jpg,Strawberry,fresh,5,0,10,Strawberry_fresh,176
data/raw/FRUIT-16K/F_Strawberry/839.jpg,Strawberry,fresh,5,0,10,Strawberry_fresh,176
data/raw/FRUIT-16K/F_Strawberry/840.jpg,Strawberry,fresh,5,0,10,Strawberry_fresh,176
data/raw/FRUIT-16K/F_Strawberry/841.jpg,Strawberry,fresh,5,0,10,Strawberry_fresh,176
data/raw/FRUIT-16K/F_Strawberry/842.jpg,Strawberry,fresh,5,0,10,Strawberry_fresh,176
data/raw/FRUIT-16K/F_Strawberry/843.jpg,Strawberry,fresh,5,0,10,Strawberry_fresh,176
data/raw/FRUIT-16K/F_Strawberry/844.jpg,Strawberry,fresh,5,0,10,Strawberry_fresh,176
data/raw/FRUIT-16K/F_Strawberry/845.jpg,Strawberry,fresh,5,0,10,Strawberry_fresh,176
data/raw/FRUIT-16K/F_Strawberry/846.jpg,Strawberry,fresh,5,0,10,Strawberry_fresh,176
data/raw/FRUIT-16K/F_Strawberry/847.jpg,Strawberry,fresh,5,0,10,Strawberry_fresh,176
data/raw/FRUIT-16K/F_Strawberry/848.jpg,Strawberry,fresh,5,0,10,Strawberry_fresh,176
data/raw/FRUIT-16K/F_Strawberry/849.jpg,Strawberry,fresh,5,0,10,Strawberry_fresh,176
data/raw/FRUIT-16K/F_Strawberry/850.jpg,Strawberry,fresh,5,0,10,Strawberry_fresh,176
data/raw/FRUIT-16K/F_Strawberry/851.jpg,Strawberry,fresh,5,0,10,Strawberry_fresh,176
data/raw/FRUIT-16K/F_Strawberry/852.jpg,Strawberry,fresh,5,0,10,Strawberry_fresh,176
data/raw/FRUIT-16K/F_Strawberry/853.jpg,Strawberry,fresh,5,0,10,Strawberry_fresh,176
data/raw/FRUIT-16K/F_Strawberry/854.jpg,Strawberry,fresh,5,0,10,Strawberry_fresh,176
data/raw/FRUIT-16K/F_Strawberry/855.jpg,Strawberry,fresh,5,0,10,Strawberry_fresh,176
data/raw/FRUIT-16K/F_Strawberry/856.jpg,Strawberry,fresh,5,0,10,Strawberry_fresh,176
data/raw/FRUIT-16K/F_Strawberry/857.jpg,Strawberry,fresh,5,0,10,Strawberry_fresh,176
data/raw/FRUIT-16K/F_Strawberry/858.jpg,Strawberry,fresh,5,0,10,Strawberry_fresh,176
data/raw/FRUIT-16K/F_Strawberry/859.jpg,Strawberry,fresh,5,0,10,Strawberry_fresh,176
data/raw/FRUIT-16K/F_Strawberry/860.jpg,Strawberry,fresh,5,0,10,Strawberry_fresh,176
data/raw/FRUIT-16K/F_Strawberry/861.jpg,Strawberry,fresh,5,0,10,Strawberry_fresh,176
data/raw/FRUIT-16K/F_Strawberry/862.jpg,Strawberry,fresh,5,0,10,Strawberry_fresh,176
data/raw/FRUIT-16K/F_Strawberry/863.jpg,Strawberry,fresh,5,0,10,Strawberry_fresh,176
data/raw/FRUIT-16K/F_Strawberry/864.jpg,Strawberry,fresh,5,0,10,Strawberry_fresh,176
data/raw/FRUIT-16K/F_Strawberry/865.jpg,Strawberry,fresh,5,0,10,Strawberry_fresh,176
data/raw/FRUIT-16K/F_Strawberry/866.jpg,Strawberry,fresh,5,0,10,Strawberry_fresh,176
data/raw/FRUIT-16K/F_Strawberry/867.jpg,Strawberry,fresh,5,0,10,Strawberry_fresh,176
data/raw/FRUIT-16K/F_Strawberry/868.jpg,Strawberry,fresh,5,0,10,Strawberry_fresh,176
data/raw/FRUIT-16K/F_Strawberry/869.jpg,Strawberry,fresh,5,0,10,Strawberry_fresh,176
data/raw/FRUIT-16K/F_Strawberry/870.jpg,Strawberry,fresh,5,0,10,Strawberry_fresh,176
data/raw/FRUIT-16K/F_Strawberry/871.jpg,Strawberry,fresh,5,0,10,Strawberry_fresh,176
data/raw/FRUIT-16K/F_Strawberry/872.jpg,Strawberry,fresh,5,0,10,Strawberry_fresh,176
data/raw/FRUIT-16K/F_Strawberry/873.jpg,Strawberry,fresh,5,0,10,Strawberry_fresh,176
data/raw/FRUIT-16K/F_Strawberry/874.jpg,Strawberry,fresh,5,0,10,Strawberry_fresh,176
data/raw/FRUIT-16K/F_Strawberry/875.jpg,Strawberry,fresh,5,0,10,Strawberry_fresh,176
data/raw/FRUIT-16K/F_Strawberry/876.jpg,Strawberry,fresh,5,0,10,Strawberry_fresh,177
data/raw/FRUIT-16K/F_Strawberry/877.jpg,Strawberry,fresh,5,0,10,Strawberry_fresh,177
data/raw/FRUIT-16K/F_Strawberry/878.jpg,Strawberry,fresh,5,0,10,Strawberry_fresh,177
data/raw/FRUIT-16K/F_Strawberry/879.jpg,Strawberry,fresh,5,0,10,Strawberry_fresh,177
data/raw/FRUIT-16K/F_Strawberry/880.jpg,Strawberry,fresh,5,0,10,Strawberry_fresh,177
data/raw/FRUIT-16K/F_Strawberry/881.jpg,Strawberry,fresh,5,0,10,Strawberry_fresh,177
data/raw/FRUIT-16K/F_Strawberry/882.jpg,Strawberry,fresh,5,0,10,Strawberry_fresh,177
data/raw/FRUIT-16K/F_Strawberry/883.jpg,Strawberry,fresh,5,0,10,Strawberry_fresh,177
data/raw/FRUIT-16K/F_Strawberry/884.jpg,Strawberry,fresh,5,0,10,Strawberry_fresh,177
data/raw/FRUIT-16K/F_Strawberry/885.jpg,Strawberry,fresh,5,0,10,Strawberry_fresh,177
data/raw/FRUIT-16K/F_Strawberry/886.jpg,Strawberry,fresh,5,0,10,Strawberry_fresh,177
data/raw/FRUIT-16K/F_Strawberry/887.jpg,Strawberry,fresh,5,0,10,Strawberry_fresh,177
data/raw/FRUIT-16K/F_Strawberry/888.jpg,Strawberry,fresh,5,0,10,Strawberry_fresh,177
data/raw/FRUIT-16K/F_Strawberry/889.jpg,Strawberry,fresh,5,0,10,Strawberry_fresh,177
data/raw/FRUIT-16K/F_Strawberry/890.jpg,Strawberry,fresh,5,0,10,Strawberry_fresh,177
data/raw/FRUIT-16K/F_Strawberry/891.jpg,Strawberry,fresh,5,0,10,Strawberry_fresh,177
data/raw/FRUIT-16K/F_Strawberry/892.jpg,Strawberry,fresh,5,0,10,Strawberry_fresh,177
data/raw/FRUIT-16K/F_Strawberry/893.jpg,Strawberry,fresh,5,0,10,Strawberry_fresh,177
data/raw/FRUIT-16K/F_Strawberry/894.jpg,Strawberry,fresh,5,0,10,Strawberry_fresh,177
data/raw/FRUIT-16K/F_Strawberry/895.jpg,Strawberry,fresh,5,0,10,Strawberry_fresh,177
data/raw/FRUIT-16K/F_Strawberry/896.jpg,Strawberry,fresh,5,0,10,Strawberry_fresh,177
data/raw/FRUIT-16K/F_Strawberry/897.jpg,Strawberry,fresh,5,0,10,Strawberry_fresh,177
data/raw/FRUIT-16K/F_Strawberry/898.jpg,Strawberry,fresh,5,0,10,Strawberry_fresh,177
data/raw/FRUIT-16K/F_Strawberry/899.jpg,Strawberry,fresh,5,0,10,Strawberry_fresh,177
data/raw/FRUIT-16K/F_Strawberry/900.jpg,Strawberry,fresh,5,0,10,Strawberry_fresh,177
data/raw/FRUIT-16K/F_Strawberry/901.jpg,Strawberry,fresh,5,0,10,Strawberry_fresh,177
data/raw/FRUIT-16K/F_Strawberry/902.jpg,Strawberry,fresh,5,0,10,Strawberry_fresh,177
data/raw/FRUIT-16K/F_Strawberry/903.jpg,Strawberry,fresh,5,0,10,Strawberry_fresh,177
data/raw/FRUIT-16K/F_Strawberry/904.jpg,Strawberry,fresh,5,0,10,Strawberry_fresh,177
data/raw/FRUIT-16K/F_Strawberry/905.jpg,Strawberry,fresh,5,0,10,Strawberry_fresh,177
data/raw/FRUIT-16K/F_Strawberry/906.jpg,Strawberry,fresh,5,0,10,Strawberry_fresh,177
data/raw/FRUIT-16K/F_Strawberry/907.jpg,Strawberry,fresh,5,0,10,Strawberry_fresh,177
data/raw/FRUIT-16K/F_Strawberry/908.jpg,Strawberry,fresh,5,0,10,Strawberry_fresh,177
data/raw/FRUIT-16K/F_Strawberry/909.jpg,Strawberry,fresh,5,0,10,Strawberry_fresh,177
data/raw/FRUIT-16K/F_Strawberry/910.jpg,Strawberry,fresh,5,0,10,Strawberry_fresh,177
data/raw/FRUIT-16K/F_Strawberry/911.jpg,Strawberry,fresh,5,0,10,Strawberry_fresh,177
data/raw/FRUIT-16K/F_Strawberry/912.jpg,Strawberry,fresh,5,0,10,Strawberry_fresh,177
data/raw/FRUIT-16K/F_Strawberry/913.jpg,Strawberry,fresh,5,0,10,Strawberry_fresh,177
data/raw/FRUIT-16K/F_Strawberry/914.jpg,Strawberry,fresh,5,0,10,Strawberry_fresh,177
data/raw/FRUIT-16K/F_Strawberry/915.jpg,Strawberry,fresh,5,0,10,Strawberry_fresh,177
data/raw/FRUIT-16K/F_Strawberry/916.jpg,Strawberry,fresh,5,0,10,Strawberry_fresh,177
data/raw/FRUIT-16K/F_Strawberry/917.jpg,Strawberry,fresh,5,0,10,Strawberry_fresh,177
data/raw/FRUIT-16K/F_Strawberry/918.jpg,Strawberry,fresh,5,0,10,Strawberry_fresh,177
data/raw/FRUIT-16K/F_Strawberry/919.jpg,Strawberry,fresh,5,0,10,Strawberry_fresh,177
data/raw/FRUIT-16K/F_Strawberry/920.jpg,Strawberry,fresh,5,0,10,Strawberry_fresh,177
data/raw/FRUIT-16K/F_Strawberry/921.jpg,Strawberry,fresh,5,0,10,Strawberry_fresh,177
data/raw/FRUIT-16K/F_Strawberry/922.jpg,Strawberry,fresh,5,0,10,Strawberry_fresh,177
data/raw/FRUIT-16K/F_Strawberry/923.jpg,Strawberry,fresh,5,0,10,Strawberry_fresh,177
data/raw/FRUIT-16K/F_Strawberry/924.jpg,Strawberry,fresh,5,0,10,Strawberry_fresh,177
data/raw/FRUIT-16K/F_Strawberry/925.jpg,Strawberry,fresh,5,0,10,Strawberry_fresh,177
data/raw/FRUIT-16K/F_Strawberry/951.jpg,Strawberry,fresh,5,0,10,Strawberry_fresh,179
data/raw/FRUIT-16K/F_Strawberry/952.jpg,Strawberry,fresh,5,0,10,Strawberry_fresh,179
data/raw/FRUIT-16K/F_Strawberry/953.jpg,Strawberry,fresh,5,0,10,Strawberry_fresh,179
data/raw/FRUIT-16K/F_Strawberry/954.jpg,Strawberry,fresh,5,0,10,Strawberry_fresh,179
data/raw/FRUIT-16K/F_Strawberry/955.jpg,Strawberry,fresh,5,0,10,Strawberry_fresh,179
data/raw/FRUIT-16K/F_Strawberry/956.jpg,Strawberry,fresh,5,0,10,Strawberry_fresh,179
data/raw/FRUIT-16K/F_Strawberry/957.jpg,Strawberry,fresh,5,0,10,Strawberry_fresh,179
data/raw/FRUIT-16K/F_Strawberry/958.jpg,Strawberry,fresh,5,0,10,Strawberry_fresh,179
data/raw/FRUIT-16K/F_Strawberry/959.jpg,Strawberry,fresh,5,0,10,Strawberry_fresh,179
data/raw/FRUIT-16K/F_Strawberry/960.jpg,Strawberry,fresh,5,0,10,Strawberry_fresh,179
data/raw/FRUIT-16K/F_Strawberry/961.jpg,Strawberry,fresh,5,0,10,Strawberry_fresh,179
data/raw/FRUIT-16K/F_Strawberry/962.jpg,Strawberry,fresh,5,0,10,Strawberry_fresh,179
data/raw/FRUIT-16K/F_Strawberry/963.jpg,Strawberry,fresh,5,0,10,Strawberry_fresh,179
data/raw/FRUIT-16K/F_Strawberry/964.jpg,Strawberry,fresh,5,0,10,Strawberry_fresh,179
data/raw/FRUIT-16K/F_Strawberry/965.jpg,Strawberry,fresh,5,0,10,Strawberry_fresh,179
data/raw/FRUIT-16K/F_Strawberry/966.jpg,Strawberry,fresh,5,0,10,Strawberry_fresh,179
data/raw/FRUIT-16K/F_Strawberry/967.jpg,Strawberry,fresh,5,0,10,Strawberry_fresh,179
data/raw/FRUIT-16K/F_Strawberry/968.jpg,Strawberry,fresh,5,0,10,Strawberry_fresh,179
data/raw/FRUIT-16K/F_Strawberry/969.jpg,Strawberry,fresh,5,0,10,Strawberry_fresh,179
data/raw/FRUIT-16K/F_Strawberry/970.jpg,Strawberry,fresh,5,0,10,Strawberry_fresh,179
data/raw/FRUIT-16K/F_Strawberry/971.jpg,Strawberry,fresh,5,0,10,Strawberry_fresh,179
data/raw/FRUIT-16K/F_Strawberry/972.jpg,Strawberry,fresh,5,0,10,Strawberry_fresh,179
data/raw/FRUIT-16K/F_Strawberry/973.jpg,Strawberry,fresh,5,0,10,Strawberry_fresh,179
data/raw/FRUIT-16K/F_Strawberry/974.jpg,Strawberry,fresh,5,0,10,Strawberry_fresh,179
data/raw/FRUIT-16K/F_Strawberry/975.jpg,Strawberry,fresh,5,0,10,Strawberry_fresh,179
data/raw/FRUIT-16K/F_Tamarillo/1.jpg,Tamarillo,fresh,6,0,12,Tamarillo_fresh,181
data/raw/FRUIT-16K/F_Tamarillo/2.jpg,Tamarillo,fresh,6,0,12,Tamarillo_fresh,181
data/raw/FRUIT-16K/F_Tamarillo/3.jpg,Tamarillo,fresh,6,0,12,Tamarillo_fresh,181
data/raw/FRUIT-16K/F_Tamarillo/4.jpg,Tamarillo,fresh,6,0,12,Tamarillo_fresh,181
data/raw/FRUIT-16K/F_Tamarillo/6.jpg,Tamarillo,fresh,6,0,12,Tamarillo_fresh,181
data/raw/FRUIT-16K/F_Tamarillo/8.jpg,Tamarillo,fresh,6,0,12,Tamarillo_fresh,181
data/raw/FRUIT-16K/F_Tamarillo/10.jpg,Tamarillo,fresh,6,0,12,Tamarillo_fresh,181
data/raw/FRUIT-16K/F_Tamarillo/12.jpg,Tamarillo,fresh,6,0,12,Tamarillo_fresh,181
data/raw/FRUIT-16K/F_Tamarillo/13.jpg,Tamarillo,fresh,6,0,12,Tamarillo_fresh,181
data/raw/FRUIT-16K/F_Tamarillo/15.jpg,Tamarillo,fresh,6,0,12,Tamarillo_fresh,181
data/raw/FRUIT-16K/F_Tamarillo/16.jpg,Tamarillo,fresh,6,0,12,Tamarillo_fresh,181
data/raw/FRUIT-16K/F_Tamarillo/17.jpg,Tamarillo,fresh,6,0,12,Tamarillo_fresh,181
data/raw/FRUIT-16K/F_Tamarillo/18.jpg,Tamarillo,fresh,6,0,12,Tamarillo_fresh,181
data/raw/FRUIT-16K/F_Tamarillo/19.jpg,Tamarillo,fresh,6,0,12,Tamarillo_fresh,181
data/raw/FRUIT-16K/F_Tamarillo/20.jpg,Tamarillo,fresh,6,0,12,Tamarillo_fresh,181
data/raw/FRUIT-16K/F_Tamarillo/21.jpg,Tamarillo,fresh,6,0,12,Tamarillo_fresh,181
data/raw/FRUIT-16K/F_Tamarillo/23.jpg,Tamarillo,fresh,6,0,12,Tamarillo_fresh,181
data/raw/FRUIT-16K/F_Tamarillo/25.jpg,Tamarillo,fresh,6,0,12,Tamarillo_fresh,181
data/raw/FRUIT-16K/F_Tamarillo/27.jpg,Tamarillo,fresh,6,0,12,Tamarillo_fresh,182
data/raw/FRUIT-16K/F_Tamarillo/29.jpg,Tamarillo,fresh,6,0,12,Tamarillo_fresh,182
data/raw/FRUIT-16K/F_Tamarillo/30.jpg,Tamarillo,fresh,6,0,12,Tamarillo_fresh,182
data/raw/FRUIT-16K/F_Tamarillo/32.jpg,Tamarillo,fresh,6,0,12,Tamarillo_fresh,182
data/raw/FRUIT-16K/F_Tamarillo/33.jpg,Tamarillo,fresh,6,0,12,Tamarillo_fresh,182
data/raw/FRUIT-16K/F_Tamarillo/34.jpg,Tamarillo,fresh,6,0,12,Tamarillo_fresh,182
data/raw/FRUIT-16K/F_Tamarillo/35.jpg,Tamarillo,fresh,6,0,12,Tamarillo_fresh,182
data/raw/FRUIT-16K/F_Tamarillo/36.jpg,Tamarillo,fresh,6,0,12,Tamarillo_fresh,182
data/raw/FRUIT-16K/F_Tamarillo/37.jpg,Tamarillo,fresh,6,0,12,Tamarillo_fresh,182
data/raw/FRUIT-16K/F_Tamarillo/38.jpg,Tamarillo,fresh,6,0,12,Tamarillo_fresh,182
data/raw/FRUIT-16K/F_Tamarillo/40.jpg,Tamarillo,fresh,6,0,12,Tamarillo_fresh,182
data/raw/FRUIT-16K/F_Tamarillo/42.jpg,Tamarillo,fresh,6,0,12,Tamarillo_fresh,182
data/raw/FRUIT-16K/F_Tamarillo/44.jpg,Tamarillo,fresh,6,0,12,Tamarillo_fresh,182
data/raw/FRUIT-16K/F_Tamarillo/46.jpg,Tamarillo,fresh,6,0,12,Tamarillo_fresh,182
data/raw/FRUIT-16K/F_Tamarillo/47.jpg,Tamarillo,fresh,6,0,12,Tamarillo_fresh,182
data/raw/FRUIT-16K/F_Tamarillo/49.jpg,Tamarillo,fresh,6,0,12,Tamarillo_fresh,182
data/raw/FRUIT-16K/F_Tamarillo/50.jpg,Tamarillo,fresh,6,0,12,Tamarillo_fresh,182
data/raw/FRUIT-16K/F_Tamarillo/51.jpg,Tamarillo,fresh,6,0,12,Tamarillo_fresh,183
data/raw/FRUIT-16K/F_Tamarillo/52.jpg,Tamarillo,fresh,6,0,12,Tamarillo_fresh,183
data/raw/FRUIT-16K/F_Tamarillo/53.jpg,Tamarillo,fresh,6,0,12,Tamarillo_fresh,183
data/raw/FRUIT-16K/F_Tamarillo/54.jpg,Tamarillo,fresh,6,0,12,Tamarillo_fresh,183
data/raw/FRUIT-16K/F_Tamarillo/55.jpg,Tamarillo,fresh,6,0,12,Tamarillo_fresh,183
data/raw/FRUIT-16K/F_Tamarillo/57.jpg,Tamarillo,fresh,6,0,12,Tamarillo_fresh,183
data/raw/FRUIT-16K/F_Tamarillo/59.jpg,Tamarillo,fresh,6,0,12,Tamarillo_fresh,183
data/raw/FRUIT-16K/F_Tamarillo/61.jpg,Tamarillo,fresh,6,0,12,Tamarillo_fresh,183
data/raw/FRUIT-16K/F_Tamarillo/63.jpg,Tamarillo,fresh,6,0,12,Tamarillo_fresh,183
data/raw/FRUIT-16K/F_Tamarillo/64.jpg,Tamarillo,fresh,6,0,12,Tamarillo_fresh,183
data/raw/FRUIT-16K/F_Tamarillo/66.jpg,Tamarillo,fresh,6,0,12,Tamarillo_fresh,183
data/raw/FRUIT-16K/F_Tamarillo/67.jpg,Tamarillo,fresh,6,0,12,Tamarillo_fresh,183
data/raw/FRUIT-16K/F_Tamarillo/68.jpg,Tamarillo,fresh,6,0,12,Tamarillo_fresh,183
data/raw/FRUIT-16K/F_Tamarillo/69.jpg,Tamarillo,fresh,6,0,12,Tamarillo_fresh,183
data/raw/FRUIT-16K/F_Tamarillo/70.jpg,Tamarillo,fresh,6,0,12,Tamarillo_fresh,183
data/raw/FRUIT-16K/F_Tamarillo/71.jpg,Tamarillo,fresh,6,0,12,Tamarillo_fresh,183
data/raw/FRUIT-16K/F_Tamarillo/72.jpg,Tamarillo,fresh,6,0,12,Tamarillo_fresh,183
data/raw/FRUIT-16K/F_Tamarillo/74.jpg,Tamarillo,fresh,6,0,12,Tamarillo_fresh,183
data/raw/FRUIT-16K/F_Tamarillo/101.jpg,Tamarillo,fresh,6,0,12,Tamarillo_fresh,185
data/raw/FRUIT-16K/F_Tamarillo/102.jpg,Tamarillo,fresh,6,0,12,Tamarillo_fresh,185
data/raw/FRUIT-16K/F_Tamarillo/103.jpg,Tamarillo,fresh,6,0,12,Tamarillo_fresh,185
data/raw/FRUIT-16K/F_Tamarillo/104.jpg,Tamarillo,fresh,6,0,12,Tamarillo_fresh,185
data/raw/FRUIT-16K/F_Tamarillo/105.jpg,Tamarillo,fresh,6,0,12,Tamarillo_fresh,185
data/raw/FRUIT-16K/F_Tamarillo/106.jpg,Tamarillo,fresh,6,0,12,Tamarillo_fresh,185
data/raw/FRUIT-16K/F_Tamarillo/108.jpg,Tamarillo,fresh,6,0,12,Tamarillo_fresh,185
data/raw/FRUIT-16K/F_Tamarillo/110.jpg,Tamarillo,fresh,6,0,12,Tamarillo_fresh,185
data/raw/FRUIT-16K/F_Tamarillo/112.jpg,Tamarillo,fresh,6,0,12,Tamarillo_fresh,185
data/raw/FRUIT-16K/F_Tamarillo/114.jpg,Tamarillo,fresh,6,0,12,Tamarillo_fresh,185
data/raw/FRUIT-16K/F_Tamarillo/115.jpg,Tamarillo,fresh,6,0,12,Tamarillo_fresh,185
data/raw/FRUIT-16K/F_Tamarillo/117.jpg,Tamarillo,fresh,6,0,12,Tamarillo_fresh,185
data/raw/FRUIT-16K/F_Tamarillo/118.jpg,Tamarillo,fresh,6,0,12,Tamarillo_fresh,185
data/raw/FRUIT-16K/F_Tamarillo/119.jpg,Tamarillo,fresh,6,0,12,Tamarillo_fresh,185
data/raw/FRUIT-16K/F_Tamarillo/120.jpg,Tamarillo,fresh,6,0,12,Tamarillo_fresh,185
data/raw/FRUIT-16K/F_Tamarillo/121.jpg,Tamarillo,fresh,6,0,12,Tamarillo_fresh,185
data/raw/FRUIT-16K/F_Tamarillo/122.jpg,Tamarillo,fresh,6,0,12,Tamarillo_fresh,185
data/raw/FRUIT-16K/F_Tamarillo/123.jpg,Tamarillo,fresh,6,0,12,Tamarillo_fresh,185
data/raw/FRUIT-16K/F_Tamarillo/125.jpg,Tamarillo,fresh,6,0,12,Tamarillo_fresh,185
data/raw/FRUIT-16K/F_Tamarillo/151.jpg,Tamarillo,fresh,6,0,12,Tamarillo_fresh,187
data/raw/FRUIT-16K/F_Tamarillo/152.jpg,Tamarillo,fresh,6,0,12,Tamarillo_fresh,187
data/raw/FRUIT-16K/F_Tamarillo/153.jpg,Tamarillo,fresh,6,0,12,Tamarillo_fresh,187
data/raw/FRUIT-16K/F_Tamarillo/154.jpg,Tamarillo,fresh,6,0,12,Tamarillo_fresh,187
data/raw/FRUIT-16K/F_Tamarillo/155.jpg,Tamarillo,fresh,6,0,12,Tamarillo_fresh,187
data/raw/FRUIT-16K/F_Tamarillo/156.jpg,Tamarillo,fresh,6,0,12,Tamarillo_fresh,187
data/raw/FRUIT-16K/F_Tamarillo/157.jpg,Tamarillo,fresh,6,0,12,Tamarillo_fresh,187
data/raw/FRUIT-16K/F_Tamarillo/159.jpg,Tamarillo,fresh,6,0,12,Tamarillo_fresh,187
data/raw/FRUIT-16K/F_Tamarillo/161.jpg,Tamarillo,fresh,6,0,12,Tamarillo_fresh,187
data/raw/FRUIT-16K/F_Tamarillo/163.jpg,Tamarillo,fresh,6,0,12,Tamarillo_fresh,187
data/raw/FRUIT-16K/F_Tamarillo/165.jpg,Tamarillo,fresh,6,0,12,Tamarillo_fresh,187
data/raw/FRUIT-16K/F_Tamarillo/166.jpg,Tamarillo,fresh,6,0,12,Tamarillo_fresh,187
data/raw/FRUIT-16K/F_Tamarillo/168.jpg,Tamarillo,fresh,6,0,12,Tamarillo_fresh,187
data/raw/FRUIT-16K/F_Tamarillo/169.jpg,Tamarillo,fresh,6,0,12,Tamarillo_fresh,187
data/raw/FRUIT-16K/F_Tamarillo/170.jpg,Tamarillo,fresh,6,0,12,Tamarillo_fresh,187
data/raw/FRUIT-16K/F_Tamarillo/171.jpg,Tamarillo,fresh,6,0,12,Tamarillo_fresh,187
data/raw/FRUIT-16K/F_Tamarillo/172.jpg,Tamarillo,fresh,6,0,12,Tamarillo_fresh,187
data/raw/FRUIT-16K/F_Tamarillo/173.jpg,Tamarillo,fresh,6,0,12,Tamarillo_fresh,187
data/raw/FRUIT-16K/F_Tamarillo/174.jpg,Tamarillo,fresh,6,0,12,Tamarillo_fresh,187
data/raw/FRUIT-16K/F_Tamarillo/176.jpg,Tamarillo,fresh,6,0,12,Tamarillo_fresh,188
data/raw/FRUIT-16K/F_Tamarillo/178.jpg,Tamarillo,fresh,6,0,12,Tamarillo_fresh,188
data/raw/FRUIT-16K/F_Tamarillo/180.jpg,Tamarillo,fresh,6,0,12,Tamarillo_fresh,188
data/raw/FRUIT-16K/F_Tamarillo/182.jpg,Tamarillo,fresh,6,0,12,Tamarillo_fresh,188
data/raw/FRUIT-16K/F_Tamarillo/183.jpg,Tamarillo,fresh,6,0,12,Tamarillo_fresh,188
data/raw/FRUIT-16K/F_Tamarillo/185.jpg,Tamarillo,fresh,6,0,12,Tamarillo_fresh,188
data/raw/FRUIT-16K/F_Tamarillo/186.jpg,Tamarillo,fresh,6,0,12,Tamarillo_fresh,188
data/raw/FRUIT-16K/F_Tamarillo/187.jpg,Tamarillo,fresh,6,0,12,Tamarillo_fresh,188
data/raw/FRUIT-16K/F_Tamarillo/188.jpg,Tamarillo,fresh,6,0,12,Tamarillo_fresh,188
data/raw/FRUIT-16K/F_Tamarillo/189.jpg,Tamarillo,fresh,6,0,12,Tamarillo_fresh,188
data/raw/FRUIT-16K/F_Tamarillo/190.jpg,Tamarillo,fresh,6,0,12,Tamarillo_fresh,188
data/raw/FRUIT-16K/F_Tamarillo/191.jpg,Tamarillo,fresh,6,0,12,Tamarillo_fresh,188
data/raw/FRUIT-16K/F_Tamarillo/193.jpg,Tamarillo,fresh,6,0,12,Tamarillo_fresh,188
data/raw/FRUIT-16K/F_Tamarillo/195.jpg,Tamarillo,fresh,6,0,12,Tamarillo_fresh,188
data/raw/FRUIT-16K/F_Tamarillo/197.jpg,Tamarillo,fresh,6,0,12,Tamarillo_fresh,188
data/raw/FRUIT-16K/F_Tamarillo/199.jpg,Tamarillo,fresh,6,0,12,Tamarillo_fresh,188
data/raw/FRUIT-16K/F_Tamarillo/200.jpg,Tamarillo,fresh,6,0,12,Tamarillo_fresh,188
data/raw/FRUIT-16K/F_Tamarillo/202.jpg,Tamarillo,fresh,6,0,12,Tamarillo_fresh,187
data/raw/FRUIT-16K/F_Tamarillo/203.jpg,Tamarillo,fresh,6,0,12,Tamarillo_fresh,187
data/raw/FRUIT-16K/F_Tamarillo/204.jpg,Tamarillo,fresh,6,0,12,Tamarillo_fresh,187
data/raw/FRUIT-16K/F_Tamarillo/205.jpg,Tamarillo,fresh,6,0,12,Tamarillo_fresh,187
data/raw/FRUIT-16K/F_Tamarillo/206.jpg,Tamarillo,fresh,6,0,12,Tamarillo_fresh,187
data/raw/FRUIT-16K/F_Tamarillo/207.jpg,Tamarillo,fresh,6,0,12,Tamarillo_fresh,187
data/raw/FRUIT-16K/F_Tamarillo/208.jpg,Tamarillo,fresh,6,0,12,Tamarillo_fresh,187
data/raw/FRUIT-16K/F_Tamarillo/210.jpg,Tamarillo,fresh,6,0,12,Tamarillo_fresh,187
data/raw/FRUIT-16K/F_Tamarillo/212.jpg,Tamarillo,fresh,6,0,12,Tamarillo_fresh,187
data/raw/FRUIT-16K/F_Tamarillo/214.jpg,Tamarillo,fresh,6,0,12,Tamarillo_fresh,187
data/raw/FRUIT-16K/F_Tamarillo/216.jpg,Tamarillo,fresh,6,0,12,Tamarillo_fresh,187
data/raw/FRUIT-16K/F_Tamarillo/217.jpg,Tamarillo,fresh,6,0,12,Tamarillo_fresh,187
data/raw/FRUIT-16K/F_Tamarillo/219.jpg,Tamarillo,fresh,6,0,12,Tamarillo_fresh,187
data/raw/FRUIT-16K/F_Tamarillo/220.jpg,Tamarillo,fresh,6,0,12,Tamarillo_fresh,187
data/raw/FRUIT-16K/F_Tamarillo/221.jpg,Tamarillo,fresh,6,0,12,Tamarillo_fresh,187
data/raw/FRUIT-16K/F_Tamarillo/222.jpg,Tamarillo,fresh,6,0,12,Tamarillo_fresh,187
data/raw/FRUIT-16K/F_Tamarillo/223.jpg,Tamarillo,fresh,6,0,12,Tamarillo_fresh,187
data/raw/FRUIT-16K/F_Tamarillo/224.jpg,Tamarillo,fresh,6,0,12,Tamarillo_fresh,187
data/raw/FRUIT-16K/F_Tamarillo/225.jpg,Tamarillo,fresh,6,0,12,Tamarillo_fresh,187
data/raw/FRUIT-16K/F_Tamarillo/227.jpg,Tamarillo,fresh,6,0,12,Tamarillo_fresh,189
data/raw/FRUIT-16K/F_Tamarillo/229.jpg,Tamarillo,fresh,6,0,12,Tamarillo_fresh,189
data/raw/FRUIT-16K/F_Tamarillo/231.jpg,Tamarillo,fresh,6,0,12,Tamarillo_fresh,189
data/raw/FRUIT-16K/F_Tamarillo/233.jpg,Tamarillo,fresh,6,0,12,Tamarillo_fresh,189
data/raw/FRUIT-16K/F_Tamarillo/234.jpg,Tamarillo,fresh,6,0,12,Tamarillo_fresh,189
data/raw/FRUIT-16K/F_Tamarillo/236.jpg,Tamarillo,fresh,6,0,12,Tamarillo_fresh,189
data/raw/FRUIT-16K/F_Tamarillo/237.jpg,Tamarillo,fresh,6,0,12,Tamarillo_fresh,189
data/raw/FRUIT-16K/F_Tamarillo/238.jpg,Tamarillo,fresh,6,0,12,Tamarillo_fresh,189
data/raw/FRUIT-16K/F_Tamarillo/239.jpg,Tamarillo,fresh,6,0,12,Tamarillo_fresh,189
data/raw/FRUIT-16K/F_Tamarillo/240.jpg,Tamarillo,fresh,6,0,12,Tamarillo_fresh,189
data/raw/FRUIT-16K/F_Tamarillo/241.jpg,Tamarillo,fresh,6,0,12,Tamarillo_fresh,189
data/raw/FRUIT-16K/F_Tamarillo/242.jpg,Tamarillo,fresh,6,0,12,Tamarillo_fresh,189
data/raw/FRUIT-16K/F_Tamarillo/244.jpg,Tamarillo,fresh,6,0,12,Tamarillo_fresh,189
data/raw/FRUIT-16K/F_Tamarillo/246.jpg,Tamarillo,fresh,6,0,12,Tamarillo_fresh,189
data/raw/FRUIT-16K/F_Tamarillo/248.jpg,Tamarillo,fresh,6,0,12,Tamarillo_fresh,189
data/raw/FRUIT-16K/F_Tamarillo/250.jpg,Tamarillo,fresh,6,0,12,Tamarillo_fresh,189
data/raw/FRUIT-16K/F_Tamarillo/251.jpg,Tamarillo,fresh,6,0,12,Tamarillo_fresh,190
data/raw/FRUIT-16K/F_Tamarillo/253.jpg,Tamarillo,fresh,6,0,12,Tamarillo_fresh,190
data/raw/FRUIT-16K/F_Tamarillo/254.jpg,Tamarillo,fresh,6,0,12,Tamarillo_fresh,190
data/raw/FRUIT-16K/F_Tamarillo/255.jpg,Tamarillo,fresh,6,0,12,Tamarillo_fresh,190
data/raw/FRUIT-16K/F_Tamarillo/256.jpg,Tamarillo,fresh,6,0,12,Tamarillo_fresh,190
data/raw/FRUIT-16K/F_Tamarillo/257.jpg,Tamarillo,fresh,6,0,12,Tamarillo_fresh,190
data/raw/FRUIT-16K/F_Tamarillo/258.jpg,Tamarillo,fresh,6,0,12,Tamarillo_fresh,190
data/raw/FRUIT-16K/F_Tamarillo/259.jpg,Tamarillo,fresh,6,0,12,Tamarillo_fresh,190
data/raw/FRUIT-16K/F_Tamarillo/261.jpg,Tamarillo,fresh,6,0,12,Tamarillo_fresh,190
data/raw/FRUIT-16K/F_Tamarillo/263.jpg,Tamarillo,fresh,6,0,12,Tamarillo_fresh,190
data/raw/FRUIT-16K/F_Tamarillo/265.jpg,Tamarillo,fresh,6,0,12,Tamarillo_fresh,190
data/raw/FRUIT-16K/F_Tamarillo/267.jpg,Tamarillo,fresh,6,0,12,Tamarillo_fresh,190
data/raw/FRUIT-16K/F_Tamarillo/268.jpg,Tamarillo,fresh,6,0,12,Tamarillo_fresh,190
data/raw/FRUIT-16K/F_Tamarillo/270.jpg,Tamarillo,fresh,6,0,12,Tamarillo_fresh,190
data/raw/FRUIT-16K/F_Tamarillo/271.jpg,Tamarillo,fresh,6,0,12,Tamarillo_fresh,190
data/raw/FRUIT-16K/F_Tamarillo/272.jpg,Tamarillo,fresh,6,0,12,Tamarillo_fresh,190
data/raw/FRUIT-16K/F_Tamarillo/273.jpg,Tamarillo,fresh,6,0,12,Tamarillo_fresh,190
data/raw/FRUIT-16K/F_Tamarillo/274.jpg,Tamarillo,fresh,6,0,12,Tamarillo_fresh,190
data/raw/FRUIT-16K/F_Tamarillo/275.jpg,Tamarillo,fresh,6,0,12,Tamarillo_fresh,190
data/raw/FRUIT-16K/F_Tamarillo/301.jpg,Tamarillo,fresh,6,0,12,Tamarillo_fresh,192
data/raw/FRUIT-16K/F_Tamarillo/302.jpg,Tamarillo,fresh,6,0,12,Tamarillo_fresh,192
data/raw/FRUIT-16K/F_Tamarillo/304.jpg,Tamarillo,fresh,6,0,12,Tamarillo_fresh,192
data/raw/FRUIT-16K/F_Tamarillo/305.jpg,Tamarillo,fresh,6,0,12,Tamarillo_fresh,192
data/raw/FRUIT-16K/F_Tamarillo/306.jpg,Tamarillo,fresh,6,0,12,Tamarillo_fresh,192
data/raw/FRUIT-16K/F_Tamarillo/307.jpg,Tamarillo,fresh,6,0,12,Tamarillo_fresh,192
data/raw/FRUIT-16K/F_Tamarillo/308.jpg,Tamarillo,fresh,6,0,12,Tamarillo_fresh,192
data/raw/FRUIT-16K/F_Tamarillo/309.jpg,Tamarillo,fresh,6,0,12,Tamarillo_fresh,192
data/raw/FRUIT-16K/F_Tamarillo/310.jpg,Tamarillo,fresh,6,0,12,Tamarillo_fresh,192
data/raw/FRUIT-16K/F_Tamarillo/312.jpg,Tamarillo,fresh,6,0,12,Tamarillo_fresh,192
data/raw/FRUIT-16K/F_Tamarillo/314.jpg,Tamarillo,fresh,6,0,12,Tamarillo_fresh,192
data/raw/FRUIT-16K/F_Tamarillo/316.jpg,Tamarillo,fresh,6,0,12,Tamarillo_fresh,192
data/raw/FRUIT-16K/F_Tamarillo/318.jpg,Tamarillo,fresh,6,0,12,Tamarillo_fresh,192
data/raw/FRUIT-16K/F_Tamarillo/319.jpg,Tamarillo,fresh,6,0,12,Tamarillo_fresh,192
data/raw/FRUIT-16K/F_Tamarillo/321.jpg,Tamarillo,fresh,6,0,12,Tamarillo_fresh,192
data/raw/FRUIT-16K/F_Tamarillo/322.jpg,Tamarillo,fresh,6,0,12,Tamarillo_fresh,192
data/raw/FRUIT-16K/F_Tamarillo/323.jpg,Tamarillo,fresh,6,0,12,Tamarillo_fresh,192
data/raw/FRUIT-16K/F_Tamarillo/324.jpg,Tamarillo,fresh,6,0,12,Tamarillo_fresh,192
data/raw/FRUIT-16K/F_Tamarillo/325.jpg,Tamarillo,fresh,6,0,12,Tamarillo_fresh,192
data/raw/FRUIT-16K/F_Tamarillo/326.jpg,Tamarillo,fresh,6,0,12,Tamarillo_fresh,193
data/raw/FRUIT-16K/F_Tamarillo/327.jpg,Tamarillo,fresh,6,0,12,Tamarillo_fresh,193
data/raw/FRUIT-16K/F_Tamarillo/329.jpg,Tamarillo,fresh,6,0,12,Tamarillo_fresh,193
data/raw/FRUIT-16K/F_Tamarillo/331.jpg,Tamarillo,fresh,6,0,12,Tamarillo_fresh,193
data/raw/FRUIT-16K/F_Tamarillo/333.jpg,Tamarillo,fresh,6,0,12,Tamarillo_fresh,193
data/raw/FRUIT-16K/F_Tamarillo/335.jpg,Tamarillo,fresh,6,0,12,Tamarillo_fresh,193
data/raw/FRUIT-16K/F_Tamarillo/336.jpg,Tamarillo,fresh,6,0,12,Tamarillo_fresh,193
data/raw/FRUIT-16K/F_Tamarillo/338.jpg,Tamarillo,fresh,6,0,12,Tamarillo_fresh,193
data/raw/FRUIT-16K/F_Tamarillo/339.jpg,Tamarillo,fresh,6,0,12,Tamarillo_fresh,193
data/raw/FRUIT-16K/F_Tamarillo/340.jpg,Tamarillo,fresh,6,0,12,Tamarillo_fresh,193
data/raw/FRUIT-16K/F_Tamarillo/341.jpg,Tamarillo,fresh,6,0,12,Tamarillo_fresh,193
data/raw/FRUIT-16K/F_Tamarillo/342.jpg,Tamarillo,fresh,6,0,12,Tamarillo_fresh,193
data/raw/FRUIT-16K/F_Tamarillo/343.jpg,Tamarillo,fresh,6,0,12,Tamarillo_fresh,193
data/raw/FRUIT-16K/F_Tamarillo/344.jpg,Tamarillo,fresh,6,0,12,Tamarillo_fresh,193
data/raw/FRUIT-16K/F_Tamarillo/346.jpg,Tamarillo,fresh,6,0,12,Tamarillo_fresh,193
data/raw/FRUIT-16K/F_Tamarillo/348.jpg,Tamarillo,fresh,6,0,12,Tamarillo_fresh,193
data/raw/FRUIT-16K/F_Tamarillo/350.jpg,Tamarillo,fresh,6,0,12,Tamarillo_fresh,193
data/raw/FRUIT-16K/F_Tamarillo/352.jpg,Tamarillo,fresh,6,0,12,Tamarillo_fresh,194
data/raw/FRUIT-16K/F_Tamarillo/353.jpg,Tamarillo,fresh,6,0,12,Tamarillo_fresh,194
data/raw/FRUIT-16K/F_Tamarillo/355.jpg,Tamarillo,fresh,6,0,12,Tamarillo_fresh,194
data/raw/FRUIT-16K/F_Tamarillo/356.jpg,Tamarillo,fresh,6,0,12,Tamarillo_fresh,194
data/raw/FRUIT-16K/F_Tamarillo/357.jpg,Tamarillo,fresh,6,0,12,Tamarillo_fresh,194
data/raw/FRUIT-16K/F_Tamarillo/358.jpg,Tamarillo,fresh,6,0,12,Tamarillo_fresh,194
data/raw/FRUIT-16K/F_Tamarillo/359.jpg,Tamarillo,fresh,6,0,12,Tamarillo_fresh,194
data/raw/FRUIT-16K/F_Tamarillo/360.jpg,Tamarillo,fresh,6,0,12,Tamarillo_fresh,194
data/raw/FRUIT-16K/F_Tamarillo/361.jpg,Tamarillo,fresh,6,0,12,Tamarillo_fresh,194
data/raw/FRUIT-16K/F_Tamarillo/363.jpg,Tamarillo,fresh,6,0,12,Tamarillo_fresh,194
data/raw/FRUIT-16K/F_Tamarillo/365.jpg,Tamarillo,fresh,6,0,12,Tamarillo_fresh,194
data/raw/FRUIT-16K/F_Tamarillo/367.jpg,Tamarillo,fresh,6,0,12,Tamarillo_fresh,194
data/raw/FRUIT-16K/F_Tamarillo/369.jpg,Tamarillo,fresh,6,0,12,Tamarillo_fresh,194
data/raw/FRUIT-16K/F_Tamarillo/370.jpg,Tamarillo,fresh,6,0,12,Tamarillo_fresh,194
data/raw/FRUIT-16K/F_Tamarillo/372.jpg,Tamarillo,fresh,6,0,12,Tamarillo_fresh,194
data/raw/FRUIT-16K/F_Tamarillo/373.jpg,Tamarillo,fresh,6,0,12,Tamarillo_fresh,194
data/raw/FRUIT-16K/F_Tamarillo/374.jpg,Tamarillo,fresh,6,0,12,Tamarillo_fresh,194
data/raw/FRUIT-16K/F_Tamarillo/375.jpg,Tamarillo,fresh,6,0,12,Tamarillo_fresh,194
data/raw/FRUIT-16K/F_Tamarillo/376.jpg,Tamarillo,fresh,6,0,12,Tamarillo_fresh,195
data/raw/FRUIT-16K/F_Tamarillo/377.jpg,Tamarillo,fresh,6,0,12,Tamarillo_fresh,195
data/raw/FRUIT-16K/F_Tamarillo/378.jpg,Tamarillo,fresh,6,0,12,Tamarillo_fresh,195
data/raw/FRUIT-16K/F_Tamarillo/380.jpg,Tamarillo,fresh,6,0,12,Tamarillo_fresh,195
data/raw/FRUIT-16K/F_Tamarillo/382.jpg,Tamarillo,fresh,6,0,12,Tamarillo_fresh,195
data/raw/FRUIT-16K/F_Tamarillo/384.jpg,Tamarillo,fresh,6,0,12,Tamarillo_fresh,195
data/raw/FRUIT-16K/F_Tamarillo/386.jpg,Tamarillo,fresh,6,0,12,Tamarillo_fresh,195
data/raw/FRUIT-16K/F_Tamarillo/387.jpg,Tamarillo,fresh,6,0,12,Tamarillo_fresh,195
data/raw/FRUIT-16K/F_Tamarillo/389.jpg,Tamarillo,fresh,6,0,12,Tamarillo_fresh,195
data/raw/FRUIT-16K/F_Tamarillo/390.jpg,Tamarillo,fresh,6,0,12,Tamarillo_fresh,195
data/raw/FRUIT-16K/F_Tamarillo/391.jpg,Tamarillo,fresh,6,0,12,Tamarillo_fresh,195
data/raw/FRUIT-16K/F_Tamarillo/392.jpg,Tamarillo,fresh,6,0,12,Tamarillo_fresh,195
data/raw/FRUIT-16K/F_Tamarillo/393.jpg,Tamarillo,fresh,6,0,12,Tamarillo_fresh,195
data/raw/FRUIT-16K/F_Tamarillo/394.jpg,Tamarillo,fresh,6,0,12,Tamarillo_fresh,195
data/raw/FRUIT-16K/F_Tamarillo/395.jpg,Tamarillo,fresh,6,0,12,Tamarillo_fresh,195
data/raw/FRUIT-16K/F_Tamarillo/397.jpg,Tamarillo,fresh,6,0,12,Tamarillo_fresh,195
data/raw/FRUIT-16K/F_Tamarillo/399.jpg,Tamarillo,fresh,6,0,12,Tamarillo_fresh,195
data/raw/FRUIT-16K/F_Tamarillo/401.jpg,Tamarillo,fresh,6,0,12,Tamarillo_fresh,196
data/raw/FRUIT-16K/F_Tamarillo/403.jpg,Tamarillo,fresh,6,0,12,Tamarillo_fresh,196
data/raw/FRUIT-16K/F_Tamarillo/404.jpg,Tamarillo,fresh,6,0,12,Tamarillo_fresh,196
data/raw/FRUIT-16K/F_Tamarillo/406.jpg,Tamarillo,fresh,6,0,12,Tamarillo_fresh,196
data/raw/FRUIT-16K/F_Tamarillo/407.jpg,Tamarillo,fresh,6,0,12,Tamarillo_fresh,196
data/raw/FRUIT-16K/F_Tamarillo/409.jpg,Tamarillo,fresh,6,0,12,Tamarillo_fresh,196
data/raw/FRUIT-16K/F_Tamarillo/410.jpg,Tamarillo,fresh,6,0,12,Tamarillo_fresh,196
data/raw/FRUIT-16K/F_Tamarillo/411.jpg,Tamarillo,fresh,6,0,12,Tamarillo_fresh,196
data/raw/FRUIT-16K/F_Tamarillo/412.jpg,Tamarillo,fresh,6,0,12,Tamarillo_fresh,196
data/raw/FRUIT-16K/F_Tamarillo/413.jpg,Tamarillo,fresh,6,0,12,Tamarillo_fresh,196
data/raw/FRUIT-16K/F_Tamarillo/415.jpg,Tamarillo,fresh,6,0,12,Tamarillo_fresh,196
data/raw/FRUIT-16K/F_Tamarillo/417.jpg,Tamarillo,fresh,6,0,12,Tamarillo_fresh,196
data/raw/FRUIT-16K/F_Tamarillo/419.jpg,Tamarillo,fresh,6,0,12,Tamarillo_fresh,196
data/raw/FRUIT-16K/F_Tamarillo/421.jpg,Tamarillo,fresh,6,0,12,Tamarillo_fresh,196
data/raw/FRUIT-16K/F_Tamarillo/422.jpg,Tamarillo,fresh,6,0,12,Tamarillo_fresh,196
data/raw/FRUIT-16K/F_Tamarillo/424.jpg,Tamarillo,fresh,6,0,12,Tamarillo_fresh,196
data/raw/FRUIT-16K/F_Tamarillo/425.jpg,Tamarillo,fresh,6,0,12,Tamarillo_fresh,196
data/raw/FRUIT-16K/F_Tamarillo/427.jpg,Tamarillo,fresh,6,0,12,Tamarillo_fresh,196
data/raw/FRUIT-16K/F_Tamarillo/428.jpg,Tamarillo,fresh,6,0,12,Tamarillo_fresh,196
data/raw/FRUIT-16K/F_Tamarillo/429.jpg,Tamarillo,fresh,6,0,12,Tamarillo_fresh,196
data/raw/FRUIT-16K/F_Tamarillo/430.jpg,Tamarillo,fresh,6,0,12,Tamarillo_fresh,196
data/raw/FRUIT-16K/F_Tamarillo/431.jpg,Tamarillo,fresh,6,0,12,Tamarillo_fresh,196
data/raw/FRUIT-16K/F_Tamarillo/433.jpg,Tamarillo,fresh,6,0,12,Tamarillo_fresh,196
data/raw/FRUIT-16K/F_Tamarillo/435.jpg,Tamarillo,fresh,6,0,12,Tamarillo_fresh,196
data/raw/FRUIT-16K/F_Tamarillo/437.jpg,Tamarillo,fresh,6,0,12,Tamarillo_fresh,196
data/raw/FRUIT-16K/F_Tamarillo/439.jpg,Tamarillo,fresh,6,0,12,Tamarillo_fresh,196
data/raw/FRUIT-16K/F_Tamarillo/440.jpg,Tamarillo,fresh,6,0,12,Tamarillo_fresh,196
data/raw/FRUIT-16K/F_Tamarillo/442.jpg,Tamarillo,fresh,6,0,12,Tamarillo_fresh,196
data/raw/FRUIT-16K/F_Tamarillo/443.jpg,Tamarillo,fresh,6,0,12,Tamarillo_fresh,196
data/raw/FRUIT-16K/F_Tamarillo/445.jpg,Tamarillo,fresh,6,0,12,Tamarillo_fresh,196
data/raw/FRUIT-16K/F_Tamarillo/446.jpg,Tamarillo,fresh,6,0,12,Tamarillo_fresh,196
data/raw/FRUIT-16K/F_Tamarillo/447.jpg,Tamarillo,fresh,6,0,12,Tamarillo_fresh,196
data/raw/FRUIT-16K/F_Tamarillo/448.jpg,Tamarillo,fresh,6,0,12,Tamarillo_fresh,196
data/raw/FRUIT-16K/F_Tamarillo/449.jpg,Tamarillo,fresh,6,0,12,Tamarillo_fresh,196
data/raw/FRUIT-16K/F_Tamarillo/476.jpg,Tamarillo,fresh,6,0,12,Tamarillo_fresh,198
data/raw/FRUIT-16K/F_Tamarillo/478.jpg,Tamarillo,fresh,6,0,12,Tamarillo_fresh,198
data/raw/FRUIT-16K/F_Tamarillo/479.jpg,Tamarillo,fresh,6,0,12,Tamarillo_fresh,198
data/raw/FRUIT-16K/F_Tamarillo/481.jpg,Tamarillo,fresh,6,0,12,Tamarillo_fresh,198
data/raw/FRUIT-16K/F_Tamarillo/482.jpg,Tamarillo,fresh,6,0,12,Tamarillo_fresh,198
data/raw/FRUIT-16K/F_Tamarillo/483.jpg,Tamarillo,fresh,6,0,12,Tamarillo_fresh,198
data/raw/FRUIT-16K/F_Tamarillo/484.jpg,Tamarillo,fresh,6,0,12,Tamarillo_fresh,198
data/raw/FRUIT-16K/F_Tamarillo/485.jpg,Tamarillo,fresh,6,0,12,Tamarillo_fresh,198
data/raw/FRUIT-16K/F_Tamarillo/487.jpg,Tamarillo,fresh,6,0,12,Tamarillo_fresh,198
data/raw/FRUIT-16K/F_Tamarillo/489.jpg,Tamarillo,fresh,6,0,12,Tamarillo_fresh,198
data/raw/FRUIT-16K/F_Tamarillo/491.jpg,Tamarillo,fresh,6,0,12,Tamarillo_fresh,198
data/raw/FRUIT-16K/F_Tamarillo/493.jpg,Tamarillo,fresh,6,0,12,Tamarillo_fresh,198
data/raw/FRUIT-16K/F_Tamarillo/494.jpg,Tamarillo,fresh,6,0,12,Tamarillo_fresh,198
data/raw/FRUIT-16K/F_Tamarillo/496.jpg,Tamarillo,fresh,6,0,12,Tamarillo_fresh,198
data/raw/FRUIT-16K/F_Tamarillo/497.jpg,Tamarillo,fresh,6,0,12,Tamarillo_fresh,198
data/raw/FRUIT-16K/F_Tamarillo/499.jpg,Tamarillo,fresh,6,0,12,Tamarillo_fresh,198
data/raw/FRUIT-16K/F_Tamarillo/500.jpg,Tamarillo,fresh,6,0,12,Tamarillo_fresh,198
data/raw/FRUIT-16K/F_Tamarillo/501.jpg,Tamarillo,fresh,6,0,12,Tamarillo_fresh,198
data/raw/FRUIT-16K/F_Tamarillo/502.jpg,Tamarillo,fresh,6,0,12,Tamarillo_fresh,198
data/raw/FRUIT-16K/F_Tamarillo/503.jpg,Tamarillo,fresh,6,0,12,Tamarillo_fresh,198
data/raw/FRUIT-16K/F_Tamarillo/505.jpg,Tamarillo,fresh,6,0,12,Tamarillo_fresh,198
data/raw/FRUIT-16K/F_Tamarillo/507.jpg,Tamarillo,fresh,6,0,12,Tamarillo_fresh,198
data/raw/FRUIT-16K/F_Tamarillo/509.jpg,Tamarillo,fresh,6,0,12,Tamarillo_fresh,198
data/raw/FRUIT-16K/F_Tamarillo/511.jpg,Tamarillo,fresh,6,0,12,Tamarillo_fresh,198
data/raw/FRUIT-16K/F_Tamarillo/512.jpg,Tamarillo,fresh,6,0,12,Tamarillo_fresh,198
data/raw/FRUIT-16K/F_Tamarillo/514.jpg,Tamarillo,fresh,6,0,12,Tamarillo_fresh,198
data/raw/FRUIT-16K/F_Tamarillo/515.jpg,Tamarillo,fresh,6,0,12,Tamarillo_fresh,198
data/raw/FRUIT-16K/F_Tamarillo/517.jpg,Tamarillo,fresh,6,0,12,Tamarillo_fresh,198
data/raw/FRUIT-16K/F_Tamarillo/518.jpg,Tamarillo,fresh,6,0,12,Tamarillo_fresh,198
data/raw/FRUIT-16K/F_Tamarillo/519.jpg,Tamarillo,fresh,6,0,12,Tamarillo_fresh,198
data/raw/FRUIT-16K/F_Tamarillo/520.jpg,Tamarillo,fresh,6,0,12,Tamarillo_fresh,198
data/raw/FRUIT-16K/F_Tamarillo/521.jpg,Tamarillo,fresh,6,0,12,Tamarillo_fresh,198
data/raw/FRUIT-16K/F_Tamarillo/523.jpg,Tamarillo,fresh,6,0,12,Tamarillo_fresh,198
data/raw/FRUIT-16K/F_Tamarillo/525.jpg,Tamarillo,fresh,6,0,12,Tamarillo_fresh,198
data/raw/FRUIT-16K/F_Tamarillo/527.jpg,Tamarillo,fresh,6,0,12,Tamarillo_fresh,199
data/raw/FRUIT-16K/F_Tamarillo/529.jpg,Tamarillo,fresh,6,0,12,Tamarillo_fresh,199
data/raw/FRUIT-16K/F_Tamarillo/530.jpg,Tamarillo,fresh,6,0,12,Tamarillo_fresh,199
data/raw/FRUIT-16K/F_Tamarillo/532.jpg,Tamarillo,fresh,6,0,12,Tamarillo_fresh,199
data/raw/FRUIT-16K/F_Tamarillo/533.jpg,Tamarillo,fresh,6,0,12,Tamarillo_fresh,199
data/raw/FRUIT-16K/F_Tamarillo/535.jpg,Tamarillo,fresh,6,0,12,Tamarillo_fresh,199
data/raw/FRUIT-16K/F_Tamarillo/536.jpg,Tamarillo,fresh,6,0,12,Tamarillo_fresh,199
data/raw/FRUIT-16K/F_Tamarillo/537.jpg,Tamarillo,fresh,6,0,12,Tamarillo_fresh,199
data/raw/FRUIT-16K/F_Tamarillo/538.jpg,Tamarillo,fresh,6,0,12,Tamarillo_fresh,199
data/raw/FRUIT-16K/F_Tamarillo/539.jpg,Tamarillo,fresh,6,0,12,Tamarillo_fresh,199
data/raw/FRUIT-16K/F_Tamarillo/541.jpg,Tamarillo,fresh,6,0,12,Tamarillo_fresh,199
data/raw/FRUIT-16K/F_Tamarillo/543.jpg,Tamarillo,fresh,6,0,12,Tamarillo_fresh,199
data/raw/FRUIT-16K/F_Tamarillo/545.jpg,Tamarillo,fresh,6,0,12,Tamarillo_fresh,199
data/raw/FRUIT-16K/F_Tamarillo/547.jpg,Tamarillo,fresh,6,0,12,Tamarillo_fresh,199
data/raw/FRUIT-16K/F_Tamarillo/548.jpg,Tamarillo,fresh,6,0,12,Tamarillo_fresh,199
data/raw/FRUIT-16K/F_Tamarillo/550.jpg,Tamarillo,fresh,6,0,12,Tamarillo_fresh,199
data/raw/FRUIT-16K/F_Tamarillo/551.jpg,Tamarillo,fresh,6,0,12,Tamarillo_fresh,200
data/raw/FRUIT-16K/F_Tamarillo/553.jpg,Tamarillo,fresh,6,0,12,Tamarillo_fresh,200
data/raw/FRUIT-16K/F_Tamarillo/554.jpg,Tamarillo,fresh,6,0,12,Tamarillo_fresh,200
data/raw/FRUIT-16K/F_Tamarillo/555.jpg,Tamarillo,fresh,6,0,12,Tamarillo_fresh,200
data/raw/FRUIT-16K/F_Tamarillo/556.jpg,Tamarillo,fresh,6,0,12,Tamarillo_fresh,200
data/raw/FRUIT-16K/F_Tamarillo/557.jpg,Tamarillo,fresh,6,0,12,Tamarillo_fresh,200
data/raw/FRUIT-16K/F_Tamarillo/559.jpg,Tamarillo,fresh,6,0,12,Tamarillo_fresh,200
data/raw/FRUIT-16K/F_Tamarillo/561.jpg,Tamarillo,fresh,6,0,12,Tamarillo_fresh,200
data/raw/FRUIT-16K/F_Tamarillo/563.jpg,Tamarillo,fresh,6,0,12,Tamarillo_fresh,200
data/raw/FRUIT-16K/F_Tamarillo/565.jpg,Tamarillo,fresh,6,0,12,Tamarillo_fresh,200
data/raw/FRUIT-16K/F_Tamarillo/566.jpg,Tamarillo,fresh,6,0,12,Tamarillo_fresh,200
data/raw/FRUIT-16K/F_Tamarillo/568.jpg,Tamarillo,fresh,6,0,12,Tamarillo_fresh,200
data/raw/FRUIT-16K/F_Tamarillo/569.jpg,Tamarillo,fresh,6,0,12,Tamarillo_fresh,200
data/raw/FRUIT-16K/F_Tamarillo/571.jpg,Tamarillo,fresh,6,0,12,Tamarillo_fresh,200
data/raw/FRUIT-16K/F_Tamarillo/572.jpg,Tamarillo,fresh,6,0,12,Tamarillo_fresh,200
data/raw/FRUIT-16K/F_Tamarillo/573.jpg,Tamarillo,fresh,6,0,12,Tamarillo_fresh,200
data/raw/FRUIT-16K/F_Tamarillo/574.jpg,Tamarillo,fresh,6,0,12,Tamarillo_fresh,200
data/raw/FRUIT-16K/F_Tamarillo/575.jpg,Tamarillo,fresh,6,0,12,Tamarillo_fresh,200
data/raw/FRUIT-16K/F_Tamarillo/577.jpg,Tamarillo,fresh,6,0,12,Tamarillo_fresh,201
data/raw/FRUIT-16K/F_Tamarillo/579.jpg,Tamarillo,fresh,6,0,12,Tamarillo_fresh,201
data/raw/FRUIT-16K/F_Tamarillo/581.jpg,Tamarillo,fresh,6,0,12,Tamarillo_fresh,201
data/raw/FRUIT-16K/F_Tamarillo/583.jpg,Tamarillo,fresh,6,0,12,Tamarillo_fresh,201
data/raw/FRUIT-16K/F_Tamarillo/584.jpg,Tamarillo,fresh,6,0,12,Tamarillo_fresh,201
data/raw/FRUIT-16K/F_Tamarillo/586.jpg,Tamarillo,fresh,6,0,12,Tamarillo_fresh,201
data/raw/FRUIT-16K/F_Tamarillo/587.jpg,Tamarillo,fresh,6,0,12,Tamarillo_fresh,201
data/raw/FRUIT-16K/F_Tamarillo/589.jpg,Tamarillo,fresh,6,0,12,Tamarillo_fresh,201
data/raw/FRUIT-16K/F_Tamarillo/590.jpg,Tamarillo,fresh,6,0,12,Tamarillo_fresh,201
data/raw/FRUIT-16K/F_Tamarillo/591.jpg,Tamarillo,fresh,6,0,12,Tamarillo_fresh,201
data/raw/FRUIT-16K/F_Tamarillo/592.jpg,Tamarillo,fresh,6,0,12,Tamarillo_fresh,201
data/raw/FRUIT-16K/F_Tamarillo/593.jpg,Tamarillo,fresh,6,0,12,Tamarillo_fresh,201
data/raw/FRUIT-16K/F_Tamarillo/595.jpg,Tamarillo,fresh,6,0,12,Tamarillo_fresh,201
data/raw/FRUIT-16K/F_Tamarillo/597.jpg,Tamarillo,fresh,6,0,12,Tamarillo_fresh,201
data/raw/FRUIT-16K/F_Tamarillo/599.jpg,Tamarillo,fresh,6,0,12,Tamarillo_fresh,201
data/raw/FRUIT-16K/F_Tamarillo/676.jpg,Tamarillo,fresh,6,0,12,Tamarillo_fresh,205
data/raw/FRUIT-16K/F_Tamarillo/677.jpg,Tamarillo,fresh,6,0,12,Tamarillo_fresh,205
data/raw/FRUIT-16K/F_Tamarillo/679.jpg,Tamarillo,fresh,6,0,12,Tamarillo_fresh,205
data/raw/FRUIT-16K/F_Tamarillo/680.jpg,Tamarillo,fresh,6,0,12,Tamarillo_fresh,205
data/raw/FRUIT-16K/F_Tamarillo/681.jpg,Tamarillo,fresh,6,0,12,Tamarillo_fresh,205
data/raw/FRUIT-16K/F_Tamarillo/682.jpg,Tamarillo,fresh,6,0,12,Tamarillo_fresh,205
data/raw/FRUIT-16K/F_Tamarillo/683.jpg,Tamarillo,fresh,6,0,12,Tamarillo_fresh,205
data/raw/FRUIT-16K/F_Tamarillo/685.jpg,Tamarillo,fresh,6,0,12,Tamarillo_fresh,205
data/raw/FRUIT-16K/F_Tamarillo/687.jpg,Tamarillo,fresh,6,0,12,Tamarillo_fresh,205
data/raw/FRUIT-16K/F_Tamarillo/689.jpg,Tamarillo,fresh,6,0,12,Tamarillo_fresh,205
data/raw/FRUIT-16K/F_Tamarillo/691.jpg,Tamarillo,fresh,6,0,12,Tamarillo_fresh,205
data/raw/FRUIT-16K/F_Tamarillo/692.jpg,Tamarillo,fresh,6,0,12,Tamarillo_fresh,205
data/raw/FRUIT-16K/F_Tamarillo/694.jpg,Tamarillo,fresh,6,0,12,Tamarillo_fresh,205
data/raw/FRUIT-16K/F_Tamarillo/695.jpg,Tamarillo,fresh,6,0,12,Tamarillo_fresh,205
data/raw/FRUIT-16K/F_Tamarillo/697.jpg,Tamarillo,fresh,6,0,12,Tamarillo_fresh,205
data/raw/FRUIT-16K/F_Tamarillo/698.jpg,Tamarillo,fresh,6,0,12,Tamarillo_fresh,205
data/raw/FRUIT-16K/F_Tamarillo/699.jpg,Tamarillo,fresh,6,0,12,Tamarillo_fresh,205
data/raw/FRUIT-16K/F_Tamarillo/700.jpg,Tamarillo,fresh,6,0,12,Tamarillo_fresh,205
data/raw/FRUIT-16K/F_Tamarillo/727.jpg,Tamarillo,fresh,6,0,12,Tamarillo_fresh,207
data/raw/FRUIT-16K/F_Tamarillo/728.jpg,Tamarillo,fresh,6,0,12,Tamarillo_fresh,207
data/raw/FRUIT-16K/F_Tamarillo/730.jpg,Tamarillo,fresh,6,0,12,Tamarillo_fresh,207
data/raw/FRUIT-16K/F_Tamarillo/731.jpg,Tamarillo,fresh,6,0,12,Tamarillo_fresh,207
data/raw/FRUIT-16K/F_Tamarillo/733.jpg,Tamarillo,fresh,6,0,12,Tamarillo_fresh,207
data/raw/FRUIT-16K/F_Tamarillo/734.jpg,Tamarillo,fresh,6,0,12,Tamarillo_fresh,207
data/raw/FRUIT-16K/F_Tamarillo/735.jpg,Tamarillo,fresh,6,0,12,Tamarillo_fresh,207
data/raw/FRUIT-16K/F_Tamarillo/736.jpg,Tamarillo,fresh,6,0,12,Tamarillo_fresh,207
data/raw/FRUIT-16K/F_Tamarillo/737.jpg,Tamarillo,fresh,6,0,12,Tamarillo_fresh,207
data/raw/FRUIT-16K/F_Tamarillo/739.jpg,Tamarillo,fresh,6,0,12,Tamarillo_fresh,207
data/raw/FRUIT-16K/F_Tamarillo/741.jpg,Tamarillo,fresh,6,0,12,Tamarillo_fresh,207
data/raw/FRUIT-16K/F_Tamarillo/743.jpg,Tamarillo,fresh,6,0,12,Tamarillo_fresh,207
data/raw/FRUIT-16K/F_Tamarillo/745.jpg,Tamarillo,fresh,6,0,12,Tamarillo_fresh,207
data/raw/FRUIT-16K/F_Tamarillo/746.jpg,Tamarillo,fresh,6,0,12,Tamarillo_fresh,207
data/raw/FRUIT-16K/F_Tamarillo/748.jpg,Tamarillo,fresh,6,0,12,Tamarillo_fresh,207
data/raw/FRUIT-16K/F_Tamarillo/749.jpg,Tamarillo,fresh,6,0,12,Tamarillo_fresh,207
data/raw/FRUIT-16K/F_Tamarillo/751.jpg,Tamarillo,fresh,6,0,12,Tamarillo_fresh,208
data/raw/FRUIT-16K/F_Tamarillo/752.jpg,Tamarillo,fresh,6,0,12,Tamarillo_fresh,208
data/raw/FRUIT-16K/F_Tamarillo/753.jpg,Tamarillo,fresh,6,0,12,Tamarillo_fresh,208
data/raw/FRUIT-16K/F_Tamarillo/754.jpg,Tamarillo,fresh,6,0,12,Tamarillo_fresh,208
data/raw/FRUIT-16K/F_Tamarillo/755.jpg,Tamarillo,fresh,6,0,12,Tamarillo_fresh,208
data/raw/FRUIT-16K/F_Tamarillo/757.jpg,Tamarillo,fresh,6,0,12,Tamarillo_fresh,208
data/raw/FRUIT-16K/F_Tamarillo/759.jpg,Tamarillo,fresh,6,0,12,Tamarillo_fresh,208
data/raw/FRUIT-16K/F_Tamarillo/761.jpg,Tamarillo,fresh,6,0,12,Tamarillo_fresh,208
data/raw/FRUIT-16K/F_Tamarillo/763.jpg,Tamarillo,fresh,6,0,12,Tamarillo_fresh,208
data/raw/FRUIT-16K/F_Tamarillo/764.jpg,Tamarillo,fresh,6,0,12,Tamarillo_fresh,208
data/raw/FRUIT-16K/F_Tamarillo/766.jpg,Tamarillo,fresh,6,0,12,Tamarillo_fresh,208
data/raw/FRUIT-16K/F_Tamarillo/767.jpg,Tamarillo,fresh,6,0,12,Tamarillo_fresh,208
data/raw/FRUIT-16K/F_Tamarillo/769.jpg,Tamarillo,fresh,6,0,12,Tamarillo_fresh,208
data/raw/FRUIT-16K/F_Tamarillo/770.jpg,Tamarillo,fresh,6,0,12,Tamarillo_fresh,208
data/raw/FRUIT-16K/F_Tamarillo/771.jpg,Tamarillo,fresh,6,0,12,Tamarillo_fresh,208
data/raw/FRUIT-16K/F_Tamarillo/772.jpg,Tamarillo,fresh,6,0,12,Tamarillo_fresh,208
data/raw/FRUIT-16K/F_Tamarillo/773.jpg,Tamarillo,fresh,6,0,12,Tamarillo_fresh,208
data/raw/FRUIT-16K/F_Tamarillo/775.jpg,Tamarillo,fresh,6,0,12,Tamarillo_fresh,208
data/raw/FRUIT-16K/F_Tamarillo/802.jpg,Tamarillo,fresh,6,0,12,Tamarillo_fresh,210
data/raw/FRUIT-16K/F_Tamarillo/803.jpg,Tamarillo,fresh,6,0,12,Tamarillo_fresh,210
data/raw/FRUIT-16K/F_Tamarillo/805.jpg,Tamarillo,fresh,6,0,12,Tamarillo_fresh,210
data/raw/FRUIT-16K/F_Tamarillo/806.jpg,Tamarillo,fresh,6,0,12,Tamarillo_fresh,210
data/raw/FRUIT-16K/F_Tamarillo/807.jpg,Tamarillo,fresh,6,0,12,Tamarillo_fresh,210
data/raw/FRUIT-16K/F_Tamarillo/808.jpg,Tamarillo,fresh,6,0,12,Tamarillo_fresh,210
data/raw/FRUIT-16K/F_Tamarillo/809.jpg,Tamarillo,fresh,6,0,12,Tamarillo_fresh,210
data/raw/FRUIT-16K/F_Tamarillo/811.jpg,Tamarillo,fresh,6,0,12,Tamarillo_fresh,210
data/raw/FRUIT-16K/F_Tamarillo/813.jpg,Tamarillo,fresh,6,0,12,Tamarillo_fresh,210
data/raw/FRUIT-16K/F_Tamarillo/815.jpg,Tamarillo,fresh,6,0,12,Tamarillo_fresh,210
data/raw/FRUIT-16K/F_Tamarillo/817.jpg,Tamarillo,fresh,6,0,12,Tamarillo_fresh,210
data/raw/FRUIT-16K/F_Tamarillo/818.jpg,Tamarillo,fresh,6,0,12,Tamarillo_fresh,210
data/raw/FRUIT-16K/F_Tamarillo/820.jpg,Tamarillo,fresh,6,0,12,Tamarillo_fresh,210
data/raw/FRUIT-16K/F_Tamarillo/821.jpg,Tamarillo,fresh,6,0,12,Tamarillo_fresh,210
data/raw/FRUIT-16K/F_Tamarillo/823.jpg,Tamarillo,fresh,6,0,12,Tamarillo_fresh,210
data/raw/FRUIT-16K/F_Tamarillo/824.jpg,Tamarillo,fresh,6,0,12,Tamarillo_fresh,210
data/raw/FRUIT-16K/F_Tamarillo/825.jpg,Tamarillo,fresh,6,0,12,Tamarillo_fresh,210
data/raw/FRUIT-16K/F_Tamarillo/851.jpg,Tamarillo,fresh,6,0,12,Tamarillo_fresh,212
data/raw/FRUIT-16K/F_Tamarillo/853.jpg,Tamarillo,fresh,6,0,12,Tamarillo_fresh,212
data/raw/FRUIT-16K/F_Tamarillo/854.jpg,Tamarillo,fresh,6,0,12,Tamarillo_fresh,212
data/raw/FRUIT-16K/F_Tamarillo/856.jpg,Tamarillo,fresh,6,0,12,Tamarillo_fresh,212
data/raw/FRUIT-16K/F_Tamarillo/857.jpg,Tamarillo,fresh,6,0,12,Tamarillo_fresh,212
data/raw/FRUIT-16K/F_Tamarillo/859.jpg,Tamarillo,fresh,6,0,12,Tamarillo_fresh,212
data/raw/FRUIT-16K/F_Tamarillo/860.jpg,Tamarillo,fresh,6,0,12,Tamarillo_fresh,212
data/raw/FRUIT-16K/F_Tamarillo/861.jpg,Tamarillo,fresh,6,0,12,Tamarillo_fresh,212
data/raw/FRUIT-16K/F_Tamarillo/862.jpg,Tamarillo,fresh,6,0,12,Tamarillo_fresh,212
data/raw/FRUIT-16K/F_Tamarillo/863.jpg,Tamarillo,fresh,6,0,12,Tamarillo_fresh,212
data/raw/FRUIT-16K/F_Tamarillo/865.jpg,Tamarillo,fresh,6,0,12,Tamarillo_fresh,212
data/raw/FRUIT-16K/F_Tamarillo/867.jpg,Tamarillo,fresh,6,0,12,Tamarillo_fresh,212
data/raw/FRUIT-16K/F_Tamarillo/869.jpg,Tamarillo,fresh,6,0,12,Tamarillo_fresh,212
data/raw/FRUIT-16K/F_Tamarillo/871.jpg,Tamarillo,fresh,6,0,12,Tamarillo_fresh,212
data/raw/FRUIT-16K/F_Tamarillo/872.jpg,Tamarillo,fresh,6,0,12,Tamarillo_fresh,212
data/raw/FRUIT-16K/F_Tamarillo/874.jpg,Tamarillo,fresh,6,0,12,Tamarillo_fresh,212
data/raw/FRUIT-16K/F_Tamarillo/875.jpg,Tamarillo,fresh,6,0,12,Tamarillo_fresh,212
data/raw/FRUIT-16K/F_Tamarillo/877.jpg,Tamarillo,fresh,6,0,12,Tamarillo_fresh,213
data/raw/FRUIT-16K/F_Tamarillo/878.jpg,Tamarillo,fresh,6,0,12,Tamarillo_fresh,213
data/raw/FRUIT-16K/F_Tamarillo/879.jpg,Tamarillo,fresh,6,0,12,Tamarillo_fresh,213
data/raw/FRUIT-16K/F_Tamarillo/880.jpg,Tamarillo,fresh,6,0,12,Tamarillo_fresh,213
data/raw/FRUIT-16K/F_Tamarillo/881.jpg,Tamarillo,fresh,6,0,12,Tamarillo_fresh,213
data/raw/FRUIT-16K/F_Tamarillo/883.jpg,Tamarillo,fresh,6,0,12,Tamarillo_fresh,213
data/raw/FRUIT-16K/F_Tamarillo/885.jpg,Tamarillo,fresh,6,0,12,Tamarillo_fresh,213
data/raw/FRUIT-16K/F_Tamarillo/887.jpg,Tamarillo,fresh,6,0,12,Tamarillo_fresh,213
data/raw/FRUIT-16K/F_Tamarillo/889.jpg,Tamarillo,fresh,6,0,12,Tamarillo_fresh,213
data/raw/FRUIT-16K/F_Tamarillo/890.jpg,Tamarillo,fresh,6,0,12,Tamarillo_fresh,213
data/raw/FRUIT-16K/F_Tamarillo/892.jpg,Tamarillo,fresh,6,0,12,Tamarillo_fresh,213
data/raw/FRUIT-16K/F_Tamarillo/893.jpg,Tamarillo,fresh,6,0,12,Tamarillo_fresh,213
data/raw/FRUIT-16K/F_Tamarillo/895.jpg,Tamarillo,fresh,6,0,12,Tamarillo_fresh,213
data/raw/FRUIT-16K/F_Tamarillo/896.jpg,Tamarillo,fresh,6,0,12,Tamarillo_fresh,213
data/raw/FRUIT-16K/F_Tamarillo/897.jpg,Tamarillo,fresh,6,0,12,Tamarillo_fresh,213
data/raw/FRUIT-16K/F_Tamarillo/898.jpg,Tamarillo,fresh,6,0,12,Tamarillo_fresh,213
data/raw/FRUIT-16K/F_Tamarillo/899.jpg,Tamarillo,fresh,6,0,12,Tamarillo_fresh,213
data/raw/FRUIT-16K/F_Tamarillo/901.jpg,Tamarillo,fresh,6,0,12,Tamarillo_fresh,214
data/raw/FRUIT-16K/F_Tamarillo/903.jpg,Tamarillo,fresh,6,0,12,Tamarillo_fresh,214
data/raw/FRUIT-16K/F_Tamarillo/905.jpg,Tamarillo,fresh,6,0,12,Tamarillo_fresh,214
data/raw/FRUIT-16K/F_Tamarillo/907.jpg,Tamarillo,fresh,6,0,12,Tamarillo_fresh,214
data/raw/FRUIT-16K/F_Tamarillo/908.jpg,Tamarillo,fresh,6,0,12,Tamarillo_fresh,214
data/raw/FRUIT-16K/F_Tamarillo/910.jpg,Tamarillo,fresh,6,0,12,Tamarillo_fresh,214
data/raw/FRUIT-16K/F_Tamarillo/911.jpg,Tamarillo,fresh,6,0,12,Tamarillo_fresh,214
data/raw/FRUIT-16K/F_Tamarillo/913.jpg,Tamarillo,fresh,6,0,12,Tamarillo_fresh,214
data/raw/FRUIT-16K/F_Tamarillo/914.jpg,Tamarillo,fresh,6,0,12,Tamarillo_fresh,214
data/raw/FRUIT-16K/F_Tamarillo/915.jpg,Tamarillo,fresh,6,0,12,Tamarillo_fresh,214
data/raw/FRUIT-16K/F_Tamarillo/916.jpg,Tamarillo,fresh,6,0,12,Tamarillo_fresh,214
data/raw/FRUIT-16K/F_Tamarillo/917.jpg,Tamarillo,fresh,6,0,12,Tamarillo_fresh,214
data/raw/FRUIT-16K/F_Tamarillo/919.jpg,Tamarillo,fresh,6,0,12,Tamarillo_fresh,214
data/raw/FRUIT-16K/F_Tamarillo/921.jpg,Tamarillo,fresh,6,0,12,Tamarillo_fresh,214
data/raw/FRUIT-16K/F_Tamarillo/923.jpg,Tamarillo,fresh,6,0,12,Tamarillo_fresh,214
data/raw/FRUIT-16K/F_Tamarillo/925.jpg,Tamarillo,fresh,6,0,12,Tamarillo_fresh,214
data/raw/FRUIT-16K/F_Tamarillo/926.jpg,Tamarillo,fresh,6,0,12,Tamarillo_fresh,215
data/raw/FRUIT-16K/F_Tamarillo/928.jpg,Tamarillo,fresh,6,0,12,Tamarillo_fresh,215
data/raw/FRUIT-16K/F_Tamarillo/929.jpg,Tamarillo,fresh,6,0,12,Tamarillo_fresh,215
data/raw/FRUIT-16K/F_Tamarillo/931.jpg,Tamarillo,fresh,6,0,12,Tamarillo_fresh,215
data/raw/FRUIT-16K/F_Tamarillo/932.jpg,Tamarillo,fresh,6,0,12,Tamarillo_fresh,215
data/raw/FRUIT-16K/F_Tamarillo/933.jpg,Tamarillo,fresh,6,0,12,Tamarillo_fresh,215
data/raw/FRUIT-16K/F_Tamarillo/934.jpg,Tamarillo,fresh,6,0,12,Tamarillo_fresh,215
data/raw/FRUIT-16K/F_Tamarillo/935.jpg,Tamarillo,fresh,6,0,12,Tamarillo_fresh,215
data/raw/FRUIT-16K/F_Tamarillo/937.jpg,Tamarillo,fresh,6,0,12,Tamarillo_fresh,215
data/raw/FRUIT-16K/F_Tamarillo/939.jpg,Tamarillo,fresh,6,0,12,Tamarillo_fresh,215
data/raw/FRUIT-16K/F_Tamarillo/941.jpg,Tamarillo,fresh,6,0,12,Tamarillo_fresh,215
data/raw/FRUIT-16K/F_Tamarillo/943.jpg,Tamarillo,fresh,6,0,12,Tamarillo_fresh,215
data/raw/FRUIT-16K/F_Tamarillo/944.jpg,Tamarillo,fresh,6,0,12,Tamarillo_fresh,215
data/raw/FRUIT-16K/F_Tamarillo/946.jpg,Tamarillo,fresh,6,0,12,Tamarillo_fresh,215
data/raw/FRUIT-16K/F_Tamarillo/947.jpg,Tamarillo,fresh,6,0,12,Tamarillo_fresh,215
data/raw/FRUIT-16K/F_Tamarillo/949.jpg,Tamarillo,fresh,6,0,12,Tamarillo_fresh,215
data/raw/FRUIT-16K/F_Tamarillo/950.jpg,Tamarillo,fresh,6,0,12,Tamarillo_fresh,215
data/raw/FRUIT-16K/F_Tomato/1.jpg,Tomato,fresh,7,0,14,Tomato_fresh,218
data/raw/FRUIT-16K/F_Tomato/2.jpg,Tomato,fresh,7,0,14,Tomato_fresh,218
data/raw/FRUIT-16K/F_Tomato/3.jpg,Tomato,fresh,7,0,14,Tomato_fresh,218
data/raw/FRUIT-16K/F_Tomato/4.jpg,Tomato,fresh,7,0,14,Tomato_fresh,218
data/raw/FRUIT-16K/F_Tomato/5.jpg,Tomato,fresh,7,0,14,Tomato_fresh,218
data/raw/FRUIT-16K/F_Tomato/6.jpg,Tomato,fresh,7,0,14,Tomato_fresh,218
data/raw/FRUIT-16K/F_Tomato/7.jpg,Tomato,fresh,7,0,14,Tomato_fresh,218
data/raw/FRUIT-16K/F_Tomato/8.jpg,Tomato,fresh,7,0,14,Tomato_fresh,218
data/raw/FRUIT-16K/F_Tomato/9.jpg,Tomato,fresh,7,0,14,Tomato_fresh,218
data/raw/FRUIT-16K/F_Tomato/10.jpg,Tomato,fresh,7,0,14,Tomato_fresh,218
data/raw/FRUIT-16K/F_Tomato/11.jpg,Tomato,fresh,7,0,14,Tomato_fresh,218
data/raw/FRUIT-16K/F_Tomato/12.jpg,Tomato,fresh,7,0,14,Tomato_fresh,218
data/raw/FRUIT-16K/F_Tomato/13.jpg,Tomato,fresh,7,0,14,Tomato_fresh,218
data/raw/FRUIT-16K/F_Tomato/14.jpg,Tomato,fresh,7,0,14,Tomato_fresh,218
data/raw/FRUIT-16K/F_Tomato/15.jpg,Tomato,fresh,7,0,14,Tomato_fresh,218
data/raw/FRUIT-16K/F_Tomato/16.jpg,Tomato,fresh,7,0,14,Tomato_fresh,218
data/raw/FRUIT-16K/F_Tomato/17.jpg,Tomato,fresh,7,0,14,Tomato_fresh,218
data/raw/FRUIT-16K/F_Tomato/18.jpg,Tomato,fresh,7,0,14,Tomato_fresh,218
data/raw/FRUIT-16K/F_Tomato/19.jpg,Tomato,fresh,7,0,14,Tomato_fresh,218
data/raw/FRUIT-16K/F_Tomato/20.jpg,Tomato,fresh,7,0,14,Tomato_fresh,218
data/raw/FRUIT-16K/F_Tomato/21.jpg,Tomato,fresh,7,0,14,Tomato_fresh,218
data/raw/FRUIT-16K/F_Tomato/22.jpg,Tomato,fresh,7,0,14,Tomato_fresh,218
data/raw/FRUIT-16K/F_Tomato/23.jpg,Tomato,fresh,7,0,14,Tomato_fresh,218
data/raw/FRUIT-16K/F_Tomato/24.jpg,Tomato,fresh,7,0,14,Tomato_fresh,218
data/raw/FRUIT-16K/F_Tomato/25.jpg,Tomato,fresh,7,0,14,Tomato_fresh,218
data/raw/FRUIT-16K/F_Tomato/26.jpg,Tomato,fresh,7,0,14,Tomato_fresh,218
data/raw/FRUIT-16K/F_Tomato/27.jpg,Tomato,fresh,7,0,14,Tomato_fresh,218
data/raw/FRUIT-16K/F_Tomato/28.jpg,Tomato,fresh,7,0,14,Tomato_fresh,218
data/raw/FRUIT-16K/F_Tomato/29.jpg,Tomato,fresh,7,0,14,Tomato_fresh,218
data/raw/FRUIT-16K/F_Tomato/30.jpg,Tomato,fresh,7,0,14,Tomato_fresh,218
data/raw/FRUIT-16K/F_Tomato/31.jpg,Tomato,fresh,7,0,14,Tomato_fresh,218
data/raw/FRUIT-16K/F_Tomato/32.jpg,Tomato,fresh,7,0,14,Tomato_fresh,218
data/raw/FRUIT-16K/F_Tomato/33.jpg,Tomato,fresh,7,0,14,Tomato_fresh,218
data/raw/FRUIT-16K/F_Tomato/34.jpg,Tomato,fresh,7,0,14,Tomato_fresh,218
data/raw/FRUIT-16K/F_Tomato/35.jpg,Tomato,fresh,7,0,14,Tomato_fresh,218
data/raw/FRUIT-16K/F_Tomato/36.jpg,Tomato,fresh,7,0,14,Tomato_fresh,218
data/raw/FRUIT-16K/F_Tomato/37.jpg,Tomato,fresh,7,0,14,Tomato_fresh,218
data/raw/FRUIT-16K/F_Tomato/38.jpg,Tomato,fresh,7,0,14,Tomato_fresh,218
data/raw/FRUIT-16K/F_Tomato/39.jpg,Tomato,fresh,7,0,14,Tomato_fresh,218
data/raw/FRUIT-16K/F_Tomato/40.jpg,Tomato,fresh,7,0,14,Tomato_fresh,218
data/raw/FRUIT-16K/F_Tomato/41.jpg,Tomato,fresh,7,0,14,Tomato_fresh,218
data/raw/FRUIT-16K/F_Tomato/42.jpg,Tomato,fresh,7,0,14,Tomato_fresh,218
data/raw/FRUIT-16K/F_Tomato/43.jpg,Tomato,fresh,7,0,14,Tomato_fresh,218
data/raw/FRUIT-16K/F_Tomato/44.jpg,Tomato,fresh,7,0,14,Tomato_fresh,218
data/raw/FRUIT-16K/F_Tomato/45.jpg,Tomato,fresh,7,0,14,Tomato_fresh,218
data/raw/FRUIT-16K/F_Tomato/46.jpg,Tomato,fresh,7,0,14,Tomato_fresh,218
data/raw/FRUIT-16K/F_Tomato/47.jpg,Tomato,fresh,7,0,14,Tomato_fresh,218
data/raw/FRUIT-16K/F_Tomato/48.jpg,Tomato,fresh,7,0,14,Tomato_fresh,218
data/raw/FRUIT-16K/F_Tomato/49.jpg,Tomato,fresh,7,0,14,Tomato_fresh,218
data/raw/FRUIT-16K/F_Tomato/50.jpg,Tomato,fresh,7,0,14,Tomato_fresh,218
data/raw/FRUIT-16K/F_Tomato/76.jpg,Tomato,fresh,7,0,14,Tomato_fresh,220
data/raw/FRUIT-16K/F_Tomato/77.jpg,Tomato,fresh,7,0,14,Tomato_fresh,220
data/raw/FRUIT-16K/F_Tomato/78.jpg,Tomato,fresh,7,0,14,Tomato_fresh,220
data/raw/FRUIT-16K/F_Tomato/79.jpg,Tomato,fresh,7,0,14,Tomato_fresh,220
data/raw/FRUIT-16K/F_Tomato/80.jpg,Tomato,fresh,7,0,14,Tomato_fresh,220
data/raw/FRUIT-16K/F_Tomato/81.jpg,Tomato,fresh,7,0,14,Tomato_fresh,220
data/raw/FRUIT-16K/F_Tomato/82.jpg,Tomato,fresh,7,0,14,Tomato_fresh,220
data/raw/FRUIT-16K/F_Tomato/83.jpg,Tomato,fresh,7,0,14,Tomato_fresh,220
data/raw/FRUIT-16K/F_Tomato/84.jpg,Tomato,fresh,7,0,14,Tomato_fresh,220
data/raw/FRUIT-16K/F_Tomato/85.jpg,Tomato,fresh,7,0,14,Tomato_fresh,220
data/raw/FRUIT-16K/F_Tomato/86.jpg,Tomato,fresh,7,0,14,Tomato_fresh,220
data/raw/FRUIT-16K/F_Tomato/87.jpg,Tomato,fresh,7,0,14,Tomato_fresh,220
data/raw/FRUIT-16K/F_Tomato/88.jpg,Tomato,fresh,7,0,14,Tomato_fresh,220
data/raw/FRUIT-16K/F_Tomato/89.jpg,Tomato,fresh,7,0,14,Tomato_fresh,220
data/raw/FRUIT-16K/F_Tomato/90.jpg,Tomato,fresh,7,0,14,Tomato_fresh,220
data/raw/FRUIT-16K/F_Tomato/91.jpg,Tomato,fresh,7,0,14,Tomato_fresh,220
data/raw/FRUIT-16K/F_Tomato/92.jpg,Tomato,fresh,7,0,14,Tomato_fresh,220
data/raw/FRUIT-16K/F_Tomato/93.jpg,Tomato,fresh,7,0,14,Tomato_fresh,220
data/raw/FRUIT-16K/F_Tomato/94.jpg,Tomato,fresh,7,0,14,Tomato_fresh,220
data/raw/FRUIT-16K/F_Tomato/95.jpg,Tomato,fresh,7,0,14,Tomato_fresh,220
data/raw/FRUIT-16K/F_Tomato/96.jpg,Tomato,fresh,7,0,14,Tomato_fresh,220
data/raw/FRUIT-16K/F_Tomato/97.jpg,Tomato,fresh,7,0,14,Tomato_fresh,220
data/raw/FRUIT-16K/F_Tomato/98.jpg,Tomato,fresh,7,0,14,Tomato_fresh,220
data/raw/FRUIT-16K/F_Tomato/99.jpg,Tomato,fresh,7,0,14,Tomato_fresh,220
data/raw/FRUIT-16K/F_Tomato/100.jpg,Tomato,fresh,7,0,14,Tomato_fresh,220
data/raw/FRUIT-16K/F_Tomato/151.jpg,Tomato,fresh,7,0,14,Tomato_fresh,222
data/raw/FRUIT-16K/F_Tomato/152.jpg,Tomato,fresh,7,0,14,Tomato_fresh,222
data/raw/FRUIT-16K/F_Tomato/153.jpg,Tomato,fresh,7,0,14,Tomato_fresh,222
data/raw/FRUIT-16K/F_Tomato/154.jpg,Tomato,fresh,7,0,14,Tomato_fresh,222
data/raw/FRUIT-16K/F_Tomato/155.jpg,Tomato,fresh,7,0,14,Tomato_fresh,222
data/raw/FRUIT-16K/F_Tomato/156.jpg,Tomato,fresh,7,0,14,Tomato_fresh,222
data/raw/FRUIT-16K/F_Tomato/157.jpg,Tomato,fresh,7,0,14,Tomato_fresh,222
data/raw/FRUIT-16K/F_Tomato/158.jpg,Tomato,fresh,7,0,14,Tomato_fresh,222
data/raw/FRUIT-16K/F_Tomato/159.jpg,Tomato,fresh,7,0,14,Tomato_fresh,222
data/raw/FRUIT-16K/F_Tomato/160.jpg,Tomato,fresh,7,0,14,Tomato_fresh,222
data/raw/FRUIT-16K/F_Tomato/161.jpg,Tomato,fresh,7,0,14,Tomato_fresh,222
data/raw/FRUIT-16K/F_Tomato/162.jpg,Tomato,fresh,7,0,14,Tomato_fresh,222
data/raw/FRUIT-16K/F_Tomato/163.jpg,Tomato,fresh,7,0,14,Tomato_fresh,222
data/raw/FRUIT-16K/F_Tomato/164.jpg,Tomato,fresh,7,0,14,Tomato_fresh,222
data/raw/FRUIT-16K/F_Tomato/165.jpg,Tomato,fresh,7,0,14,Tomato_fresh,222
data/raw/FRUIT-16K/F_Tomato/166.jpg,Tomato,fresh,7,0,14,Tomato_fresh,222
data/raw/FRUIT-16K/F_Tomato/167.jpg,Tomato,fresh,7,0,14,Tomato_fresh,222
data/raw/FRUIT-16K/F_Tomato/168.jpg,Tomato,fresh,7,0,14,Tomato_fresh,222
data/raw/FRUIT-16K/F_Tomato/169.jpg,Tomato,fresh,7,0,14,Tomato_fresh,222
data/raw/FRUIT-16K/F_Tomato/170.jpg,Tomato,fresh,7,0,14,Tomato_fresh,222
data/raw/FRUIT-16K/F_Tomato/171.jpg,Tomato,fresh,7,0,14,Tomato_fresh,222
data/raw/FRUIT-16K/F_Tomato/172.jpg,Tomato,fresh,7,0,14,Tomato_fresh,222
data/raw/FRUIT-16K/F_Tomato/173.jpg,Tomato,fresh,7,0,14,Tomato_fresh,222
data/raw/FRUIT-16K/F_Tomato/174.jpg,Tomato,fresh,7,0,14,Tomato_fresh,222
data/raw/FRUIT-16K/F_Tomato/175.jpg,Tomato,fresh,7,0,14,Tomato_fresh,222
data/raw/FRUIT-16K/F_Tomato/226.jpg,Tomato,fresh,7,0,14,Tomato_fresh,225
data/raw/FRUIT-16K/F_Tomato/227.jpg,Tomato,fresh,7,0,14,Tomato_fresh,225
data/raw/FRUIT-16K/F_Tomato/228.jpg,Tomato,fresh,7,0,14,Tomato_fresh,225
data/raw/FRUIT-16K/F_Tomato/229.jpg,Tomato,fresh,7,0,14,Tomato_fresh,225
data/raw/FRUIT-16K/F_Tomato/230.jpg,Tomato,fresh,7,0,14,Tomato_fresh,225
data/raw/FRUIT-16K/F_Tomato/231.jpg,Tomato,fresh,7,0,14,Tomato_fresh,225
data/raw/FRUIT-16K/F_Tomato/232.jpg,Tomato,fresh,7,0,14,Tomato_fresh,225
data/raw/FRUIT-16K/F_Tomato/233.jpg,Tomato,fresh,7,0,14,Tomato_fresh,225
data/raw/FRUIT-16K/F_Tomato/234.jpg,Tomato,fresh,7,0,14,Tomato_fresh,225
data/raw/FRUIT-16K/F_Tomato/235.jpg,Tomato,fresh,7,0,14,Tomato_fresh,225
data/raw/FRUIT-16K/F_Tomato/236.jpg,Tomato,fresh,7,0,14,Tomato_fresh,225
data/raw/FRUIT-16K/F_Tomato/237.jpg,Tomato,fresh,7,0,14,Tomato_fresh,225
data/raw/FRUIT-16K/F_Tomato/238.jpg,Tomato,fresh,7,0,14,Tomato_fresh,225
data/raw/FRUIT-16K/F_Tomato/239.jpg,Tomato,fresh,7,0,14,Tomato_fresh,225
data/raw/FRUIT-16K/F_Tomato/240.jpg,Tomato,fresh,7,0,14,Tomato_fresh,225
data/raw/FRUIT-16K/F_Tomato/241.jpg,Tomato,fresh,7,0,14,Tomato_fresh,225
data/raw/FRUIT-16K/F_Tomato/242.jpg,Tomato,fresh,7,0,14,Tomato_fresh,225
data/raw/FRUIT-16K/F_Tomato/243.jpg,Tomato,fresh,7,0,14,Tomato_fresh,225
data/raw/FRUIT-16K/F_Tomato/244.jpg,Tomato,fresh,7,0,14,Tomato_fresh,225
data/raw/FRUIT-16K/F_Tomato/245.jpg,Tomato,fresh,7,0,14,Tomato_fresh,225
data/raw/FRUIT-16K/F_Tomato/246.jpg,Tomato,fresh,7,0,14,Tomato_fresh,225
data/raw/FRUIT-16K/F_Tomato/247.jpg,Tomato,fresh,7,0,14,Tomato_fresh,225
data/raw/FRUIT-16K/F_Tomato/248.jpg,Tomato,fresh,7,0,14,Tomato_fresh,225
data/raw/FRUIT-16K/F_Tomato/249.jpg,Tomato,fresh,7,0,14,Tomato_fresh,225
data/raw/FRUIT-16K/F_Tomato/250.jpg,Tomato,fresh,7,0,14,Tomato_fresh,225
data/raw/FRUIT-16K/F_Tomato/251.jpg,Tomato,fresh,7,0,14,Tomato_fresh,225
data/raw/FRUIT-16K/F_Tomato/252.jpg,Tomato,fresh,7,0,14,Tomato_fresh,225
data/raw/FRUIT-16K/F_Tomato/253.jpg,Tomato,fresh,7,0,14,Tomato_fresh,225
data/raw/FRUIT-16K/F_Tomato/254.jpg,Tomato,fresh,7,0,14,Tomato_fresh,225
data/raw/FRUIT-16K/F_Tomato/255.jpg,Tomato,fresh,7,0,14,Tomato_fresh,225
data/raw/FRUIT-16K/F_Tomato/256.jpg,Tomato,fresh,7,0,14,Tomato_fresh,225
data/raw/FRUIT-16K/F_Tomato/257.jpg,Tomato,fresh,7,0,14,Tomato_fresh,225
data/raw/FRUIT-16K/F_Tomato/258.jpg,Tomato,fresh,7,0,14,Tomato_fresh,225
data/raw/FRUIT-16K/F_Tomato/259.jpg,Tomato,fresh,7,0,14,Tomato_fresh,225
data/raw/FRUIT-16K/F_Tomato/260.jpg,Tomato,fresh,7,0,14,Tomato_fresh,225
data/raw/FRUIT-16K/F_Tomato/261.jpg,Tomato,fresh,7,0,14,Tomato_fresh,225
data/raw/FRUIT-16K/F_Tomato/262.jpg,Tomato,fresh,7,0,14,Tomato_fresh,225
data/raw/FRUIT-16K/F_Tomato/263.jpg,Tomato,fresh,7,0,14,Tomato_fresh,225
data/raw/FRUIT-16K/F_Tomato/264.jpg,Tomato,fresh,7,0,14,Tomato_fresh,225
data/raw/FRUIT-16K/F_Tomato/265.jpg,Tomato,fresh,7,0,14,Tomato_fresh,225
data/raw/FRUIT-16K/F_Tomato/266.jpg,Tomato,fresh,7,0,14,Tomato_fresh,225
data/raw/FRUIT-16K/F_Tomato/267.jpg,Tomato,fresh,7,0,14,Tomato_fresh,225
data/raw/FRUIT-16K/F_Tomato/268.jpg,Tomato,fresh,7,0,14,Tomato_fresh,225
data/raw/FRUIT-16K/F_Tomato/269.jpg,Tomato,fresh,7,0,14,Tomato_fresh,225
data/raw/FRUIT-16K/F_Tomato/270.jpg,Tomato,fresh,7,0,14,Tomato_fresh,225
data/raw/FRUIT-16K/F_Tomato/271.jpg,Tomato,fresh,7,0,14,Tomato_fresh,225
data/raw/FRUIT-16K/F_Tomato/272.jpg,Tomato,fresh,7,0,14,Tomato_fresh,225
data/raw/FRUIT-16K/F_Tomato/273.jpg,Tomato,fresh,7,0,14,Tomato_fresh,225
data/raw/FRUIT-16K/F_Tomato/274.jpg,Tomato,fresh,7,0,14,Tomato_fresh,225
data/raw/FRUIT-16K/F_Tomato/275.jpg,Tomato,fresh,7,0,14,Tomato_fresh,225
data/raw/FRUIT-16K/F_Tomato/276.jpg,Tomato,fresh,7,0,14,Tomato_fresh,225
data/raw/FRUIT-16K/F_Tomato/277.jpg,Tomato,fresh,7,0,14,Tomato_fresh,225
data/raw/FRUIT-16K/F_Tomato/278.jpg,Tomato,fresh,7,0,14,Tomato_fresh,225
data/raw/FRUIT-16K/F_Tomato/279.jpg,Tomato,fresh,7,0,14,Tomato_fresh,225
data/raw/FRUIT-16K/F_Tomato/280.jpg,Tomato,fresh,7,0,14,Tomato_fresh,225
data/raw/FRUIT-16K/F_Tomato/281.jpg,Tomato,fresh,7,0,14,Tomato_fresh,225
data/raw/FRUIT-16K/F_Tomato/282.jpg,Tomato,fresh,7,0,14,Tomato_fresh,225
data/raw/FRUIT-16K/F_Tomato/283.jpg,Tomato,fresh,7,0,14,Tomato_fresh,225
data/raw/FRUIT-16K/F_Tomato/284.jpg,Tomato,fresh,7,0,14,Tomato_fresh,225
data/raw/FRUIT-16K/F_Tomato/285.jpg,Tomato,fresh,7,0,14,Tomato_fresh,225
data/raw/FRUIT-16K/F_Tomato/286.jpg,Tomato,fresh,7,0,14,Tomato_fresh,225
data/raw/FRUIT-16K/F_Tomato/287.jpg,Tomato,fresh,7,0,14,Tomato_fresh,225
data/raw/FRUIT-16K/F_Tomato/288.jpg,Tomato,fresh,7,0,14,Tomato_fresh,225
data/raw/FRUIT-16K/F_Tomato/289.jpg,Tomato,fresh,7,0,14,Tomato_fresh,225
data/raw/FRUIT-16K/F_Tomato/290.jpg,Tomato,fresh,7,0,14,Tomato_fresh,225
data/raw/FRUIT-16K/F_Tomato/291.jpg,Tomato,fresh,7,0,14,Tomato_fresh,225
data/raw/FRUIT-16K/F_Tomato/292.jpg,Tomato,fresh,7,0,14,Tomato_fresh,225
data/raw/FRUIT-16K/F_Tomato/293.jpg,Tomato,fresh,7,0,14,Tomato_fresh,225
data/raw/FRUIT-16K/F_Tomato/294.jpg,Tomato,fresh,7,0,14,Tomato_fresh,225
data/raw/FRUIT-16K/F_Tomato/295.jpg,Tomato,fresh,7,0,14,Tomato_fresh,225
data/raw/FRUIT-16K/F_Tomato/296.jpg,Tomato,fresh,7,0,14,Tomato_fresh,225
data/raw/FRUIT-16K/F_Tomato/297.jpg,Tomato,fresh,7,0,14,Tomato_fresh,225
data/raw/FRUIT-16K/F_Tomato/298.jpg,Tomato,fresh,7,0,14,Tomato_fresh,225
data/raw/FRUIT-16K/F_Tomato/299.jpg,Tomato,fresh,7,0,14,Tomato_fresh,225
data/raw/FRUIT-16K/F_Tomato/300.jpg,Tomato,fresh,7,0,14,Tomato_fresh,225
data/raw/FRUIT-16K/F_Tomato/301.jpg,Tomato,fresh,7,0,14,Tomato_fresh,225
data/raw/FRUIT-16K/F_Tomato/302.jpg,Tomato,fresh,7,0,14,Tomato_fresh,225
data/raw/FRUIT-16K/F_Tomato/303.jpg,Tomato,fresh,7,0,14,Tomato_fresh,225
data/raw/FRUIT-16K/F_Tomato/304.jpg,Tomato,fresh,7,0,14,Tomato_fresh,225
data/raw/FRUIT-16K/F_Tomato/305.jpg,Tomato,fresh,7,0,14,Tomato_fresh,225
data/raw/FRUIT-16K/F_Tomato/306.jpg,Tomato,fresh,7,0,14,Tomato_fresh,225
data/raw/FRUIT-16K/F_Tomato/307.jpg,Tomato,fresh,7,0,14,Tomato_fresh,225
data/raw/FRUIT-16K/F_Tomato/308.jpg,Tomato,fresh,7,0,14,Tomato_fresh,225
data/raw/FRUIT-16K/F_Tomato/309.jpg,Tomato,fresh,7,0,14,Tomato_fresh,225
data/raw/FRUIT-16K/F_Tomato/310.jpg,Tomato,fresh,7,0,14,Tomato_fresh,225
data/raw/FRUIT-16K/F_Tomato/311.jpg,Tomato,fresh,7,0,14,Tomato_fresh,225
data/raw/FRUIT-16K/F_Tomato/312.jpg,Tomato,fresh,7,0,14,Tomato_fresh,225
data/raw/FRUIT-16K/F_Tomato/313.jpg,Tomato,fresh,7,0,14,Tomato_fresh,225
data/raw/FRUIT-16K/F_Tomato/314.jpg,Tomato,fresh,7,0,14,Tomato_fresh,225
data/raw/FRUIT-16K/F_Tomato/315.jpg,Tomato,fresh,7,0,14,Tomato_fresh,225
data/raw/FRUIT-16K/F_Tomato/316.jpg,Tomato,fresh,7,0,14,Tomato_fresh,225
data/raw/FRUIT-16K/F_Tomato/317.jpg,Tomato,fresh,7,0,14,Tomato_fresh,225
data/raw/FRUIT-16K/F_Tomato/318.jpg,Tomato,fresh,7,0,14,Tomato_fresh,225
data/raw/FRUIT-16K/F_Tomato/319.jpg,Tomato,fresh,7,0,14,Tomato_fresh,225
data/raw/FRUIT-16K/F_Tomato/320.jpg,Tomato,fresh,7,0,14,Tomato_fresh,225
data/raw/FRUIT-16K/F_Tomato/321.jpg,Tomato,fresh,7,0,14,Tomato_fresh,225
data/raw/FRUIT-16K/F_Tomato/322.jpg,Tomato,fresh,7,0,14,Tomato_fresh,225
data/raw/FRUIT-16K/F_Tomato/323.jpg,Tomato,fresh,7,0,14,Tomato_fresh,225
data/raw/FRUIT-16K/F_Tomato/324.jpg,Tomato,fresh,7,0,14,Tomato_fresh,225
data/raw/FRUIT-16K/F_Tomato/325.jpg,Tomato,fresh,7,0,14,Tomato_fresh,225
data/raw/FRUIT-16K/F_Tomato/326.jpg,Tomato,fresh,7,0,14,Tomato_fresh,225
data/raw/FRUIT-16K/F_Tomato/327.jpg,Tomato,fresh,7,0,14,Tomato_fresh,225
data/raw/FRUIT-16K/F_Tomato/328.jpg,Tomato,fresh,7,0,14,Tomato_fresh,225
data/raw/FRUIT-16K/F_Tomato/329.jpg,Tomato,fresh,7,0,14,Tomato_fresh,225
data/raw/FRUIT-16K/F_Tomato/330.jpg,Tomato,fresh,7,0,14,Tomato_fresh,225
data/raw/FRUIT-16K/F_Tomato/331.jpg,Tomato,fresh,7,0,14,Tomato_fresh,225
data/raw/FRUIT-16K/F_Tomato/332.jpg,Tomato,fresh,7,0,14,Tomato_fresh,225
data/raw/FRUIT-16K/F_Tomato/333.jpg,Tomato,fresh,7,0,14,Tomato_fresh,225
data/raw/FRUIT-16K/F_Tomato/334.jpg,Tomato,fresh,7,0,14,Tomato_fresh,225
data/raw/FRUIT-16K/F_Tomato/335.jpg,Tomato,fresh,7,0,14,Tomato_fresh,225
data/raw/FRUIT-16K/F_Tomato/336.jpg,Tomato,fresh,7,0,14,Tomato_fresh,225
data/raw/FRUIT-16K/F_Tomato/337.jpg,Tomato,fresh,7,0,14,Tomato_fresh,225
data/raw/FRUIT-16K/F_Tomato/338.jpg,Tomato,fresh,7,0,14,Tomato_fresh,225
data/raw/FRUIT-16K/F_Tomato/339.jpg,Tomato,fresh,7,0,14,Tomato_fresh,225
data/raw/FRUIT-16K/F_Tomato/340.jpg,Tomato,fresh,7,0,14,Tomato_fresh,225
data/raw/FRUIT-16K/F_Tomato/341.jpg,Tomato,fresh,7,0,14,Tomato_fresh,225
data/raw/FRUIT-16K/F_Tomato/342.jpg,Tomato,fresh,7,0,14,Tomato_fresh,225
data/raw/FRUIT-16K/F_Tomato/343.jpg,Tomato,fresh,7,0,14,Tomato_fresh,225
data/raw/FRUIT-16K/F_Tomato/344.jpg,Tomato,fresh,7,0,14,Tomato_fresh,225
data/raw/FRUIT-16K/F_Tomato/345.jpg,Tomato,fresh,7,0,14,Tomato_fresh,225
data/raw/FRUIT-16K/F_Tomato/346.jpg,Tomato,fresh,7,0,14,Tomato_fresh,225
data/raw/FRUIT-16K/F_Tomato/347.jpg,Tomato,fresh,7,0,14,Tomato_fresh,225
data/raw/FRUIT-16K/F_Tomato/348.jpg,Tomato,fresh,7,0,14,Tomato_fresh,225
data/raw/FRUIT-16K/F_Tomato/349.jpg,Tomato,fresh,7,0,14,Tomato_fresh,225
data/raw/FRUIT-16K/F_Tomato/350.jpg,Tomato,fresh,7,0,14,Tomato_fresh,225
data/raw/FRUIT-16K/F_Tomato/351.jpg,Tomato,fresh,7,0,14,Tomato_fresh,225
data/raw/FRUIT-16K/F_Tomato/352.jpg,Tomato,fresh,7,0,14,Tomato_fresh,225
data/raw/FRUIT-16K/F_Tomato/353.jpg,Tomato,fresh,7,0,14,Tomato_fresh,225
data/raw/FRUIT-16K/F_Tomato/354.jpg,Tomato,fresh,7,0,14,Tomato_fresh,225
data/raw/FRUIT-16K/F_Tomato/355.jpg,Tomato,fresh,7,0,14,Tomato_fresh,225
data/raw/FRUIT-16K/F_Tomato/356.jpg,Tomato,fresh,7,0,14,Tomato_fresh,225
data/raw/FRUIT-16K/F_Tomato/357.jpg,Tomato,fresh,7,0,14,Tomato_fresh,225
data/raw/FRUIT-16K/F_Tomato/358.jpg,Tomato,fresh,7,0,14,Tomato_fresh,225
data/raw/FRUIT-16K/F_Tomato/359.jpg,Tomato,fresh,7,0,14,Tomato_fresh,225
data/raw/FRUIT-16K/F_Tomato/360.jpg,Tomato,fresh,7,0,14,Tomato_fresh,225
data/raw/FRUIT-16K/F_Tomato/361.jpg,Tomato,fresh,7,0,14,Tomato_fresh,225
data/raw/FRUIT-16K/F_Tomato/362.jpg,Tomato,fresh,7,0,14,Tomato_fresh,225
data/raw/FRUIT-16K/F_Tomato/363.jpg,Tomato,fresh,7,0,14,Tomato_fresh,225
data/raw/FRUIT-16K/F_Tomato/364.jpg,Tomato,fresh,7,0,14,Tomato_fresh,225
data/raw/FRUIT-16K/F_Tomato/365.jpg,Tomato,fresh,7,0,14,Tomato_fresh,225
data/raw/FRUIT-16K/F_Tomato/366.jpg,Tomato,fresh,7,0,14,Tomato_fresh,225
data/raw/FRUIT-16K/F_Tomato/367.jpg,Tomato,fresh,7,0,14,Tomato_fresh,225
data/raw/FRUIT-16K/F_Tomato/368.jpg,Tomato,fresh,7,0,14,Tomato_fresh,225
data/raw/FRUIT-16K/F_Tomato/369.jpg,Tomato,fresh,7,0,14,Tomato_fresh,225
data/raw/FRUIT-16K/F_Tomato/370.jpg,Tomato,fresh,7,0,14,Tomato_fresh,225
data/raw/FRUIT-16K/F_Tomato/371.jpg,Tomato,fresh,7,0,14,Tomato_fresh,225
data/raw/FRUIT-16K/F_Tomato/372.jpg,Tomato,fresh,7,0,14,Tomato_fresh,225
data/raw/FRUIT-16K/F_Tomato/373.jpg,Tomato,fresh,7,0,14,Tomato_fresh,225
data/raw/FRUIT-16K/F_Tomato/374.jpg,Tomato,fresh,7,0,14,Tomato_fresh,225
data/raw/FRUIT-16K/F_Tomato/375.jpg,Tomato,fresh,7,0,14,Tomato_fresh,225
data/raw/FRUIT-16K/F_Tomato/376.jpg,Tomato,fresh,7,0,14,Tomato_fresh,225
data/raw/FRUIT-16K/F_Tomato/377.jpg,Tomato,fresh,7,0,14,Tomato_fresh,225
data/raw/FRUIT-16K/F_Tomato/378.jpg,Tomato,fresh,7,0,14,Tomato_fresh,225
data/raw/FRUIT-16K/F_Tomato/379.jpg,Tomato,fresh,7,0,14,Tomato_fresh,225
data/raw/FRUIT-16K/F_Tomato/380.jpg,Tomato,fresh,7,0,14,Tomato_fresh,225
data/raw/FRUIT-16K/F_Tomato/381.jpg,Tomato,fresh,7,0,14,Tomato_fresh,225
data/raw/FRUIT-16K/F_Tomato/382.jpg,Tomato,fresh,7,0,14,Tomato_fresh,225
data/raw/FRUIT-16K/F_Tomato/383.jpg,Tomato,fresh,7,0,14,Tomato_fresh,225
data/raw/FRUIT-16K/F_Tomato/384.jpg,Tomato,fresh,7,0,14,Tomato_fresh,225
data/raw/FRUIT-16K/F_Tomato/385.jpg,Tomato,fresh,7,0,14,Tomato_fresh,225
data/raw/FRUIT-16K/F_Tomato/386.jpg,Tomato,fresh,7,0,14,Tomato_fresh,225
data/raw/FRUIT-16K/F_Tomato/387.jpg,Tomato,fresh,7,0,14,Tomato_fresh,225
data/raw/FRUIT-16K/F_Tomato/388.jpg,Tomato,fresh,7,0,14,Tomato_fresh,225
data/raw/FRUIT-16K/F_Tomato/389.jpg,Tomato,fresh,7,0,14,Tomato_fresh,225
data/raw/FRUIT-16K/F_Tomato/390.jpg,Tomato,fresh,7,0,14,Tomato_fresh,225
data/raw/FRUIT-16K/F_Tomato/391.jpg,Tomato,fresh,7,0,14,Tomato_fresh,225
data/raw/FRUIT-16K/F_Tomato/392.jpg,Tomato,fresh,7,0,14,Tomato_fresh,225
data/raw/FRUIT-16K/F_Tomato/393.jpg,Tomato,fresh,7,0,14,Tomato_fresh,225
data/raw/FRUIT-16K/F_Tomato/394.jpg,Tomato,fresh,7,0,14,Tomato_fresh,225
data/raw/FRUIT-16K/F_Tomato/395.jpg,Tomato,fresh,7,0,14,Tomato_fresh,225
data/raw/FRUIT-16K/F_Tomato/396.jpg,Tomato,fresh,7,0,14,Tomato_fresh,225
data/raw/FRUIT-16K/F_Tomato/397.jpg,Tomato,fresh,7,0,14,Tomato_fresh,225
data/raw/FRUIT-16K/F_Tomato/398.jpg,Tomato,fresh,7,0,14,Tomato_fresh,225
data/raw/FRUIT-16K/F_Tomato/399.jpg,Tomato,fresh,7,0,14,Tomato_fresh,225
data/raw/FRUIT-16K/F_Tomato/400.jpg,Tomato,fresh,7,0,14,Tomato_fresh,225
data/raw/FRUIT-16K/F_Tomato/401.jpg,Tomato,fresh,7,0,14,Tomato_fresh,225
data/raw/FRUIT-16K/F_Tomato/402.jpg,Tomato,fresh,7,0,14,Tomato_fresh,225
data/raw/FRUIT-16K/F_Tomato/403.jpg,Tomato,fresh,7,0,14,Tomato_fresh,225
data/raw/FRUIT-16K/F_Tomato/404.jpg,Tomato,fresh,7,0,14,Tomato_fresh,225
data/raw/FRUIT-16K/F_Tomato/405.jpg,Tomato,fresh,7,0,14,Tomato_fresh,225
data/raw/FRUIT-16K/F_Tomato/406.jpg,Tomato,fresh,7,0,14,Tomato_fresh,225
data/raw/FRUIT-16K/F_Tomato/407.jpg,Tomato,fresh,7,0,14,Tomato_fresh,225
data/raw/FRUIT-16K/F_Tomato/408.jpg,Tomato,fresh,7,0,14,Tomato_fresh,225
data/raw/FRUIT-16K/F_Tomato/409.jpg,Tomato,fresh,7,0,14,Tomato_fresh,225
data/raw/FRUIT-16K/F_Tomato/410.jpg,Tomato,fresh,7,0,14,Tomato_fresh,225
data/raw/FRUIT-16K/F_Tomato/411.jpg,Tomato,fresh,7,0,14,Tomato_fresh,225
data/raw/FRUIT-16K/F_Tomato/412.jpg,Tomato,fresh,7,0,14,Tomato_fresh,225
data/raw/FRUIT-16K/F_Tomato/413.jpg,Tomato,fresh,7,0,14,Tomato_fresh,225
data/raw/FRUIT-16K/F_Tomato/414.jpg,Tomato,fresh,7,0,14,Tomato_fresh,225
data/raw/FRUIT-16K/F_Tomato/415.jpg,Tomato,fresh,7,0,14,Tomato_fresh,225
data/raw/FRUIT-16K/F_Tomato/416.jpg,Tomato,fresh,7,0,14,Tomato_fresh,225
data/raw/FRUIT-16K/F_Tomato/417.jpg,Tomato,fresh,7,0,14,Tomato_fresh,225
data/raw/FRUIT-16K/F_Tomato/418.jpg,Tomato,fresh,7,0,14,Tomato_fresh,225
data/raw/FRUIT-16K/F_Tomato/419.jpg,Tomato,fresh,7,0,14,Tomato_fresh,225
data/raw/FRUIT-16K/F_Tomato/420.jpg,Tomato,fresh,7,0,14,Tomato_fresh,225
data/raw/FRUIT-16K/F_Tomato/421.jpg,Tomato,fresh,7,0,14,Tomato_fresh,225
data/raw/FRUIT-16K/F_Tomato/422.jpg,Tomato,fresh,7,0,14,Tomato_fresh,225
data/raw/FRUIT-16K/F_Tomato/423.jpg,Tomato,fresh,7,0,14,Tomato_fresh,225
data/raw/FRUIT-16K/F_Tomato/424.jpg,Tomato,fresh,7,0,14,Tomato_fresh,225
data/raw/FRUIT-16K/F_Tomato/425.jpg,Tomato,fresh,7,0,14,Tomato_fresh,225
data/raw/FRUIT-16K/F_Tomato/426.jpg,Tomato,fresh,7,0,14,Tomato_fresh,225
data/raw/FRUIT-16K/F_Tomato/427.jpg,Tomato,fresh,7,0,14,Tomato_fresh,225
data/raw/FRUIT-16K/F_Tomato/428.jpg,Tomato,fresh,7,0,14,Tomato_fresh,225
data/raw/FRUIT-16K/F_Tomato/429.jpg,Tomato,fresh,7,0,14,Tomato_fresh,225
data/raw/FRUIT-16K/F_Tomato/430.jpg,Tomato,fresh,7,0,14,Tomato_fresh,225
data/raw/FRUIT-16K/F_Tomato/431.jpg,Tomato,fresh,7,0,14,Tomato_fresh,225
data/raw/FRUIT-16K/F_Tomato/432.jpg,Tomato,fresh,7,0,14,Tomato_fresh,225
data/raw/FRUIT-16K/F_Tomato/433.jpg,Tomato,fresh,7,0,14,Tomato_fresh,225
data/raw/FRUIT-16K/F_Tomato/434.jpg,Tomato,fresh,7,0,14,Tomato_fresh,225
data/raw/FRUIT-16K/F_Tomato/435.jpg,Tomato,fresh,7,0,14,Tomato_fresh,225
data/raw/FRUIT-16K/F_Tomato/436.jpg,Tomato,fresh,7,0,14,Tomato_fresh,225
data/raw/FRUIT-16K/F_Tomato/437.jpg,Tomato,fresh,7,0,14,Tomato_fresh,225
data/raw/FRUIT-16K/F_Tomato/438.jpg,Tomato,fresh,7,0,14,Tomato_fresh,225
data/raw/FRUIT-16K/F_Tomato/439.jpg,Tomato,fresh,7,0,14,Tomato_fresh,225
data/raw/FRUIT-16K/F_Tomato/440.jpg,Tomato,fresh,7,0,14,Tomato_fresh,225
data/raw/FRUIT-16K/F_Tomato/441.jpg,Tomato,fresh,7,0,14,Tomato_fresh,225
data/raw/FRUIT-16K/F_Tomato/442.jpg,Tomato,fresh,7,0,14,Tomato_fresh,225
data/raw/FRUIT-16K/F_Tomato/443.jpg,Tomato,fresh,7,0,14,Tomato_fresh,225
data/raw/FRUIT-16K/F_Tomato/444.jpg,Tomato,fresh,7,0,14,Tomato_fresh,225
data/raw/FRUIT-16K/F_Tomato/445.jpg,Tomato,fresh,7,0,14,Tomato_fresh,225
data/raw/FRUIT-16K/F_Tomato/446.jpg,Tomato,fresh,7,0,14,Tomato_fresh,225
data/raw/FRUIT-16K/F_Tomato/447.jpg,Tomato,fresh,7,0,14,Tomato_fresh,225
data/raw/FRUIT-16K/F_Tomato/448.jpg,Tomato,fresh,7,0,14,Tomato_fresh,225
data/raw/FRUIT-16K/F_Tomato/449.jpg,Tomato,fresh,7,0,14,Tomato_fresh,225
data/raw/FRUIT-16K/F_Tomato/450.jpg,Tomato,fresh,7,0,14,Tomato_fresh,225
data/raw/FRUIT-16K/F_Tomato/451.jpg,Tomato,fresh,7,0,14,Tomato_fresh,225
data/raw/FRUIT-16K/F_Tomato/452.jpg,Tomato,fresh,7,0,14,Tomato_fresh,225
data/raw/FRUIT-16K/F_Tomato/453.jpg,Tomato,fresh,7,0,14,Tomato_fresh,225
data/raw/FRUIT-16K/F_Tomato/454.jpg,Tomato,fresh,7,0,14,Tomato_fresh,225
data/raw/FRUIT-16K/F_Tomato/455.jpg,Tomato,fresh,7,0,14,Tomato_fresh,225
data/raw/FRUIT-16K/F_Tomato/456.jpg,Tomato,fresh,7,0,14,Tomato_fresh,225
data/raw/FRUIT-16K/F_Tomato/457.jpg,Tomato,fresh,7,0,14,Tomato_fresh,225
data/raw/FRUIT-16K/F_Tomato/458.jpg,Tomato,fresh,7,0,14,Tomato_fresh,225
data/raw/FRUIT-16K/F_Tomato/459.jpg,Tomato,fresh,7,0,14,Tomato_fresh,225
data/raw/FRUIT-16K/F_Tomato/460.jpg,Tomato,fresh,7,0,14,Tomato_fresh,225
data/raw/FRUIT-16K/F_Tomato/461.jpg,Tomato,fresh,7,0,14,Tomato_fresh,225
data/raw/FRUIT-16K/F_Tomato/462.jpg,Tomato,fresh,7,0,14,Tomato_fresh,225
data/raw/FRUIT-16K/F_Tomato/463.jpg,Tomato,fresh,7,0,14,Tomato_fresh,225
data/raw/FRUIT-16K/F_Tomato/464.jpg,Tomato,fresh,7,0,14,Tomato_fresh,225
data/raw/FRUIT-16K/F_Tomato/465.jpg,Tomato,fresh,7,0,14,Tomato_fresh,225
data/raw/FRUIT-16K/F_Tomato/466.jpg,Tomato,fresh,7,0,14,Tomato_fresh,225
data/raw/FRUIT-16K/F_Tomato/467.jpg,Tomato,fresh,7,0,14,Tomato_fresh,225
data/raw/FRUIT-16K/F_Tomato/468.jpg,Tomato,fresh,7,0,14,Tomato_fresh,225
data/raw/FRUIT-16K/F_Tomato/469.jpg,Tomato,fresh,7,0,14,Tomato_fresh,225
data/raw/FRUIT-16K/F_Tomato/470.jpg,Tomato,fresh,7,0,14,Tomato_fresh,225
data/raw/FRUIT-16K/F_Tomato/471.jpg,Tomato,fresh,7,0,14,Tomato_fresh,225
data/raw/FRUIT-16K/F_Tomato/472.jpg,Tomato,fresh,7,0,14,Tomato_fresh,225
data/raw/FRUIT-16K/F_Tomato/473.jpg,Tomato,fresh,7,0,14,Tomato_fresh,225
data/raw/FRUIT-16K/F_Tomato/474.jpg,Tomato,fresh,7,0,14,Tomato_fresh,225
data/raw/FRUIT-16K/F_Tomato/475.jpg,Tomato,fresh,7,0,14,Tomato_fresh,225
data/raw/FRUIT-16K/F_Tomato/476.jpg,Tomato,fresh,7,0,14,Tomato_fresh,225
data/raw/FRUIT-16K/F_Tomato/477.jpg,Tomato,fresh,7,0,14,Tomato_fresh,225
data/raw/FRUIT-16K/F_Tomato/478.jpg,Tomato,fresh,7,0,14,Tomato_fresh,225
data/raw/FRUIT-16K/F_Tomato/479.jpg,Tomato,fresh,7,0,14,Tomato_fresh,225
data/raw/FRUIT-16K/F_Tomato/480.jpg,Tomato,fresh,7,0,14,Tomato_fresh,225
data/raw/FRUIT-16K/F_Tomato/481.jpg,Tomato,fresh,7,0,14,Tomato_fresh,225
data/raw/FRUIT-16K/F_Tomato/482.jpg,Tomato,fresh,7,0,14,Tomato_fresh,225
data/raw/FRUIT-16K/F_Tomato/483.jpg,Tomato,fresh,7,0,14,Tomato_fresh,225
data/raw/FRUIT-16K/F_Tomato/484.jpg,Tomato,fresh,7,0,14,Tomato_fresh,225
data/raw/FRUIT-16K/F_Tomato/485.jpg,Tomato,fresh,7,0,14,Tomato_fresh,225
data/raw/FRUIT-16K/F_Tomato/486.jpg,Tomato,fresh,7,0,14,Tomato_fresh,225
data/raw/FRUIT-16K/F_Tomato/487.jpg,Tomato,fresh,7,0,14,Tomato_fresh,225
data/raw/FRUIT-16K/F_Tomato/488.jpg,Tomato,fresh,7,0,14,Tomato_fresh,225
data/raw/FRUIT-16K/F_Tomato/489.jpg,Tomato,fresh,7,0,14,Tomato_fresh,225
data/raw/FRUIT-16K/F_Tomato/490.jpg,Tomato,fresh,7,0,14,Tomato_fresh,225
data/raw/FRUIT-16K/F_Tomato/491.jpg,Tomato,fresh,7,0,14,Tomato_fresh,225
data/raw/FRUIT-16K/F_Tomato/492.jpg,Tomato,fresh,7,0,14,Tomato_fresh,225
data/raw/FRUIT-16K/F_Tomato/493.jpg,Tomato,fresh,7,0,14,Tomato_fresh,225
data/raw/FRUIT-16K/F_Tomato/494.jpg,Tomato,fresh,7,0,14,Tomato_fresh,225
data/raw/FRUIT-16K/F_Tomato/495.jpg,Tomato,fresh,7,0,14,Tomato_fresh,225
data/raw/FRUIT-16K/F_Tomato/496.jpg,Tomato,fresh,7,0,14,Tomato_fresh,225
data/raw/FRUIT-16K/F_Tomato/497.jpg,Tomato,fresh,7,0,14,Tomato_fresh,225
data/raw/FRUIT-16K/F_Tomato/498.jpg,Tomato,fresh,7,0,14,Tomato_fresh,225
data/raw/FRUIT-16K/F_Tomato/499.jpg,Tomato,fresh,7,0,14,Tomato_fresh,225
data/raw/FRUIT-16K/F_Tomato/500.jpg,Tomato,fresh,7,0,14,Tomato_fresh,225
data/raw/FRUIT-16K/F_Tomato/501.jpg,Tomato,fresh,7,0,14,Tomato_fresh,226
data/raw/FRUIT-16K/F_Tomato/502.jpg,Tomato,fresh,7,0,14,Tomato_fresh,226
data/raw/FRUIT-16K/F_Tomato/503.jpg,Tomato,fresh,7,0,14,Tomato_fresh,226
data/raw/FRUIT-16K/F_Tomato/504.jpg,Tomato,fresh,7,0,14,Tomato_fresh,226
data/raw/FRUIT-16K/F_Tomato/505.jpg,Tomato,fresh,7,0,14,Tomato_fresh,226
data/raw/FRUIT-16K/F_Tomato/506.jpg,Tomato,fresh,7,0,14,Tomato_fresh,226
data/raw/FRUIT-16K/F_Tomato/507.jpg,Tomato,fresh,7,0,14,Tomato_fresh,226
data/raw/FRUIT-16K/F_Tomato/508.jpg,Tomato,fresh,7,0,14,Tomato_fresh,226
data/raw/FRUIT-16K/F_Tomato/509.jpg,Tomato,fresh,7,0,14,Tomato_fresh,226
data/raw/FRUIT-16K/F_Tomato/510.jpg,Tomato,fresh,7,0,14,Tomato_fresh,226
data/raw/FRUIT-16K/F_Tomato/511.jpg,Tomato,fresh,7,0,14,Tomato_fresh,226
data/raw/FRUIT-16K/F_Tomato/512.jpg,Tomato,fresh,7,0,14,Tomato_fresh,226
data/raw/FRUIT-16K/F_Tomato/513.jpg,Tomato,fresh,7,0,14,Tomato_fresh,226
data/raw/FRUIT-16K/F_Tomato/514.jpg,Tomato,fresh,7,0,14,Tomato_fresh,226
data/raw/FRUIT-16K/F_Tomato/515.jpg,Tomato,fresh,7,0,14,Tomato_fresh,226
data/raw/FRUIT-16K/F_Tomato/516.jpg,Tomato,fresh,7,0,14,Tomato_fresh,226
data/raw/FRUIT-16K/F_Tomato/517.jpg,Tomato,fresh,7,0,14,Tomato_fresh,226
data/raw/FRUIT-16K/F_Tomato/518.jpg,Tomato,fresh,7,0,14,Tomato_fresh,226
data/raw/FRUIT-16K/F_Tomato/519.jpg,Tomato,fresh,7,0,14,Tomato_fresh,226
data/raw/FRUIT-16K/F_Tomato/520.jpg,Tomato,fresh,7,0,14,Tomato_fresh,226
data/raw/FRUIT-16K/F_Tomato/521.jpg,Tomato,fresh,7,0,14,Tomato_fresh,226
data/raw/FRUIT-16K/F_Tomato/522.jpg,Tomato,fresh,7,0,14,Tomato_fresh,226
data/raw/FRUIT-16K/F_Tomato/523.jpg,Tomato,fresh,7,0,14,Tomato_fresh,226
data/raw/FRUIT-16K/F_Tomato/524.jpg,Tomato,fresh,7,0,14,Tomato_fresh,226
data/raw/FRUIT-16K/F_Tomato/525.jpg,Tomato,fresh,7,0,14,Tomato_fresh,226
data/raw/FRUIT-16K/F_Tomato/526.jpg,Tomato,fresh,7,0,14,Tomato_fresh,226
data/raw/FRUIT-16K/F_Tomato/527.jpg,Tomato,fresh,7,0,14,Tomato_fresh,226
data/raw/FRUIT-16K/F_Tomato/528.jpg,Tomato,fresh,7,0,14,Tomato_fresh,226
data/raw/FRUIT-16K/F_Tomato/529.jpg,Tomato,fresh,7,0,14,Tomato_fresh,226
data/raw/FRUIT-16K/F_Tomato/530.jpg,Tomato,fresh,7,0,14,Tomato_fresh,226
data/raw/FRUIT-16K/F_Tomato/531.jpg,Tomato,fresh,7,0,14,Tomato_fresh,226
data/raw/FRUIT-16K/F_Tomato/532.jpg,Tomato,fresh,7,0,14,Tomato_fresh,226
data/raw/FRUIT-16K/F_Tomato/533.jpg,Tomato,fresh,7,0,14,Tomato_fresh,226
data/raw/FRUIT-16K/F_Tomato/534.jpg,Tomato,fresh,7,0,14,Tomato_fresh,226
data/raw/FRUIT-16K/F_Tomato/535.jpg,Tomato,fresh,7,0,14,Tomato_fresh,226
data/raw/FRUIT-16K/F_Tomato/536.jpg,Tomato,fresh,7,0,14,Tomato_fresh,226
data/raw/FRUIT-16K/F_Tomato/537.jpg,Tomato,fresh,7,0,14,Tomato_fresh,226
data/raw/FRUIT-16K/F_Tomato/538.jpg,Tomato,fresh,7,0,14,Tomato_fresh,226
data/raw/FRUIT-16K/F_Tomato/539.jpg,Tomato,fresh,7,0,14,Tomato_fresh,226
data/raw/FRUIT-16K/F_Tomato/540.jpg,Tomato,fresh,7,0,14,Tomato_fresh,226
data/raw/FRUIT-16K/F_Tomato/541.jpg,Tomato,fresh,7,0,14,Tomato_fresh,226
data/raw/FRUIT-16K/F_Tomato/542.jpg,Tomato,fresh,7,0,14,Tomato_fresh,226
data/raw/FRUIT-16K/F_Tomato/543.jpg,Tomato,fresh,7,0,14,Tomato_fresh,226
data/raw/FRUIT-16K/F_Tomato/544.jpg,Tomato,fresh,7,0,14,Tomato_fresh,226
data/raw/FRUIT-16K/F_Tomato/545.jpg,Tomato,fresh,7,0,14,Tomato_fresh,226
data/raw/FRUIT-16K/F_Tomato/546.jpg,Tomato,fresh,7,0,14,Tomato_fresh,226
data/raw/FRUIT-16K/F_Tomato/547.jpg,Tomato,fresh,7,0,14,Tomato_fresh,226
data/raw/FRUIT-16K/F_Tomato/548.jpg,Tomato,fresh,7,0,14,Tomato_fresh,226
data/raw/FRUIT-16K/F_Tomato/549.jpg,Tomato,fresh,7,0,14,Tomato_fresh,226
data/raw/FRUIT-16K/F_Tomato/550.jpg,Tomato,fresh,7,0,14,Tomato_fresh,226
data/raw/FRUIT-16K/F_Tomato/551.jpg,Tomato,fresh,7,0,14,Tomato_fresh,226
data/raw/FRUIT-16K/F_Tomato/552.jpg,Tomato,fresh,7,0,14,Tomato_fresh,226
data/raw/FRUIT-16K/F_Tomato/553.jpg,Tomato,fresh,7,0,14,Tomato_fresh,226
data/raw/FRUIT-16K/F_Tomato/554.jpg,Tomato,fresh,7,0,14,Tomato_fresh,226
data/raw/FRUIT-16K/F_Tomato/555.jpg,Tomato,fresh,7,0,14,Tomato_fresh,226
data/raw/FRUIT-16K/F_Tomato/556.jpg,Tomato,fresh,7,0,14,Tomato_fresh,226
data/raw/FRUIT-16K/F_Tomato/557.jpg,Tomato,fresh,7,0,14,Tomato_fresh,226
data/raw/FRUIT-16K/F_Tomato/558.jpg,Tomato,fresh,7,0,14,Tomato_fresh,226
data/raw/FRUIT-16K/F_Tomato/559.jpg,Tomato,fresh,7,0,14,Tomato_fresh,226
data/raw/FRUIT-16K/F_Tomato/560.jpg,Tomato,fresh,7,0,14,Tomato_fresh,226
data/raw/FRUIT-16K/F_Tomato/561.jpg,Tomato,fresh,7,0,14,Tomato_fresh,226
data/raw/FRUIT-16K/F_Tomato/562.jpg,Tomato,fresh,7,0,14,Tomato_fresh,226
data/raw/FRUIT-16K/F_Tomato/563.jpg,Tomato,fresh,7,0,14,Tomato_fresh,226
data/raw/FRUIT-16K/F_Tomato/564.jpg,Tomato,fresh,7,0,14,Tomato_fresh,226
data/raw/FRUIT-16K/F_Tomato/565.jpg,Tomato,fresh,7,0,14,Tomato_fresh,226
data/raw/FRUIT-16K/F_Tomato/566.jpg,Tomato,fresh,7,0,14,Tomato_fresh,226
data/raw/FRUIT-16K/F_Tomato/567.jpg,Tomato,fresh,7,0,14,Tomato_fresh,226
data/raw/FRUIT-16K/F_Tomato/568.jpg,Tomato,fresh,7,0,14,Tomato_fresh,226
data/raw/FRUIT-16K/F_Tomato/569.jpg,Tomato,fresh,7,0,14,Tomato_fresh,226
data/raw/FRUIT-16K/F_Tomato/570.jpg,Tomato,fresh,7,0,14,Tomato_fresh,226
data/raw/FRUIT-16K/F_Tomato/571.jpg,Tomato,fresh,7,0,14,Tomato_fresh,226
data/raw/FRUIT-16K/F_Tomato/572.jpg,Tomato,fresh,7,0,14,Tomato_fresh,226
data/raw/FRUIT-16K/F_Tomato/573.jpg,Tomato,fresh,7,0,14,Tomato_fresh,226
data/raw/FRUIT-16K/F_Tomato/574.jpg,Tomato,fresh,7,0,14,Tomato_fresh,226
data/raw/FRUIT-16K/F_Tomato/575.jpg,Tomato,fresh,7,0,14,Tomato_fresh,226
data/raw/FRUIT-16K/F_Tomato/576.jpg,Tomato,fresh,7,0,14,Tomato_fresh,226
data/raw/FRUIT-16K/F_Tomato/577.jpg,Tomato,fresh,7,0,14,Tomato_fresh,226
data/raw/FRUIT-16K/F_Tomato/578.jpg,Tomato,fresh,7,0,14,Tomato_fresh,226
data/raw/FRUIT-16K/F_Tomato/579.jpg,Tomato,fresh,7,0,14,Tomato_fresh,226
data/raw/FRUIT-16K/F_Tomato/580.jpg,Tomato,fresh,7,0,14,Tomato_fresh,226
data/raw/FRUIT-16K/F_Tomato/581.jpg,Tomato,fresh,7,0,14,Tomato_fresh,226
data/raw/FRUIT-16K/F_Tomato/582.jpg,Tomato,fresh,7,0,14,Tomato_fresh,226
data/raw/FRUIT-16K/F_Tomato/583.jpg,Tomato,fresh,7,0,14,Tomato_fresh,226
data/raw/FRUIT-16K/F_Tomato/584.jpg,Tomato,fresh,7,0,14,Tomato_fresh,226
data/raw/FRUIT-16K/F_Tomato/585.jpg,Tomato,fresh,7,0,14,Tomato_fresh,226
data/raw/FRUIT-16K/F_Tomato/586.jpg,Tomato,fresh,7,0,14,Tomato_fresh,226
data/raw/FRUIT-16K/F_Tomato/587.jpg,Tomato,fresh,7,0,14,Tomato_fresh,226
data/raw/FRUIT-16K/F_Tomato/588.jpg,Tomato,fresh,7,0,14,Tomato_fresh,226
data/raw/FRUIT-16K/F_Tomato/589.jpg,Tomato,fresh,7,0,14,Tomato_fresh,226
data/raw/FRUIT-16K/F_Tomato/590.jpg,Tomato,fresh,7,0,14,Tomato_fresh,226
data/raw/FRUIT-16K/F_Tomato/591.jpg,Tomato,fresh,7,0,14,Tomato_fresh,226
data/raw/FRUIT-16K/F_Tomato/592.jpg,Tomato,fresh,7,0,14,Tomato_fresh,226
data/raw/FRUIT-16K/F_Tomato/593.jpg,Tomato,fresh,7,0,14,Tomato_fresh,226
data/raw/FRUIT-16K/F_Tomato/594.jpg,Tomato,fresh,7,0,14,Tomato_fresh,226
data/raw/FRUIT-16K/F_Tomato/595.jpg,Tomato,fresh,7,0,14,Tomato_fresh,226
data/raw/FRUIT-16K/F_Tomato/596.jpg,Tomato,fresh,7,0,14,Tomato_fresh,226
data/raw/FRUIT-16K/F_Tomato/597.jpg,Tomato,fresh,7,0,14,Tomato_fresh,226
data/raw/FRUIT-16K/F_Tomato/598.jpg,Tomato,fresh,7,0,14,Tomato_fresh,226
data/raw/FRUIT-16K/F_Tomato/599.jpg,Tomato,fresh,7,0,14,Tomato_fresh,226
data/raw/FRUIT-16K/F_Tomato/600.jpg,Tomato,fresh,7,0,14,Tomato_fresh,226
data/raw/FRUIT-16K/F_Tomato/601.jpg,Tomato,fresh,7,0,14,Tomato_fresh,227
data/raw/FRUIT-16K/F_Tomato/602.jpg,Tomato,fresh,7,0,14,Tomato_fresh,227
data/raw/FRUIT-16K/F_Tomato/603.jpg,Tomato,fresh,7,0,14,Tomato_fresh,227
data/raw/FRUIT-16K/F_Tomato/604.jpg,Tomato,fresh,7,0,14,Tomato_fresh,227
data/raw/FRUIT-16K/F_Tomato/605.jpg,Tomato,fresh,7,0,14,Tomato_fresh,227
data/raw/FRUIT-16K/F_Tomato/606.jpg,Tomato,fresh,7,0,14,Tomato_fresh,227
data/raw/FRUIT-16K/F_Tomato/607.jpg,Tomato,fresh,7,0,14,Tomato_fresh,227
data/raw/FRUIT-16K/F_Tomato/608.jpg,Tomato,fresh,7,0,14,Tomato_fresh,227
data/raw/FRUIT-16K/F_Tomato/609.jpg,Tomato,fresh,7,0,14,Tomato_fresh,227
data/raw/FRUIT-16K/F_Tomato/610.jpg,Tomato,fresh,7,0,14,Tomato_fresh,227
data/raw/FRUIT-16K/F_Tomato/611.jpg,Tomato,fresh,7,0,14,Tomato_fresh,227
data/raw/FRUIT-16K/F_Tomato/612.jpg,Tomato,fresh,7,0,14,Tomato_fresh,227
data/raw/FRUIT-16K/F_Tomato/613.jpg,Tomato,fresh,7,0,14,Tomato_fresh,227
data/raw/FRUIT-16K/F_Tomato/614.jpg,Tomato,fresh,7,0,14,Tomato_fresh,227
data/raw/FRUIT-16K/F_Tomato/615.jpg,Tomato,fresh,7,0,14,Tomato_fresh,227
data/raw/FRUIT-16K/F_Tomato/616.jpg,Tomato,fresh,7,0,14,Tomato_fresh,227
data/raw/FRUIT-16K/F_Tomato/617.jpg,Tomato,fresh,7,0,14,Tomato_fresh,227
data/raw/FRUIT-16K/F_Tomato/618.jpg,Tomato,fresh,7,0,14,Tomato_fresh,227
data/raw/FRUIT-16K/F_Tomato/619.jpg,Tomato,fresh,7,0,14,Tomato_fresh,227
data/raw/FRUIT-16K/F_Tomato/620.jpg,Tomato,fresh,7,0,14,Tomato_fresh,227
data/raw/FRUIT-16K/F_Tomato/621.jpg,Tomato,fresh,7,0,14,Tomato_fresh,227
data/raw/FRUIT-16K/F_Tomato/622.jpg,Tomato,fresh,7,0,14,Tomato_fresh,227
data/raw/FRUIT-16K/F_Tomato/623.jpg,Tomato,fresh,7,0,14,Tomato_fresh,227
data/raw/FRUIT-16K/F_Tomato/624.jpg,Tomato,fresh,7,0,14,Tomato_fresh,227
data/raw/FRUIT-16K/F_Tomato/625.jpg,Tomato,fresh,7,0,14,Tomato_fresh,227
data/raw/FRUIT-16K/F_Tomato/626.jpg,Tomato,fresh,7,0,14,Tomato_fresh,228
data/raw/FRUIT-16K/F_Tomato/627.jpg,Tomato,fresh,7,0,14,Tomato_fresh,228
data/raw/FRUIT-16K/F_Tomato/628.jpg,Tomato,fresh,7,0,14,Tomato_fresh,228
data/raw/FRUIT-16K/F_Tomato/629.jpg,Tomato,fresh,7,0,14,Tomato_fresh,228
data/raw/FRUIT-16K/F_Tomato/630.jpg,Tomato,fresh,7,0,14,Tomato_fresh,228
data/raw/FRUIT-16K/F_Tomato/631.jpg,Tomato,fresh,7,0,14,Tomato_fresh,228
data/raw/FRUIT-16K/F_Tomato/632.jpg,Tomato,fresh,7,0,14,Tomato_fresh,228
data/raw/FRUIT-16K/F_Tomato/633.jpg,Tomato,fresh,7,0,14,Tomato_fresh,228
data/raw/FRUIT-16K/F_Tomato/634.jpg,Tomato,fresh,7,0,14,Tomato_fresh,228
data/raw/FRUIT-16K/F_Tomato/635.jpg,Tomato,fresh,7,0,14,Tomato_fresh,228
data/raw/FRUIT-16K/F_Tomato/636.jpg,Tomato,fresh,7,0,14,Tomato_fresh,228
data/raw/FRUIT-16K/F_Tomato/637.jpg,Tomato,fresh,7,0,14,Tomato_fresh,228
data/raw/FRUIT-16K/F_Tomato/638.jpg,Tomato,fresh,7,0,14,Tomato_fresh,228
data/raw/FRUIT-16K/F_Tomato/639.jpg,Tomato,fresh,7,0,14,Tomato_fresh,228
data/raw/FRUIT-16K/F_Tomato/640.jpg,Tomato,fresh,7,0,14,Tomato_fresh,228
data/raw/FRUIT-16K/F_Tomato/641.jpg,Tomato,fresh,7,0,14,Tomato_fresh,228
data/raw/FRUIT-16K/F_Tomato/642.jpg,Tomato,fresh,7,0,14,Tomato_fresh,228
data/raw/FRUIT-16K/F_Tomato/643.jpg,Tomato,fresh,7,0,14,Tomato_fresh,228
data/raw/FRUIT-16K/F_Tomato/644.jpg,Tomato,fresh,7,0,14,Tomato_fresh,228
data/raw/FRUIT-16K/F_Tomato/645.jpg,Tomato,fresh,7,0,14,Tomato_fresh,228
data/raw/FRUIT-16K/F_Tomato/646.jpg,Tomato,fresh,7,0,14,Tomato_fresh,228
data/raw/FRUIT-16K/F_Tomato/647.jpg,Tomato,fresh,7,0,14,Tomato_fresh,228
data/raw/FRUIT-16K/F_Tomato/648.jpg,Tomato,fresh,7,0,14,Tomato_fresh,228
data/raw/FRUIT-16K/F_Tomato/649.jpg,Tomato,fresh,7,0,14,Tomato_fresh,228
data/raw/FRUIT-16K/F_Tomato/650.jpg,Tomato,fresh,7,0,14,Tomato_fresh,228
data/raw/FRUIT-16K/F_Tomato/651.jpg,Tomato,fresh,7,0,14,Tomato_fresh,227
data/raw/FRUIT-16K/F_Tomato/652.jpg,Tomato,fresh,7,0,14,Tomato_fresh,227
data/raw/FRUIT-16K/F_Tomato/653.jpg,Tomato,fresh,7,0,14,Tomato_fresh,227
data/raw/FRUIT-16K/F_Tomato/654.jpg,Tomato,fresh,7,0,14,Tomato_fresh,227
data/raw/FRUIT-16K/F_Tomato/655.jpg,Tomato,fresh,7,0,14,Tomato_fresh,227
data/raw/FRUIT-16K/F_Tomato/656.jpg,Tomato,fresh,7,0,14,Tomato_fresh,227
data/raw/FRUIT-16K/F_Tomato/657.jpg,Tomato,fresh,7,0,14,Tomato_fresh,227
data/raw/FRUIT-16K/F_Tomato/658.jpg,Tomato,fresh,7,0,14,Tomato_fresh,227
data/raw/FRUIT-16K/F_Tomato/659.jpg,Tomato,fresh,7,0,14,Tomato_fresh,227
data/raw/FRUIT-16K/F_Tomato/660.jpg,Tomato,fresh,7,0,14,Tomato_fresh,227
data/raw/FRUIT-16K/F_Tomato/661.jpg,Tomato,fresh,7,0,14,Tomato_fresh,227
data/raw/FRUIT-16K/F_Tomato/662.jpg,Tomato,fresh,7,0,14,Tomato_fresh,227
data/raw/FRUIT-16K/F_Tomato/663.jpg,Tomato,fresh,7,0,14,Tomato_fresh,227
data/raw/FRUIT-16K/F_Tomato/664.jpg,Tomato,fresh,7,0,14,Tomato_fresh,227
data/raw/FRUIT-16K/F_Tomato/665.jpg,Tomato,fresh,7,0,14,Tomato_fresh,227
data/raw/FRUIT-16K/F_Tomato/666.jpg,Tomato,fresh,7,0,14,Tomato_fresh,227
data/raw/FRUIT-16K/F_Tomato/667.jpg,Tomato,fresh,7,0,14,Tomato_fresh,227
data/raw/FRUIT-16K/F_Tomato/668.jpg,Tomato,fresh,7,0,14,Tomato_fresh,227
data/raw/FRUIT-16K/F_Tomato/669.jpg,Tomato,fresh,7,0,14,Tomato_fresh,227
data/raw/FRUIT-16K/F_Tomato/670.jpg,Tomato,fresh,7,0,14,Tomato_fresh,227
data/raw/FRUIT-16K/F_Tomato/671.jpg,Tomato,fresh,7,0,14,Tomato_fresh,227
data/raw/FRUIT-16K/F_Tomato/672.jpg,Tomato,fresh,7,0,14,Tomato_fresh,227
data/raw/FRUIT-16K/F_Tomato/673.jpg,Tomato,fresh,7,0,14,Tomato_fresh,227
data/raw/FRUIT-16K/F_Tomato/674.jpg,Tomato,fresh,7,0,14,Tomato_fresh,227
data/raw/FRUIT-16K/F_Tomato/675.jpg,Tomato,fresh,7,0,14,Tomato_fresh,227
data/raw/FRUIT-16K/F_Tomato/676.jpg,Tomato,fresh,7,0,14,Tomato_fresh,228
data/raw/FRUIT-16K/F_Tomato/677.jpg,Tomato,fresh,7,0,14,Tomato_fresh,228
data/raw/FRUIT-16K/F_Tomato/678.jpg,Tomato,fresh,7,0,14,Tomato_fresh,228
data/raw/FRUIT-16K/F_Tomato/679.jpg,Tomato,fresh,7,0,14,Tomato_fresh,228
data/raw/FRUIT-16K/F_Tomato/680.jpg,Tomato,fresh,7,0,14,Tomato_fresh,228
data/raw/FRUIT-16K/F_Tomato/681.jpg,Tomato,fresh,7,0,14,Tomato_fresh,228
data/raw/FRUIT-16K/F_Tomato/682.jpg,Tomato,fresh,7,0,14,Tomato_fresh,228
data/raw/FRUIT-16K/F_Tomato/683.jpg,Tomato,fresh,7,0,14,Tomato_fresh,228
data/raw/FRUIT-16K/F_Tomato/684.jpg,Tomato,fresh,7,0,14,Tomato_fresh,228
data/raw/FRUIT-16K/F_Tomato/685.jpg,Tomato,fresh,7,0,14,Tomato_fresh,228
data/raw/FRUIT-16K/F_Tomato/686.jpg,Tomato,fresh,7,0,14,Tomato_fresh,228
data/raw/FRUIT-16K/F_Tomato/687.jpg,Tomato,fresh,7,0,14,Tomato_fresh,228
data/raw/FRUIT-16K/F_Tomato/688.jpg,Tomato,fresh,7,0,14,Tomato_fresh,228
data/raw/FRUIT-16K/F_Tomato/689.jpg,Tomato,fresh,7,0,14,Tomato_fresh,228
data/raw/FRUIT-16K/F_Tomato/690.jpg,Tomato,fresh,7,0,14,Tomato_fresh,228
data/raw/FRUIT-16K/F_Tomato/691.jpg,Tomato,fresh,7,0,14,Tomato_fresh,228
data/raw/FRUIT-16K/F_Tomato/692.jpg,Tomato,fresh,7,0,14,Tomato_fresh,228
data/raw/FRUIT-16K/F_Tomato/693.jpg,Tomato,fresh,7,0,14,Tomato_fresh,228
data/raw/FRUIT-16K/F_Tomato/694.jpg,Tomato,fresh,7,0,14,Tomato_fresh,228
data/raw/FRUIT-16K/F_Tomato/695.jpg,Tomato,fresh,7,0,14,Tomato_fresh,228
data/raw/FRUIT-16K/F_Tomato/696.jpg,Tomato,fresh,7,0,14,Tomato_fresh,228
data/raw/FRUIT-16K/F_Tomato/697.jpg,Tomato,fresh,7,0,14,Tomato_fresh,228
data/raw/FRUIT-16K/F_Tomato/698.jpg,Tomato,fresh,7,0,14,Tomato_fresh,228
data/raw/FRUIT-16K/F_Tomato/699.jpg,Tomato,fresh,7,0,14,Tomato_fresh,228
data/raw/FRUIT-16K/F_Tomato/700.jpg,Tomato,fresh,7,0,14,Tomato_fresh,228
data/raw/FRUIT-16K/F_Tomato/701.jpg,Tomato,fresh,7,0,14,Tomato_fresh,228
data/raw/FRUIT-16K/F_Tomato/702.jpg,Tomato,fresh,7,0,14,Tomato_fresh,228
data/raw/FRUIT-16K/F_Tomato/703.jpg,Tomato,fresh,7,0,14,Tomato_fresh,228
data/raw/FRUIT-16K/F_Tomato/704.jpg,Tomato,fresh,7,0,14,Tomato_fresh,228
data/raw/FRUIT-16K/F_Tomato/705.jpg,Tomato,fresh,7,0,14,Tomato_fresh,228
data/raw/FRUIT-16K/F_Tomato/706.jpg,Tomato,fresh,7,0,14,Tomato_fresh,228
data/raw/FRUIT-16K/F_Tomato/707.jpg,Tomato,fresh,7,0,14,Tomato_fresh,228
data/raw/FRUIT-16K/F_Tomato/708.jpg,Tomato,fresh,7,0,14,Tomato_fresh,228
data/raw/FRUIT-16K/F_Tomato/709.jpg,Tomato,fresh,7,0,14,Tomato_fresh,228
data/raw/FRUIT-16K/F_Tomato/710.jpg,Tomato,fresh,7,0,14,Tomato_fresh,228
data/raw/FRUIT-16K/F_Tomato/711.jpg,Tomato,fresh,7,0,14,Tomato_fresh,228
data/raw/FRUIT-16K/F_Tomato/712.jpg,Tomato,fresh,7,0,14,Tomato_fresh,228
data/raw/FRUIT-16K/F_Tomato/713.jpg,Tomato,fresh,7,0,14,Tomato_fresh,228
data/raw/FRUIT-16K/F_Tomato/714.jpg,Tomato,fresh,7,0,14,Tomato_fresh,228
data/raw/FRUIT-16K/F_Tomato/715.jpg,Tomato,fresh,7,0,14,Tomato_fresh,228
data/raw/FRUIT-16K/F_Tomato/716.jpg,Tomato,fresh,7,0,14,Tomato_fresh,228
data/raw/FRUIT-16K/F_Tomato/717.jpg,Tomato,fresh,7,0,14,Tomato_fresh,228
data/raw/FRUIT-16K/F_Tomato/718.jpg,Tomato,fresh,7,0,14,Tomato_fresh,228
data/raw/FRUIT-16K/F_Tomato/719.jpg,Tomato,fresh,7,0,14,Tomato_fresh,228
data/raw/FRUIT-16K/F_Tomato/720.jpg,Tomato,fresh,7,0,14,Tomato_fresh,228
data/raw/FRUIT-16K/F_Tomato/721.jpg,Tomato,fresh,7,0,14,Tomato_fresh,228
data/raw/FRUIT-16K/F_Tomato/722.jpg,Tomato,fresh,7,0,14,Tomato_fresh,228
data/raw/FRUIT-16K/F_Tomato/723.jpg,Tomato,fresh,7,0,14,Tomato_fresh,228
data/raw/FRUIT-16K/F_Tomato/724.jpg,Tomato,fresh,7,0,14,Tomato_fresh,228
data/raw/FRUIT-16K/F_Tomato/725.jpg,Tomato,fresh,7,0,14,Tomato_fresh,228
data/raw/FRUIT-16K/F_Tomato/751.jpg,Tomato,fresh,7,0,14,Tomato_fresh,230
data/raw/FRUIT-16K/F_Tomato/752.jpg,Tomato,fresh,7,0,14,Tomato_fresh,230
data/raw/FRUIT-16K/F_Tomato/753.jpg,Tomato,fresh,7,0,14,Tomato_fresh,230
data/raw/FRUIT-16K/F_Tomato/754.jpg,Tomato,fresh,7,0,14,Tomato_fresh,230
data/raw/FRUIT-16K/F_Tomato/755.jpg,Tomato,fresh,7,0,14,Tomato_fresh,230
data/raw/FRUIT-16K/F_Tomato/756.jpg,Tomato,fresh,7,0,14,Tomato_fresh,230
data/raw/FRUIT-16K/F_Tomato/757.jpg,Tomato,fresh,7,0,14,Tomato_fresh,230
data/raw/FRUIT-16K/F_Tomato/758.jpg,Tomato,fresh,7,0,14,Tomato_fresh,230
data/raw/FRUIT-16K/F_Tomato/759.jpg,Tomato,fresh,7,0,14,Tomato_fresh,230
data/raw/FRUIT-16K/F_Tomato/760.jpg,Tomato,fresh,7,0,14,Tomato_fresh,230
data/raw/FRUIT-16K/F_Tomato/761.jpg,Tomato,fresh,7,0,14,Tomato_fresh,230
data/raw/FRUIT-16K/F_Tomato/762.jpg,Tomato,fresh,7,0,14,Tomato_fresh,230
data/raw/FRUIT-16K/F_Tomato/763.jpg,Tomato,fresh,7,0,14,Tomato_fresh,230
data/raw/FRUIT-16K/F_Tomato/764.jpg,Tomato,fresh,7,0,14,Tomato_fresh,230
data/raw/FRUIT-16K/F_Tomato/765.jpg,Tomato,fresh,7,0,14,Tomato_fresh,230
data/raw/FRUIT-16K/F_Tomato/766.jpg,Tomato,fresh,7,0,14,Tomato_fresh,230
data/raw/FRUIT-16K/F_Tomato/767.jpg,Tomato,fresh,7,0,14,Tomato_fresh,230
data/raw/FRUIT-16K/F_Tomato/768.jpg,Tomato,fresh,7,0,14,Tomato_fresh,230
data/raw/FRUIT-16K/F_Tomato/769.jpg,Tomato,fresh,7,0,14,Tomato_fresh,230
data/raw/FRUIT-16K/F_Tomato/770.jpg,Tomato,fresh,7,0,14,Tomato_fresh,230
data/raw/FRUIT-16K/F_Tomato/771.jpg,Tomato,fresh,7,0,14,Tomato_fresh,230
data/raw/FRUIT-16K/F_Tomato/772.jpg,Tomato,fresh,7,0,14,Tomato_fresh,230
data/raw/FRUIT-16K/F_Tomato/773.jpg,Tomato,fresh,7,0,14,Tomato_fresh,230
data/raw/FRUIT-16K/F_Tomato/774.jpg,Tomato,fresh,7,0,14,Tomato_fresh,230
data/raw/FRUIT-16K/F_Tomato/775.jpg,Tomato,fresh,7,0,14,Tomato_fresh,230
data/raw/FRUIT-16K/F_Tomato/776.jpg,Tomato,fresh,7,0,14,Tomato_fresh,231
data/raw/FRUIT-16K/F_Tomato/777.jpg,Tomato,fresh,7,0,14,Tomato_fresh,231
data/raw/FRUIT-16K/F_Tomato/778.jpg,Tomato,fresh,7,0,14,Tomato_fresh,231
data/raw/FRUIT-16K/F_Tomato/779.jpg,Tomato,fresh,7,0,14,Tomato_fresh,231
data/raw/FRUIT-16K/F_Tomato/780.jpg,Tomato,fresh,7,0,14,Tomato_fresh,231
data/raw/FRUIT-16K/F_Tomato/781.jpg,Tomato,fresh,7,0,14,Tomato_fresh,231
data/raw/FRUIT-16K/F_Tomato/782.jpg,Tomato,fresh,7,0,14,Tomato_fresh,231
data/raw/FRUIT-16K/F_Tomato/783.jpg,Tomato,fresh,7,0,14,Tomato_fresh,231
data/raw/FRUIT-16K/F_Tomato/784.jpg,Tomato,fresh,7,0,14,Tomato_fresh,231
data/raw/FRUIT-16K/F_Tomato/785.jpg,Tomato,fresh,7,0,14,Tomato_fresh,231
data/raw/FRUIT-16K/F_Tomato/786.jpg,Tomato,fresh,7,0,14,Tomato_fresh,231
data/raw/FRUIT-16K/F_Tomato/787.jpg,Tomato,fresh,7,0,14,Tomato_fresh,231
data/raw/FRUIT-16K/F_Tomato/788.jpg,Tomato,fresh,7,0,14,Tomato_fresh,231
data/raw/FRUIT-16K/F_Tomato/789.jpg,Tomato,fresh,7,0,14,Tomato_fresh,231
data/raw/FRUIT-16K/F_Tomato/790.jpg,Tomato,fresh,7,0,14,Tomato_fresh,231
data/raw/FRUIT-16K/F_Tomato/791.jpg,Tomato,fresh,7,0,14,Tomato_fresh,231
data/raw/FRUIT-16K/F_Tomato/792.jpg,Tomato,fresh,7,0,14,Tomato_fresh,231
data/raw/FRUIT-16K/F_Tomato/793.jpg,Tomato,fresh,7,0,14,Tomato_fresh,231
data/raw/FRUIT-16K/F_Tomato/794.jpg,Tomato,fresh,7,0,14,Tomato_fresh,231
data/raw/FRUIT-16K/F_Tomato/795.jpg,Tomato,fresh,7,0,14,Tomato_fresh,231
data/raw/FRUIT-16K/F_Tomato/796.jpg,Tomato,fresh,7,0,14,Tomato_fresh,231
data/raw/FRUIT-16K/F_Tomato/797.jpg,Tomato,fresh,7,0,14,Tomato_fresh,231
data/raw/FRUIT-16K/F_Tomato/798.jpg,Tomato,fresh,7,0,14,Tomato_fresh,231
data/raw/FRUIT-16K/F_Tomato/799.jpg,Tomato,fresh,7,0,14,Tomato_fresh,231
data/raw/FRUIT-16K/F_Tomato/800.jpg,Tomato,fresh,7,0,14,Tomato_fresh,231
data/raw/FRUIT-16K/F_Tomato/826.jpg,Tomato,fresh,7,0,14,Tomato_fresh,233
data/raw/FRUIT-16K/F_Tomato/827.jpg,Tomato,fresh,7,0,14,Tomato_fresh,233
data/raw/FRUIT-16K/F_Tomato/828.jpg,Tomato,fresh,7,0,14,Tomato_fresh,233
data/raw/FRUIT-16K/F_Tomato/829.jpg,Tomato,fresh,7,0,14,Tomato_fresh,233
data/raw/FRUIT-16K/F_Tomato/830.jpg,Tomato,fresh,7,0,14,Tomato_fresh,233
data/raw/FRUIT-16K/F_Tomato/831.jpg,Tomato,fresh,7,0,14,Tomato_fresh,233
data/raw/FRUIT-16K/F_Tomato/832.jpg,Tomato,fresh,7,0,14,Tomato_fresh,233
data/raw/FRUIT-16K/F_Tomato/833.jpg,Tomato,fresh,7,0,14,Tomato_fresh,233
data/raw/FRUIT-16K/F_Tomato/834.jpg,Tomato,fresh,7,0,14,Tomato_fresh,233
data/raw/FRUIT-16K/F_Tomato/835.jpg,Tomato,fresh,7,0,14,Tomato_fresh,233
data/raw/FRUIT-16K/F_Tomato/836.jpg,Tomato,fresh,7,0,14,Tomato_fresh,233
data/raw/FRUIT-16K/F_Tomato/837.jpg,Tomato,fresh,7,0,14,Tomato_fresh,233
data/raw/FRUIT-16K/F_Tomato/838.jpg,Tomato,fresh,7,0,14,Tomato_fresh,233
data/raw/FRUIT-16K/F_Tomato/839.jpg,Tomato,fresh,7,0,14,Tomato_fresh,233
data/raw/FRUIT-16K/F_Tomato/840.jpg,Tomato,fresh,7,0,14,Tomato_fresh,233
data/raw/FRUIT-16K/F_Tomato/841.jpg,Tomato,fresh,7,0,14,Tomato_fresh,233
data/raw/FRUIT-16K/F_Tomato/842.jpg,Tomato,fresh,7,0,14,Tomato_fresh,233
data/raw/FRUIT-16K/F_Tomato/843.jpg,Tomato,fresh,7,0,14,Tomato_fresh,233
data/raw/FRUIT-16K/F_Tomato/844.jpg,Tomato,fresh,7,0,14,Tomato_fresh,233
data/raw/FRUIT-16K/F_Tomato/845.jpg,Tomato,fresh,7,0,14,Tomato_fresh,233
data/raw/FRUIT-16K/F_Tomato/846.jpg,Tomato,fresh,7,0,14,Tomato_fresh,233
data/raw/FRUIT-16K/F_Tomato/847.jpg,Tomato,fresh,7,0,14,Tomato_fresh,233
data/raw/FRUIT-16K/F_Tomato/848.jpg,Tomato,fresh,7,0,14,Tomato_fresh,233
data/raw/FRUIT-16K/F_Tomato/849.jpg,Tomato,fresh,7,0,14,Tomato_fresh,233
data/raw/FRUIT-16K/F_Tomato/850.jpg,Tomato,fresh,7,0,14,Tomato_fresh,233
data/raw/FRUIT-16K/F_Tomato/851.jpg,Tomato,fresh,7,0,14,Tomato_fresh,233
data/raw/FRUIT-16K/F_Tomato/852.jpg,Tomato,fresh,7,0,14,Tomato_fresh,233
data/raw/FRUIT-16K/F_Tomato/853.jpg,Tomato,fresh,7,0,14,Tomato_fresh,233
data/raw/FRUIT-16K/F_Tomato/854.jpg,Tomato,fresh,7,0,14,Tomato_fresh,233
data/raw/FRUIT-16K/F_Tomato/855.jpg,Tomato,fresh,7,0,14,Tomato_fresh,233
data/raw/FRUIT-16K/F_Tomato/856.jpg,Tomato,fresh,7,0,14,Tomato_fresh,233
data/raw/FRUIT-16K/F_Tomato/857.jpg,Tomato,fresh,7,0,14,Tomato_fresh,233
data/raw/FRUIT-16K/F_Tomato/858.jpg,Tomato,fresh,7,0,14,Tomato_fresh,233
data/raw/FRUIT-16K/F_Tomato/859.jpg,Tomato,fresh,7,0,14,Tomato_fresh,233
data/raw/FRUIT-16K/F_Tomato/860.jpg,Tomato,fresh,7,0,14,Tomato_fresh,233
data/raw/FRUIT-16K/F_Tomato/861.jpg,Tomato,fresh,7,0,14,Tomato_fresh,233
data/raw/FRUIT-16K/F_Tomato/862.jpg,Tomato,fresh,7,0,14,Tomato_fresh,233
data/raw/FRUIT-16K/F_Tomato/863.jpg,Tomato,fresh,7,0,14,Tomato_fresh,233
data/raw/FRUIT-16K/F_Tomato/864.jpg,Tomato,fresh,7,0,14,Tomato_fresh,233
data/raw/FRUIT-16K/F_Tomato/865.jpg,Tomato,fresh,7,0,14,Tomato_fresh,233
data/raw/FRUIT-16K/F_Tomato/866.jpg,Tomato,fresh,7,0,14,Tomato_fresh,233
data/raw/FRUIT-16K/F_Tomato/867.jpg,Tomato,fresh,7,0,14,Tomato_fresh,233
data/raw/FRUIT-16K/F_Tomato/868.jpg,Tomato,fresh,7,0,14,Tomato_fresh,233
data/raw/FRUIT-16K/F_Tomato/869.jpg,Tomato,fresh,7,0,14,Tomato_fresh,233
data/raw/FRUIT-16K/F_Tomato/870.jpg,Tomato,fresh,7,0,14,Tomato_fresh,233
data/raw/FRUIT-16K/F_Tomato/871.jpg,Tomato,fresh,7,0,14,Tomato_fresh,233
data/raw/FRUIT-16K/F_Tomato/872.jpg,Tomato,fresh,7,0,14,Tomato_fresh,233
data/raw/FRUIT-16K/F_Tomato/873.jpg,Tomato,fresh,7,0,14,Tomato_fresh,233
data/raw/FRUIT-16K/F_Tomato/874.jpg,Tomato,fresh,7,0,14,Tomato_fresh,233
data/raw/FRUIT-16K/F_Tomato/875.jpg,Tomato,fresh,7,0,14,Tomato_fresh,233
data/raw/FRUIT-16K/S_Banana/26.jpg,Banana,spoiled,0,1,1,Banana_spoiled,239
data/raw/FRUIT-16K/S_Banana/27.jpg,Banana,spoiled,0,1,1,Banana_spoiled,239
data/raw/FRUIT-16K/S_Banana/28.jpg,Banana,spoiled,0,1,1,Banana_spoiled,239
data/raw/FRUIT-16K/S_Banana/29.jpg,Banana,spoiled,0,1,1,Banana_spoiled,239
data/raw/FRUIT-16K/S_Banana/30.jpg,Banana,spoiled,0,1,1,Banana_spoiled,239
data/raw/FRUIT-16K/S_Banana/31.jpg,Banana,spoiled,0,1,1,Banana_spoiled,239
data/raw/FRUIT-16K/S_Banana/32.jpg,Banana,spoiled,0,1,1,Banana_spoiled,239
data/raw/FRUIT-16K/S_Banana/33.jpg,Banana,spoiled,0,1,1,Banana_spoiled,239
data/raw/FRUIT-16K/S_Banana/34.jpg,Banana,spoiled,0,1,1,Banana_spoiled,239
data/raw/FRUIT-16K/S_Banana/35.jpg,Banana,spoiled,0,1,1,Banana_spoiled,239
data/raw/FRUIT-16K/S_Banana/36.jpg,Banana,spoiled,0,1,1,Banana_spoiled,239
data/raw/FRUIT-16K/S_Banana/37.jpg,Banana,spoiled,0,1,1,Banana_spoiled,239
data/raw/FRUIT-16K/S_Banana/38.jpg,Banana,spoiled,0,1,1,Banana_spoiled,239
data/raw/FRUIT-16K/S_Banana/39.jpg,Banana,spoiled,0,1,1,Banana_spoiled,239
data/raw/FRUIT-16K/S_Banana/40.jpg,Banana,spoiled,0,1,1,Banana_spoiled,239
data/raw/FRUIT-16K/S_Banana/41.jpg,Banana,spoiled,0,1,1,Banana_spoiled,239
data/raw/FRUIT-16K/S_Banana/42.jpg,Banana,spoiled,0,1,1,Banana_spoiled,239
data/raw/FRUIT-16K/S_Banana/43.jpg,Banana,spoiled,0,1,1,Banana_spoiled,239
data/raw/FRUIT-16K/S_Banana/44.jpg,Banana,spoiled,0,1,1,Banana_spoiled,239
data/raw/FRUIT-16K/S_Banana/45.jpg,Banana,spoiled,0,1,1,Banana_spoiled,239
data/raw/FRUIT-16K/S_Banana/46.jpg,Banana,spoiled,0,1,1,Banana_spoiled,239
data/raw/FRUIT-16K/S_Banana/47.jpg,Banana,spoiled,0,1,1,Banana_spoiled,239
data/raw/FRUIT-16K/S_Banana/48.jpg,Banana,spoiled,0,1,1,Banana_spoiled,239
data/raw/FRUIT-16K/S_Banana/49.jpg,Banana,spoiled,0,1,1,Banana_spoiled,239
data/raw/FRUIT-16K/S_Banana/50.jpg,Banana,spoiled,0,1,1,Banana_spoiled,239
data/raw/FRUIT-16K/S_Banana/101.jpg,Banana,spoiled,0,1,1,Banana_spoiled,242
data/raw/FRUIT-16K/S_Banana/102.jpg,Banana,spoiled,0,1,1,Banana_spoiled,242
data/raw/FRUIT-16K/S_Banana/103.jpg,Banana,spoiled,0,1,1,Banana_spoiled,242
data/raw/FRUIT-16K/S_Banana/104.jpg,Banana,spoiled,0,1,1,Banana_spoiled,242
data/raw/FRUIT-16K/S_Banana/105.jpg,Banana,spoiled,0,1,1,Banana_spoiled,242
data/raw/FRUIT-16K/S_Banana/106.jpg,Banana,spoiled,0,1,1,Banana_spoiled,242
data/raw/FRUIT-16K/S_Banana/107.jpg,Banana,spoiled,0,1,1,Banana_spoiled,242
data/raw/FRUIT-16K/S_Banana/108.jpg,Banana,spoiled,0,1,1,Banana_spoiled,242
data/raw/FRUIT-16K/S_Banana/109.jpg,Banana,spoiled,0,1,1,Banana_spoiled,242
data/raw/FRUIT-16K/S_Banana/110.jpg,Banana,spoiled,0,1,1,Banana_spoiled,242
data/raw/FRUIT-16K/S_Banana/111.jpg,Banana,spoiled,0,1,1,Banana_spoiled,242
data/raw/FRUIT-16K/S_Banana/112.jpg,Banana,spoiled,0,1,1,Banana_spoiled,242
data/raw/FRUIT-16K/S_Banana/113.jpg,Banana,spoiled,0,1,1,Banana_spoiled,242
data/raw/FRUIT-16K/S_Banana/114.jpg,Banana,spoiled,0,1,1,Banana_spoiled,242
data/raw/FRUIT-16K/S_Banana/115.jpg,Banana,spoiled,0,1,1,Banana_spoiled,242
data/raw/FRUIT-16K/S_Banana/116.jpg,Banana,spoiled,0,1,1,Banana_spoiled,242
data/raw/FRUIT-16K/S_Banana/117.jpg,Banana,spoiled,0,1,1,Banana_spoiled,242
data/raw/FRUIT-16K/S_Banana/118.jpg,Banana,spoiled,0,1,1,Banana_spoiled,242
data/raw/FRUIT-16K/S_Banana/119.jpg,Banana,spoiled,0,1,1,Banana_spoiled,242
data/raw/FRUIT-16K/S_Banana/120.jpg,Banana,spoiled,0,1,1,Banana_spoiled,242
data/raw/FRUIT-16K/S_Banana/121.jpg,Banana,spoiled,0,1,1,Banana_spoiled,242
data/raw/FRUIT-16K/S_Banana/122.jpg,Banana,spoiled,0,1,1,Banana_spoiled,242
data/raw/FRUIT-16K/S_Banana/123.jpg,Banana,spoiled,0,1,1,Banana_spoiled,242
data/raw/FRUIT-16K/S_Banana/124.jpg,Banana,spoiled,0,1,1,Banana_spoiled,242
data/raw/FRUIT-16K/S_Banana/125.jpg,Banana,spoiled,0,1,1,Banana_spoiled,242
data/raw/FRUIT-16K/S_Banana/126.jpg,Banana,spoiled,0,1,1,Banana_spoiled,243
data/raw/FRUIT-16K/S_Banana/127.jpg,Banana,spoiled,0,1,1,Banana_spoiled,243
data/raw/FRUIT-16K/S_Banana/128.jpg,Banana,spoiled,0,1,1,Banana_spoiled,243
data/raw/FRUIT-16K/S_Banana/129.jpg,Banana,spoiled,0,1,1,Banana_spoiled,243
data/raw/FRUIT-16K/S_Banana/130.jpg,Banana,spoiled,0,1,1,Banana_spoiled,243
data/raw/FRUIT-16K/S_Banana/131.jpg,Banana,spoiled,0,1,1,Banana_spoiled,243
data/raw/FRUIT-16K/S_Banana/132.jpg,Banana,spoiled,0,1,1,Banana_spoiled,243
data/raw/FRUIT-16K/S_Banana/133.jpg,Banana,spoiled,0,1,1,Banana_spoiled,243
data/raw/FRUIT-16K/S_Banana/134.jpg,Banana,spoiled,0,1,1,Banana_spoiled,243
data/raw/FRUIT-16K/S_Banana/135.jpg,Banana,spoiled,0,1,1,Banana_spoiled,243
data/raw/FRUIT-16K/S_Banana/136.jpg,Banana,spoiled,0,1,1,Banana_spoiled,243
data/raw/FRUIT-16K/S_Banana/137.jpg,Banana,spoiled,0,1,1,Banana_spoiled,243
data/raw/FRUIT-16K/S_Banana/138.jpg,Banana,spoiled,0,1,1,Banana_spoiled,243
data/raw/FRUIT-16K/S_Banana/139.jpg,Banana,spoiled,0,1,1,Banana_spoiled,243
data/raw/FRUIT-16K/S_Banana/140.jpg,Banana,spoiled,0,1,1,Banana_spoiled,243
data/raw/FRUIT-16K/S_Banana/141.jpg,Banana,spoiled,0,1,1,Banana_spoiled,243
data/raw/FRUIT-16K/S_Banana/142.jpg,Banana,spoiled,0,1,1,Banana_spoiled,243
data/raw/FRUIT-16K/S_Banana/143.jpg,Banana,spoiled,0,1,1,Banana_spoiled,243
data/raw/FRUIT-16K/S_Banana/144.jpg,Banana,spoiled,0,1,1,Banana_spoiled,243
data/raw/FRUIT-16K/S_Banana/145.jpg,Banana,spoiled,0,1,1,Banana_spoiled,243
data/raw/FRUIT-16K/S_Banana/146.jpg,Banana,spoiled,0,1,1,Banana_spoiled,243
data/raw/FRUIT-16K/S_Banana/147.jpg,Banana,spoiled,0,1,1,Banana_spoiled,243
data/raw/FRUIT-16K/S_Banana/148.jpg,Banana,spoiled,0,1,1,Banana_spoiled,243
data/raw/FRUIT-16K/S_Banana/149.jpg,Banana,spoiled,0,1,1,Banana_spoiled,243
data/raw/FRUIT-16K/S_Banana/150.jpg,Banana,spoiled,0,1,1,Banana_spoiled,243
data/raw/FRUIT-16K/S_Banana/151.jpg,Banana,spoiled,0,1,1,Banana_spoiled,244
data/raw/FRUIT-16K/S_Banana/152.jpg,Banana,spoiled,0,1,1,Banana_spoiled,244
data/raw/FRUIT-16K/S_Banana/153.jpg,Banana,spoiled,0,1,1,Banana_spoiled,244
data/raw/FRUIT-16K/S_Banana/154.jpg,Banana,spoiled,0,1,1,Banana_spoiled,244
data/raw/FRUIT-16K/S_Banana/155.jpg,Banana,spoiled,0,1,1,Banana_spoiled,244
data/raw/FRUIT-16K/S_Banana/156.jpg,Banana,spoiled,0,1,1,Banana_spoiled,244
data/raw/FRUIT-16K/S_Banana/157.jpg,Banana,spoiled,0,1,1,Banana_spoiled,244
data/raw/FRUIT-16K/S_Banana/158.jpg,Banana,spoiled,0,1,1,Banana_spoiled,244
data/raw/FRUIT-16K/S_Banana/159.jpg,Banana,spoiled,0,1,1,Banana_spoiled,244
data/raw/FRUIT-16K/S_Banana/160.jpg,Banana,spoiled,0,1,1,Banana_spoiled,244
data/raw/FRUIT-16K/S_Banana/161.jpg,Banana,spoiled,0,1,1,Banana_spoiled,244
data/raw/FRUIT-16K/S_Banana/162.jpg,Banana,spoiled,0,1,1,Banana_spoiled,244
data/raw/FRUIT-16K/S_Banana/163.jpg,Banana,spoiled,0,1,1,Banana_spoiled,244
data/raw/FRUIT-16K/S_Banana/164.jpg,Banana,spoiled,0,1,1,Banana_spoiled,244
data/raw/FRUIT-16K/S_Banana/165.jpg,Banana,spoiled,0,1,1,Banana_spoiled,244
data/raw/FRUIT-16K/S_Banana/166.jpg,Banana,spoiled,0,1,1,Banana_spoiled,244
data/raw/FRUIT-16K/S_Banana/167.jpg,Banana,spoiled,0,1,1,Banana_spoiled,244
data/raw/FRUIT-16K/S_Banana/168.jpg,Banana,spoiled,0,1,1,Banana_spoiled,244
data/raw/FRUIT-16K/S_Banana/169.jpg,Banana,spoiled,0,1,1,Banana_spoiled,244
data/raw/FRUIT-16K/S_Banana/170.jpg,Banana,spoiled,0,1,1,Banana_spoiled,244
data/raw/FRUIT-16K/S_Banana/171.jpg,Banana,spoiled,0,1,1,Banana_spoiled,244
data/raw/FRUIT-16K/S_Banana/172.jpg,Banana,spoiled,0,1,1,Banana_spoiled,244
data/raw/FRUIT-16K/S_Banana/173.jpg,Banana,spoiled,0,1,1,Banana_spoiled,244
data/raw/FRUIT-16K/S_Banana/174.jpg,Banana,spoiled,0,1,1,Banana_spoiled,244
data/raw/FRUIT-16K/S_Banana/175.jpg,Banana,spoiled,0,1,1,Banana_spoiled,244
data/raw/FRUIT-16K/S_Banana/176.jpg,Banana,spoiled,0,1,1,Banana_spoiled,245
data/raw/FRUIT-16K/S_Banana/177.jpg,Banana,spoiled,0,1,1,Banana_spoiled,245
data/raw/FRUIT-16K/S_Banana/178.jpg,Banana,spoiled,0,1,1,Banana_spoiled,245
data/raw/FRUIT-16K/S_Banana/179.jpg,Banana,spoiled,0,1,1,Banana_spoiled,245
data/raw/FRUIT-16K/S_Banana/180.jpg,Banana,spoiled,0,1,1,Banana_spoiled,245
data/raw/FRUIT-16K/S_Banana/181.jpg,Banana,spoiled,0,1,1,Banana_spoiled,245
data/raw/FRUIT-16K/S_Banana/182.jpg,Banana,spoiled,0,1,1,Banana_spoiled,245
data/raw/FRUIT-16K/S_Banana/183.jpg,Banana,spoiled,0,1,1,Banana_spoiled,245
data/raw/FRUIT-16K/S_Banana/184.jpg,Banana,spoiled,0,1,1,Banana_spoiled,245
data/raw/FRUIT-16K/S_Banana/185.jpg,Banana,spoiled,0,1,1,Banana_spoiled,245
data/raw/FRUIT-16K/S_Banana/186.jpg,Banana,spoiled,0,1,1,Banana_spoiled,245
data/raw/FRUIT-16K/S_Banana/187.jpg,Banana,spoiled,0,1,1,Banana_spoiled,245
data/raw/FRUIT-16K/S_Banana/188.jpg,Banana,spoiled,0,1,1,Banana_spoiled,245
data/raw/FRUIT-16K/S_Banana/189.jpg,Banana,spoiled,0,1,1,Banana_spoiled,245
data/raw/FRUIT-16K/S_Banana/190.jpg,Banana,spoiled,0,1,1,Banana_spoiled,245
data/raw/FRUIT-16K/S_Banana/191.jpg,Banana,spoiled,0,1,1,Banana_spoiled,245
data/raw/FRUIT-16K/S_Banana/192.jpg,Banana,spoiled,0,1,1,Banana_spoiled,245
data/raw/FRUIT-16K/S_Banana/193.jpg,Banana,spoiled,0,1,1,Banana_spoiled,245
data/raw/FRUIT-16K/S_Banana/194.jpg,Banana,spoiled,0,1,1,Banana_spoiled,245
data/raw/FRUIT-16K/S_Banana/195.jpg,Banana,spoiled,0,1,1,Banana_spoiled,245
data/raw/FRUIT-16K/S_Banana/196.jpg,Banana,spoiled,0,1,1,Banana_spoiled,245
data/raw/FRUIT-16K/S_Banana/197.jpg,Banana,spoiled,0,1,1,Banana_spoiled,245
data/raw/FRUIT-16K/S_Banana/198.jpg,Banana,spoiled,0,1,1,Banana_spoiled,245
data/raw/FRUIT-16K/S_Banana/199.jpg,Banana,spoiled,0,1,1,Banana_spoiled,245
data/raw/FRUIT-16K/S_Banana/200.jpg,Banana,spoiled,0,1,1,Banana_spoiled,245
data/raw/FRUIT-16K/S_Banana/201.jpg,Banana,spoiled,0,1,1,Banana_spoiled,246
data/raw/FRUIT-16K/S_Banana/202.jpg,Banana,spoiled,0,1,1,Banana_spoiled,246
data/raw/FRUIT-16K/S_Banana/203.jpg,Banana,spoiled,0,1,1,Banana_spoiled,246
data/raw/FRUIT-16K/S_Banana/204.jpg,Banana,spoiled,0,1,1,Banana_spoiled,246
data/raw/FRUIT-16K/S_Banana/205.jpg,Banana,spoiled,0,1,1,Banana_spoiled,246
data/raw/FRUIT-16K/S_Banana/206.jpg,Banana,spoiled,0,1,1,Banana_spoiled,246
data/raw/FRUIT-16K/S_Banana/207.jpg,Banana,spoiled,0,1,1,Banana_spoiled,246
data/raw/FRUIT-16K/S_Banana/208.jpg,Banana,spoiled,0,1,1,Banana_spoiled,246
data/raw/FRUIT-16K/S_Banana/209.jpg,Banana,spoiled,0,1,1,Banana_spoiled,246
data/raw/FRUIT-16K/S_Banana/210.jpg,Banana,spoiled,0,1,1,Banana_spoiled,246
data/raw/FRUIT-16K/S_Banana/211.jpg,Banana,spoiled,0,1,1,Banana_spoiled,246
data/raw/FRUIT-16K/S_Banana/212.jpg,Banana,spoiled,0,1,1,Banana_spoiled,246
data/raw/FRUIT-16K/S_Banana/213.jpg,Banana,spoiled,0,1,1,Banana_spoiled,246
data/raw/FRUIT-16K/S_Banana/214.jpg,Banana,spoiled,0,1,1,Banana_spoiled,246
data/raw/FRUIT-16K/S_Banana/215.jpg,Banana,spoiled,0,1,1,Banana_spoiled,246
data/raw/FRUIT-16K/S_Banana/216.jpg,Banana,spoiled,0,1,1,Banana_spoiled,246
data/raw/FRUIT-16K/S_Banana/217.jpg,Banana,spoiled,0,1,1,Banana_spoiled,246
data/raw/FRUIT-16K/S_Banana/218.jpg,Banana,spoiled,0,1,1,Banana_spoiled,246
data/raw/FRUIT-16K/S_Banana/219.jpg,Banana,spoiled,0,1,1,Banana_spoiled,246
data/raw/FRUIT-16K/S_Banana/220.jpg,Banana,spoiled,0,1,1,Banana_spoiled,246
data/raw/FRUIT-16K/S_Banana/221.jpg,Banana,spoiled,0,1,1,Banana_spoiled,246
data/raw/FRUIT-16K/S_Banana/222.jpg,Banana,spoiled,0,1,1,Banana_spoiled,246
data/raw/FRUIT-16K/S_Banana/223.jpg,Banana,spoiled,0,1,1,Banana_spoiled,246
data/raw/FRUIT-16K/S_Banana/224.jpg,Banana,spoiled,0,1,1,Banana_spoiled,246
data/raw/FRUIT-16K/S_Banana/225.jpg,Banana,spoiled,0,1,1,Banana_spoiled,246
data/raw/FRUIT-16K/S_Banana/251.jpg,Banana,spoiled,0,1,1,Banana_spoiled,248
data/raw/FRUIT-16K/S_Banana/252.jpg,Banana,spoiled,0,1,1,Banana_spoiled,248
data/raw/FRUIT-16K/S_Banana/253.jpg,Banana,spoiled,0,1,1,Banana_spoiled,248
data/raw/FRUIT-16K/S_Banana/254.jpg,Banana,spoiled,0,1,1,Banana_spoiled,248
data/raw/FRUIT-16K/S_Banana/255.jpg,Banana,spoiled,0,1,1,Banana_spoiled,248
data/raw/FRUIT-16K/S_Banana/256.jpg,Banana,spoiled,0,1,1,Banana_spoiled,248
data/raw/FRUIT-16K/S_Banana/257.jpg,Banana,spoiled,0,1,1,Banana_spoiled,248
data/raw/FRUIT-16K/S_Banana/258.jpg,Banana,spoiled,0,1,1,Banana_spoiled,248
data/raw/FRUIT-16K/S_Banana/259.jpg,Banana,spoiled,0,1,1,Banana_spoiled,248
data/raw/FRUIT-16K/S_Banana/260.jpg,Banana,spoiled,0,1,1,Banana_spoiled,248
data/raw/FRUIT-16K/S_Banana/261.jpg,Banana,spoiled,0,1,1,Banana_spoiled,248
data/raw/FRUIT-16K/S_Banana/262.jpg,Banana,spoiled,0,1,1,Banana_spoiled,248
data/raw/FRUIT-16K/S_Banana/263.jpg,Banana,spoiled,0,1,1,Banana_spoiled,248
data/raw/FRUIT-16K/S_Banana/264.jpg,Banana,spoiled,0,1,1,Banana_spoiled,248
data/raw/FRUIT-16K/S_Banana/265.jpg,Banana,spoiled,0,1,1,Banana_spoiled,248
data/raw/FRUIT-16K/S_Banana/266.jpg,Banana,spoiled,0,1,1,Banana_spoiled,248
data/raw/FRUIT-16K/S_Banana/267.jpg,Banana,spoiled,0,1,1,Banana_spoiled,248
data/raw/FRUIT-16K/S_Banana/268.jpg,Banana,spoiled,0,1,1,Banana_spoiled,248
data/raw/FRUIT-16K/S_Banana/269.jpg,Banana,spoiled,0,1,1,Banana_spoiled,248
data/raw/FRUIT-16K/S_Banana/270.jpg,Banana,spoiled,0,1,1,Banana_spoiled,248
data/raw/FRUIT-16K/S_Banana/271.jpg,Banana,spoiled,0,1,1,Banana_spoiled,248
data/raw/FRUIT-16K/S_Banana/272.jpg,Banana,spoiled,0,1,1,Banana_spoiled,248
data/raw/FRUIT-16K/S_Banana/273.jpg,Banana,spoiled,0,1,1,Banana_spoiled,248
data/raw/FRUIT-16K/S_Banana/274.jpg,Banana,spoiled,0,1,1,Banana_spoiled,248
data/raw/FRUIT-16K/S_Banana/275.jpg,Banana,spoiled,0,1,1,Banana_spoiled,248
data/raw/FRUIT-16K/S_Banana/276.jpg,Banana,spoiled,0,1,1,Banana_spoiled,249
data/raw/FRUIT-16K/S_Banana/277.jpg,Banana,spoiled,0,1,1,Banana_spoiled,249
data/raw/FRUIT-16K/S_Banana/278.jpg,Banana,spoiled,0,1,1,Banana_spoiled,249
data/raw/FRUIT-16K/S_Banana/279.jpg,Banana,spoiled,0,1,1,Banana_spoiled,249
data/raw/FRUIT-16K/S_Banana/280.jpg,Banana,spoiled,0,1,1,Banana_spoiled,249
data/raw/FRUIT-16K/S_Banana/281.jpg,Banana,spoiled,0,1,1,Banana_spoiled,249
data/raw/FRUIT-16K/S_Banana/282.jpg,Banana,spoiled,0,1,1,Banana_spoiled,249
data/raw/FRUIT-16K/S_Banana/283.jpg,Banana,spoiled,0,1,1,Banana_spoiled,249
data/raw/FRUIT-16K/S_Banana/284.jpg,Banana,spoiled,0,1,1,Banana_spoiled,249
data/raw/FRUIT-16K/S_Banana/285.jpg,Banana,spoiled,0,1,1,Banana_spoiled,249
data/raw/FRUIT-16K/S_Banana/286.jpg,Banana,spoiled,0,1,1,Banana_spoiled,249
data/raw/FRUIT-16K/S_Banana/287.jpg,Banana,spoiled,0,1,1,Banana_spoiled,249
data/raw/FRUIT-16K/S_Banana/288.jpg,Banana,spoiled,0,1,1,Banana_spoiled,249
data/raw/FRUIT-16K/S_Banana/289.jpg,Banana,spoiled,0,1,1,Banana_spoiled,249
data/raw/FRUIT-16K/S_Banana/290.jpg,Banana,spoiled,0,1,1,Banana_spoiled,249
data/raw/FRUIT-16K/S_Banana/291.jpg,Banana,spoiled,0,1,1,Banana_spoiled,249
data/raw/FRUIT-16K/S_Banana/292.jpg,Banana,spoiled,0,1,1,Banana_spoiled,249
data/raw/FRUIT-16K/S_Banana/293.jpg,Banana,spoiled,0,1,1,Banana_spoiled,249
data/raw/FRUIT-16K/S_Banana/294.jpg,Banana,spoiled,0,1,1,Banana_spoiled,249
data/raw/FRUIT-16K/S_Banana/295.jpg,Banana,spoiled,0,1,1,Banana_spoiled,249
data/raw/FRUIT-16K/S_Banana/296.jpg,Banana,spoiled,0,1,1,Banana_spoiled,249
data/raw/FRUIT-16K/S_Banana/297.jpg,Banana,spoiled,0,1,1,Banana_spoiled,249
data/raw/FRUIT-16K/S_Banana/298.jpg,Banana,spoiled,0,1,1,Banana_spoiled,249
data/raw/FRUIT-16K/S_Banana/299.jpg,Banana,spoiled,0,1,1,Banana_spoiled,249
data/raw/FRUIT-16K/S_Banana/300.jpg,Banana,spoiled,0,1,1,Banana_spoiled,249
data/raw/FRUIT-16K/S_Banana/301.jpg,Banana,spoiled,0,1,1,Banana_spoiled,250
data/raw/FRUIT-16K/S_Banana/302.jpg,Banana,spoiled,0,1,1,Banana_spoiled,250
data/raw/FRUIT-16K/S_Banana/303.jpg,Banana,spoiled,0,1,1,Banana_spoiled,250
data/raw/FRUIT-16K/S_Banana/304.jpg,Banana,spoiled,0,1,1,Banana_spoiled,250
data/raw/FRUIT-16K/S_Banana/305.jpg,Banana,spoiled,0,1,1,Banana_spoiled,250
data/raw/FRUIT-16K/S_Banana/306.jpg,Banana,spoiled,0,1,1,Banana_spoiled,250
data/raw/FRUIT-16K/S_Banana/307.jpg,Banana,spoiled,0,1,1,Banana_spoiled,250
data/raw/FRUIT-16K/S_Banana/308.jpg,Banana,spoiled,0,1,1,Banana_spoiled,250
data/raw/FRUIT-16K/S_Banana/309.jpg,Banana,spoiled,0,1,1,Banana_spoiled,250
data/raw/FRUIT-16K/S_Banana/310.jpg,Banana,spoiled,0,1,1,Banana_spoiled,250
data/raw/FRUIT-16K/S_Banana/311.jpg,Banana,spoiled,0,1,1,Banana_spoiled,250
data/raw/FRUIT-16K/S_Banana/312.jpg,Banana,spoiled,0,1,1,Banana_spoiled,250
data/raw/FRUIT-16K/S_Banana/313.jpg,Banana,spoiled,0,1,1,Banana_spoiled,250
data/raw/FRUIT-16K/S_Banana/314.jpg,Banana,spoiled,0,1,1,Banana_spoiled,250
data/raw/FRUIT-16K/S_Banana/315.jpg,Banana,spoiled,0,1,1,Banana_spoiled,250
data/raw/FRUIT-16K/S_Banana/316.jpg,Banana,spoiled,0,1,1,Banana_spoiled,250
data/raw/FRUIT-16K/S_Banana/317.jpg,Banana,spoiled,0,1,1,Banana_spoiled,250
data/raw/FRUIT-16K/S_Banana/318.jpg,Banana,spoiled,0,1,1,Banana_spoiled,250
data/raw/FRUIT-16K/S_Banana/319.jpg,Banana,spoiled,0,1,1,Banana_spoiled,250
data/raw/FRUIT-16K/S_Banana/320.jpg,Banana,spoiled,0,1,1,Banana_spoiled,250
data/raw/FRUIT-16K/S_Banana/321.jpg,Banana,spoiled,0,1,1,Banana_spoiled,250
data/raw/FRUIT-16K/S_Banana/322.jpg,Banana,spoiled,0,1,1,Banana_spoiled,250
data/raw/FRUIT-16K/S_Banana/323.jpg,Banana,spoiled,0,1,1,Banana_spoiled,250
data/raw/FRUIT-16K/S_Banana/324.jpg,Banana,spoiled,0,1,1,Banana_spoiled,250
data/raw/FRUIT-16K/S_Banana/325.jpg,Banana,spoiled,0,1,1,Banana_spoiled,250
data/raw/FRUIT-16K/S_Banana/326.jpg,Banana,spoiled,0,1,1,Banana_spoiled,250
data/raw/FRUIT-16K/S_Banana/327.jpg,Banana,spoiled,0,1,1,Banana_spoiled,250
data/raw/FRUIT-16K/S_Banana/328.jpg,Banana,spoiled,0,1,1,Banana_spoiled,250
data/raw/FRUIT-16K/S_Banana/329.jpg,Banana,spoiled,0,1,1,Banana_spoiled,250
data/raw/FRUIT-16K/S_Banana/330.jpg,Banana,spoiled,0,1,1,Banana_spoiled,250
data/raw/FRUIT-16K/S_Banana/331.jpg,Banana,spoiled,0,1,1,Banana_spoiled,250
data/raw/FRUIT-16K/S_Banana/332.jpg,Banana,spoiled,0,1,1,Banana_spoiled,250
data/raw/FRUIT-16K/S_Banana/333.jpg,Banana,spoiled,0,1,1,Banana_spoiled,250
data/raw/FRUIT-16K/S_Banana/334.jpg,Banana,spoiled,0,1,1,Banana_spoiled,250
data/raw/FRUIT-16K/S_Banana/335.jpg,Banana,spoiled,0,1,1,Banana_spoiled,250
data/raw/FRUIT-16K/S_Banana/336.jpg,Banana,spoiled,0,1,1,Banana_spoiled,250
data/raw/FRUIT-16K/S_Banana/337.jpg,Banana,spoiled,0,1,1,Banana_spoiled,250
data/raw/FRUIT-16K/S_Banana/338.jpg,Banana,spoiled,0,1,1,Banana_spoiled,250
data/raw/FRUIT-16K/S_Banana/339.jpg,Banana,spoiled,0,1,1,Banana_spoiled,250
data/raw/FRUIT-16K/S_Banana/340.jpg,Banana,spoiled,0,1,1,Banana_spoiled,250
data/raw/FRUIT-16K/S_Banana/341.jpg,Banana,spoiled,0,1,1,Banana_spoiled,250
data/raw/FRUIT-16K/S_Banana/342.jpg,Banana,spoiled,0,1,1,Banana_spoiled,250
data/raw/FRUIT-16K/S_Banana/343.jpg,Banana,spoiled,0,1,1,Banana_spoiled,250
data/raw/FRUIT-16K/S_Banana/344.jpg,Banana,spoiled,0,1,1,Banana_spoiled,250
data/raw/FRUIT-16K/S_Banana/345.jpg,Banana,spoiled,0,1,1,Banana_spoiled,250
data/raw/FRUIT-16K/S_Banana/346.jpg,Banana,spoiled,0,1,1,Banana_spoiled,250
data/raw/FRUIT-16K/S_Banana/347.jpg,Banana,spoiled,0,1,1,Banana_spoiled,250
data/raw/FRUIT-16K/S_Banana/348.jpg,Banana,spoiled,0,1,1,Banana_spoiled,250
data/raw/FRUIT-16K/S_Banana/349.jpg,Banana,spoiled,0,1,1,Banana_spoiled,250
data/raw/FRUIT-16K/S_Banana/350.jpg,Banana,spoiled,0,1,1,Banana_spoiled,250
data/raw/FRUIT-16K/S_Banana/376.jpg,Banana,spoiled,0,1,1,Banana_spoiled,252
data/raw/FRUIT-16K/S_Banana/377.jpg,Banana,spoiled,0,1,1,Banana_spoiled,252
data/raw/FRUIT-16K/S_Banana/378.jpg,Banana,spoiled,0,1,1,Banana_spoiled,252
data/raw/FRUIT-16K/S_Banana/379.jpg,Banana,spoiled,0,1,1,Banana_spoiled,252
data/raw/FRUIT-16K/S_Banana/380.jpg,Banana,spoiled,0,1,1,Banana_spoiled,252
data/raw/FRUIT-16K/S_Banana/381.jpg,Banana,spoiled,0,1,1,Banana_spoiled,252
data/raw/FRUIT-16K/S_Banana/382.jpg,Banana,spoiled,0,1,1,Banana_spoiled,252
data/raw/FRUIT-16K/S_Banana/383.jpg,Banana,spoiled,0,1,1,Banana_spoiled,252
data/raw/FRUIT-16K/S_Banana/384.jpg,Banana,spoiled,0,1,1,Banana_spoiled,252
data/raw/FRUIT-16K/S_Banana/385.jpg,Banana,spoiled,0,1,1,Banana_spoiled,252
data/raw/FRUIT-16K/S_Banana/386.jpg,Banana,spoiled,0,1,1,Banana_spoiled,252
data/raw/FRUIT-16K/S_Banana/387.jpg,Banana,spoiled,0,1,1,Banana_spoiled,252
data/raw/FRUIT-16K/S_Banana/388.jpg,Banana,spoiled,0,1,1,Banana_spoiled,252
data/raw/FRUIT-16K/S_Banana/389.jpg,Banana,spoiled,0,1,1,Banana_spoiled,252
data/raw/FRUIT-16K/S_Banana/390.jpg,Banana,spoiled,0,1,1,Banana_spoiled,252
data/raw/FRUIT-16K/S_Banana/391.jpg,Banana,spoiled,0,1,1,Banana_spoiled,252
data/raw/FRUIT-16K/S_Banana/392.jpg,Banana,spoiled,0,1,1,Banana_spoiled,252
data/raw/FRUIT-16K/S_Banana/393.jpg,Banana,spoiled,0,1,1,Banana_spoiled,252
data/raw/FRUIT-16K/S_Banana/394.jpg,Banana,spoiled,0,1,1,Banana_spoiled,252
data/raw/FRUIT-16K/S_Banana/395.jpg,Banana,spoiled,0,1,1,Banana_spoiled,252
data/raw/FRUIT-16K/S_Banana/396.jpg,Banana,spoiled,0,1,1,Banana_spoiled,252
data/raw/FRUIT-16K/S_Banana/397.jpg,Banana,spoiled,0,1,1,Banana_spoiled,252
data/raw/FRUIT-16K/S_Banana/398.jpg,Banana,spoiled,0,1,1,Banana_spoiled,252
data/raw/FRUIT-16K/S_Banana/399.jpg,Banana,spoiled,0,1,1,Banana_spoiled,252
data/raw/FRUIT-16K/S_Banana/400.jpg,Banana,spoiled,0,1,1,Banana_spoiled,252
data/raw/FRUIT-16K/S_Banana/426.jpg,Banana,spoiled,0,1,1,Banana_spoiled,254
data/raw/FRUIT-16K/S_Banana/427.jpg,Banana,spoiled,0,1,1,Banana_spoiled,254
data/raw/FRUIT-16K/S_Banana/428.jpg,Banana,spoiled,0,1,1,Banana_spoiled,254
data/raw/FRUIT-16K/S_Banana/429.jpg,Banana,spoiled,0,1,1,Banana_spoiled,254
data/raw/FRUIT-16K/S_Banana/430.jpg,Banana,spoiled,0,1,1,Banana_spoiled,254
data/raw/FRUIT-16K/S_Banana/431.jpg,Banana,spoiled,0,1,1,Banana_spoiled,254
data/raw/FRUIT-16K/S_Banana/432.jpg,Banana,spoiled,0,1,1,Banana_spoiled,254
data/raw/FRUIT-16K/S_Banana/433.jpg,Banana,spoiled,0,1,1,Banana_spoiled,254
data/raw/FRUIT-16K/S_Banana/434.jpg,Banana,spoiled,0,1,1,Banana_spoiled,254
data/raw/FRUIT-16K/S_Banana/435.jpg,Banana,spoiled,0,1,1,Banana_spoiled,254
data/raw/FRUIT-16K/S_Banana/436.jpg,Banana,spoiled,0,1,1,Banana_spoiled,254
data/raw/FRUIT-16K/S_Banana/437.jpg,Banana,spoiled,0,1,1,Banana_spoiled,254
data/raw/FRUIT-16K/S_Banana/438.jpg,Banana,spoiled,0,1,1,Banana_spoiled,254
data/raw/FRUIT-16K/S_Banana/439.jpg,Banana,spoiled,0,1,1,Banana_spoiled,254
data/raw/FRUIT-16K/S_Banana/440.jpg,Banana,spoiled,0,1,1,Banana_spoiled,254
data/raw/FRUIT-16K/S_Banana/441.jpg,Banana,spoiled,0,1,1,Banana_spoiled,254
data/raw/FRUIT-16K/S_Banana/442.jpg,Banana,spoiled,0,1,1,Banana_spoiled,254
data/raw/FRUIT-16K/S_Banana/443.jpg,Banana,spoiled,0,1,1,Banana_spoiled,254
data/raw/FRUIT-16K/S_Banana/444.jpg,Banana,spoiled,0,1,1,Banana_spoiled,254
data/raw/FRUIT-16K/S_Banana/445.jpg,Banana,spoiled,0,1,1,Banana_spoiled,254
data/raw/FRUIT-16K/S_Banana/446.jpg,Banana,spoiled,0,1,1,Banana_spoiled,254
data/raw/FRUIT-16K/S_Banana/447.jpg,Banana,spoiled,0,1,1,Banana_spoiled,254
data/raw/FRUIT-16K/S_Banana/448.jpg,Banana,spoiled,0,1,1,Banana_spoiled,254
data/raw/FRUIT-16K/S_Banana/449.jpg,Banana,spoiled,0,1,1,Banana_spoiled,254
data/raw/FRUIT-16K/S_Banana/450.jpg,Banana,spoiled,0,1,1,Banana_spoiled,254
data/raw/FRUIT-16K/S_Banana/451.jpg,Banana,spoiled,0,1,1,Banana_spoiled,254
data/raw/FRUIT-16K/S_Banana/452.jpg,Banana,spoiled,0,1,1,Banana_spoiled,254
data/raw/FRUIT-16K/S_Banana/453.jpg,Banana,spoiled,0,1,1,Banana_spoiled,254
data/raw/FRUIT-16K/S_Banana/454.jpg,Banana,spoiled,0,1,1,Banana_spoiled,254
data/raw/FRUIT-16K/S_Banana/455.jpg,Banana,spoiled,0,1,1,Banana_spoiled,254
data/raw/FRUIT-16K/S_Banana/456.jpg,Banana,spoiled,0,1,1,Banana_spoiled,254
data/raw/FRUIT-16K/S_Banana/457.jpg,Banana,spoiled,0,1,1,Banana_spoiled,254
data/raw/FRUIT-16K/S_Banana/458.jpg,Banana,spoiled,0,1,1,Banana_spoiled,254
data/raw/FRUIT-16K/S_Banana/459.jpg,Banana,spoiled,0,1,1,Banana_spoiled,254
data/raw/FRUIT-16K/S_Banana/460.jpg,Banana,spoiled,0,1,1,Banana_spoiled,254
data/raw/FRUIT-16K/S_Banana/461.jpg,Banana,spoiled,0,1,1,Banana_spoiled,254
data/raw/FRUIT-16K/S_Banana/462.jpg,Banana,spoiled,0,1,1,Banana_spoiled,254
data/raw/FRUIT-16K/S_Banana/463.jpg,Banana,spoiled,0,1,1,Banana_spoiled,254
data/raw/FRUIT-16K/S_Banana/464.jpg,Banana,spoiled,0,1,1,Banana_spoiled,254
data/raw/FRUIT-16K/S_Banana/465.jpg,Banana,spoiled,0,1,1,Banana_spoiled,254
data/raw/FRUIT-16K/S_Banana/466.jpg,Banana,spoiled,0,1,1,Banana_spoiled,254
data/raw/FRUIT-16K/S_Banana/467.jpg,Banana,spoiled,0,1,1,Banana_spoiled,254
data/raw/FRUIT-16K/S_Banana/468.jpg,Banana,spoiled,0,1,1,Banana_spoiled,254
data/raw/FRUIT-16K/S_Banana/469.jpg,Banana,spoiled,0,1,1,Banana_spoiled,254
data/raw/FRUIT-16K/S_Banana/470.jpg,Banana,spoiled,0,1,1,Banana_spoiled,254
data/raw/FRUIT-16K/S_Banana/471.jpg,Banana,spoiled,0,1,1,Banana_spoiled,254
data/raw/FRUIT-16K/S_Banana/472.jpg,Banana,spoiled,0,1,1,Banana_spoiled,254
data/raw/FRUIT-16K/S_Banana/473.jpg,Banana,spoiled,0,1,1,Banana_spoiled,254
data/raw/FRUIT-16K/S_Banana/474.jpg,Banana,spoiled,0,1,1,Banana_spoiled,254
data/raw/FRUIT-16K/S_Banana/475.jpg,Banana,spoiled,0,1,1,Banana_spoiled,254
data/raw/FRUIT-16K/S_Banana/476.jpg,Banana,spoiled,0,1,1,Banana_spoiled,254
data/raw/FRUIT-16K/S_Banana/477.jpg,Banana,spoiled,0,1,1,Banana_spoiled,254
data/raw/FRUIT-16K/S_Banana/478.jpg,Banana,spoiled,0,1,1,Banana_spoiled,254
data/raw/FRUIT-16K/S_Banana/479.jpg,Banana,spoiled,0,1,1,Banana_spoiled,254
data/raw/FRUIT-16K/S_Banana/480.jpg,Banana,spoiled,0,1,1,Banana_spoiled,254
data/raw/FRUIT-16K/S_Banana/481.jpg,Banana,spoiled,0,1,1,Banana_spoiled,254
data/raw/FRUIT-16K/S_Banana/482.jpg,Banana,spoiled,0,1,1,Banana_spoiled,254
data/raw/FRUIT-16K/S_Banana/483.jpg,Banana,spoiled,0,1,1,Banana_spoiled,254
data/raw/FRUIT-16K/S_Banana/484.jpg,Banana,spoiled,0,1,1,Banana_spoiled,254
data/raw/FRUIT-16K/S_Banana/485.jpg,Banana,spoiled,0,1,1,Banana_spoiled,254
data/raw/FRUIT-16K/S_Banana/486.jpg,Banana,spoiled,0,1,1,Banana_spoiled,254
data/raw/FRUIT-16K/S_Banana/487.jpg,Banana,spoiled,0,1,1,Banana_spoiled,254
data/raw/FRUIT-16K/S_Banana/488.jpg,Banana,spoiled,0,1,1,Banana_spoiled,254
data/raw/FRUIT-16K/S_Banana/489.jpg,Banana,spoiled,0,1,1,Banana_spoiled,254
data/raw/FRUIT-16K/S_Banana/490.jpg,Banana,spoiled,0,1,1,Banana_spoiled,254
data/raw/FRUIT-16K/S_Banana/491.jpg,Banana,spoiled,0,1,1,Banana_spoiled,254
data/raw/FRUIT-16K/S_Banana/492.jpg,Banana,spoiled,0,1,1,Banana_spoiled,254
data/raw/FRUIT-16K/S_Banana/493.jpg,Banana,spoiled,0,1,1,Banana_spoiled,254
data/raw/FRUIT-16K/S_Banana/494.jpg,Banana,spoiled,0,1,1,Banana_spoiled,254
data/raw/FRUIT-16K/S_Banana/495.jpg,Banana,spoiled,0,1,1,Banana_spoiled,254
data/raw/FRUIT-16K/S_Banana/496.jpg,Banana,spoiled,0,1,1,Banana_spoiled,254
data/raw/FRUIT-16K/S_Banana/497.jpg,Banana,spoiled,0,1,1,Banana_spoiled,254
data/raw/FRUIT-16K/S_Banana/498.jpg,Banana,spoiled,0,1,1,Banana_spoiled,254
data/raw/FRUIT-16K/S_Banana/499.jpg,Banana,spoiled,0,1,1,Banana_spoiled,254
data/raw/FRUIT-16K/S_Banana/500.jpg,Banana,spoiled,0,1,1,Banana_spoiled,254
data/raw/FRUIT-16K/S_Banana/501.jpg,Banana,spoiled,0,1,1,Banana_spoiled,252
data/raw/FRUIT-16K/S_Banana/502.jpg,Banana,spoiled,0,1,1,Banana_spoiled,252
data/raw/FRUIT-16K/S_Banana/503.jpg,Banana,spoiled,0,1,1,Banana_spoiled,252
data/raw/FRUIT-16K/S_Banana/504.jpg,Banana,spoiled,0,1,1,Banana_spoiled,252
data/raw/FRUIT-16K/S_Banana/505.jpg,Banana,spoiled,0,1,1,Banana_spoiled,252
data/raw/FRUIT-16K/S_Banana/506.jpg,Banana,spoiled,0,1,1,Banana_spoiled,252
data/raw/FRUIT-16K/S_Banana/507.jpg,Banana,spoiled,0,1,1,Banana_spoiled,252
data/raw/FRUIT-16K/S_Banana/508.jpg,Banana,spoiled,0,1,1,Banana_spoiled,252
data/raw/FRUIT-16K/S_Banana/509.jpg,Banana,spoiled,0,1,1,Banana_spoiled,252
data/raw/FRUIT-16K/S_Banana/510.jpg,Banana,spoiled,0,1,1,Banana_spoiled,252
data/raw/FRUIT-16K/S_Banana/511.jpg,Banana,spoiled,0,1,1,Banana_spoiled,252
data/raw/FRUIT-16K/S_Banana/512.jpg,Banana,spoiled,0,1,1,Banana_spoiled,252
data/raw/FRUIT-16K/S_Banana/513.jpg,Banana,spoiled,0,1,1,Banana_spoiled,252
data/raw/FRUIT-16K/S_Banana/514.jpg,Banana,spoiled,0,1,1,Banana_spoiled,252
data/raw/FRUIT-16K/S_Banana/515.jpg,Banana,spoiled,0,1,1,Banana_spoiled,252
data/raw/FRUIT-16K/S_Banana/516.jpg,Banana,spoiled,0,1,1,Banana_spoiled,252
data/raw/FRUIT-16K/S_Banana/517.jpg,Banana,spoiled,0,1,1,Banana_spoiled,252
data/raw/FRUIT-16K/S_Banana/518.jpg,Banana,spoiled,0,1,1,Banana_spoiled,252
data/raw/FRUIT-16K/S_Banana/519.jpg,Banana,spoiled,0,1,1,Banana_spoiled,252
data/raw/FRUIT-16K/S_Banana/520.jpg,Banana,spoiled,0,1,1,Banana_spoiled,252
data/raw/FRUIT-16K/S_Banana/521.jpg,Banana,spoiled,0,1,1,Banana_spoiled,252
data/raw/FRUIT-16K/S_Banana/522.jpg,Banana,spoiled,0,1,1,Banana_spoiled,252
data/raw/FRUIT-16K/S_Banana/523.jpg,Banana,spoiled,0,1,1,Banana_spoiled,252
data/raw/FRUIT-16K/S_Banana/524.jpg,Banana,spoiled,0,1,1,Banana_spoiled,252
data/raw/FRUIT-16K/S_Banana/525.jpg,Banana,spoiled,0,1,1,Banana_spoiled,252
data/raw/FRUIT-16K/S_Banana/526.jpg,Banana,spoiled,0,1,1,Banana_spoiled,254
data/raw/FRUIT-16K/S_Banana/527.jpg,Banana,spoiled,0,1,1,Banana_spoiled,254
data/raw/FRUIT-16K/S_Banana/528.jpg,Banana,spoiled,0,1,1,Banana_spoiled,254
data/raw/FRUIT-16K/S_Banana/529.jpg,Banana,spoiled,0,1,1,Banana_spoiled,254
data/raw/FRUIT-16K/S_Banana/530.jpg,Banana,spoiled,0,1,1,Banana_spoiled,254
data/raw/FRUIT-16K/S_Banana/531.jpg,Banana,spoiled,0,1,1,Banana_spoiled,254
data/raw/FRUIT-16K/S_Banana/532.jpg,Banana,spoiled,0,1,1,Banana_spoiled,254
data/raw/FRUIT-16K/S_Banana/533.jpg,Banana,spoiled,0,1,1,Banana_spoiled,254
data/raw/FRUIT-16K/S_Banana/534.jpg,Banana,spoiled,0,1,1,Banana_spoiled,254
data/raw/FRUIT-16K/S_Banana/535.jpg,Banana,spoiled,0,1,1,Banana_spoiled,254
data/raw/FRUIT-16K/S_Banana/536.jpg,Banana,spoiled,0,1,1,Banana_spoiled,254
data/raw/FRUIT-16K/S_Banana/537.jpg,Banana,spoiled,0,1,1,Banana_spoiled,254
data/raw/FRUIT-16K/S_Banana/538.jpg,Banana,spoiled,0,1,1,Banana_spoiled,254
data/raw/FRUIT-16K/S_Banana/539.jpg,Banana,spoiled,0,1,1,Banana_spoiled,254
data/raw/FRUIT-16K/S_Banana/540.jpg,Banana,spoiled,0,1,1,Banana_spoiled,254
data/raw/FRUIT-16K/S_Banana/541.jpg,Banana,spoiled,0,1,1,Banana_spoiled,254
data/raw/FRUIT-16K/S_Banana/542.jpg,Banana,spoiled,0,1,1,Banana_spoiled,254
data/raw/FRUIT-16K/S_Banana/543.jpg,Banana,spoiled,0,1,1,Banana_spoiled,254
data/raw/FRUIT-16K/S_Banana/544.jpg,Banana,spoiled,0,1,1,Banana_spoiled,254
data/raw/FRUIT-16K/S_Banana/545.jpg,Banana,spoiled,0,1,1,Banana_spoiled,254
data/raw/FRUIT-16K/S_Banana/546.jpg,Banana,spoiled,0,1,1,Banana_spoiled,254
data/raw/FRUIT-16K/S_Banana/547.jpg,Banana,spoiled,0,1,1,Banana_spoiled,254
data/raw/FRUIT-16K/S_Banana/548.jpg,Banana,spoiled,0,1,1,Banana_spoiled,254
data/raw/FRUIT-16K/S_Banana/549.jpg,Banana,spoiled,0,1,1,Banana_spoiled,254
data/raw/FRUIT-16K/S_Banana/550.jpg,Banana,spoiled,0,1,1,Banana_spoiled,254
data/raw/FRUIT-16K/S_Banana/551.jpg,Banana,spoiled,0,1,1,Banana_spoiled,255
data/raw/FRUIT-16K/S_Banana/552.jpg,Banana,spoiled,0,1,1,Banana_spoiled,255
data/raw/FRUIT-16K/S_Banana/553.jpg,Banana,spoiled,0,1,1,Banana_spoiled,255
data/raw/FRUIT-16K/S_Banana/554.jpg,Banana,spoiled,0,1,1,Banana_spoiled,255
data/raw/FRUIT-16K/S_Banana/555.jpg,Banana,spoiled,0,1,1,Banana_spoiled,255
data/raw/FRUIT-16K/S_Banana/556.jpg,Banana,spoiled,0,1,1,Banana_spoiled,255
data/raw/FRUIT-16K/S_Banana/557.jpg,Banana,spoiled,0,1,1,Banana_spoiled,255
data/raw/FRUIT-16K/S_Banana/558.jpg,Banana,spoiled,0,1,1,Banana_spoiled,255
data/raw/FRUIT-16K/S_Banana/559.jpg,Banana,spoiled,0,1,1,Banana_spoiled,255
data/raw/FRUIT-16K/S_Banana/560.jpg,Banana,spoiled,0,1,1,Banana_spoiled,255
data/raw/FRUIT-16K/S_Banana/561.jpg,Banana,spoiled,0,1,1,Banana_spoiled,255
data/raw/FRUIT-16K/S_Banana/562.jpg,Banana,spoiled,0,1,1,Banana_spoiled,255
data/raw/FRUIT-16K/S_Banana/563.jpg,Banana,spoiled,0,1,1,Banana_spoiled,255
data/raw/FRUIT-16K/S_Banana/564.jpg,Banana,spoiled,0,1,1,Banana_spoiled,255
data/raw/FRUIT-16K/S_Banana/565.jpg,Banana,spoiled,0,1,1,Banana_spoiled,255
data/raw/FRUIT-16K/S_Banana/566.jpg,Banana,spoiled,0,1,1,Banana_spoiled,255
data/raw/FRUIT-16K/S_Banana/567.jpg,Banana,spoiled,0,1,1,Banana_spoiled,255
data/raw/FRUIT-16K/S_Banana/568.jpg,Banana,spoiled,0,1,1,Banana_spoiled,255
data/raw/FRUIT-16K/S_Banana/569.jpg,Banana,spoiled,0,1,1,Banana_spoiled,255
data/raw/FRUIT-16K/S_Banana/570.jpg,Banana,spoiled,0,1,1,Banana_spoiled,255
data/raw/FRUIT-16K/S_Banana/571.jpg,Banana,spoiled,0,1,1,Banana_spoiled,255
data/raw/FRUIT-16K/S_Banana/572.jpg,Banana,spoiled,0,1,1,Banana_spoiled,255
data/raw/FRUIT-16K/S_Banana/573.jpg,Banana,spoiled,0,1,1,Banana_spoiled,255
data/raw/FRUIT-16K/S_Banana/574.jpg,Banana,spoiled,0,1,1,Banana_spoiled,255
data/raw/FRUIT-16K/S_Banana/575.jpg,Banana,spoiled,0,1,1,Banana_spoiled,255
data/raw/FRUIT-16K/S_Banana/576.jpg,Banana,spoiled,0,1,1,Banana_spoiled,256
data/raw/FRUIT-16K/S_Banana/577.jpg,Banana,spoiled,0,1,1,Banana_spoiled,256
data/raw/FRUIT-16K/S_Banana/578.jpg,Banana,spoiled,0,1,1,Banana_spoiled,256
data/raw/FRUIT-16K/S_Banana/579.jpg,Banana,spoiled,0,1,1,Banana_spoiled,256
data/raw/FRUIT-16K/S_Banana/580.jpg,Banana,spoiled,0,1,1,Banana_spoiled,256
data/raw/FRUIT-16K/S_Banana/581.jpg,Banana,spoiled,0,1,1,Banana_spoiled,256
data/raw/FRUIT-16K/S_Banana/582.jpg,Banana,spoiled,0,1,1,Banana_spoiled,256
data/raw/FRUIT-16K/S_Banana/583.jpg,Banana,spoiled,0,1,1,Banana_spoiled,256
data/raw/FRUIT-16K/S_Banana/584.jpg,Banana,spoiled,0,1,1,Banana_spoiled,256
data/raw/FRUIT-16K/S_Banana/585.jpg,Banana,spoiled,0,1,1,Banana_spoiled,256
data/raw/FRUIT-16K/S_Banana/586.jpg,Banana,spoiled,0,1,1,Banana_spoiled,256
data/raw/FRUIT-16K/S_Banana/587.jpg,Banana,spoiled,0,1,1,Banana_spoiled,256
data/raw/FRUIT-16K/S_Banana/588.jpg,Banana,spoiled,0,1,1,Banana_spoiled,256
data/raw/FRUIT-16K/S_Banana/589.jpg,Banana,spoiled,0,1,1,Banana_spoiled,256
data/raw/FRUIT-16K/S_Banana/590.jpg,Banana,spoiled,0,1,1,Banana_spoiled,256
data/raw/FRUIT-16K/S_Banana/591.jpg,Banana,spoiled,0,1,1,Banana_spoiled,256
data/raw/FRUIT-16K/S_Banana/592.jpg,Banana,spoiled,0,1,1,Banana_spoiled,256
data/raw/FRUIT-16K/S_Banana/593.jpg,Banana,spoiled,0,1,1,Banana_spoiled,256
data/raw/FRUIT-16K/S_Banana/594.jpg,Banana,spoiled,0,1,1,Banana_spoiled,256
data/raw/FRUIT-16K/S_Banana/595.jpg,Banana,spoiled,0,1,1,Banana_spoiled,256
data/raw/FRUIT-16K/S_Banana/596.jpg,Banana,spoiled,0,1,1,Banana_spoiled,256
data/raw/FRUIT-16K/S_Banana/597.jpg,Banana,spoiled,0,1,1,Banana_spoiled,256
data/raw/FRUIT-16K/S_Banana/598.jpg,Banana,spoiled,0,1,1,Banana_spoiled,256
data/raw/FRUIT-16K/S_Banana/599.jpg,Banana,spoiled,0,1,1,Banana_spoiled,256
data/raw/FRUIT-16K/S_Banana/600.jpg,Banana,spoiled,0,1,1,Banana_spoiled,256
data/raw/FRUIT-16K/S_Banana/676.jpg,Banana,spoiled,0,1,1,Banana_spoiled,260
data/raw/FRUIT-16K/S_Banana/677.jpg,Banana,spoiled,0,1,1,Banana_spoiled,260
data/raw/FRUIT-16K/S_Banana/678.jpg,Banana,spoiled,0,1,1,Banana_spoiled,260
data/raw/FRUIT-16K/S_Banana/679.jpg,Banana,spoiled,0,1,1,Banana_spoiled,260
data/raw/FRUIT-16K/S_Banana/680.jpg,Banana,spoiled,0,1,1,Banana_spoiled,260
data/raw/FRUIT-16K/S_Banana/681.jpg,Banana,spoiled,0,1,1,Banana_spoiled,260
data/raw/FRUIT-16K/S_Banana/682.jpg,Banana,spoiled,0,1,1,Banana_spoiled,260
data/raw/FRUIT-16K/S_Banana/683.jpg,Banana,spoiled,0,1,1,Banana_spoiled,260
data/raw/FRUIT-16K/S_Banana/684.jpg,Banana,spoiled,0,1,1,Banana_spoiled,260
data/raw/FRUIT-16K/S_Banana/685.jpg,Banana,spoiled,0,1,1,Banana_spoiled,260
data/raw/FRUIT-16K/S_Banana/686.jpg,Banana,spoiled,0,1,1,Banana_spoiled,260
data/raw/FRUIT-16K/S_Banana/687.jpg,Banana,spoiled,0,1,1,Banana_spoiled,260
data/raw/FRUIT-16K/S_Banana/688.jpg,Banana,spoiled,0,1,1,Banana_spoiled,260
data/raw/FRUIT-16K/S_Banana/689.jpg,Banana,spoiled,0,1,1,Banana_spoiled,260
data/raw/FRUIT-16K/S_Banana/690.jpg,Banana,spoiled,0,1,1,Banana_spoiled,260
data/raw/FRUIT-16K/S_Banana/691.jpg,Banana,spoiled,0,1,1,Banana_spoiled,260
data/raw/FRUIT-16K/S_Banana/692.jpg,Banana,spoiled,0,1,1,Banana_spoiled,260
data/raw/FRUIT-16K/S_Banana/693.jpg,Banana,spoiled,0,1,1,Banana_spoiled,260
data/raw/FRUIT-16K/S_Banana/694.jpg,Banana,spoiled,0,1,1,Banana_spoiled,260
data/raw/FRUIT-16K/S_Banana/695.jpg,Banana,spoiled,0,1,1,Banana_spoiled,260
data/raw/FRUIT-16K/S_Banana/696.jpg,Banana,spoiled,0,1,1,Banana_spoiled,260
data/raw/FRUIT-16K/S_Banana/697.jpg,Banana,spoiled,0,1,1,Banana_spoiled,260
data/raw/FRUIT-16K/S_Banana/698.jpg,Banana,spoiled,0,1,1,Banana_spoiled,260
data/raw/FRUIT-16K/S_Banana/699.jpg,Banana,spoiled,0,1,1,Banana_spoiled,260
data/raw/FRUIT-16K/S_Banana/700.jpg,Banana,spoiled,0,1,1,Banana_spoiled,260
data/raw/FRUIT-16K/S_Banana/701.jpg,Banana,spoiled,0,1,1,Banana_spoiled,261
data/raw/FRUIT-16K/S_Banana/702.jpg,Banana,spoiled,0,1,1,Banana_spoiled,261
data/raw/FRUIT-16K/S_Banana/703.jpg,Banana,spoiled,0,1,1,Banana_spoiled,261
data/raw/FRUIT-16K/S_Banana/704.jpg,Banana,spoiled,0,1,1,Banana_spoiled,261
data/raw/FRUIT-16K/S_Banana/705.jpg,Banana,spoiled,0,1,1,Banana_spoiled,261
data/raw/FRUIT-16K/S_Banana/706.jpg,Banana,spoiled,0,1,1,Banana_spoiled,261
data/raw/FRUIT-16K/S_Banana/707.jpg,Banana,spoiled,0,1,1,Banana_spoiled,261
data/raw/FRUIT-16K/S_Banana/708.jpg,Banana,spoiled,0,1,1,Banana_spoiled,261
data/raw/FRUIT-16K/S_Banana/709.jpg,Banana,spoiled,0,1,1,Banana_spoiled,261
data/raw/FRUIT-16K/S_Banana/710.jpg,Banana,spoiled,0,1,1,Banana_spoiled,261
data/raw/FRUIT-16K/S_Banana/711.jpg,Banana,spoiled,0,1,1,Banana_spoiled,261
data/raw/FRUIT-16K/S_Banana/712.jpg,Banana,spoiled,0,1,1,Banana_spoiled,261
data/raw/FRUIT-16K/S_Banana/713.jpg,Banana,spoiled,0,1,1,Banana_spoiled,261
data/raw/FRUIT-16K/S_Banana/714.jpg,Banana,spoiled,0,1,1,Banana_spoiled,261
data/raw/FRUIT-16K/S_Banana/715.jpg,Banana,spoiled,0,1,1,Banana_spoiled,261
data/raw/FRUIT-16K/S_Banana/716.jpg,Banana,spoiled,0,1,1,Banana_spoiled,261
data/raw/FRUIT-16K/S_Banana/717.jpg,Banana,spoiled,0,1,1,Banana_spoiled,261
data/raw/FRUIT-16K/S_Banana/718.jpg,Banana,spoiled,0,1,1,Banana_spoiled,261
data/raw/FRUIT-16K/S_Banana/719.jpg,Banana,spoiled,0,1,1,Banana_spoiled,261
data/raw/FRUIT-16K/S_Banana/720.jpg,Banana,spoiled,0,1,1,Banana_spoiled,261
data/raw/FRUIT-16K/S_Banana/721.jpg,Banana,spoiled,0,1,1,Banana_spoiled,261
data/raw/FRUIT-16K/S_Banana/722.jpg,Banana,spoiled,0,1,1,Banana_spoiled,261
data/raw/FRUIT-16K/S_Banana/723.jpg,Banana,spoiled,0,1,1,Banana_spoiled,261
data/raw/FRUIT-16K/S_Banana/724.jpg,Banana,spoiled,0,1,1,Banana_spoiled,261
data/raw/FRUIT-16K/S_Banana/725.jpg,Banana,spoiled,0,1,1,Banana_spoiled,261
data/raw/FRUIT-16K/S_Banana/726.jpg,Banana,spoiled,0,1,1,Banana_spoiled,261
data/raw/FRUIT-16K/S_Banana/727.jpg,Banana,spoiled,0,1,1,Banana_spoiled,261
data/raw/FRUIT-16K/S_Banana/728.jpg,Banana,spoiled,0,1,1,Banana_spoiled,261
data/raw/FRUIT-16K/S_Banana/729.jpg,Banana,spoiled,0,1,1,Banana_spoiled,261
data/raw/FRUIT-16K/S_Banana/730.jpg,Banana,spoiled,0,1,1,Banana_spoiled,261
data/raw/FRUIT-16K/S_Banana/731.jpg,Banana,spoiled,0,1,1,Banana_spoiled,261
data/raw/FRUIT-16K/S_Banana/732.jpg,Banana,spoiled,0,1,1,Banana_spoiled,261
data/raw/FRUIT-16K/S_Banana/733.jpg,Banana,spoiled,0,1,1,Banana_spoiled,261
data/raw/FRUIT-16K/S_Banana/734.jpg,Banana,spoiled,0,1,1,Banana_spoiled,261
data/raw/FRUIT-16K/S_Banana/735.jpg,Banana,spoiled,0,1,1,Banana_spoiled,261
data/raw/FRUIT-16K/S_Banana/736.jpg,Banana,spoiled,0,1,1,Banana_spoiled,261
data/raw/FRUIT-16K/S_Banana/737.jpg,Banana,spoiled,0,1,1,Banana_spoiled,261
data/raw/FRUIT-16K/S_Banana/738.jpg,Banana,spoiled,0,1,1,Banana_spoiled,261
data/raw/FRUIT-16K/S_Banana/739.jpg,Banana,spoiled,0,1,1,Banana_spoiled,261
data/raw/FRUIT-16K/S_Banana/740.jpg,Banana,spoiled,0,1,1,Banana_spoiled,261
data/raw/FRUIT-16K/S_Banana/741.jpg,Banana,spoiled,0,1,1,Banana_spoiled,261
data/raw/FRUIT-16K/S_Banana/742.jpg,Banana,spoiled,0,1,1,Banana_spoiled,261
data/raw/FRUIT-16K/S_Banana/743.jpg,Banana,spoiled,0,1,1,Banana_spoiled,261
data/raw/FRUIT-16K/S_Banana/744.jpg,Banana,spoiled,0,1,1,Banana_spoiled,261
data/raw/FRUIT-16K/S_Banana/745.jpg,Banana,spoiled,0,1,1,Banana_spoiled,261
data/raw/FRUIT-16K/S_Banana/746.jpg,Banana,spoiled,0,1,1,Banana_spoiled,261
data/raw/FRUIT-16K/S_Banana/747.jpg,Banana,spoiled,0,1,1,Banana_spoiled,261
data/raw/FRUIT-16K/S_Banana/748.jpg,Banana,spoiled,0,1,1,Banana_spoiled,261
data/raw/FRUIT-16K/S_Banana/749.jpg,Banana,spoiled,0,1,1,Banana_spoiled,261
data/raw/FRUIT-16K/S_Banana/750.jpg,Banana,spoiled,0,1,1,Banana_spoiled,261
data/raw/FRUIT-16K/S_Banana/751.jpg,Banana,spoiled,0,1,1,Banana_spoiled,262
data/raw/FRUIT-16K/S_Banana/752.jpg,Banana,spoiled,0,1,1,Banana_spoiled,262
data/raw/FRUIT-16K/S_Banana/753.jpg,Banana,spoiled,0,1,1,Banana_spoiled,262
data/raw/FRUIT-16K/S_Banana/754.jpg,Banana,spoiled,0,1,1,Banana_spoiled,262
data/raw/FRUIT-16K/S_Banana/755.jpg,Banana,spoiled,0,1,1,Banana_spoiled,262
data/raw/FRUIT-16K/S_Banana/756.jpg,Banana,spoiled,0,1,1,Banana_spoiled,262
data/raw/FRUIT-16K/S_Banana/757.jpg,Banana,spoiled,0,1,1,Banana_spoiled,262
data/raw/FRUIT-16K/S_Banana/758.jpg,Banana,spoiled,0,1,1,Banana_spoiled,262
data/raw/FRUIT-16K/S_Banana/759.jpg,Banana,spoiled,0,1,1,Banana_spoiled,262
data/raw/FRUIT-16K/S_Banana/760.jpg,Banana,spoiled,0,1,1,Banana_spoiled,262
data/raw/FRUIT-16K/S_Banana/761.jpg,Banana,spoiled,0,1,1,Banana_spoiled,262
data/raw/FRUIT-16K/S_Banana/762.jpg,Banana,spoiled,0,1,1,Banana_spoiled,262
data/raw/FRUIT-16K/S_Banana/763.jpg,Banana,spoiled,0,1,1,Banana_spoiled,262
data/raw/FRUIT-16K/S_Banana/764.jpg,Banana,spoiled,0,1,1,Banana_spoiled,262
data/raw/FRUIT-16K/S_Banana/765.jpg,Banana,spoiled,0,1,1,Banana_spoiled,262
data/raw/FRUIT-16K/S_Banana/766.jpg,Banana,spoiled,0,1,1,Banana_spoiled,262
data/raw/FRUIT-16K/S_Banana/767.jpg,Banana,spoiled,0,1,1,Banana_spoiled,262
data/raw/FRUIT-16K/S_Banana/768.jpg,Banana,spoiled,0,1,1,Banana_spoiled,262
data/raw/FRUIT-16K/S_Banana/769.jpg,Banana,spoiled,0,1,1,Banana_spoiled,262
data/raw/FRUIT-16K/S_Banana/770.jpg,Banana,spoiled,0,1,1,Banana_spoiled,262
data/raw/FRUIT-16K/S_Banana/771.jpg,Banana,spoiled,0,1,1,Banana_spoiled,262
data/raw/FRUIT-16K/S_Banana/772.jpg,Banana,spoiled,0,1,1,Banana_spoiled,262
data/raw/FRUIT-16K/S_Banana/773.jpg,Banana,spoiled,0,1,1,Banana_spoiled,262
data/raw/FRUIT-16K/S_Banana/774.jpg,Banana,spoiled,0,1,1,Banana_spoiled,262
data/raw/FRUIT-16K/S_Banana/775.jpg,Banana,spoiled,0,1,1,Banana_spoiled,262
data/raw/FRUIT-16K/S_Banana/776.jpg,Banana,spoiled,0,1,1,Banana_spoiled,263
data/raw/FRUIT-16K/S_Banana/777.jpg,Banana,spoiled,0,1,1,Banana_spoiled,263
data/raw/FRUIT-16K/S_Banana/778.jpg,Banana,spoiled,0,1,1,Banana_spoiled,263
data/raw/FRUIT-16K/S_Banana/779.jpg,Banana,spoiled,0,1,1,Banana_spoiled,263
data/raw/FRUIT-16K/S_Banana/780.jpg,Banana,spoiled,0,1,1,Banana_spoiled,263
data/raw/FRUIT-16K/S_Banana/781.jpg,Banana,spoiled,0,1,1,Banana_spoiled,263
data/raw/FRUIT-16K/S_Banana/782.jpg,Banana,spoiled,0,1,1,Banana_spoiled,263
data/raw/FRUIT-16K/S_Banana/783.jpg,Banana,spoiled,0,1,1,Banana_spoiled,263
data/raw/FRUIT-16K/S_Banana/784.jpg,Banana,spoiled,0,1,1,Banana_spoiled,263
data/raw/FRUIT-16K/S_Banana/785.jpg,Banana,spoiled,0,1,1,Banana_spoiled,263
data/raw/FRUIT-16K/S_Banana/786.jpg,Banana,spoiled,0,1,1,Banana_spoiled,263
data/raw/FRUIT-16K/S_Banana/787.jpg,Banana,spoiled,0,1,1,Banana_spoiled,263
data/raw/FRUIT-16K/S_Banana/788.jpg,Banana,spoiled,0,1,1,Banana_spoiled,263
data/raw/FRUIT-16K/S_Banana/789.jpg,Banana,spoiled,0,1,1,Banana_spoiled,263
data/raw/FRUIT-16K/S_Banana/790.jpg,Banana,spoiled,0,1,1,Banana_spoiled,263
data/raw/FRUIT-16K/S_Banana/791.jpg,Banana,spoiled,0,1,1,Banana_spoiled,263
data/raw/FRUIT-16K/S_Banana/792.jpg,Banana,spoiled,0,1,1,Banana_spoiled,263
data/raw/FRUIT-16K/S_Banana/793.jpg,Banana,spoiled,0,1,1,Banana_spoiled,263
data/raw/FRUIT-16K/S_Banana/794.jpg,Banana,spoiled,0,1,1,Banana_spoiled,263
data/raw/FRUIT-16K/S_Banana/795.jpg,Banana,spoiled,0,1,1,Banana_spoiled,263
data/raw/FRUIT-16K/S_Banana/796.jpg,Banana,spoiled,0,1,1,Banana_spoiled,263
data/raw/FRUIT-16K/S_Banana/797.jpg,Banana,spoiled,0,1,1,Banana_spoiled,263
data/raw/FRUIT-16K/S_Banana/798.jpg,Banana,spoiled,0,1,1,Banana_spoiled,263
data/raw/FRUIT-16K/S_Banana/799.jpg,Banana,spoiled,0,1,1,Banana_spoiled,263
data/raw/FRUIT-16K/S_Banana/800.jpg,Banana,spoiled,0,1,1,Banana_spoiled,263
data/raw/FRUIT-16K/S_Banana/826.jpg,Banana,spoiled,0,1,1,Banana_spoiled,265
data/raw/FRUIT-16K/S_Banana/827.jpg,Banana,spoiled,0,1,1,Banana_spoiled,265
data/raw/FRUIT-16K/S_Banana/828.jpg,Banana,spoiled,0,1,1,Banana_spoiled,265
data/raw/FRUIT-16K/S_Banana/829.jpg,Banana,spoiled,0,1,1,Banana_spoiled,265
data/raw/FRUIT-16K/S_Banana/830.jpg,Banana,spoiled,0,1,1,Banana_spoiled,265
data/raw/FRUIT-16K/S_Banana/831.jpg,Banana,spoiled,0,1,1,Banana_spoiled,265
data/raw/FRUIT-16K/S_Banana/832.jpg,Banana,spoiled,0,1,1,Banana_spoiled,265
data/raw/FRUIT-16K/S_Banana/833.jpg,Banana,spoiled,0,1,1,Banana_spoiled,265
data/raw/FRUIT-16K/S_Banana/834.jpg,Banana,spoiled,0,1,1,Banana_spoiled,265
data/raw/FRUIT-16K/S_Banana/835.jpg,Banana,spoiled,0,1,1,Banana_spoiled,265
data/raw/FRUIT-16K/S_Banana/836.jpg,Banana,spoiled,0,1,1,Banana_spoiled,265
data/raw/FRUIT-16K/S_Banana/837.jpg,Banana,spoiled,0,1,1,Banana_spoiled,265
data/raw/FRUIT-16K/S_Banana/838.jpg,Banana,spoiled,0,1,1,Banana_spoiled,265
data/raw/FRUIT-16K/S_Banana/839.jpg,Banana,spoiled,0,1,1,Banana_spoiled,265
data/raw/FRUIT-16K/S_Banana/840.jpg,Banana,spoiled,0,1,1,Banana_spoiled,265
data/raw/FRUIT-16K/S_Banana/841.jpg,Banana,spoiled,0,1,1,Banana_spoiled,265
data/raw/FRUIT-16K/S_Banana/842.jpg,Banana,spoiled,0,1,1,Banana_spoiled,265
data/raw/FRUIT-16K/S_Banana/843.jpg,Banana,spoiled,0,1,1,Banana_spoiled,265
data/raw/FRUIT-16K/S_Banana/844.jpg,Banana,spoiled,0,1,1,Banana_spoiled,265
data/raw/FRUIT-16K/S_Banana/845.jpg,Banana,spoiled,0,1,1,Banana_spoiled,265
data/raw/FRUIT-16K/S_Banana/846.jpg,Banana,spoiled,0,1,1,Banana_spoiled,265
data/raw/FRUIT-16K/S_Banana/847.jpg,Banana,spoiled,0,1,1,Banana_spoiled,265
data/raw/FRUIT-16K/S_Banana/848.jpg,Banana,spoiled,0,1,1,Banana_spoiled,265
data/raw/FRUIT-16K/S_Banana/849.jpg,Banana,spoiled,0,1,1,Banana_spoiled,265
data/raw/FRUIT-16K/S_Banana/850.jpg,Banana,spoiled,0,1,1,Banana_spoiled,265
data/raw/FRUIT-16K/S_Banana/851.jpg,Banana,spoiled,0,1,1,Banana_spoiled,266
data/raw/FRUIT-16K/S_Banana/852.jpg,Banana,spoiled,0,1,1,Banana_spoiled,266
data/raw/FRUIT-16K/S_Banana/853.jpg,Banana,spoiled,0,1,1,Banana_spoiled,266
data/raw/FRUIT-16K/S_Banana/854.jpg,Banana,spoiled,0,1,1,Banana_spoiled,266
data/raw/FRUIT-16K/S_Banana/855.jpg,Banana,spoiled,0,1,1,Banana_spoiled,266
data/raw/FRUIT-16K/S_Banana/856.jpg,Banana,spoiled,0,1,1,Banana_spoiled,266
data/raw/FRUIT-16K/S_Banana/857.jpg,Banana,spoiled,0,1,1,Banana_spoiled,266
data/raw/FRUIT-16K/S_Banana/858.jpg,Banana,spoiled,0,1,1,Banana_spoiled,266
data/raw/FRUIT-16K/S_Banana/859.jpg,Banana,spoiled,0,1,1,Banana_spoiled,266
data/raw/FRUIT-16K/S_Banana/860.jpg,Banana,spoiled,0,1,1,Banana_spoiled,266
data/raw/FRUIT-16K/S_Banana/861.jpg,Banana,spoiled,0,1,1,Banana_spoiled,266
data/raw/FRUIT-16K/S_Banana/862.jpg,Banana,spoiled,0,1,1,Banana_spoiled,266
data/raw/FRUIT-16K/S_Banana/863.jpg,Banana,spoiled,0,1,1,Banana_spoiled,266
data/raw/FRUIT-16K/S_Banana/864.jpg,Banana,spoiled,0,1,1,Banana_spoiled,266
data/raw/FRUIT-16K/S_Banana/865.jpg,Banana,spoiled,0,1,1,Banana_spoiled,266
data/raw/FRUIT-16K/S_Banana/866.jpg,Banana,spoiled,0,1,1,Banana_spoiled,266
data/raw/FRUIT-16K/S_Banana/867.jpg,Banana,spoiled,0,1,1,Banana_spoiled,266
data/raw/FRUIT-16K/S_Banana/868.jpg,Banana,spoiled,0,1,1,Banana_spoiled,266
data/raw/FRUIT-16K/S_Banana/869.jpg,Banana,spoiled,0,1,1,Banana_spoiled,266
data/raw/FRUIT-16K/S_Banana/870.jpg,Banana,spoiled,0,1,1,Banana_spoiled,266
data/raw/FRUIT-16K/S_Banana/871.jpg,Banana,spoiled,0,1,1,Banana_spoiled,266
data/raw/FRUIT-16K/S_Banana/872.jpg,Banana,spoiled,0,1,1,Banana_spoiled,266
data/raw/FRUIT-16K/S_Banana/873.jpg,Banana,spoiled,0,1,1,Banana_spoiled,266
data/raw/FRUIT-16K/S_Banana/874.jpg,Banana,spoiled,0,1,1,Banana_spoiled,266
data/raw/FRUIT-16K/S_Banana/875.jpg,Banana,spoiled,0,1,1,Banana_spoiled,266
data/raw/FRUIT-16K/S_Banana/901.jpg,Banana,spoiled,0,1,1,Banana_spoiled,268
data/raw/FRUIT-16K/S_Banana/902.jpg,Banana,spoiled,0,1,1,Banana_spoiled,268
data/raw/FRUIT-16K/S_Banana/903.jpg,Banana,spoiled,0,1,1,Banana_spoiled,268
data/raw/FRUIT-16K/S_Banana/904.jpg,Banana,spoiled,0,1,1,Banana_spoiled,268
data/raw/FRUIT-16K/S_Banana/905.jpg,Banana,spoiled,0,1,1,Banana_spoiled,268
data/raw/FRUIT-16K/S_Banana/906.jpg,Banana,spoiled,0,1,1,Banana_spoiled,268
data/raw/FRUIT-16K/S_Banana/907.jpg,Banana,spoiled,0,1,1,Banana_spoiled,268
data/raw/FRUIT-16K/S_Banana/908.jpg,Banana,spoiled,0,1,1,Banana_spoiled,268
data/raw/FRUIT-16K/S_Banana/909.jpg,Banana,spoiled,0,1,1,Banana_spoiled,268
data/raw/FRUIT-16K/S_Banana/910.jpg,Banana,spoiled,0,1,1,Banana_spoiled,268
data/raw/FRUIT-16K/S_Banana/911.jpg,Banana,spoiled,0,1,1,Banana_spoiled,268
data/raw/FRUIT-16K/S_Banana/912.jpg,Banana,spoiled,0,1,1,Banana_spoiled,268
data/raw/FRUIT-16K/S_Banana/913.jpg,Banana,spoiled,0,1,1,Banana_spoiled,268
data/raw/FRUIT-16K/S_Banana/914.jpg,Banana,spoiled,0,1,1,Banana_spoiled,268
data/raw/FRUIT-16K/S_Banana/915.jpg,Banana,spoiled,0,1,1,Banana_spoiled,268
data/raw/FRUIT-16K/S_Banana/916.jpg,Banana,spoiled,0,1,1,Banana_spoiled,268
data/raw/FRUIT-16K/S_Banana/917.jpg,Banana,spoiled,0,1,1,Banana_spoiled,268
data/raw/FRUIT-16K/S_Banana/918.jpg,Banana,spoiled,0,1,1,Banana_spoiled,268
data/raw/FRUIT-16K/S_Banana/919.jpg,Banana,spoiled,0,1,1,Banana_spoiled,268
data/raw/FRUIT-16K/S_Banana/920.jpg,Banana,spoiled,0,1,1,Banana_spoiled,268
data/raw/FRUIT-16K/S_Banana/921.jpg,Banana,spoiled,0,1,1,Banana_spoiled,268
data/raw/FRUIT-16K/S_Banana/922.jpg,Banana,spoiled,0,1,1,Banana_spoiled,268
data/raw/FRUIT-16K/S_Banana/923.jpg,Banana,spoiled,0,1,1,Banana_spoiled,268
data/raw/FRUIT-16K/S_Banana/924.jpg,Banana,spoiled,0,1,1,Banana_spoiled,268
data/raw/FRUIT-16K/S_Banana/925.jpg,Banana,spoiled,0,1,1,Banana_spoiled,268
data/raw/FRUIT-16K/S_Banana/951.jpg,Banana,spoiled,0,1,1,Banana_spoiled,270
data/raw/FRUIT-16K/S_Banana/952.jpg,Banana,spoiled,0,1,1,Banana_spoiled,270
data/raw/FRUIT-16K/S_Banana/953.jpg,Banana,spoiled,0,1,1,Banana_spoiled,270
data/raw/FRUIT-16K/S_Banana/954.jpg,Banana,spoiled,0,1,1,Banana_spoiled,270
data/raw/FRUIT-16K/S_Banana/955.jpg,Banana,spoiled,0,1,1,Banana_spoiled,270
data/raw/FRUIT-16K/S_Banana/956.jpg,Banana,spoiled,0,1,1,Banana_spoiled,270
data/raw/FRUIT-16K/S_Banana/957.jpg,Banana,spoiled,0,1,1,Banana_spoiled,270
data/raw/FRUIT-16K/S_Banana/958.jpg,Banana,spoiled,0,1,1,Banana_spoiled,270
data/raw/FRUIT-16K/S_Banana/959.jpg,Banana,spoiled,0,1,1,Banana_spoiled,270
data/raw/FRUIT-16K/S_Banana/960.jpg,Banana,spoiled,0,1,1,Banana_spoiled,270
data/raw/FRUIT-16K/S_Banana/961.jpg,Banana,spoiled,0,1,1,Banana_spoiled,270
data/raw/FRUIT-16K/S_Banana/962.jpg,Banana,spoiled,0,1,1,Banana_spoiled,270
data/raw/FRUIT-16K/S_Banana/963.jpg,Banana,spoiled,0,1,1,Banana_spoiled,270
data/raw/FRUIT-16K/S_Banana/964.jpg,Banana,spoiled,0,1,1,Banana_spoiled,270
data/raw/FRUIT-16K/S_Banana/965.jpg,Banana,spoiled,0,1,1,Banana_spoiled,270
data/raw/FRUIT-16K/S_Banana/966.jpg,Banana,spoiled,0,1,1,Banana_spoiled,270
data/raw/FRUIT-16K/S_Banana/967.jpg,Banana,spoiled,0,1,1,Banana_spoiled,270
data/raw/FRUIT-16K/S_Banana/968.jpg,Banana,spoiled,0,1,1,Banana_spoiled,270
data/raw/FRUIT-16K/S_Banana/969.jpg,Banana,spoiled,0,1,1,Banana_spoiled,270
data/raw/FRUIT-16K/S_Banana/970.jpg,Banana,spoiled,0,1,1,Banana_spoiled,270
data/raw/FRUIT-16K/S_Banana/971.jpg,Banana,spoiled,0,1,1,Banana_spoiled,270
data/raw/FRUIT-16K/S_Banana/972.jpg,Banana,spoiled,0,1,1,Banana_spoiled,270
data/raw/FRUIT-16K/S_Banana/973.jpg,Banana,spoiled,0,1,1,Banana_spoiled,270
data/raw/FRUIT-16K/S_Banana/974.jpg,Banana,spoiled,0,1,1,Banana_spoiled,270
data/raw/FRUIT-16K/S_Banana/975.jpg,Banana,spoiled,0,1,1,Banana_spoiled,270
data/raw/FRUIT-16K/S_Banana/976.jpg,Banana,spoiled,0,1,1,Banana_spoiled,271
data/raw/FRUIT-16K/S_Banana/977.jpg,Banana,spoiled,0,1,1,Banana_spoiled,271
data/raw/FRUIT-16K/S_Banana/978.jpg,Banana,spoiled,0,1,1,Banana_spoiled,271
data/raw/FRUIT-16K/S_Banana/979.jpg,Banana,spoiled,0,1,1,Banana_spoiled,271
data/raw/FRUIT-16K/S_Banana/980.jpg,Banana,spoiled,0,1,1,Banana_spoiled,271
data/raw/FRUIT-16K/S_Banana/981.jpg,Banana,spoiled,0,1,1,Banana_spoiled,271
data/raw/FRUIT-16K/S_Banana/982.jpg,Banana,spoiled,0,1,1,Banana_spoiled,271
data/raw/FRUIT-16K/S_Banana/983.jpg,Banana,spoiled,0,1,1,Banana_spoiled,271
data/raw/FRUIT-16K/S_Banana/984.jpg,Banana,spoiled,0,1,1,Banana_spoiled,271
data/raw/FRUIT-16K/S_Banana/985.jpg,Banana,spoiled,0,1,1,Banana_spoiled,271
data/raw/FRUIT-16K/S_Banana/986.jpg,Banana,spoiled,0,1,1,Banana_spoiled,271
data/raw/FRUIT-16K/S_Banana/987.jpg,Banana,spoiled,0,1,1,Banana_spoiled,271
data/raw/FRUIT-16K/S_Banana/988.jpg,Banana,spoiled,0,1,1,Banana_spoiled,271
data/raw/FRUIT-16K/S_Banana/989.jpg,Banana,spoiled,0,1,1,Banana_spoiled,271
data/raw/FRUIT-16K/S_Banana/990.jpg,Banana,spoiled,0,1,1,Banana_spoiled,271
data/raw/FRUIT-16K/S_Banana/991.jpg,Banana,spoiled,0,1,1,Banana_spoiled,271
data/raw/FRUIT-16K/S_Banana/992.jpg,Banana,spoiled,0,1,1,Banana_spoiled,271
data/raw/FRUIT-16K/S_Banana/993.jpg,Banana,spoiled,0,1,1,Banana_spoiled,271
data/raw/FRUIT-16K/S_Banana/994.jpg,Banana,spoiled,0,1,1,Banana_spoiled,271
data/raw/FRUIT-16K/S_Banana/995.jpg,Banana,spoiled,0,1,1,Banana_spoiled,271
data/raw/FRUIT-16K/S_Banana/996.jpg,Banana,spoiled,0,1,1,Banana_spoiled,271
data/raw/FRUIT-16K/S_Banana/997.jpg,Banana,spoiled,0,1,1,Banana_spoiled,271
data/raw/FRUIT-16K/S_Banana/998.jpg,Banana,spoiled,0,1,1,Banana_spoiled,271
data/raw/FRUIT-16K/S_Banana/999.jpg,Banana,spoiled,0,1,1,Banana_spoiled,271
data/raw/FRUIT-16K/S_Banana/1000.jpg,Banana,spoiled,0,1,1,Banana_spoiled,271
data/raw/FRUIT-16K/S_Lemon/1.jpg,Lemon,spoiled,1,1,3,Lemon_spoiled,272
data/raw/FRUIT-16K/S_Lemon/2.jpg,Lemon,spoiled,1,1,3,Lemon_spoiled,272
data/raw/FRUIT-16K/S_Lemon/3.jpg,Lemon,spoiled,1,1,3,Lemon_spoiled,272
data/raw/FRUIT-16K/S_Lemon/4.jpg,Lemon,spoiled,1,1,3,Lemon_spoiled,272
data/raw/FRUIT-16K/S_Lemon/5.jpg,Lemon,spoiled,1,1,3,Lemon_spoiled,272
data/raw/FRUIT-16K/S_Lemon/6.jpg,Lemon,spoiled,1,1,3,Lemon_spoiled,272
data/raw/FRUIT-16K/S_Lemon/7.jpg,Lemon,spoiled,1,1,3,Lemon_spoiled,272
data/raw/FRUIT-16K/S_Lemon/8.jpg,Lemon,spoiled,1,1,3,Lemon_spoiled,272
data/raw/FRUIT-16K/S_Lemon/9.jpg,Lemon,spoiled,1,1,3,Lemon_spoiled,272
data/raw/FRUIT-16K/S_Lemon/10.jpg,Lemon,spoiled,1,1,3,Lemon_spoiled,272
data/raw/FRUIT-16K/S_Lemon/11.jpg,Lemon,spoiled,1,1,3,Lemon_spoiled,272
data/raw/FRUIT-16K/S_Lemon/12.jpg,Lemon,spoiled,1,1,3,Lemon_spoiled,272
data/raw/FRUIT-16K/S_Lemon/13.jpg,Lemon,spoiled,1,1,3,Lemon_spoiled,272
data/raw/FRUIT-16K/S_Lemon/14.jpg,Lemon,spoiled,1,1,3,Lemon_spoiled,272
data/raw/FRUIT-16K/S_Lemon/15.jpg,Lemon,spoiled,1,1,3,Lemon_spoiled,272
data/raw/FRUIT-16K/S_Lemon/16.jpg,Lemon,spoiled,1,1,3,Lemon_spoiled,272
data/raw/FRUIT-16K/S_Lemon/17.jpg,Lemon,spoiled,1,1,3,Lemon_spoiled,272
data/raw/FRUIT-16K/S_Lemon/18.jpg,Lemon,spoiled,1,1,3,Lemon_spoiled,272
data/raw/FRUIT-16K/S_Lemon/19.jpg,Lemon,spoiled,1,1,3,Lemon_spoiled,272
data/raw/FRUIT-16K/S_Lemon/20.jpg,Lemon,spoiled,1,1,3,Lemon_spoiled,272
data/raw/FRUIT-16K/S_Lemon/21.jpg,Lemon,spoiled,1,1,3,Lemon_spoiled,272
data/raw/FRUIT-16K/S_Lemon/22.jpg,Lemon,spoiled,1,1,3,Lemon_spoiled,272
data/raw/FRUIT-16K/S_Lemon/23.jpg,Lemon,spoiled,1,1,3,Lemon_spoiled,272
data/raw/FRUIT-16K/S_Lemon/24.jpg,Lemon,spoiled,1,1,3,Lemon_spoiled,272
data/raw/FRUIT-16K/S_Lemon/25.jpg,Lemon,spoiled,1,1,3,Lemon_spoiled,272
data/raw/FRUIT-16K/S_Lemon/26.jpg,Lemon,spoiled,1,1,3,Lemon_spoiled,273
data/raw/FRUIT-16K/S_Lemon/27.jpg,Lemon,spoiled,1,1,3,Lemon_spoiled,273
data/raw/FRUIT-16K/S_Lemon/28.jpg,Lemon,spoiled,1,1,3,Lemon_spoiled,273
data/raw/FRUIT-16K/S_Lemon/29.jpg,Lemon,spoiled,1,1,3,Lemon_spoiled,273
data/raw/FRUIT-16K/S_Lemon/30.jpg,Lemon,spoiled,1,1,3,Lemon_spoiled,273
data/raw/FRUIT-16K/S_Lemon/31.jpg,Lemon,spoiled,1,1,3,Lemon_spoiled,273
data/raw/FRUIT-16K/S_Lemon/32.jpg,Lemon,spoiled,1,1,3,Lemon_spoiled,273
data/raw/FRUIT-16K/S_Lemon/33.jpg,Lemon,spoiled,1,1,3,Lemon_spoiled,273
data/raw/FRUIT-16K/S_Lemon/34.jpg,Lemon,spoiled,1,1,3,Lemon_spoiled,273
data/raw/FRUIT-16K/S_Lemon/35.jpg,Lemon,spoiled,1,1,3,Lemon_spoiled,273
data/raw/FRUIT-16K/S_Lemon/36.jpg,Lemon,spoiled,1,1,3,Lemon_spoiled,273
data/raw/FRUIT-16K/S_Lemon/37.jpg,Lemon,spoiled,1,1,3,Lemon_spoiled,273
data/raw/FRUIT-16K/S_Lemon/38.jpg,Lemon,spoiled,1,1,3,Lemon_spoiled,273
data/raw/FRUIT-16K/S_Lemon/39.jpg,Lemon,spoiled,1,1,3,Lemon_spoiled,273
data/raw/FRUIT-16K/S_Lemon/40.jpg,Lemon,spoiled,1,1,3,Lemon_spoiled,273
data/raw/FRUIT-16K/S_Lemon/41.jpg,Lemon,spoiled,1,1,3,Lemon_spoiled,273
data/raw/FRUIT-16K/S_Lemon/42.jpg,Lemon,spoiled,1,1,3,Lemon_spoiled,273
data/raw/FRUIT-16K/S_Lemon/43.jpg,Lemon,spoiled,1,1,3,Lemon_spoiled,273
data/raw/FRUIT-16K/S_Lemon/44.jpg,Lemon,spoiled,1,1,3,Lemon_spoiled,273
data/raw/FRUIT-16K/S_Lemon/45.jpg,Lemon,spoiled,1,1,3,Lemon_spoiled,273
data/raw/FRUIT-16K/S_Lemon/46.jpg,Lemon,spoiled,1,1,3,Lemon_spoiled,273
data/raw/FRUIT-16K/S_Lemon/47.jpg,Lemon,spoiled,1,1,3,Lemon_spoiled,273
data/raw/FRUIT-16K/S_Lemon/48.jpg,Lemon,spoiled,1,1,3,Lemon_spoiled,273
data/raw/FRUIT-16K/S_Lemon/49.jpg,Lemon,spoiled,1,1,3,Lemon_spoiled,273
data/raw/FRUIT-16K/S_Lemon/50.jpg,Lemon,spoiled,1,1,3,Lemon_spoiled,273
data/raw/FRUIT-16K/S_Lemon/51.jpg,Lemon,spoiled,1,1,3,Lemon_spoiled,274
data/raw/FRUIT-16K/S_Lemon/52.jpg,Lemon,spoiled,1,1,3,Lemon_spoiled,274
data/raw/FRUIT-16K/S_Lemon/53.jpg,Lemon,spoiled,1,1,3,Lemon_spoiled,274
data/raw/FRUIT-16K/S_Lemon/54.jpg,Lemon,spoiled,1,1,3,Lemon_spoiled,274
data/raw/FRUIT-16K/S_Lemon/55.jpg,Lemon,spoiled,1,1,3,Lemon_spoiled,274
data/raw/FRUIT-16K/S_Lemon/56.jpg,Lemon,spoiled,1,1,3,Lemon_spoiled,274
data/raw/FRUIT-16K/S_Lemon/57.jpg,Lemon,spoiled,1,1,3,Lemon_spoiled,274
data/raw/FRUIT-16K/S_Lemon/58.jpg,Lemon,spoiled,1,1,3,Lemon_spoiled,274
data/raw/FRUIT-16K/S_Lemon/59.jpg,Lemon,spoiled,1,1,3,Lemon_spoiled,274
data/raw/FRUIT-16K/S_Lemon/60.jpg,Lemon,spoiled,1,1,3,Lemon_spoiled,274
data/raw/FRUIT-16K/S_Lemon/61.jpg,Lemon,spoiled,1,1,3,Lemon_spoiled,274
data/raw/FRUIT-16K/S_Lemon/62.jpg,Lemon,spoiled,1,1,3,Lemon_spoiled,274
data/raw/FRUIT-16K/S_Lemon/63.jpg,Lemon,spoiled,1,1,3,Lemon_spoiled,274
data/raw/FRUIT-16K/S_Lemon/64.jpg,Lemon,spoiled,1,1,3,Lemon_spoiled,274
data/raw/FRUIT-16K/S_Lemon/65.jpg,Lemon,spoiled,1,1,3,Lemon_spoiled,274
data/raw/FRUIT-16K/S_Lemon/66.jpg,Lemon,spoiled,1,1,3,Lemon_spoiled,274
data/raw/FRUIT-16K/S_Lemon/67.jpg,Lemon,spoiled,1,1,3,Lemon_spoiled,274
data/raw/FRUIT-16K/S_Lemon/68.jpg,Lemon,spoiled,1,1,3,Lemon_spoiled,274
data/raw/FRUIT-16K/S_Lemon/69.jpg,Lemon,spoiled,1,1,3,Lemon_spoiled,274
data/raw/FRUIT-16K/S_Lemon/70.jpg,Lemon,spoiled,1,1,3,Lemon_spoiled,274
data/raw/FRUIT-16K/S_Lemon/71.jpg,Lemon,spoiled,1,1,3,Lemon_spoiled,274
data/raw/FRUIT-16K/S_Lemon/72.jpg,Lemon,spoiled,1,1,3,Lemon_spoiled,274
data/raw/FRUIT-16K/S_Lemon/73.jpg,Lemon,spoiled,1,1,3,Lemon_spoiled,274
data/raw/FRUIT-16K/S_Lemon/74.jpg,Lemon,spoiled,1,1,3,Lemon_spoiled,274
data/raw/FRUIT-16K/S_Lemon/75.jpg,Lemon,spoiled,1,1,3,Lemon_spoiled,274
data/raw/FRUIT-16K/S_Lemon/76.jpg,Lemon,spoiled,1,1,3,Lemon_spoiled,275
data/raw/FRUIT-16K/S_Lemon/77.jpg,Lemon,spoiled,1,1,3,Lemon_spoiled,275
data/raw/FRUIT-16K/S_Lemon/78.jpg,Lemon,spoiled,1,1,3,Lemon_spoiled,275
data/raw/FRUIT-16K/S_Lemon/79.jpg,Lemon,spoiled,1,1,3,Lemon_spoiled,275
data/raw/FRUIT-16K/S_Lemon/80.jpg,Lemon,spoiled,1,1,3,Lemon_spoiled,275
data/raw/FRUIT-16K/S_Lemon/81.jpg,Lemon,spoiled,1,1,3,Lemon_spoiled,275
data/raw/FRUIT-16K/S_Lemon/82.jpg,Lemon,spoiled,1,1,3,Lemon_spoiled,275
data/raw/FRUIT-16K/S_Lemon/83.jpg,Lemon,spoiled,1,1,3,Lemon_spoiled,275
data/raw/FRUIT-16K/S_Lemon/84.jpg,Lemon,spoiled,1,1,3,Lemon_spoiled,275
data/raw/FRUIT-16K/S_Lemon/85.jpg,Lemon,spoiled,1,1,3,Lemon_spoiled,275
data/raw/FRUIT-16K/S_Lemon/86.jpg,Lemon,spoiled,1,1,3,Lemon_spoiled,275
data/raw/FRUIT-16K/S_Lemon/87.jpg,Lemon,spoiled,1,1,3,Lemon_spoiled,275
data/raw/FRUIT-16K/S_Lemon/88.jpg,Lemon,spoiled,1,1,3,Lemon_spoiled,275
data/raw/FRUIT-16K/S_Lemon/89.jpg,Lemon,spoiled,1,1,3,Lemon_spoiled,275
data/raw/FRUIT-16K/S_Lemon/90.jpg,Lemon,spoiled,1,1,3,Lemon_spoiled,275
data/raw/FRUIT-16K/S_Lemon/91.jpg,Lemon,spoiled,1,1,3,Lemon_spoiled,275
data/raw/FRUIT-16K/S_Lemon/92.jpg,Lemon,spoiled,1,1,3,Lemon_spoiled,275
data/raw/FRUIT-16K/S_Lemon/93.jpg,Lemon,spoiled,1,1,3,Lemon_spoiled,275
data/raw/FRUIT-16K/S_Lemon/94.jpg,Lemon,spoiled,1,1,3,Lemon_spoiled,275
data/raw/FRUIT-16K/S_Lemon/95.jpg,Lemon,spoiled,1,1,3,Lemon_spoiled,275
data/raw/FRUIT-16K/S_Lemon/96.jpg,Lemon,spoiled,1,1,3,Lemon_spoiled,275
data/raw/FRUIT-16K/S_Lemon/97.jpg,Lemon,spoiled,1,1,3,Lemon_spoiled,275
data/raw/FRUIT-16K/S_Lemon/98.jpg,Lemon,spoiled,1,1,3,Lemon_spoiled,275
data/raw/FRUIT-16K/S_Lemon/99.jpg,Lemon,spoiled,1,1,3,Lemon_spoiled,275
data/raw/FRUIT-16K/S_Lemon/100.jpg,Lemon,spoiled,1,1,3,Lemon_spoiled,275
data/raw/FRUIT-16K/S_Lemon/101.jpg,Lemon,spoiled,1,1,3,Lemon_spoiled,275
data/raw/FRUIT-16K/S_Lemon/102.jpg,Lemon,spoiled,1,1,3,Lemon_spoiled,275
data/raw/FRUIT-16K/S_Lemon/103.jpg,Lemon,spoiled,1,1,3,Lemon_spoiled,275
data/raw/FRUIT-16K/S_Lemon/104.jpg,Lemon,spoiled,1,1,3,Lemon_spoiled,275
data/raw/FRUIT-16K/S_Lemon/105.jpg,Lemon,spoiled,1,1,3,Lemon_spoiled,275
data/raw/FRUIT-16K/S_Lemon/106.jpg,Lemon,spoiled,1,1,3,Lemon_spoiled,275
data/raw/FRUIT-16K/S_Lemon/107.jpg,Lemon,spoiled,1,1,3,Lemon_spoiled,275
data/raw/FRUIT-16K/S_Lemon/108.jpg,Lemon,spoiled,1,1,3,Lemon_spoiled,275
data/raw/FRUIT-16K/S_Lemon/109.jpg,Lemon,spoiled,1,1,3,Lemon_spoiled,275
data/raw/FRUIT-16K/S_Lemon/110.jpg,Lemon,spoiled,1,1,3,Lemon_spoiled,275
data/raw/FRUIT-16K/S_Lemon/111.jpg,Lemon,spoiled,1,1,3,Lemon_spoiled,275
data/raw/FRUIT-16K/S_Lemon/112.jpg,Lemon,spoiled,1,1,3,Lemon_spoiled,275
data/raw/FRUIT-16K/S_Lemon/113.jpg,Lemon,spoiled,1,1,3,Lemon_spoiled,275
data/raw/FRUIT-16K/S_Lemon/114.jpg,Lemon,spoiled,1,1,3,Lemon_spoiled,275
data/raw/FRUIT-16K/S_Lemon/115.jpg,Lemon,spoiled,1,1,3,Lemon_spoiled,275
data/raw/FRUIT-16K/S_Lemon/116.jpg,Lemon,spoiled,1,1,3,Lemon_spoiled,275
data/raw/FRUIT-16K/S_Lemon/117.jpg,Lemon,spoiled,1,1,3,Lemon_spoiled,275
data/raw/FRUIT-16K/S_Lemon/118.jpg,Lemon,spoiled,1,1,3,Lemon_spoiled,275
data/raw/FRUIT-16K/S_Lemon/119.jpg,Lemon,spoiled,1,1,3,Lemon_spoiled,275
data/raw/FRUIT-16K/S_Lemon/120.jpg,Lemon,spoiled,1,1,3,Lemon_spoiled,275
data/raw/FRUIT-16K/S_Lemon/121.jpg,Lemon,spoiled,1,1,3,Lemon_spoiled,275
data/raw/FRUIT-16K/S_Lemon/122.jpg,Lemon,spoiled,1,1,3,Lemon_spoiled,275
data/raw/FRUIT-16K/S_Lemon/123.jpg,Lemon,spoiled,1,1,3,Lemon_spoiled,275
data/raw/FRUIT-16K/S_Lemon/124.jpg,Lemon,spoiled,1,1,3,Lemon_spoiled,275
data/raw/FRUIT-16K/S_Lemon/125.jpg,Lemon,spoiled,1,1,3,Lemon_spoiled,275
data/raw/FRUIT-16K/S_Lemon/151.jpg,Lemon,spoiled,1,1,3,Lemon_spoiled,277
data/raw/FRUIT-16K/S_Lemon/152.jpg,Lemon,spoiled,1,1,3,Lemon_spoiled,277
data/raw/FRUIT-16K/S_Lemon/153.jpg,Lemon,spoiled,1,1,3,Lemon_spoiled,277
data/raw/FRUIT-16K/S_Lemon/154.jpg,Lemon,spoiled,1,1,3,Lemon_spoiled,277
data/raw/FRUIT-16K/S_Lemon/155.jpg,Lemon,spoiled,1,1,3,Lemon_spoiled,277
data/raw/FRUIT-16K/S_Lemon/156.jpg,Lemon,spoiled,1,1,3,Lemon_spoiled,277
data/raw/FRUIT-16K/S_Lemon/157.jpg,Lemon,spoiled,1,1,3,Lemon_spoiled,277
data/raw/FRUIT-16K/S_Lemon/158.jpg,Lemon,spoiled,1,1,3,Lemon_spoiled,277
data/raw/FRUIT-16K/S_Lemon/159.jpg,Lemon,spoiled,1,1,3,Lemon_spoiled,277
data/raw/FRUIT-16K/S_Lemon/160.jpg,Lemon,spoiled,1,1,3,Lemon_spoiled,277
data/raw/FRUIT-16K/S_Lemon/161.jpg,Lemon,spoiled,1,1,3,Lemon_spoiled,277
data/raw/FRUIT-16K/S_Lemon/162.jpg,Lemon,spoiled,1,1,3,Lemon_spoiled,277
data/raw/FRUIT-16K/S_Lemon/163.jpg,Lemon,spoiled,1,1,3,Lemon_spoiled,277
data/raw/FRUIT-16K/S_Lemon/164.jpg,Lemon,spoiled,1,1,3,Lemon_spoiled,277
data/raw/FRUIT-16K/S_Lemon/165.jpg,Lemon,spoiled,1,1,3,Lemon_spoiled,277
data/raw/FRUIT-16K/S_Lemon/166.jpg,Lemon,spoiled,1,1,3,Lemon_spoiled,277
data/raw/FRUIT-16K/S_Lemon/167.jpg,Lemon,spoiled,1,1,3,Lemon_spoiled,277
data/raw/FRUIT-16K/S_Lemon/168.jpg,Lemon,spoiled,1,1,3,Lemon_spoiled,277
data/raw/FRUIT-16K/S_Lemon/169.jpg,Lemon,spoiled,1,1,3,Lemon_spoiled,277
data/raw/FRUIT-16K/S_Lemon/170.jpg,Lemon,spoiled,1,1,3,Lemon_spoiled,277
data/raw/FRUIT-16K/S_Lemon/171.jpg,Lemon,spoiled,1,1,3,Lemon_spoiled,277
data/raw/FRUIT-16K/S_Lemon/172.jpg,Lemon,spoiled,1,1,3,Lemon_spoiled,277
data/raw/FRUIT-16K/S_Lemon/173.jpg,Lemon,spoiled,1,1,3,Lemon_spoiled,277
data/raw/FRUIT-16K/S_Lemon/174.jpg,Lemon,spoiled,1,1,3,Lemon_spoiled,277
data/raw/FRUIT-16K/S_Lemon/175.jpg,Lemon,spoiled,1,1,3,Lemon_spoiled,277
data/raw/FRUIT-16K/S_Lemon/176.jpg,Lemon,spoiled,1,1,3,Lemon_spoiled,277
data/raw/FRUIT-16K/S_Lemon/177.jpg,Lemon,spoiled,1,1,3,Lemon_spoiled,277
data/raw/FRUIT-16K/S_Lemon/178.jpg,Lemon,spoiled,1,1,3,Lemon_spoiled,277
data/raw/FRUIT-16K/S_Lemon/179.jpg,Lemon,spoiled,1,1,3,Lemon_spoiled,277
data/raw/FRUIT-16K/S_Lemon/180.jpg,Lemon,spoiled,1,1,3,Lemon_spoiled,277
data/raw/FRUIT-16K/S_Lemon/181.jpg,Lemon,spoiled,1,1,3,Lemon_spoiled,277
data/raw/FRUIT-16K/S_Lemon/182.jpg,Lemon,spoiled,1,1,3,Lemon_spoiled,277
data/raw/FRUIT-16K/S_Lemon/183.jpg,Lemon,spoiled,1,1,3,Lemon_spoiled,277
data/raw/FRUIT-16K/S_Lemon/184.jpg,Lemon,spoiled,1,1,3,Lemon_spoiled,277
data/raw/FRUIT-16K/S_Lemon/185.jpg,Lemon,spoiled,1,1,3,Lemon_spoiled,277
data/raw/FRUIT-16K/S_Lemon/186.jpg,Lemon,spoiled,1,1,3,Lemon_spoiled,277
data/raw/FRUIT-16K/S_Lemon/187.jpg,Lemon,spoiled,1,1,3,Lemon_spoiled,277
data/raw/FRUIT-16K/S_Lemon/188.jpg,Lemon,spoiled,1,1,3,Lemon_spoiled,277
data/raw/FRUIT-16K/S_Lemon/189.jpg,Lemon,spoiled,1,1,3,Lemon_spoiled,277
data/raw/FRUIT-16K/S_Lemon/190.jpg,Lemon,spoiled,1,1,3,Lemon_spoiled,277
data/raw/FRUIT-16K/S_Lemon/191.jpg,Lemon,spoiled,1,1,3,Lemon_spoiled,277
data/raw/FRUIT-16K/S_Lemon/192.jpg,Lemon,spoiled,1,1,3,Lemon_spoiled,277
data/raw/FRUIT-16K/S_Lemon/193.jpg,Lemon,spoiled,1,1,3,Lemon_spoiled,277
data/raw/FRUIT-16K/S_Lemon/194.jpg,Lemon,spoiled,1,1,3,Lemon_spoiled,277
data/raw/FRUIT-16K/S_Lemon/195.jpg,Lemon,spoiled,1,1,3,Lemon_spoiled,277
data/raw/FRUIT-16K/S_Lemon/196.jpg,Lemon,spoiled,1,1,3,Lemon_spoiled,277
data/raw/FRUIT-16K/S_Lemon/197.jpg,Lemon,spoiled,1,1,3,Lemon_spoiled,277
data/raw/FRUIT-16K/S_Lemon/198.jpg,Lemon,spoiled,1,1,3,Lemon_spoiled,277
data/raw/FRUIT-16K/S_Lemon/199.jpg,Lemon,spoiled,1,1,3,Lemon_spoiled,277
data/raw/FRUIT-16K/S_Lemon/200.jpg,Lemon,spoiled,1,1,3,Lemon_spoiled,277
data/raw/FRUIT-16K/S_Lemon/201.jpg,Lemon,spoiled,1,1,3,Lemon_spoiled,277
data/raw/FRUIT-16K/S_Lemon/202.jpg,Lemon,spoiled,1,1,3,Lemon_spoiled,277
data/raw/FRUIT-16K/S_Lemon/203.jpg,Lemon,spoiled,1,1,3,Lemon_spoiled,277
data/raw/FRUIT-16K/S_Lemon/204.jpg,Lemon,spoiled,1,1,3,Lemon_spoiled,277
data/raw/FRUIT-16K/S_Lemon/205.jpg,Lemon,spoiled,1,1,3,Lemon_spoiled,277
data/raw/FRUIT-16K/S_Lemon/206.jpg,Lemon,spoiled,1,1,3,Lemon_spoiled,277
data/raw/FRUIT-16K/S_Lemon/207.jpg,Lemon,spoiled,1,1,3,Lemon_spoiled,277
data/raw/FRUIT-16K/S_Lemon/208.jpg,Lemon,spoiled,1,1,3,Lemon_spoiled,277
data/raw/FRUIT-16K/S_Lemon/209.jpg,Lemon,spoiled,1,1,3,Lemon_spoiled,277
data/raw/FRUIT-16K/S_Lemon/210.jpg,Lemon,spoiled,1,1,3,Lemon_spoiled,277
data/raw/FRUIT-16K/S_Lemon/211.jpg,Lemon,spoiled,1,1,3,Lemon_spoiled,277
data/raw/FRUIT-16K/S_Lemon/212.jpg,Lemon,spoiled,1,1,3,Lemon_spoiled,277
data/raw/FRUIT-16K/S_Lemon/213.jpg,Lemon,spoiled,1,1,3,Lemon_spoiled,277
data/raw/FRUIT-16K/S_Lemon/214.jpg,Lemon,spoiled,1,1,3,Lemon_spoiled,277
data/raw/FRUIT-16K/S_Lemon/215.jpg,Lemon,spoiled,1,1,3,Lemon_spoiled,277
data/raw/FRUIT-16K/S_Lemon/216.jpg,Lemon,spoiled,1,1,3,Lemon_spoiled,277
data/raw/FRUIT-16K/S_Lemon/217.jpg,Lemon,spoiled,1,1,3,Lemon_spoiled,277
data/raw/FRUIT-16K/S_Lemon/218.jpg,Lemon,spoiled,1,1,3,Lemon_spoiled,277
data/raw/FRUIT-16K/S_Lemon/219.jpg,Lemon,spoiled,1,1,3,Lemon_spoiled,277
data/raw/FRUIT-16K/S_Lemon/220.jpg,Lemon,spoiled,1,1,3,Lemon_spoiled,277
data/raw/FRUIT-16K/S_Lemon/221.jpg,Lemon,spoiled,1,1,3,Lemon_spoiled,277
data/raw/FRUIT-16K/S_Lemon/222.jpg,Lemon,spoiled,1,1,3,Lemon_spoiled,277
data/raw/FRUIT-16K/S_Lemon/223.jpg,Lemon,spoiled,1,1,3,Lemon_spoiled,277
data/raw/FRUIT-16K/S_Lemon/224.jpg,Lemon,spoiled,1,1,3,Lemon_spoiled,277
data/raw/FRUIT-16K/S_Lemon/225.jpg,Lemon,spoiled,1,1,3,Lemon_spoiled,277
data/raw/FRUIT-16K/S_Lemon/226.jpg,Lemon,spoiled,1,1,3,Lemon_spoiled,277
data/raw/FRUIT-16K/S_Lemon/227.jpg,Lemon,spoiled,1,1,3,Lemon_spoiled,277
data/raw/FRUIT-16K/S_Lemon/228.jpg,Lemon,spoiled,1,1,3,Lemon_spoiled,277
data/raw/FRUIT-16K/S_Lemon/229.jpg,Lemon,spoiled,1,1,3,Lemon_spoiled,277
data/raw/FRUIT-16K/S_Lemon/230.jpg,Lemon,spoiled,1,1,3,Lemon_spoiled,277
data/raw/FRUIT-16K/S_Lemon/231.jpg,Lemon,spoiled,1,1,3,Lemon_spoiled,277
data/raw/FRUIT-16K/S_Lemon/232.jpg,Lemon,spoiled,1,1,3,Lemon_spoiled,277
data/raw/FRUIT-16K/S_Lemon/233.jpg,Lemon,spoiled,1,1,3,Lemon_spoiled,277
data/raw/FRUIT-16K/S_Lemon/234.jpg,Lemon,spoiled,1,1,3,Lemon_spoiled,277
data/raw/FRUIT-16K/S_Lemon/235.jpg,Lemon,spoiled,1,1,3,Lemon_spoiled,277
data/raw/FRUIT-16K/S_Lemon/236.jpg,Lemon,spoiled,1,1,3,Lemon_spoiled,277
data/raw/FRUIT-16K/S_Lemon/237.jpg,Lemon,spoiled,1,1,3,Lemon_spoiled,277
data/raw/FRUIT-16K/S_Lemon/238.jpg,Lemon,spoiled,1,1,3,Lemon_spoiled,277
data/raw/FRUIT-16K/S_Lemon/239.jpg,Lemon,spoiled,1,1,3,Lemon_spoiled,277
data/raw/FRUIT-16K/S_Lemon/240.jpg,Lemon,spoiled,1,1,3,Lemon_spoiled,277
data/raw/FRUIT-16K/S_Lemon/241.jpg,Lemon,spoiled,1,1,3,Lemon_spoiled,277
data/raw/FRUIT-16K/S_Lemon/242.jpg,Lemon,spoiled,1,1,3,Lemon_spoiled,277
data/raw/FRUIT-16K/S_Lemon/243.jpg,Lemon,spoiled,1,1,3,Lemon_spoiled,277
data/raw/FRUIT-16K/S_Lemon/244.jpg,Lemon,spoiled,1,1,3,Lemon_spoiled,277
data/raw/FRUIT-16K/S_Lemon/245.jpg,Lemon,spoiled,1,1,3,Lemon_spoiled,277
data/raw/FRUIT-16K/S_Lemon/246.jpg,Lemon,spoiled,1,1,3,Lemon_spoiled,277
data/raw/FRUIT-16K/S_Lemon/247.jpg,Lemon,spoiled,1,1,3,Lemon_spoiled,277
data/raw/FRUIT-16K/S_Lemon/248.jpg,Lemon,spoiled,1,1,3,Lemon_spoiled,277
data/raw/FRUIT-16K/S_Lemon/249.jpg,Lemon,spoiled,1,1,3,Lemon_spoiled,277
data/raw/FRUIT-16K/S_Lemon/250.jpg,Lemon,spoiled,1,1,3,Lemon_spoiled,277
data/raw/FRUIT-16K/S_Lemon/251.jpg,Lemon,spoiled,1,1,3,Lemon_spoiled,278
data/raw/FRUIT-16K/S_Lemon/252.jpg,Lemon,spoiled,1,1,3,Lemon_spoiled,278
data/raw/FRUIT-16K/S_Lemon/253.jpg,Lemon,spoiled,1,1,3,Lemon_spoiled,278
data/raw/FRUIT-16K/S_Lemon/254.jpg,Lemon,spoiled,1,1,3,Lemon_spoiled,278
data/raw/FRUIT-16K/S_Lemon/255.jpg,Lemon,spoiled,1,1,3,Lemon_spoiled,278
data/raw/FRUIT-16K/S_Lemon/256.jpg,Lemon,spoiled,1,1,3,Lemon_spoiled,278
data/raw/FRUIT-16K/S_Lemon/257.jpg,Lemon,spoiled,1,1,3,Lemon_spoiled,278
data/raw/FRUIT-16K/S_Lemon/258.jpg,Lemon,spoiled,1,1,3,Lemon_spoiled,278
data/raw/FRUIT-16K/S_Lemon/259.jpg,Lemon,spoiled,1,1,3,Lemon_spoiled,278
data/raw/FRUIT-16K/S_Lemon/260.jpg,Lemon,spoiled,1,1,3,Lemon_spoiled,278
data/raw/FRUIT-16K/S_Lemon/261.jpg,Lemon,spoiled,1,1,3,Lemon_spoiled,278
data/raw/FRUIT-16K/S_Lemon/262.jpg,Lemon,spoiled,1,1,3,Lemon_spoiled,278
data/raw/FRUIT-16K/S_Lemon/263.jpg,Lemon,spoiled,1,1,3,Lemon_spoiled,278
data/raw/FRUIT-16K/S_Lemon/264.jpg,Lemon,spoiled,1,1,3,Lemon_spoiled,278
data/raw/FRUIT-16K/S_Lemon/265.jpg,Lemon,spoiled,1,1,3,Lemon_spoiled,278
data/raw/FRUIT-16K/S_Lemon/266.jpg,Lemon,spoiled,1,1,3,Lemon_spoiled,278
data/raw/FRUIT-16K/S_Lemon/267.jpg,Lemon,spoiled,1,1,3,Lemon_spoiled,278
data/raw/FRUIT-16K/S_Lemon/268.jpg,Lemon,spoiled,1,1,3,Lemon_spoiled,278
data/raw/FRUIT-16K/S_Lemon/269.jpg,Lemon,spoiled,1,1,3,Lemon_spoiled,278
data/raw/FRUIT-16K/S_Lemon/270.jpg,Lemon,spoiled,1,1,3,Lemon_spoiled,278
data/raw/FRUIT-16K/S_Lemon/271.jpg,Lemon,spoiled,1,1,3,Lemon_spoiled,278
data/raw/FRUIT-16K/S_Lemon/272.jpg,Lemon,spoiled,1,1,3,Lemon_spoiled,278
data/raw/FRUIT-16K/S_Lemon/273.jpg,Lemon,spoiled,1,1,3,Lemon_spoiled,278
data/raw/FRUIT-16K/S_Lemon/274.jpg,Lemon,spoiled,1,1,3,Lemon_spoiled,278
data/raw/FRUIT-16K/S_Lemon/275.jpg,Lemon,spoiled,1,1,3,Lemon_spoiled,278
data/raw/FRUIT-16K/S_Lemon/276.jpg,Lemon,spoiled,1,1,3,Lemon_spoiled,279
data/raw/FRUIT-16K/S_Lemon/277.jpg,Lemon,spoiled,1,1,3,Lemon_spoiled,279
data/raw/FRUIT-16K/S_Lemon/278.jpg,Lemon,spoiled,1,1,3,Lemon_spoiled,279
data/raw/FRUIT-16K/S_Lemon/279.jpg,Lemon,spoiled,1,1,3,Lemon_spoiled,279
data/raw/FRUIT-16K/S_Lemon/280.jpg,Lemon,spoiled,1,1,3,Lemon_spoiled,279
data/raw/FRUIT-16K/S_Lemon/281.jpg,Lemon,spoiled,1,1,3,Lemon_spoiled,279
data/raw/FRUIT-16K/S_Lemon/282.jpg,Lemon,spoiled,1,1,3,Lemon_spoiled,279
data/raw/FRUIT-16K/S_Lemon/283.jpg,Lemon,spoiled,1,1,3,Lemon_spoiled,279
data/raw/FRUIT-16K/S_Lemon/284.jpg,Lemon,spoiled,1,1,3,Lemon_spoiled,279
data/raw/FRUIT-16K/S_Lemon/285.jpg,Lemon,spoiled,1,1,3,Lemon_spoiled,279
data/raw/FRUIT-16K/S_Lemon/286.jpg,Lemon,spoiled,1,1,3,Lemon_spoiled,279
data/raw/FRUIT-16K/S_Lemon/287.jpg,Lemon,spoiled,1,1,3,Lemon_spoiled,279
data/raw/FRUIT-16K/S_Lemon/288.jpg,Lemon,spoiled,1,1,3,Lemon_spoiled,279
data/raw/FRUIT-16K/S_Lemon/289.jpg,Lemon,spoiled,1,1,3,Lemon_spoiled,279
data/raw/FRUIT-16K/S_Lemon/290.jpg,Lemon,spoiled,1,1,3,Lemon_spoiled,279
data/raw/FRUIT-16K/S_Lemon/291.jpg,Lemon,spoiled,1,1,3,Lemon_spoiled,279
data/raw/FRUIT-16K/S_Lemon/292.jpg,Lemon,spoiled,1,1,3,Lemon_spoiled,279
data/raw/FRUIT-16K/S_Lemon/293.jpg,Lemon,spoiled,1,1,3,Lemon_spoiled,279
data/raw/FRUIT-16K/S_Lemon/294.jpg,Lemon,spoiled,1,1,3,Lemon_spoiled,279
data/raw/FRUIT-16K/S_Lemon/295.jpg,Lemon,spoiled,1,1,3,Lemon_spoiled,279
data/raw/FRUIT-16K/S_Lemon/296.jpg,Lemon,spoiled,1,1,3,Lemon_spoiled,279
data/raw/FRUIT-16K/S_Lemon/297.jpg,Lemon,spoiled,1,1,3,Lemon_spoiled,279
data/raw/FRUIT-16K/S_Lemon/298.jpg,Lemon,spoiled,1,1,3,Lemon_spoiled,279
data/raw/FRUIT-16K/S_Lemon/299.jpg,Lemon,spoiled,1,1,3,Lemon_spoiled,279
data/raw/FRUIT-16K/S_Lemon/300.jpg,Lemon,spoiled,1,1,3,Lemon_spoiled,279
data/raw/FRUIT-16K/S_Lemon/301.jpg,Lemon,spoiled,1,1,3,Lemon_spoiled,279
data/raw/FRUIT-16K/S_Lemon/302.jpg,Lemon,spoiled,1,1,3,Lemon_spoiled,279
data/raw/FRUIT-16K/S_Lemon/303.jpg,Lemon,spoiled,1,1,3,Lemon_spoiled,279
data/raw/FRUIT-16K/S_Lemon/304.jpg,Lemon,spoiled,1,1,3,Lemon_spoiled,279
data/raw/FRUIT-16K/S_Lemon/305.jpg,Lemon,spoiled,1,1,3,Lemon_spoiled,279
data/raw/FRUIT-16K/S_Lemon/306.jpg,Lemon,spoiled,1,1,3,Lemon_spoiled,279
data/raw/FRUIT-16K/S_Lemon/307.jpg,Lemon,spoiled,1,1,3,Lemon_spoiled,279
data/raw/FRUIT-16K/S_Lemon/308.jpg,Lemon,spoiled,1,1,3,Lemon_spoiled,279
data/raw/FRUIT-16K/S_Lemon/309.jpg,Lemon,spoiled,1,1,3,Lemon_spoiled,279
data/raw/FRUIT-16K/S_Lemon/310.jpg,Lemon,spoiled,1,1,3,Lemon_spoiled,279
data/raw/FRUIT-16K/S_Lemon/311.jpg,Lemon,spoiled,1,1,3,Lemon_spoiled,279
data/raw/FRUIT-16K/S_Lemon/312.jpg,Lemon,spoiled,1,1,3,Lemon_spoiled,279
data/raw/FRUIT-16K/S_Lemon/313.jpg,Lemon,spoiled,1,1,3,Lemon_spoiled,279
data/raw/FRUIT-16K/S_Lemon/314.jpg,Lemon,spoiled,1,1,3,Lemon_spoiled,279
data/raw/FRUIT-16K/S_Lemon/315.jpg,Lemon,spoiled,1,1,3,Lemon_spoiled,279
data/raw/FRUIT-16K/S_Lemon/316.jpg,Lemon,spoiled,1,1,3,Lemon_spoiled,279
data/raw/FRUIT-16K/S_Lemon/317.jpg,Lemon,spoiled,1,1,3,Lemon_spoiled,279
data/raw/FRUIT-16K/S_Lemon/318.jpg,Lemon,spoiled,1,1,3,Lemon_spoiled,279
data/raw/FRUIT-16K/S_Lemon/319.jpg,Lemon,spoiled,1,1,3,Lemon_spoiled,279
data/raw/FRUIT-16K/S_Lemon/320.jpg,Lemon,spoiled,1,1,3,Lemon_spoiled,279
data/raw/FRUIT-16K/S_Lemon/321.jpg,Lemon,spoiled,1,1,3,Lemon_spoiled,279
data/raw/FRUIT-16K/S_Lemon/322.jpg,Lemon,spoiled,1,1,3,Lemon_spoiled,279
data/raw/FRUIT-16K/S_Lemon/323.jpg,Lemon,spoiled,1,1,3,Lemon_spoiled,279
data/raw/FRUIT-16K/S_Lemon/324.jpg,Lemon,spoiled,1,1,3,Lemon_spoiled,279
data/raw/FRUIT-16K/S_Lemon/325.jpg,Lemon,spoiled,1,1,3,Lemon_spoiled,279
data/raw/FRUIT-16K/S_Lemon/401.jpg,Lemon,spoiled,1,1,3,Lemon_spoiled,283
data/raw/FRUIT-16K/S_Lemon/402.jpg,Lemon,spoiled,1,1,3,Lemon_spoiled,283
data/raw/FRUIT-16K/S_Lemon/403.jpg,Lemon,spoiled,1,1,3,Lemon_spoiled,283
data/raw/FRUIT-16K/S_Lemon/404.jpg,Lemon,spoiled,1,1,3,Lemon_spoiled,283
data/raw/FRUIT-16K/S_Lemon/405.jpg,Lemon,spoiled,1,1,3,Lemon_spoiled,283
data/raw/FRUIT-16K/S_Lemon/406.jpg,Lemon,spoiled,1,1,3,Lemon_spoiled,283
data/raw/FRUIT-16K/S_Lemon/407.jpg,Lemon,spoiled,1,1,3,Lemon_spoiled,283
data/raw/FRUIT-16K/S_Lemon/408.jpg,Lemon,spoiled,1,1,3,Lemon_spoiled,283
data/raw/FRUIT-16K/S_Lemon/409.jpg,Lemon,spoiled,1,1,3,Lemon_spoiled,283
data/raw/FRUIT-16K/S_Lemon/410.jpg,Lemon,spoiled,1,1,3,Lemon_spoiled,283
data/raw/FRUIT-16K/S_Lemon/411.jpg,Lemon,spoiled,1,1,3,Lemon_spoiled,283
data/raw/FRUIT-16K/S_Lemon/412.jpg,Lemon,spoiled,1,1,3,Lemon_spoiled,283
data/raw/FRUIT-16K/S_Lemon/413.jpg,Lemon,spoiled,1,1,3,Lemon_spoiled,283
data/raw/FRUIT-16K/S_Lemon/414.jpg,Lemon,spoiled,1,1,3,Lemon_spoiled,283
data/raw/FRUIT-16K/S_Lemon/415.jpg,Lemon,spoiled,1,1,3,Lemon_spoiled,283
data/raw/FRUIT-16K/S_Lemon/416.jpg,Lemon,spoiled,1,1,3,Lemon_spoiled,283
data/raw/FRUIT-16K/S_Lemon/417.jpg,Lemon,spoiled,1,1,3,Lemon_spoiled,283
data/raw/FRUIT-16K/S_Lemon/418.jpg,Lemon,spoiled,1,1,3,Lemon_spoiled,283
data/raw/FRUIT-16K/S_Lemon/419.jpg,Lemon,spoiled,1,1,3,Lemon_spoiled,283
data/raw/FRUIT-16K/S_Lemon/420.jpg,Lemon,spoiled,1,1,3,Lemon_spoiled,283
data/raw/FRUIT-16K/S_Lemon/421.jpg,Lemon,spoiled,1,1,3,Lemon_spoiled,283
data/raw/FRUIT-16K/S_Lemon/422.jpg,Lemon,spoiled,1,1,3,Lemon_spoiled,283
data/raw/FRUIT-16K/S_Lemon/423.jpg,Lemon,spoiled,1,1,3,Lemon_spoiled,283
data/raw/FRUIT-16K/S_Lemon/424.jpg,Lemon,spoiled,1,1,3,Lemon_spoiled,283
data/raw/FRUIT-16K/S_Lemon/425.jpg,Lemon,spoiled,1,1,3,Lemon_spoiled,283
data/raw/FRUIT-16K/S_Lemon/426.jpg,Lemon,spoiled,1,1,3,Lemon_spoiled,283
data/raw/FRUIT-16K/S_Lemon/427.jpg,Lemon,spoiled,1,1,3,Lemon_spoiled,283
data/raw/FRUIT-16K/S_Lemon/428.jpg,Lemon,spoiled,1,1,3,Lemon_spoiled,283
data/raw/FRUIT-16K/S_Lemon/429.jpg,Lemon,spoiled,1,1,3,Lemon_spoiled,283
data/raw/FRUIT-16K/S_Lemon/430.jpg,Lemon,spoiled,1,1,3,Lemon_spoiled,283
data/raw/FRUIT-16K/S_Lemon/431.jpg,Lemon,spoiled,1,1,3,Lemon_spoiled,283
data/raw/FRUIT-16K/S_Lemon/432.jpg,Lemon,spoiled,1,1,3,Lemon_spoiled,283
data/raw/FRUIT-16K/S_Lemon/433.jpg,Lemon,spoiled,1,1,3,Lemon_spoiled,283
data/raw/FRUIT-16K/S_Lemon/434.jpg,Lemon,spoiled,1,1,3,Lemon_spoiled,283
data/raw/FRUIT-16K/S_Lemon/435.jpg,Lemon,spoiled,1,1,3,Lemon_spoiled,283
data/raw/FRUIT-16K/S_Lemon/436.jpg,Lemon,spoiled,1,1,3,Lemon_spoiled,283
data/raw/FRUIT-16K/S_Lemon/437.jpg,Lemon,spoiled,1,1,3,Lemon_spoiled,283
data/raw/FRUIT-16K/S_Lemon/438.jpg,Lemon,spoiled,1,1,3,Lemon_spoiled,283
data/raw/FRUIT-16K/S_Lemon/439.jpg,Lemon,spoiled,1,1,3,Lemon_spoiled,283
data/raw/FRUIT-16K/S_Lemon/440.jpg,Lemon,spoiled,1,1,3,Lemon_spoiled,283
data/raw/FRUIT-16K/S_Lemon/441.jpg,Lemon,spoiled,1,1,3,Lemon_spoiled,283
data/raw/FRUIT-16K/S_Lemon/442.jpg,Lemon,spoiled,1,1,3,Lemon_spoiled,283
data/raw/FRUIT-16K/S_Lemon/443.jpg,Lemon,spoiled,1,1,3,Lemon_spoiled,283
data/raw/FRUIT-16K/S_Lemon/444.jpg,Lemon,spoiled,1,1,3,Lemon_spoiled,283
data/raw/FRUIT-16K/S_Lemon/445.jpg,Lemon,spoiled,1,1,3,Lemon_spoiled,283
data/raw/FRUIT-16K/S_Lemon/446.jpg,Lemon,spoiled,1,1,3,Lemon_spoiled,283
data/raw/FRUIT-16K/S_Lemon/447.jpg,Lemon,spoiled,1,1,3,Lemon_spoiled,283
data/raw/FRUIT-16K/S_Lemon/448.jpg,Lemon,spoiled,1,1,3,Lemon_spoiled,283
data/raw/FRUIT-16K/S_Lemon/449.jpg,Lemon,spoiled,1,1,3,Lemon_spoiled,283
data/raw/FRUIT-16K/S_Lemon/450.jpg,Lemon,spoiled,1,1,3,Lemon_spoiled,283
data/raw/FRUIT-16K/S_Lemon/501.jpg,Lemon,spoiled,1,1,3,Lemon_spoiled,286
data/raw/FRUIT-16K/S_Lemon/502.jpg,Lemon,spoiled,1,1,3,Lemon_spoiled,286
data/raw/FRUIT-16K/S_Lemon/503.jpg,Lemon,spoiled,1,1,3,Lemon_spoiled,286
data/raw/FRUIT-16K/S_Lemon/504.jpg,Lemon,spoiled,1,1,3,Lemon_spoiled,286
data/raw/FRUIT-16K/S_Lemon/505.jpg,Lemon,spoiled,1,1,3,Lemon_spoiled,286
data/raw/FRUIT-16K/S_Lemon/506.jpg,Lemon,spoiled,1,1,3,Lemon_spoiled,286
data/raw/FRUIT-16K/S_Lemon/507.jpg,Lemon,spoiled,1,1,3,Lemon_spoiled,286
data/raw/FRUIT-16K/S_Lemon/508.jpg,Lemon,spoiled,1,1,3,Lemon_spoiled,286
data/raw/FRUIT-16K/S_Lemon/509.jpg,Lemon,spoiled,1,1,3,Lemon_spoiled,286
data/raw/FRUIT-16K/S_Lemon/510.jpg,Lemon,spoiled,1,1,3,Lemon_spoiled,286
data/raw/FRUIT-16K/S_Lemon/511.jpg,Lemon,spoiled,1,1,3,Lemon_spoiled,286
data/raw/FRUIT-16K/S_Lemon/512.jpg,Lemon,spoiled,1,1,3,Lemon_spoiled,286
data/raw/FRUIT-16K/S_Lemon/513.jpg,Lemon,spoiled,1,1,3,Lemon_spoiled,286
data/raw/FRUIT-16K/S_Lemon/514.jpg,Lemon,spoiled,1,1,3,Lemon_spoiled,286
data/raw/FRUIT-16K/S_Lemon/515.jpg,Lemon,spoiled,1,1,3,Lemon_spoiled,286
data/raw/FRUIT-16K/S_Lemon/516.jpg,Lemon,spoiled,1,1,3,Lemon_spoiled,286
data/raw/FRUIT-16K/S_Lemon/517.jpg,Lemon,spoiled,1,1,3,Lemon_spoiled,286
data/raw/FRUIT-16K/S_Lemon/518.jpg,Lemon,spoiled,1,1,3,Lemon_spoiled,286
data/raw/FRUIT-16K/S_Lemon/519.jpg,Lemon,spoiled,1,1,3,Lemon_spoiled,286
data/raw/FRUIT-16K/S_Lemon/520.jpg,Lemon,spoiled,1,1,3,Lemon_spoiled,286
data/raw/FRUIT-16K/S_Lemon/521.jpg,Lemon,spoiled,1,1,3,Lemon_spoiled,286
data/raw/FRUIT-16K/S_Lemon/522.jpg,Lemon,spoiled,1,1,3,Lemon_spoiled,286
data/raw/FRUIT-16K/S_Lemon/523.jpg,Lemon,spoiled,1,1,3,Lemon_spoiled,286
data/raw/FRUIT-16K/S_Lemon/524.jpg,Lemon,spoiled,1,1,3,Lemon_spoiled,286
data/raw/FRUIT-16K/S_Lemon/525.jpg,Lemon,spoiled,1,1,3,Lemon_spoiled,286
data/raw/FRUIT-16K/S_Lemon/526.jpg,Lemon,spoiled,1,1,3,Lemon_spoiled,287
data/raw/FRUIT-16K/S_Lemon/527.jpg,Lemon,spoiled,1,1,3,Lemon_spoiled,287
data/raw/FRUIT-16K/S_Lemon/528.jpg,Lemon,spoiled,1,1,3,Lemon_spoiled,287
data/raw/FRUIT-16K/S_Lemon/529.jpg,Lemon,spoiled,1,1,3,Lemon_spoiled,287
data/raw/FRUIT-16K/S_Lemon/530.jpg,Lemon,spoiled,1,1,3,Lemon_spoiled,287
data/raw/FRUIT-16K/S_Lemon/531.jpg,Lemon,spoiled,1,1,3,Lemon_spoiled,287
data/raw/FRUIT-16K/S_Lemon/532.jpg,Lemon,spoiled,1,1,3,Lemon_spoiled,287
data/raw/FRUIT-16K/S_Lemon/533.jpg,Lemon,spoiled,1,1,3,Lemon_spoiled,287
data/raw/FRUIT-16K/S_Lemon/534.jpg,Lemon,spoiled,1,1,3,Lemon_spoiled,287
data/raw/FRUIT-16K/S_Lemon/535.jpg,Lemon,spoiled,1,1,3,Lemon_spoiled,287
data/raw/FRUIT-16K/S_Lemon/536.jpg,Lemon,spoiled,1,1,3,Lemon_spoiled,287
data/raw/FRUIT-16K/S_Lemon/537.jpg,Lemon,spoiled,1,1,3,Lemon_spoiled,287
data/raw/FRUIT-16K/S_Lemon/538.jpg,Lemon,spoiled,1,1,3,Lemon_spoiled,287
data/raw/FRUIT-16K/S_Lemon/539.jpg,Lemon,spoiled,1,1,3,Lemon_spoiled,287
data/raw/FRUIT-16K/S_Lemon/540.jpg,Lemon,spoiled,1,1,3,Lemon_spoiled,287
data/raw/FRUIT-16K/S_Lemon/541.jpg,Lemon,spoiled,1,1,3,Lemon_spoiled,287
data/raw/FRUIT-16K/S_Lemon/542.jpg,Lemon,spoiled,1,1,3,Lemon_spoiled,287
data/raw/FRUIT-16K/S_Lemon/543.jpg,Lemon,spoiled,1,1,3,Lemon_spoiled,287
data/raw/FRUIT-16K/S_Lemon/544.jpg,Lemon,spoiled,1,1,3,Lemon_spoiled,287
data/raw/FRUIT-16K/S_Lemon/545.jpg,Lemon,spoiled,1,1,3,Lemon_spoiled,287
data/raw/FRUIT-16K/S_Lemon/546.jpg,Lemon,spoiled,1,1,3,Lemon_spoiled,287
data/raw/FRUIT-16K/S_Lemon/547.jpg,Lemon,spoiled,1,1,3,Lemon_spoiled,287
data/raw/FRUIT-16K/S_Lemon/548.jpg,Lemon,spoiled,1,1,3,Lemon_spoiled,287
data/raw/FRUIT-16K/S_Lemon/549.jpg,Lemon,spoiled,1,1,3,Lemon_spoiled,287
data/raw/FRUIT-16K/S_Lemon/550.jpg,Lemon,spoiled,1,1,3,Lemon_spoiled,287
data/raw/FRUIT-16K/S_Lemon/626.jpg,Lemon,spoiled,1,1,3,Lemon_spoiled,291
data/raw/FRUIT-16K/S_Lemon/627.jpg,Lemon,spoiled,1,1,3,Lemon_spoiled,291
data/raw/FRUIT-16K/S_Lemon/628.jpg,Lemon,spoiled,1,1,3,Lemon_spoiled,291
data/raw/FRUIT-16K/S_Lemon/629.jpg,Lemon,spoiled,1,1,3,Lemon_spoiled,291
data/raw/FRUIT-16K/S_Lemon/630.jpg,Lemon,spoiled,1,1,3,Lemon_spoiled,291
data/raw/FRUIT-16K/S_Lemon/631.jpg,Lemon,spoiled,1,1,3,Lemon_spoiled,291
data/raw/FRUIT-16K/S_Lemon/632.jpg,Lemon,spoiled,1,1,3,Lemon_spoiled,291
data/raw/FRUIT-16K/S_Lemon/633.jpg,Lemon,spoiled,1,1,3,Lemon_spoiled,291
data/raw/FRUIT-16K/S_Lemon/634.jpg,Lemon,spoiled,1,1,3,Lemon_spoiled,291
data/raw/FRUIT-16K/S_Lemon/635.jpg,Lemon,spoiled,1,1,3,Lemon_spoiled,291
data/raw/FRUIT-16K/S_Lemon/636.jpg,Lemon,spoiled,1,1,3,Lemon_spoiled,291
data/raw/FRUIT-16K/S_Lemon/637.jpg,Lemon,spoiled,1,1,3,Lemon_spoiled,291
data/raw/FRUIT-16K/S_Lemon/638.jpg,Lemon,spoiled,1,1,3,Lemon_spoiled,291
data/raw/FRUIT-16K/S_Lemon/639.jpg,Lemon,spoiled,1,1,3,Lemon_spoiled,291
data/raw/FRUIT-16K/S_Lemon/640.jpg,Lemon,spoiled,1,1,3,Lemon_spoiled,291
data/raw/FRUIT-16K/S_Lemon/641.jpg,Lemon,spoiled,1,1,3,Lemon_spoiled,291
data/raw/FRUIT-16K/S_Lemon/642.jpg,Lemon,spoiled,1,1,3,Lemon_spoiled,291
data/raw/FRUIT-16K/S_Lemon/643.jpg,Lemon,spoiled,1,1,3,Lemon_spoiled,291
data/raw/FRUIT-16K/S_Lemon/644.jpg,Lemon,spoiled,1,1,3,Lemon_spoiled,291
data/raw/FRUIT-16K/S_Lemon/645.jpg,Lemon,spoiled,1,1,3,Lemon_spoiled,291
data/raw/FRUIT-16K/S_Lemon/646.jpg,Lemon,spoiled,1,1,3,Lemon_spoiled,291
data/raw/FRUIT-16K/S_Lemon/647.jpg,Lemon,spoiled,1,1,3,Lemon_spoiled,291
data/raw/FRUIT-16K/S_Lemon/648.jpg,Lemon,spoiled,1,1,3,Lemon_spoiled,291
data/raw/FRUIT-16K/S_Lemon/649.jpg,Lemon,spoiled,1,1,3,Lemon_spoiled,291
data/raw/FRUIT-16K/S_Lemon/650.jpg,Lemon,spoiled,1,1,3,Lemon_spoiled,291
data/raw/FRUIT-16K/S_Lemon/651.jpg,Lemon,spoiled,1,1,3,Lemon_spoiled,292
data/raw/FRUIT-16K/S_Lemon/652.jpg,Lemon,spoiled,1,1,3,Lemon_spoiled,292
data/raw/FRUIT-16K/S_Lemon/653.jpg,Lemon,spoiled,1,1,3,Lemon_spoiled,292
data/raw/FRUIT-16K/S_Lemon/654.jpg,Lemon,spoiled,1,1,3,Lemon_spoiled,292
data/raw/FRUIT-16K/S_Lemon/655.jpg,Lemon,spoiled,1,1,3,Lemon_spoiled,292
data/raw/FRUIT-16K/S_Lemon/656.jpg,Lemon,spoiled,1,1,3,Lemon_spoiled,292
data/raw/FRUIT-16K/S_Lemon/657.jpg,Lemon,spoiled,1,1,3,Lemon_spoiled,292
data/raw/FRUIT-16K/S_Lemon/658.jpg,Lemon,spoiled,1,1,3,Lemon_spoiled,292
data/raw/FRUIT-16K/S_Lemon/659.jpg,Lemon,spoiled,1,1,3,Lemon_spoiled,292
data/raw/FRUIT-16K/S_Lemon/660.jpg,Lemon,spoiled,1,1,3,Lemon_spoiled,292
data/raw/FRUIT-16K/S_Lemon/661.jpg,Lemon,spoiled,1,1,3,Lemon_spoiled,292
data/raw/FRUIT-16K/S_Lemon/662.jpg,Lemon,spoiled,1,1,3,Lemon_spoiled,292
data/raw/FRUIT-16K/S_Lemon/663.jpg,Lemon,spoiled,1,1,3,Lemon_spoiled,292
data/raw/FRUIT-16K/S_Lemon/664.jpg,Lemon,spoiled,1,1,3,Lemon_spoiled,292
data/raw/FRUIT-16K/S_Lemon/665.jpg,Lemon,spoiled,1,1,3,Lemon_spoiled,292
data/raw/FRUIT-16K/S_Lemon/666.jpg,Lemon,spoiled,1,1,3,Lemon_spoiled,292
data/raw/FRUIT-16K/S_Lemon/667.jpg,Lemon,spoiled,1,1,3,Lemon_spoiled,292
data/raw/FRUIT-16K/S_Lemon/668.jpg,Lemon,spoiled,1,1,3,Lemon_spoiled,292
data/raw/FRUIT-16K/S_Lemon/669.jpg,Lemon,spoiled,1,1,3,Lemon_spoiled,292
data/raw/FRUIT-16K/S_Lemon/670.jpg,Lemon,spoiled,1,1,3,Lemon_spoiled,292
data/raw/FRUIT-16K/S_Lemon/671.jpg,Lemon,spoiled,1,1,3,Lemon_spoiled,292
data/raw/FRUIT-16K/S_Lemon/672.jpg,Lemon,spoiled,1,1,3,Lemon_spoiled,292
data/raw/FRUIT-16K/S_Lemon/673.jpg,Lemon,spoiled,1,1,3,Lemon_spoiled,292
data/raw/FRUIT-16K/S_Lemon/674.jpg,Lemon,spoiled,1,1,3,Lemon_spoiled,292
data/raw/FRUIT-16K/S_Lemon/675.jpg,Lemon,spoiled,1,1,3,Lemon_spoiled,292
data/raw/FRUIT-16K/S_Lemon/701.jpg,Lemon,spoiled,1,1,3,Lemon_spoiled,294
data/raw/FRUIT-16K/S_Lemon/702.jpg,Lemon,spoiled,1,1,3,Lemon_spoiled,294
data/raw/FRUIT-16K/S_Lemon/703.jpg,Lemon,spoiled,1,1,3,Lemon_spoiled,294
data/raw/FRUIT-16K/S_Lemon/704.jpg,Lemon,spoiled,1,1,3,Lemon_spoiled,294
data/raw/FRUIT-16K/S_Lemon/705.jpg,Lemon,spoiled,1,1,3,Lemon_spoiled,294
data/raw/FRUIT-16K/S_Lemon/706.jpg,Lemon,spoiled,1,1,3,Lemon_spoiled,294
data/raw/FRUIT-16K/S_Lemon/707.jpg,Lemon,spoiled,1,1,3,Lemon_spoiled,294
data/raw/FRUIT-16K/S_Lemon/708.jpg,Lemon,spoiled,1,1,3,Lemon_spoiled,294
data/raw/FRUIT-16K/S_Lemon/709.jpg,Lemon,spoiled,1,1,3,Lemon_spoiled,294
data/raw/FRUIT-16K/S_Lemon/710.jpg,Lemon,spoiled,1,1,3,Lemon_spoiled,294
data/raw/FRUIT-16K/S_Lemon/711.jpg,Lemon,spoiled,1,1,3,Lemon_spoiled,294
data/raw/FRUIT-16K/S_Lemon/712.jpg,Lemon,spoiled,1,1,3,Lemon_spoiled,294
data/raw/FRUIT-16K/S_Lemon/713.jpg,Lemon,spoiled,1,1,3,Lemon_spoiled,294
data/raw/FRUIT-16K/S_Lemon/714.jpg,Lemon,spoiled,1,1,3,Lemon_spoiled,294
data/raw/FRUIT-16K/S_Lemon/715.jpg,Lemon,spoiled,1,1,3,Lemon_spoiled,294
data/raw/FRUIT-16K/S_Lemon/716.jpg,Lemon,spoiled,1,1,3,Lemon_spoiled,294
data/raw/FRUIT-16K/S_Lemon/717.jpg,Lemon,spoiled,1,1,3,Lemon_spoiled,294
data/raw/FRUIT-16K/S_Lemon/718.jpg,Lemon,spoiled,1,1,3,Lemon_spoiled,294
data/raw/FRUIT-16K/S_Lemon/719.jpg,Lemon,spoiled,1,1,3,Lemon_spoiled,294
data/raw/FRUIT-16K/S_Lemon/720.jpg,Lemon,spoiled,1,1,3,Lemon_spoiled,294
data/raw/FRUIT-16K/S_Lemon/721.jpg,Lemon,spoiled,1,1,3,Lemon_spoiled,294
data/raw/FRUIT-16K/S_Lemon/722.jpg,Lemon,spoiled,1,1,3,Lemon_spoiled,294
data/raw/FRUIT-16K/S_Lemon/723.jpg,Lemon,spoiled,1,1,3,Lemon_spoiled,294
data/raw/FRUIT-16K/S_Lemon/724.jpg,Lemon,spoiled,1,1,3,Lemon_spoiled,294
data/raw/FRUIT-16K/S_Lemon/725.jpg,Lemon,spoiled,1,1,3,Lemon_spoiled,294
data/raw/FRUIT-16K/S_Lemon/726.jpg,Lemon,spoiled,1,1,3,Lemon_spoiled,292
data/raw/FRUIT-16K/S_Lemon/727.jpg,Lemon,spoiled,1,1,3,Lemon_spoiled,292
data/raw/FRUIT-16K/S_Lemon/728.jpg,Lemon,spoiled,1,1,3,Lemon_spoiled,292
data/raw/FRUIT-16K/S_Lemon/729.jpg,Lemon,spoiled,1,1,3,Lemon_spoiled,292
data/raw/FRUIT-16K/S_Lemon/730.jpg,Lemon,spoiled,1,1,3,Lemon_spoiled,292
data/raw/FRUIT-16K/S_Lemon/731.jpg,Lemon,spoiled,1,1,3,Lemon_spoiled,292
data/raw/FRUIT-16K/S_Lemon/732.jpg,Lemon,spoiled,1,1,3,Lemon_spoiled,292
data/raw/FRUIT-16K/S_Lemon/733.jpg,Lemon,spoiled,1,1,3,Lemon_spoiled,292
data/raw/FRUIT-16K/S_Lemon/734.jpg,Lemon,spoiled,1,1,3,Lemon_spoiled,292
data/raw/FRUIT-16K/S_Lemon/735.jpg,Lemon,spoiled,1,1,3,Lemon_spoiled,292
data/raw/FRUIT-16K/S_Lemon/736.jpg,Lemon,spoiled,1,1,3,Lemon_spoiled,292
data/raw/FRUIT-16K/S_Lemon/737.jpg,Lemon,spoiled,1,1,3,Lemon_spoiled,292
data/raw/FRUIT-16K/S_Lemon/738.jpg,Lemon,spoiled,1,1,3,Lemon_spoiled,292
data/raw/FRUIT-16K/S_Lemon/739.jpg,Lemon,spoiled,1,1,3,Lemon_spoiled,292
data/raw/FRUIT-16K/S_Lemon/740.jpg,Lemon,spoiled,1,1,3,Lemon_spoiled,292
data/raw/FRUIT-16K/S_Lemon/741.jpg,Lemon,spoiled,1,1,3,Lemon_spoiled,292
data/raw/FRUIT-16K/S_Lemon/742.jpg,Lemon,spoiled,1,1,3,Lemon_spoiled,292
data/raw/FRUIT-16K/S_Lemon/743.jpg,Lemon,spoiled,1,1,3,Lemon_spoiled,292
data/raw/FRUIT-16K/S_Lemon/744.jpg,Lemon,spoiled,1,1,3,Lemon_spoiled,292
data/raw/FRUIT-16K/S_Lemon/745.jpg,Lemon,spoiled,1,1,3,Lemon_spoiled,292
data/raw/FRUIT-16K/S_Lemon/746.jpg,Lemon,spoiled,1,1,3,Lemon_spoiled,292
data/raw/FRUIT-16K/S_Lemon/747.jpg,Lemon,spoiled,1,1,3,Lemon_spoiled,292
data/raw/FRUIT-16K/S_Lemon/748.jpg,Lemon,spoiled,1,1,3,Lemon_spoiled,292
data/raw/FRUIT-16K/S_Lemon/749.jpg,Lemon,spoiled,1,1,3,Lemon_spoiled,292
data/raw/FRUIT-16K/S_Lemon/750.jpg,Lemon,spoiled,1,1,3,Lemon_spoiled,292
data/raw/FRUIT-16K/S_Lemon/751.jpg,Lemon,spoiled,1,1,3,Lemon_spoiled,295
data/raw/FRUIT-16K/S_Lemon/752.jpg,Lemon,spoiled,1,1,3,Lemon_spoiled,295
data/raw/FRUIT-16K/S_Lemon/753.jpg,Lemon,spoiled,1,1,3,Lemon_spoiled,295
data/raw/FRUIT-16K/S_Lemon/754.jpg,Lemon,spoiled,1,1,3,Lemon_spoiled,295
data/raw/FRUIT-16K/S_Lemon/755.jpg,Lemon,spoiled,1,1,3,Lemon_spoiled,295
data/raw/FRUIT-16K/S_Lemon/756.jpg,Lemon,spoiled,1,1,3,Lemon_spoiled,295
data/raw/FRUIT-16K/S_Lemon/757.jpg,Lemon,spoiled,1,1,3,Lemon_spoiled,295
data/raw/FRUIT-16K/S_Lemon/758.jpg,Lemon,spoiled,1,1,3,Lemon_spoiled,295
data/raw/FRUIT-16K/S_Lemon/759.jpg,Lemon,spoiled,1,1,3,Lemon_spoiled,295
data/raw/FRUIT-16K/S_Lemon/760.jpg,Lemon,spoiled,1,1,3,Lemon_spoiled,295
data/raw/FRUIT-16K/S_Lemon/761.jpg,Lemon,spoiled,1,1,3,Lemon_spoiled,295
data/raw/FRUIT-16K/S_Lemon/762.jpg,Lemon,spoiled,1,1,3,Lemon_spoiled,295
data/raw/FRUIT-16K/S_Lemon/763.jpg,Lemon,spoiled,1,1,3,Lemon_spoiled,295
data/raw/FRUIT-16K/S_Lemon/764.jpg,Lemon,spoiled,1,1,3,Lemon_spoiled,295
data/raw/FRUIT-16K/S_Lemon/765.jpg,Lemon,spoiled,1,1,3,Lemon_spoiled,295
data/raw/FRUIT-16K/S_Lemon/766.jpg,Lemon,spoiled,1,1,3,Lemon_spoiled,295
data/raw/FRUIT-16K/S_Lemon/767.jpg,Lemon,spoiled,1,1,3,Lemon_spoiled,295
data/raw/FRUIT-16K/S_Lemon/768.jpg,Lemon,spoiled,1,1,3,Lemon_spoiled,295
data/raw/FRUIT-16K/S_Lemon/769.jpg,Lemon,spoiled,1,1,3,Lemon_spoiled,295
data/raw/FRUIT-16K/S_Lemon/770.jpg,Lemon,spoiled,1,1,3,Lemon_spoiled,295
data/raw/FRUIT-16K/S_Lemon/771.jpg,Lemon,spoiled,1,1,3,Lemon_spoiled,295
data/raw/FRUIT-16K/S_Lemon/772.jpg,Lemon,spoiled,1,1,3,Lemon_spoiled,295
data/raw/FRUIT-16K/S_Lemon/773.jpg,Lemon,spoiled,1,1,3,Lemon_spoiled,295
data/raw/FRUIT-16K/S_Lemon/774.jpg,Lemon,spoiled,1,1,3,Lemon_spoiled,295
data/raw/FRUIT-16K/S_Lemon/775.jpg,Lemon,spoiled,1,1,3,Lemon_spoiled,295
data/raw/FRUIT-16K/S_Lemon/776.jpg,Lemon,spoiled,1,1,3,Lemon_spoiled,295
data/raw/FRUIT-16K/S_Lemon/777.jpg,Lemon,spoiled,1,1,3,Lemon_spoiled,295
data/raw/FRUIT-16K/S_Lemon/778.jpg,Lemon,spoiled,1,1,3,Lemon_spoiled,295
data/raw/FRUIT-16K/S_Lemon/779.jpg,Lemon,spoiled,1,1,3,Lemon_spoiled,295
data/raw/FRUIT-16K/S_Lemon/780.jpg,Lemon,spoiled,1,1,3,Lemon_spoiled,295
data/raw/FRUIT-16K/S_Lemon/781.jpg,Lemon,spoiled,1,1,3,Lemon_spoiled,295
data/raw/FRUIT-16K/S_Lemon/782.jpg,Lemon,spoiled,1,1,3,Lemon_spoiled,295
data/raw/FRUIT-16K/S_Lemon/783.jpg,Lemon,spoiled,1,1,3,Lemon_spoiled,295
data/raw/FRUIT-16K/S_Lemon/784.jpg,Lemon,spoiled,1,1,3,Lemon_spoiled,295
data/raw/FRUIT-16K/S_Lemon/785.jpg,Lemon,spoiled,1,1,3,Lemon_spoiled,295
data/raw/FRUIT-16K/S_Lemon/786.jpg,Lemon,spoiled,1,1,3,Lemon_spoiled,295
data/raw/FRUIT-16K/S_Lemon/787.jpg,Lemon,spoiled,1,1,3,Lemon_spoiled,295
data/raw/FRUIT-16K/S_Lemon/788.jpg,Lemon,spoiled,1,1,3,Lemon_spoiled,295
data/raw/FRUIT-16K/S_Lemon/789.jpg,Lemon,spoiled,1,1,3,Lemon_spoiled,295
data/raw/FRUIT-16K/S_Lemon/790.jpg,Lemon,spoiled,1,1,3,Lemon_spoiled,295
data/raw/FRUIT-16K/S_Lemon/791.jpg,Lemon,spoiled,1,1,3,Lemon_spoiled,295
data/raw/FRUIT-16K/S_Lemon/792.jpg,Lemon,spoiled,1,1,3,Lemon_spoiled,295
data/raw/FRUIT-16K/S_Lemon/793.jpg,Lemon,spoiled,1,1,3,Lemon_spoiled,295
data/raw/FRUIT-16K/S_Lemon/794.jpg,Lemon,spoiled,1,1,3,Lemon_spoiled,295
data/raw/FRUIT-16K/S_Lemon/795.jpg,Lemon,spoiled,1,1,3,Lemon_spoiled,295
data/raw/FRUIT-16K/S_Lemon/796.jpg,Lemon,spoiled,1,1,3,Lemon_spoiled,295
data/raw/FRUIT-16K/S_Lemon/797.jpg,Lemon,spoiled,1,1,3,Lemon_spoiled,295
data/raw/FRUIT-16K/S_Lemon/798.jpg,Lemon,spoiled,1,1,3,Lemon_spoiled,295
data/raw/FRUIT-16K/S_Lemon/799.jpg,Lemon,spoiled,1,1,3,Lemon_spoiled,295
data/raw/FRUIT-16K/S_Lemon/800.jpg,Lemon,spoiled,1,1,3,Lemon_spoiled,295
data/raw/FRUIT-16K/S_Lemon/826.jpg,Lemon,spoiled,1,1,3,Lemon_spoiled,297
data/raw/FRUIT-16K/S_Lemon/827.jpg,Lemon,spoiled,1,1,3,Lemon_spoiled,297
data/raw/FRUIT-16K/S_Lemon/828.jpg,Lemon,spoiled,1,1,3,Lemon_spoiled,297
data/raw/FRUIT-16K/S_Lemon/829.jpg,Lemon,spoiled,1,1,3,Lemon_spoiled,297
data/raw/FRUIT-16K/S_Lemon/830.jpg,Lemon,spoiled,1,1,3,Lemon_spoiled,297
data/raw/FRUIT-16K/S_Lemon/831.jpg,Lemon,spoiled,1,1,3,Lemon_spoiled,297
data/raw/FRUIT-16K/S_Lemon/832.jpg,Lemon,spoiled,1,1,3,Lemon_spoiled,297
data/raw/FRUIT-16K/S_Lemon/833.jpg,Lemon,spoiled,1,1,3,Lemon_spoiled,297
data/raw/FRUIT-16K/S_Lemon/834.jpg,Lemon,spoiled,1,1,3,Lemon_spoiled,297
data/raw/FRUIT-16K/S_Lemon/835.jpg,Lemon,spoiled,1,1,3,Lemon_spoiled,297
data/raw/FRUIT-16K/S_Lemon/836.jpg,Lemon,spoiled,1,1,3,Lemon_spoiled,297
data/raw/FRUIT-16K/S_Lemon/837.jpg,Lemon,spoiled,1,1,3,Lemon_spoiled,297
data/raw/FRUIT-16K/S_Lemon/838.jpg,Lemon,spoiled,1,1,3,Lemon_spoiled,297
data/raw/FRUIT-16K/S_Lemon/839.jpg,Lemon,spoiled,1,1,3,Lemon_spoiled,297
data/raw/FRUIT-16K/S_Lemon/840.jpg,Lemon,spoiled,1,1,3,Lemon_spoiled,297
data/raw/FRUIT-16K/S_Lemon/841.jpg,Lemon,spoiled,1,1,3,Lemon_spoiled,297
data/raw/FRUIT-16K/S_Lemon/842.jpg,Lemon,spoiled,1,1,3,Lemon_spoiled,297
data/raw/FRUIT-16K/S_Lemon/843.jpg,Lemon,spoiled,1,1,3,Lemon_spoiled,297
data/raw/FRUIT-16K/S_Lemon/844.jpg,Lemon,spoiled,1,1,3,Lemon_spoiled,297
data/raw/FRUIT-16K/S_Lemon/845.jpg,Lemon,spoiled,1,1,3,Lemon_spoiled,297
data/raw/FRUIT-16K/S_Lemon/846.jpg,Lemon,spoiled,1,1,3,Lemon_spoiled,297
data/raw/FRUIT-16K/S_Lemon/847.jpg,Lemon,spoiled,1,1,3,Lemon_spoiled,297
data/raw/FRUIT-16K/S_Lemon/848.jpg,Lemon,spoiled,1,1,3,Lemon_spoiled,297
data/raw/FRUIT-16K/S_Lemon/849.jpg,Lemon,spoiled,1,1,3,Lemon_spoiled,297
data/raw/FRUIT-16K/S_Lemon/850.jpg,Lemon,spoiled,1,1,3,Lemon_spoiled,297
data/raw/FRUIT-16K/S_Lemon/851.jpg,Lemon,spoiled,1,1,3,Lemon_spoiled,297
data/raw/FRUIT-16K/S_Lemon/852.jpg,Lemon,spoiled,1,1,3,Lemon_spoiled,297
data/raw/FRUIT-16K/S_Lemon/853.jpg,Lemon,spoiled,1,1,3,Lemon_spoiled,297
data/raw/FRUIT-16K/S_Lemon/854.jpg,Lemon,spoiled,1,1,3,Lemon_spoiled,297
data/raw/FRUIT-16K/S_Lemon/855.jpg,Lemon,spoiled,1,1,3,Lemon_spoiled,297
data/raw/FRUIT-16K/S_Lemon/856.jpg,Lemon,spoiled,1,1,3,Lemon_spoiled,297
data/raw/FRUIT-16K/S_Lemon/857.jpg,Lemon,spoiled,1,1,3,Lemon_spoiled,297
data/raw/FRUIT-16K/S_Lemon/858.jpg,Lemon,spoiled,1,1,3,Lemon_spoiled,297
data/raw/FRUIT-16K/S_Lemon/859.jpg,Lemon,spoiled,1,1,3,Lemon_spoiled,297
data/raw/FRUIT-16K/S_Lemon/860.jpg,Lemon,spoiled,1,1,3,Lemon_spoiled,297
data/raw/FRUIT-16K/S_Lemon/861.jpg,Lemon,spoiled,1,1,3,Lemon_spoiled,297
data/raw/FRUIT-16K/S_Lemon/862.jpg,Lemon,spoiled,1,1,3,Lemon_spoiled,297
data/raw/FRUIT-16K/S_Lemon/863.jpg,Lemon,spoiled,1,1,3,Lemon_spoiled,297
data/raw/FRUIT-16K/S_Lemon/864.jpg,Lemon,spoiled,1,1,3,Lemon_spoiled,297
data/raw/FRUIT-16K/S_Lemon/865.jpg,Lemon,spoiled,1,1,3,Lemon_spoiled,297
data/raw/FRUIT-16K/S_Lemon/866.jpg,Lemon,spoiled,1,1,3,Lemon_spoiled,297
data/raw/FRUIT-16K/S_Lemon/867.jpg,Lemon,spoiled,1,1,3,Lemon_spoiled,297
data/raw/FRUIT-16K/S_Lemon/868.jpg,Lemon,spoiled,1,1,3,Lemon_spoiled,297
data/raw/FRUIT-16K/S_Lemon/869.jpg,Lemon,spoiled,1,1,3,Lemon_spoiled,297
data/raw/FRUIT-16K/S_Lemon/870.jpg,Lemon,spoiled,1,1,3,Lemon_spoiled,297
data/raw/FRUIT-16K/S_Lemon/871.jpg,Lemon,spoiled,1,1,3,Lemon_spoiled,297
data/raw/FRUIT-16K/S_Lemon/872.jpg,Lemon,spoiled,1,1,3,Lemon_spoiled,297
data/raw/FRUIT-16K/S_Lemon/873.jpg,Lemon,spoiled,1,1,3,Lemon_spoiled,297
data/raw/FRUIT-16K/S_Lemon/874.jpg,Lemon,spoiled,1,1,3,Lemon_spoiled,297
data/raw/FRUIT-16K/S_Lemon/875.jpg,Lemon,spoiled,1,1,3,Lemon_spoiled,297
data/raw/FRUIT-16K/S_Lemon/876.jpg,Lemon,spoiled,1,1,3,Lemon_spoiled,297
data/raw/FRUIT-16K/S_Lemon/877.jpg,Lemon,spoiled,1,1,3,Lemon_spoiled,297
data/raw/FRUIT-16K/S_Lemon/878.jpg,Lemon,spoiled,1,1,3,Lemon_spoiled,297
data/raw/FRUIT-16K/S_Lemon/879.jpg,Lemon,spoiled,1,1,3,Lemon_spoiled,297
data/raw/FRUIT-16K/S_Lemon/880.jpg,Lemon,spoiled,1,1,3,Lemon_spoiled,297
data/raw/FRUIT-16K/S_Lemon/881.jpg,Lemon,spoiled,1,1,3,Lemon_spoiled,297
data/raw/FRUIT-16K/S_Lemon/882.jpg,Lemon,spoiled,1,1,3,Lemon_spoiled,297
data/raw/FRUIT-16K/S_Lemon/883.jpg,Lemon,spoiled,1,1,3,Lemon_spoiled,297
data/raw/FRUIT-16K/S_Lemon/884.jpg,Lemon,spoiled,1,1,3,Lemon_spoiled,297
data/raw/FRUIT-16K/S_Lemon/885.jpg,Lemon,spoiled,1,1,3,Lemon_spoiled,297
data/raw/FRUIT-16K/S_Lemon/886.jpg,Lemon,spoiled,1,1,3,Lemon_spoiled,297
data/raw/FRUIT-16K/S_Lemon/887.jpg,Lemon,spoiled,1,1,3,Lemon_spoiled,297
data/raw/FRUIT-16K/S_Lemon/888.jpg,Lemon,spoiled,1,1,3,Lemon_spoiled,297
data/raw/FRUIT-16K/S_Lemon/889.jpg,Lemon,spoiled,1,1,3,Lemon_spoiled,297
data/raw/FRUIT-16K/S_Lemon/890.jpg,Lemon,spoiled,1,1,3,Lemon_spoiled,297
data/raw/FRUIT-16K/S_Lemon/891.jpg,Lemon,spoiled,1,1,3,Lemon_spoiled,297
data/raw/FRUIT-16K/S_Lemon/892.jpg,Lemon,spoiled,1,1,3,Lemon_spoiled,297
data/raw/FRUIT-16K/S_Lemon/893.jpg,Lemon,spoiled,1,1,3,Lemon_spoiled,297
data/raw/FRUIT-16K/S_Lemon/894.jpg,Lemon,spoiled,1,1,3,Lemon_spoiled,297
data/raw/FRUIT-16K/S_Lemon/895.jpg,Lemon,spoiled,1,1,3,Lemon_spoiled,297
data/raw/FRUIT-16K/S_Lemon/896.jpg,Lemon,spoiled,1,1,3,Lemon_spoiled,297
data/raw/FRUIT-16K/S_Lemon/897.jpg,Lemon,spoiled,1,1,3,Lemon_spoiled,297
data/raw/FRUIT-16K/S_Lemon/898.jpg,Lemon,spoiled,1,1,3,Lemon_spoiled,297
data/raw/FRUIT-16K/S_Lemon/899.jpg,Lemon,spoiled,1,1,3,Lemon_spoiled,297
data/raw/FRUIT-16K/S_Lemon/900.jpg,Lemon,spoiled,1,1,3,Lemon_spoiled,297
data/raw/FRUIT-16K/S_Lemon/901.jpg,Lemon,spoiled,1,1,3,Lemon_spoiled,297
data/raw/FRUIT-16K/S_Lemon/902.jpg,Lemon,spoiled,1,1,3,Lemon_spoiled,297
data/raw/FRUIT-16K/S_Lemon/903.jpg,Lemon,spoiled,1,1,3,Lemon_spoiled,297
data/raw/FRUIT-16K/S_Lemon/904.jpg,Lemon,spoiled,1,1,3,Lemon_spoiled,297
data/raw/FRUIT-16K/S_Lemon/905.jpg,Lemon,spoiled,1,1,3,Lemon_spoiled,297
data/raw/FRUIT-16K/S_Lemon/906.jpg,Lemon,spoiled,1,1,3,Lemon_spoiled,297
data/raw/FRUIT-16K/S_Lemon/907.jpg,Lemon,spoiled,1,1,3,Lemon_spoiled,297
data/raw/FRUIT-16K/S_Lemon/908.jpg,Lemon,spoiled,1,1,3,Lemon_spoiled,297
data/raw/FRUIT-16K/S_Lemon/909.jpg,Lemon,spoiled,1,1,3,Lemon_spoiled,297
data/raw/FRUIT-16K/S_Lemon/910.jpg,Lemon,spoiled,1,1,3,Lemon_spoiled,297
data/raw/FRUIT-16K/S_Lemon/911.jpg,Lemon,spoiled,1,1,3,Lemon_spoiled,297
data/raw/FRUIT-16K/S_Lemon/912.jpg,Lemon,spoiled,1,1,3,Lemon_spoiled,297
data/raw/FRUIT-16K/S_Lemon/913.jpg,Lemon,spoiled,1,1,3,Lemon_spoiled,297
data/raw/FRUIT-16K/S_Lemon/914.jpg,Lemon,spoiled,1,1,3,Lemon_spoiled,297
data/raw/FRUIT-16K/S_Lemon/915.jpg,Lemon,spoiled,1,1,3,Lemon_spoiled,297
data/raw/FRUIT-16K/S_Lemon/916.jpg,Lemon,spoiled,1,1,3,Lemon_spoiled,297
data/raw/FRUIT-16K/S_Lemon/917.jpg,Lemon,spoiled,1,1,3,Lemon_spoiled,297
data/raw/FRUIT-16K/S_Lemon/918.jpg,Lemon,spoiled,1,1,3,Lemon_spoiled,297
data/raw/FRUIT-16K/S_Lemon/919.jpg,Lemon,spoiled,1,1,3,Lemon_spoiled,297
data/raw/FRUIT-16K/S_Lemon/920.jpg,Lemon,spoiled,1,1,3,Lemon_spoiled,297
data/raw/FRUIT-16K/S_Lemon/921.jpg,Lemon,spoiled,1,1,3,Lemon_spoiled,297
data/raw/FRUIT-16K/S_Lemon/922.jpg,Lemon,spoiled,1,1,3,Lemon_spoiled,297
data/raw/FRUIT-16K/S_Lemon/923.jpg,Lemon,spoiled,1,1,3,Lemon_spoiled,297
data/raw/FRUIT-16K/S_Lemon/924.jpg,Lemon,spoiled,1,1,3,Lemon_spoiled,297
data/raw/FRUIT-16K/S_Lemon/925.jpg,Lemon,spoiled,1,1,3,Lemon_spoiled,297
data/raw/FRUIT-16K/S_Lemon/951.jpg,Lemon,spoiled,1,1,3,Lemon_spoiled,299
data/raw/FRUIT-16K/S_Lemon/952.jpg,Lemon,spoiled,1,1,3,Lemon_spoiled,299
data/raw/FRUIT-16K/S_Lemon/953.jpg,Lemon,spoiled,1,1,3,Lemon_spoiled,299
data/raw/FRUIT-16K/S_Lemon/954.jpg,Lemon,spoiled,1,1,3,Lemon_spoiled,299
data/raw/FRUIT-16K/S_Lemon/955.jpg,Lemon,spoiled,1,1,3,Lemon_spoiled,299
data/raw/FRUIT-16K/S_Lemon/956.jpg,Lemon,spoiled,1,1,3,Lemon_spoiled,299
data/raw/FRUIT-16K/S_Lemon/957.jpg,Lemon,spoiled,1,1,3,Lemon_spoiled,299
data/raw/FRUIT-16K/S_Lemon/958.jpg,Lemon,spoiled,1,1,3,Lemon_spoiled,299
data/raw/FRUIT-16K/S_Lemon/959.jpg,Lemon,spoiled,1,1,3,Lemon_spoiled,299
data/raw/FRUIT-16K/S_Lemon/960.jpg,Lemon,spoiled,1,1,3,Lemon_spoiled,299
data/raw/FRUIT-16K/S_Lemon/961.jpg,Lemon,spoiled,1,1,3,Lemon_spoiled,299
data/raw/FRUIT-16K/S_Lemon/962.jpg,Lemon,spoiled,1,1,3,Lemon_spoiled,299
data/raw/FRUIT-16K/S_Lemon/963.jpg,Lemon,spoiled,1,1,3,Lemon_spoiled,299
data/raw/FRUIT-16K/S_Lemon/964.jpg,Lemon,spoiled,1,1,3,Lemon_spoiled,299
data/raw/FRUIT-16K/S_Lemon/965.jpg,Lemon,spoiled,1,1,3,Lemon_spoiled,299
data/raw/FRUIT-16K/S_Lemon/966.jpg,Lemon,spoiled,1,1,3,Lemon_spoiled,299
data/raw/FRUIT-16K/S_Lemon/967.jpg,Lemon,spoiled,1,1,3,Lemon_spoiled,299
data/raw/FRUIT-16K/S_Lemon/968.jpg,Lemon,spoiled,1,1,3,Lemon_spoiled,299
data/raw/FRUIT-16K/S_Lemon/969.jpg,Lemon,spoiled,1,1,3,Lemon_spoiled,299
data/raw/FRUIT-16K/S_Lemon/970.jpg,Lemon,spoiled,1,1,3,Lemon_spoiled,299
data/raw/FRUIT-16K/S_Lemon/971.jpg,Lemon,spoiled,1,1,3,Lemon_spoiled,299
data/raw/FRUIT-16K/S_Lemon/972.jpg,Lemon,spoiled,1,1,3,Lemon_spoiled,299
data/raw/FRUIT-16K/S_Lemon/973.jpg,Lemon,spoiled,1,1,3,Lemon_spoiled,299
data/raw/FRUIT-16K/S_Lemon/974.jpg,Lemon,spoiled,1,1,3,Lemon_spoiled,299
data/raw/FRUIT-16K/S_Lemon/975.jpg,Lemon,spoiled,1,1,3,Lemon_spoiled,299
data/raw/FRUIT-16K/S_Lemon/976.jpg,Lemon,spoiled,1,1,3,Lemon_spoiled,299
data/raw/FRUIT-16K/S_Lemon/977.jpg,Lemon,spoiled,1,1,3,Lemon_spoiled,299
data/raw/FRUIT-16K/S_Lemon/978.jpg,Lemon,spoiled,1,1,3,Lemon_spoiled,299
data/raw/FRUIT-16K/S_Lemon/979.jpg,Lemon,spoiled,1,1,3,Lemon_spoiled,299
data/raw/FRUIT-16K/S_Lemon/980.jpg,Lemon,spoiled,1,1,3,Lemon_spoiled,299
data/raw/FRUIT-16K/S_Lemon/981.jpg,Lemon,spoiled,1,1,3,Lemon_spoiled,299
data/raw/FRUIT-16K/S_Lemon/982.jpg,Lemon,spoiled,1,1,3,Lemon_spoiled,299
data/raw/FRUIT-16K/S_Lemon/983.jpg,Lemon,spoiled,1,1,3,Lemon_spoiled,299
data/raw/FRUIT-16K/S_Lemon/984.jpg,Lemon,spoiled,1,1,3,Lemon_spoiled,299
data/raw/FRUIT-16K/S_Lemon/985.jpg,Lemon,spoiled,1,1,3,Lemon_spoiled,299
data/raw/FRUIT-16K/S_Lemon/986.jpg,Lemon,spoiled,1,1,3,Lemon_spoiled,299
data/raw/FRUIT-16K/S_Lemon/987.jpg,Lemon,spoiled,1,1,3,Lemon_spoiled,299
data/raw/FRUIT-16K/S_Lemon/988.jpg,Lemon,spoiled,1,1,3,Lemon_spoiled,299
data/raw/FRUIT-16K/S_Lemon/989.jpg,Lemon,spoiled,1,1,3,Lemon_spoiled,299
data/raw/FRUIT-16K/S_Lemon/990.jpg,Lemon,spoiled,1,1,3,Lemon_spoiled,299
data/raw/FRUIT-16K/S_Lemon/991.jpg,Lemon,spoiled,1,1,3,Lemon_spoiled,299
data/raw/FRUIT-16K/S_Lemon/992.jpg,Lemon,spoiled,1,1,3,Lemon_spoiled,299
data/raw/FRUIT-16K/S_Lemon/993.jpg,Lemon,spoiled,1,1,3,Lemon_spoiled,299
data/raw/FRUIT-16K/S_Lemon/994.jpg,Lemon,spoiled,1,1,3,Lemon_spoiled,299
data/raw/FRUIT-16K/S_Lemon/995.jpg,Lemon,spoiled,1,1,3,Lemon_spoiled,299
data/raw/FRUIT-16K/S_Lemon/996.jpg,Lemon,spoiled,1,1,3,Lemon_spoiled,299
data/raw/FRUIT-16K/S_Lemon/997.jpg,Lemon,spoiled,1,1,3,Lemon_spoiled,299
data/raw/FRUIT-16K/S_Lemon/998.jpg,Lemon,spoiled,1,1,3,Lemon_spoiled,299
data/raw/FRUIT-16K/S_Lemon/999.jpg,Lemon,spoiled,1,1,3,Lemon_spoiled,299
data/raw/FRUIT-16K/S_Lemon/1000.jpg,Lemon,spoiled,1,1,3,Lemon_spoiled,299
data/raw/FRUIT-16K/S_Lulo/51.jpg,Lulo,spoiled,2,1,5,Lulo_spoiled,302
data/raw/FRUIT-16K/S_Lulo/52.jpg,Lulo,spoiled,2,1,5,Lulo_spoiled,302
data/raw/FRUIT-16K/S_Lulo/53.jpg,Lulo,spoiled,2,1,5,Lulo_spoiled,302
data/raw/FRUIT-16K/S_Lulo/54.jpg,Lulo,spoiled,2,1,5,Lulo_spoiled,302
data/raw/FRUIT-16K/S_Lulo/55.jpg,Lulo,spoiled,2,1,5,Lulo_spoiled,302
data/raw/FRUIT-16K/S_Lulo/56.jpg,Lulo,spoiled,2,1,5,Lulo_spoiled,302
data/raw/FRUIT-16K/S_Lulo/57.jpg,Lulo,spoiled,2,1,5,Lulo_spoiled,302
data/raw/FRUIT-16K/S_Lulo/58.jpg,Lulo,spoiled,2,1,5,Lulo_spoiled,302
data/raw/FRUIT-16K/S_Lulo/59.jpg,Lulo,spoiled,2,1,5,Lulo_spoiled,302
data/raw/FRUIT-16K/S_Lulo/60.jpg,Lulo,spoiled,2,1,5,Lulo_spoiled,302
data/raw/FRUIT-16K/S_Lulo/61.jpg,Lulo,spoiled,2,1,5,Lulo_spoiled,302
data/raw/FRUIT-16K/S_Lulo/62.jpg,Lulo,spoiled,2,1,5,Lulo_spoiled,302
data/raw/FRUIT-16K/S_Lulo/63.jpg,Lulo,spoiled,2,1,5,Lulo_spoiled,302
data/raw/FRUIT-16K/S_Lulo/64.jpg,Lulo,spoiled,2,1,5,Lulo_spoiled,302
data/raw/FRUIT-16K/S_Lulo/65.jpg,Lulo,spoiled,2,1,5,Lulo_spoiled,302
data/raw/FRUIT-16K/S_Lulo/66.jpg,Lulo,spoiled,2,1,5,Lulo_spoiled,302
data/raw/FRUIT-16K/S_Lulo/67.jpg,Lulo,spoiled,2,1,5,Lulo_spoiled,302
data/raw/FRUIT-16K/S_Lulo/68.jpg,Lulo,spoiled,2,1,5,Lulo_spoiled,302
data/raw/FRUIT-16K/S_Lulo/69.jpg,Lulo,spoiled,2,1,5,Lulo_spoiled,302
data/raw/FRUIT-16K/S_Lulo/70.jpg,Lulo,spoiled,2,1,5,Lulo_spoiled,302
data/raw/FRUIT-16K/S_Lulo/71.jpg,Lulo,spoiled,2,1,5,Lulo_spoiled,302
data/raw/FRUIT-16K/S_Lulo/72.jpg,Lulo,spoiled,2,1,5,Lulo_spoiled,302
data/raw/FRUIT-16K/S_Lulo/73.jpg,Lulo,spoiled,2,1,5,Lulo_spoiled,302
data/raw/FRUIT-16K/S_Lulo/74.jpg,Lulo,spoiled,2,1,5,Lulo_spoiled,302
data/raw/FRUIT-16K/S_Lulo/75.jpg,Lulo,spoiled,2,1,5,Lulo_spoiled,302
data/raw/FRUIT-16K/S_Lulo/101.jpg,Lulo,spoiled,2,1,5,Lulo_spoiled,304
data/raw/FRUIT-16K/S_Lulo/102.jpg,Lulo,spoiled,2,1,5,Lulo_spoiled,304
data/raw/FRUIT-16K/S_Lulo/103.jpg,Lulo,spoiled,2,1,5,Lulo_spoiled,304
data/raw/FRUIT-16K/S_Lulo/104.jpg,Lulo,spoiled,2,1,5,Lulo_spoiled,304
data/raw/FRUIT-16K/S_Lulo/105.jpg,Lulo,spoiled,2,1,5,Lulo_spoiled,304
data/raw/FRUIT-16K/S_Lulo/106.jpg,Lulo,spoiled,2,1,5,Lulo_spoiled,304
data/raw/FRUIT-16K/S_Lulo/107.jpg,Lulo,spoiled,2,1,5,Lulo_spoiled,304
data/raw/FRUIT-16K/S_Lulo/108.jpg,Lulo,spoiled,2,1,5,Lulo_spoiled,304
data/raw/FRUIT-16K/S_Lulo/109.jpg,Lulo,spoiled,2,1,5,Lulo_spoiled,304
data/raw/FRUIT-16K/S_Lulo/110.jpg,Lulo,spoiled,2,1,5,Lulo_spoiled,304
data/raw/FRUIT-16K/S_Lulo/111.jpg,Lulo,spoiled,2,1,5,Lulo_spoiled,304
data/raw/FRUIT-16K/S_Lulo/112.jpg,Lulo,spoiled,2,1,5,Lulo_spoiled,304
data/raw/FRUIT-16K/S_Lulo/113.jpg,Lulo,spoiled,2,1,5,Lulo_spoiled,304
data/raw/FRUIT-16K/S_Lulo/114.jpg,Lulo,spoiled,2,1,5,Lulo_spoiled,304
data/raw/FRUIT-16K/S_Lulo/115.jpg,Lulo,spoiled,2,1,5,Lulo_spoiled,304
data/raw/FRUIT-16K/S_Lulo/116.jpg,Lulo,spoiled,2,1,5,Lulo_spoiled,304
data/raw/FRUIT-16K/S_Lulo/117.jpg,Lulo,spoiled,2,1,5,Lulo_spoiled,304
data/raw/FRUIT-16K/S_Lulo/118.jpg,Lulo,spoiled,2,1,5,Lulo_spoiled,304
data/raw/FRUIT-16K/S_Lulo/119.jpg,Lulo,spoiled,2,1,5,Lulo_spoiled,304
data/raw/FRUIT-16K/S_Lulo/120.jpg,Lulo,spoiled,2,1,5,Lulo_spoiled,304
data/raw/FRUIT-16K/S_Lulo/121.jpg,Lulo,spoiled,2,1,5,Lulo_spoiled,304
data/raw/FRUIT-16K/S_Lulo/122.jpg,Lulo,spoiled,2,1,5,Lulo_spoiled,304
data/raw/FRUIT-16K/S_Lulo/123.jpg,Lulo,spoiled,2,1,5,Lulo_spoiled,304
data/raw/FRUIT-16K/S_Lulo/124.jpg,Lulo,spoiled,2,1,5,Lulo_spoiled,304
data/raw/FRUIT-16K/S_Lulo/125.jpg,Lulo,spoiled,2,1,5,Lulo_spoiled,304
data/raw/FRUIT-16K/S_Lulo/151.jpg,Lulo,spoiled,2,1,5,Lulo_spoiled,306
data/raw/FRUIT-16K/S_Lulo/152.jpg,Lulo,spoiled,2,1,5,Lulo_spoiled,306
data/raw/FRUIT-16K/S_Lulo/153.jpg,Lulo,spoiled,2,1,5,Lulo_spoiled,306
data/raw/FRUIT-16K/S_Lulo/154.jpg,Lulo,spoiled,2,1,5,Lulo_spoiled,306
data/raw/FRUIT-16K/S_Lulo/155.jpg,Lulo,spoiled,2,1,5,Lulo_spoiled,306
data/raw/FRUIT-16K/S_Lulo/156.jpg,Lulo,spoiled,2,1,5,Lulo_spoiled,306
data/raw/FRUIT-16K/S_Lulo/157.jpg,Lulo,spoiled,2,1,5,Lulo_spoiled,306
data/raw/FRUIT-16K/S_Lulo/158.jpg,Lulo,spoiled,2,1,5,Lulo_spoiled,306
data/raw/FRUIT-16K/S_Lulo/159.jpg,Lulo,spoiled,2,1,5,Lulo_spoiled,306
data/raw/FRUIT-16K/S_Lulo/160.jpg,Lulo,spoiled,2,1,5,Lulo_spoiled,306
data/raw/FRUIT-16K/S_Lulo/161.jpg,Lulo,spoiled,2,1,5,Lulo_spoiled,306
data/raw/FRUIT-16K/S_Lulo/162.jpg,Lulo,spoiled,2,1,5,Lulo_spoiled,306
data/raw/FRUIT-16K/S_Lulo/163.jpg,Lulo,spoiled,2,1,5,Lulo_spoiled,306
data/raw/FRUIT-16K/S_Lulo/164.jpg,Lulo,spoiled,2,1,5,Lulo_spoiled,306
data/raw/FRUIT-16K/S_Lulo/165.jpg,Lulo,spoiled,2,1,5,Lulo_spoiled,306
data/raw/FRUIT-16K/S_Lulo/166.jpg,Lulo,spoiled,2,1,5,Lulo_spoiled,306
data/raw/FRUIT-16K/S_Lulo/167.jpg,Lulo,spoiled,2,1,5,Lulo_spoiled,306
data/raw/FRUIT-16K/S_Lulo/168.jpg,Lulo,spoiled,2,1,5,Lulo_spoiled,306
data/raw/FRUIT-16K/S_Lulo/169.jpg,Lulo,spoiled,2,1,5,Lulo_spoiled,306
data/raw/FRUIT-16K/S_Lulo/170.jpg,Lulo,spoiled,2,1,5,Lulo_spoiled,306
data/raw/FRUIT-16K/S_Lulo/171.jpg,Lulo,spoiled,2,1,5,Lulo_spoiled,306
data/raw/FRUIT-16K/S_Lulo/172.jpg,Lulo,spoiled,2,1,5,Lulo_spoiled,306
data/raw/FRUIT-16K/S_Lulo/173.jpg,Lulo,spoiled,2,1,5,Lulo_spoiled,306
data/raw/FRUIT-16K/S_Lulo/174.jpg,Lulo,spoiled,2,1,5,Lulo_spoiled,306
data/raw/FRUIT-16K/S_Lulo/175.jpg,Lulo,spoiled,2,1,5,Lulo_spoiled,306
data/raw/FRUIT-16K/S_Lulo/176.jpg,Lulo,spoiled,2,1,5,Lulo_spoiled,307
data/raw/FRUIT-16K/S_Lulo/177.jpg,Lulo,spoiled,2,1,5,Lulo_spoiled,307
data/raw/FRUIT-16K/S_Lulo/178.jpg,Lulo,spoiled,2,1,5,Lulo_spoiled,307
data/raw/FRUIT-16K/S_Lulo/179.jpg,Lulo,spoiled,2,1,5,Lulo_spoiled,307
data/raw/FRUIT-16K/S_Lulo/180.jpg,Lulo,spoiled,2,1,5,Lulo_spoiled,307
data/raw/FRUIT-16K/S_Lulo/181.jpg,Lulo,spoiled,2,1,5,Lulo_spoiled,307
data/raw/FRUIT-16K/S_Lulo/182.jpg,Lulo,spoiled,2,1,5,Lulo_spoiled,307
data/raw/FRUIT-16K/S_Lulo/183.jpg,Lulo,spoiled,2,1,5,Lulo_spoiled,307
data/raw/FRUIT-16K/S_Lulo/184.jpg,Lulo,spoiled,2,1,5,Lulo_spoiled,307
data/raw/FRUIT-16K/S_Lulo/185.jpg,Lulo,spoiled,2,1,5,Lulo_spoiled,307
data/raw/FRUIT-16K/S_Lulo/186.jpg,Lulo,spoiled,2,1,5,Lulo_spoiled,307
data/raw/FRUIT-16K/S_Lulo/187.jpg,Lulo,spoiled,2,1,5,Lulo_spoiled,307
data/raw/FRUIT-16K/S_Lulo/188.jpg,Lulo,spoiled,2,1,5,Lulo_spoiled,307
data/raw/FRUIT-16K/S_Lulo/189.jpg,Lulo,spoiled,2,1,5,Lulo_spoiled,307
data/raw/FRUIT-16K/S_Lulo/190.jpg,Lulo,spoiled,2,1,5,Lulo_spoiled,307
data/raw/FRUIT-16K/S_Lulo/191.jpg,Lulo,spoiled,2,1,5,Lulo_spoiled,307
data/raw/FRUIT-16K/S_Lulo/192.jpg,Lulo,spoiled,2,1,5,Lulo_spoiled,307
data/raw/FRUIT-16K/S_Lulo/193.jpg,Lulo,spoiled,2,1,5,Lulo_spoiled,307
data/raw/FRUIT-16K/S_Lulo/194.jpg,Lulo,spoiled,2,1,5,Lulo_spoiled,307
data/raw/FRUIT-16K/S_Lulo/195.jpg,Lulo,spoiled,2,1,5,Lulo_spoiled,307
data/raw/FRUIT-16K/S_Lulo/196.jpg,Lulo,spoiled,2,1,5,Lulo_spoiled,307
data/raw/FRUIT-16K/S_Lulo/197.jpg,Lulo,spoiled,2,1,5,Lulo_spoiled,307
data/raw/FRUIT-16K/S_Lulo/198.jpg,Lulo,spoiled,2,1,5,Lulo_spoiled,307
data/raw/FRUIT-16K/S_Lulo/199.jpg,Lulo,spoiled,2,1,5,Lulo_spoiled,307
data/raw/FRUIT-16K/S_Lulo/200.jpg,Lulo,spoiled,2,1,5,Lulo_spoiled,307
data/raw/FRUIT-16K/S_Lulo/201.jpg,Lulo,spoiled,2,1,5,Lulo_spoiled,308
data/raw/FRUIT-16K/S_Lulo/202.jpg,Lulo,spoiled,2,1,5,Lulo_spoiled,308
data/raw/FRUIT-16K/S_Lulo/203.jpg,Lulo,spoiled,2,1,5,Lulo_spoiled,308
data/raw/FRUIT-16K/S_Lulo/204.jpg,Lulo,spoiled,2,1,5,Lulo_spoiled,308
data/raw/FRUIT-16K/S_Lulo/205.jpg,Lulo,spoiled,2,1,5,Lulo_spoiled,308
data/raw/FRUIT-16K/S_Lulo/206.jpg,Lulo,spoiled,2,1,5,Lulo_spoiled,308
data/raw/FRUIT-16K/S_Lulo/207.jpg,Lulo,spoiled,2,1,5,Lulo_spoiled,308
data/raw/FRUIT-16K/S_Lulo/208.jpg,Lulo,spoiled,2,1,5,Lulo_spoiled,308
data/raw/FRUIT-16K/S_Lulo/209.jpg,Lulo,spoiled,2,1,5,Lulo_spoiled,308
data/raw/FRUIT-16K/S_Lulo/210.jpg,Lulo,spoiled,2,1,5,Lulo_spoiled,308
data/raw/FRUIT-16K/S_Lulo/211.jpg,Lulo,spoiled,2,1,5,Lulo_spoiled,308
data/raw/FRUIT-16K/S_Lulo/212.jpg,Lulo,spoiled,2,1,5,Lulo_spoiled,308
data/raw/FRUIT-16K/S_Lulo/213.jpg,Lulo,spoiled,2,1,5,Lulo_spoiled,308
data/raw/FRUIT-16K/S_Lulo/214.jpg,Lulo,spoiled,2,1,5,Lulo_spoiled,308
data/raw/FRUIT-16K/S_Lulo/215.jpg,Lulo,spoiled,2,1,5,Lulo_spoiled,308
data/raw/FRUIT-16K/S_Lulo/216.jpg,Lulo,spoiled,2,1,5,Lulo_spoiled,308
data/raw/FRUIT-16K/S_Lulo/217.jpg,Lulo,spoiled,2,1,5,Lulo_spoiled,308
data/raw/FRUIT-16K/S_Lulo/218.jpg,Lulo,spoiled,2,1,5,Lulo_spoiled,308
data/raw/FRUIT-16K/S_Lulo/219.jpg,Lulo,spoiled,2,1,5,Lulo_spoiled,308
data/raw/FRUIT-16K/S_Lulo/220.jpg,Lulo,spoiled,2,1,5,Lulo_spoiled,308
data/raw/FRUIT-16K/S_Lulo/221.jpg,Lulo,spoiled,2,1,5,Lulo_spoiled,308
data/raw/FRUIT-16K/S_Lulo/222.jpg,Lulo,spoiled,2,1,5,Lulo_spoiled,308
data/raw/FRUIT-16K/S_Lulo/223.jpg,Lulo,spoiled,2,1,5,Lulo_spoiled,308
data/raw/FRUIT-16K/S_Lulo/224.jpg,Lulo,spoiled,2,1,5,Lulo_spoiled,308
data/raw/FRUIT-16K/S_Lulo/225.jpg,Lulo,spoiled,2,1,5,Lulo_spoiled,308
data/raw/FRUIT-16K/S_Lulo/276.jpg,Lulo,spoiled,2,1,5,Lulo_spoiled,311
data/raw/FRUIT-16K/S_Lulo/277.jpg,Lulo,spoiled,2,1,5,Lulo_spoiled,311
data/raw/FRUIT-16K/S_Lulo/278.jpg,Lulo,spoiled,2,1,5,Lulo_spoiled,311
data/raw/FRUIT-16K/S_Lulo/279.jpg,Lulo,spoiled,2,1,5,Lulo_spoiled,311
data/raw/FRUIT-16K/S_Lulo/280.jpg,Lulo,spoiled,2,1,5,Lulo_spoiled,311
data/raw/FRUIT-16K/S_Lulo/281.jpg,Lulo,spoiled,2,1,5,Lulo_spoiled,311
data/raw/FRUIT-16K/S_Lulo/282.jpg,Lulo,spoiled,2,1,5,Lulo_spoiled,311
data/raw/FRUIT-16K/S_Lulo/283.jpg,Lulo,spoiled,2,1,5,Lulo_spoiled,311
data/raw/FRUIT-16K/S_Lulo/284.jpg,Lulo,spoiled,2,1,5,Lulo_spoiled,311
data/raw/FRUIT-16K/S_Lulo/285.jpg,Lulo,spoiled,2,1,5,Lulo_spoiled,311
data/raw/FRUIT-16K/S_Lulo/286.jpg,Lulo,spoiled,2,1,5,Lulo_spoiled,311
data/raw/FRUIT-16K/S_Lulo/287.jpg,Lulo,spoiled,2,1,5,Lulo_spoiled,311
data/raw/FRUIT-16K/S_Lulo/288.jpg,Lulo,spoiled,2,1,5,Lulo_spoiled,311
data/raw/FRUIT-16K/S_Lulo/289.jpg,Lulo,spoiled,2,1,5,Lulo_spoiled,311
data/raw/FRUIT-16K/S_Lulo/290.jpg,Lulo,spoiled,2,1,5,Lulo_spoiled,311
data/raw/FRUIT-16K/S_Lulo/291.jpg,Lulo,spoiled,2,1,5,Lulo_spoiled,311
data/raw/FRUIT-16K/S_Lulo/292.jpg,Lulo,spoiled,2,1,5,Lulo_spoiled,311
data/raw/FRUIT-16K/S_Lulo/293.jpg,Lulo,spoiled,2,1,5,Lulo_spoiled,311
data/raw/FRUIT-16K/S_Lulo/294.jpg,Lulo,spoiled,2,1,5,Lulo_spoiled,311
data/raw/FRUIT-16K/S_Lulo/295.jpg,Lulo,spoiled,2,1,5,Lulo_spoiled,311
data/raw/FRUIT-16K/S_Lulo/296.jpg,Lulo,spoiled,2,1,5,Lulo_spoiled,311
data/raw/FRUIT-16K/S_Lulo/297.jpg,Lulo,spoiled,2,1,5,Lulo_spoiled,311
data/raw/FRUIT-16K/S_Lulo/298.jpg,Lulo,spoiled,2,1,5,Lulo_spoiled,311
data/raw/FRUIT-16K/S_Lulo/299.jpg,Lulo,spoiled,2,1,5,Lulo_spoiled,311
data/raw/FRUIT-16K/S_Lulo/300.jpg,Lulo,spoiled,2,1,5,Lulo_spoiled,311
data/raw/FRUIT-16K/S_Lulo/301.jpg,Lulo,spoiled,2,1,5,Lulo_spoiled,312
data/raw/FRUIT-16K/S_Lulo/302.jpg,Lulo,spoiled,2,1,5,Lulo_spoiled,312
data/raw/FRUIT-16K/S_Lulo/303.jpg,Lulo,spoiled,2,1,5,Lulo_spoiled,312
data/raw/FRUIT-16K/S_Lulo/304.jpg,Lulo,spoiled,2,1,5,Lulo_spoiled,312
data/raw/FRUIT-16K/S_Lulo/305.jpg,Lulo,spoiled,2,1,5,Lulo_spoiled,312
data/raw/FRUIT-16K/S_Lulo/306.jpg,Lulo,spoiled,2,1,5,Lulo_spoiled,312
data/raw/FRUIT-16K/S_Lulo/307.jpg,Lulo,spoiled,2,1,5,Lulo_spoiled,312
data/raw/FRUIT-16K/S_Lulo/308.jpg,Lulo,spoiled,2,1,5,Lulo_spoiled,312
data/raw/FRUIT-16K/S_Lulo/309.jpg,Lulo,spoiled,2,1,5,Lulo_spoiled,312
data/raw/FRUIT-16K/S_Lulo/310.jpg,Lulo,spoiled,2,1,5,Lulo_spoiled,312
data/raw/FRUIT-16K/S_Lulo/311.jpg,Lulo,spoiled,2,1,5,Lulo_spoiled,312
data/raw/FRUIT-16K/S_Lulo/312.jpg,Lulo,spoiled,2,1,5,Lulo_spoiled,312
data/raw/FRUIT-16K/S_Lulo/313.jpg,Lulo,spoiled,2,1,5,Lulo_spoiled,312
data/raw/FRUIT-16K/S_Lulo/314.jpg,Lulo,spoiled,2,1,5,Lulo_spoiled,312
data/raw/FRUIT-16K/S_Lulo/315.jpg,Lulo,spoiled,2,1,5,Lulo_spoiled,312
data/raw/FRUIT-16K/S_Lulo/316.jpg,Lulo,spoiled,2,1,5,Lulo_spoiled,312
data/raw/FRUIT-16K/S_Lulo/317.jpg,Lulo,spoiled,2,1,5,Lulo_spoiled,312
data/raw/FRUIT-16K/S_Lulo/318.jpg,Lulo,spoiled,2,1,5,Lulo_spoiled,312
data/raw/FRUIT-16K/S_Lulo/319.jpg,Lulo,spoiled,2,1,5,Lulo_spoiled,312
data/raw/FRUIT-16K/S_Lulo/320.jpg,Lulo,spoiled,2,1,5,Lulo_spoiled,312
data/raw/FRUIT-16K/S_Lulo/321.jpg,Lulo,spoiled,2,1,5,Lulo_spoiled,312
data/raw/FRUIT-16K/S_Lulo/322.jpg,Lulo,spoiled,2,1,5,Lulo_spoiled,312
data/raw/FRUIT-16K/S_Lulo/323.jpg,Lulo,spoiled,2,1,5,Lulo_spoiled,312
data/raw/FRUIT-16K/S_Lulo/324.jpg,Lulo,spoiled,2,1,5,Lulo_spoiled,312
data/raw/FRUIT-16K/S_Lulo/325.jpg,Lulo,spoiled,2,1,5,Lulo_spoiled,312
data/raw/FRUIT-16K/S_Lulo/351.jpg,Lulo,spoiled,2,1,5,Lulo_spoiled,314
data/raw/FRUIT-16K/S_Lulo/352.jpg,Lulo,spoiled,2,1,5,Lulo_spoiled,314
data/raw/FRUIT-16K/S_Lulo/353.jpg,Lulo,spoiled,2,1,5,Lulo_spoiled,314
data/raw/FRUIT-16K/S_Lulo/354.jpg,Lulo,spoiled,2,1,5,Lulo_spoiled,314
data/raw/FRUIT-16K/S_Lulo/355.jpg,Lulo,spoiled,2,1,5,Lulo_spoiled,314
data/raw/FRUIT-16K/S_Lulo/356.jpg,Lulo,spoiled,2,1,5,Lulo_spoiled,314
data/raw/FRUIT-16K/S_Lulo/357.jpg,Lulo,spoiled,2,1,5,Lulo_spoiled,314
data/raw/FRUIT-16K/S_Lulo/358.jpg,Lulo,spoiled,2,1,5,Lulo_spoiled,314
data/raw/FRUIT-16K/S_Lulo/359.jpg,Lulo,spoiled,2,1,5,Lulo_spoiled,314
data/raw/FRUIT-16K/S_Lulo/360.jpg,Lulo,spoiled,2,1,5,Lulo_spoiled,314
data/raw/FRUIT-16K/S_Lulo/361.jpg,Lulo,spoiled,2,1,5,Lulo_spoiled,314
data/raw/FRUIT-16K/S_Lulo/362.jpg,Lulo,spoiled,2,1,5,Lulo_spoiled,314
data/raw/FRUIT-16K/S_Lulo/363.jpg,Lulo,spoiled,2,1,5,Lulo_spoiled,314
data/raw/FRUIT-16K/S_Lulo/364.jpg,Lulo,spoiled,2,1,5,Lulo_spoiled,314
data/raw/FRUIT-16K/S_Lulo/365.jpg,Lulo,spoiled,2,1,5,Lulo_spoiled,314
data/raw/FRUIT-16K/S_Lulo/366.jpg,Lulo,spoiled,2,1,5,Lulo_spoiled,314
data/raw/FRUIT-16K/S_Lulo/367.jpg,Lulo,spoiled,2,1,5,Lulo_spoiled,314
data/raw/FRUIT-16K/S_Lulo/368.jpg,Lulo,spoiled,2,1,5,Lulo_spoiled,314
data/raw/FRUIT-16K/S_Lulo/369.jpg,Lulo,spoiled,2,1,5,Lulo_spoiled,314
data/raw/FRUIT-16K/S_Lulo/370.jpg,Lulo,spoiled,2,1,5,Lulo_spoiled,314
data/raw/FRUIT-16K/S_Lulo/371.jpg,Lulo,spoiled,2,1,5,Lulo_spoiled,314
data/raw/FRUIT-16K/S_Lulo/372.jpg,Lulo,spoiled,2,1,5,Lulo_spoiled,314
data/raw/FRUIT-16K/S_Lulo/373.jpg,Lulo,spoiled,2,1,5,Lulo_spoiled,314
data/raw/FRUIT-16K/S_Lulo/374.jpg,Lulo,spoiled,2,1,5,Lulo_spoiled,314
data/raw/FRUIT-16K/S_Lulo/375.jpg,Lulo,spoiled,2,1,5,Lulo_spoiled,314
data/raw/FRUIT-16K/S_Lulo/376.jpg,Lulo,spoiled,2,1,5,Lulo_spoiled,315
data/raw/FRUIT-16K/S_Lulo/377.jpg,Lulo,spoiled,2,1,5,Lulo_spoiled,315
data/raw/FRUIT-16K/S_Lulo/378.jpg,Lulo,spoiled,2,1,5,Lulo_spoiled,315
data/raw/FRUIT-16K/S_Lulo/379.jpg,Lulo,spoiled,2,1,5,Lulo_spoiled,315
data/raw/FRUIT-16K/S_Lulo/380.jpg,Lulo,spoiled,2,1,5,Lulo_spoiled,315
data/raw/FRUIT-16K/S_Lulo/381.jpg,Lulo,spoiled,2,1,5,Lulo_spoiled,315
data/raw/FRUIT-16K/S_Lulo/382.jpg,Lulo,spoiled,2,1,5,Lulo_spoiled,315
data/raw/FRUIT-16K/S_Lulo/383.jpg,Lulo,spoiled,2,1,5,Lulo_spoiled,315
data/raw/FRUIT-16K/S_Lulo/384.jpg,Lulo,spoiled,2,1,5,Lulo_spoiled,315
data/raw/FRUIT-16K/S_Lulo/385.jpg,Lulo,spoiled,2,1,5,Lulo_spoiled,315
data/raw/FRUIT-16K/S_Lulo/386.jpg,Lulo,spoiled,2,1,5,Lulo_spoiled,315
data/raw/FRUIT-16K/S_Lulo/387.jpg,Lulo,spoiled,2,1,5,Lulo_spoiled,315
data/raw/FRUIT-16K/S_Lulo/388.jpg,Lulo,spoiled,2,1,5,Lulo_spoiled,315
data/raw/FRUIT-16K/S_Lulo/389.jpg,Lulo,spoiled,2,1,5,Lulo_spoiled,315
data/raw/FRUIT-16K/S_Lulo/390.jpg,Lulo,spoiled,2,1,5,Lulo_spoiled,315
data/raw/FRUIT-16K/S_Lulo/391.jpg,Lulo,spoiled,2,1,5,Lulo_spoiled,315
data/raw/FRUIT-16K/S_Lulo/392.jpg,Lulo,spoiled,2,1,5,Lulo_spoiled,315
data/raw/FRUIT-16K/S_Lulo/393.jpg,Lulo,spoiled,2,1,5,Lulo_spoiled,315
data/raw/FRUIT-16K/S_Lulo/394.jpg,Lulo,spoiled,2,1,5,Lulo_spoiled,315
data/raw/FRUIT-16K/S_Lulo/395.jpg,Lulo,spoiled,2,1,5,Lulo_spoiled,315
data/raw/FRUIT-16K/S_Lulo/396.jpg,Lulo,spoiled,2,1,5,Lulo_spoiled,315
data/raw/FRUIT-16K/S_Lulo/397.jpg,Lulo,spoiled,2,1,5,Lulo_spoiled,315
data/raw/FRUIT-16K/S_Lulo/398.jpg,Lulo,spoiled,2,1,5,Lulo_spoiled,315
data/raw/FRUIT-16K/S_Lulo/399.jpg,Lulo,spoiled,2,1,5,Lulo_spoiled,315
data/raw/FRUIT-16K/S_Lulo/400.jpg,Lulo,spoiled,2,1,5,Lulo_spoiled,315
data/raw/FRUIT-16K/S_Lulo/451.jpg,Lulo,spoiled,2,1,5,Lulo_spoiled,318
data/raw/FRUIT-16K/S_Lulo/452.jpg,Lulo,spoiled,2,1,5,Lulo_spoiled,318
data/raw/FRUIT-16K/S_Lulo/453.jpg,Lulo,spoiled,2,1,5,Lulo_spoiled,318
data/raw/FRUIT-16K/S_Lulo/454.jpg,Lulo,spoiled,2,1,5,Lulo_spoiled,318
data/raw/FRUIT-16K/S_Lulo/455.jpg,Lulo,spoiled,2,1,5,Lulo_spoiled,318
data/raw/FRUIT-16K/S_Lulo/456.jpg,Lulo,spoiled,2,1,5,Lulo_spoiled,318
data/raw/FRUIT-16K/S_Lulo/457.jpg,Lulo,spoiled,2,1,5,Lulo_spoiled,318
data/raw/FRUIT-16K/S_Lulo/458.jpg,Lulo,spoiled,2,1,5,Lulo_spoiled,318
data/raw/FRUIT-16K/S_Lulo/459.jpg,Lulo,spoiled,2,1,5,Lulo_spoiled,318
data/raw/FRUIT-16K/S_Lulo/460.jpg,Lulo,spoiled,2,1,5,Lulo_spoiled,318
data/raw/FRUIT-16K/S_Lulo/461.jpg,Lulo,spoiled,2,1,5,Lulo_spoiled,318
data/raw/FRUIT-16K/S_Lulo/462.jpg,Lulo,spoiled,2,1,5,Lulo_spoiled,318
data/raw/FRUIT-16K/S_Lulo/463.jpg,Lulo,spoiled,2,1,5,Lulo_spoiled,318
data/raw/FRUIT-16K/S_Lulo/464.jpg,Lulo,spoiled,2,1,5,Lulo_spoiled,318
data/raw/FRUIT-16K/S_Lulo/465.jpg,Lulo,spoiled,2,1,5,Lulo_spoiled,318
data/raw/FRUIT-16K/S_Lulo/466.jpg,Lulo,spoiled,2,1,5,Lulo_spoiled,318
data/raw/FRUIT-16K/S_Lulo/467.jpg,Lulo,spoiled,2,1,5,Lulo_spoiled,318
data/raw/FRUIT-16K/S_Lulo/468.jpg,Lulo,spoiled,2,1,5,Lulo_spoiled,318
data/raw/FRUIT-16K/S_Lulo/469.jpg,Lulo,spoiled,2,1,5,Lulo_spoiled,318
data/raw/FRUIT-16K/S_Lulo/470.jpg,Lulo,spoiled,2,1,5,Lulo_spoiled,318
data/raw/FRUIT-16K/S_Lulo/471.jpg,Lulo,spoiled,2,1,5,Lulo_spoiled,318
data/raw/FRUIT-16K/S_Lulo/472.jpg,Lulo,spoiled,2,1,5,Lulo_spoiled,318
data/raw/FRUIT-16K/S_Lulo/473.jpg,Lulo,spoiled,2,1,5,Lulo_spoiled,318
data/raw/FRUIT-16K/S_Lulo/474.jpg,Lulo,spoiled,2,1,5,Lulo_spoiled,318
data/raw/FRUIT-16K/S_Lulo/475.jpg,Lulo,spoiled,2,1,5,Lulo_spoiled,318
data/raw/FRUIT-16K/S_Lulo/501.jpg,Lulo,spoiled,2,1,5,Lulo_spoiled,320
data/raw/FRUIT-16K/S_Lulo/502.jpg,Lulo,spoiled,2,1,5,Lulo_spoiled,320
data/raw/FRUIT-16K/S_Lulo/503.jpg,Lulo,spoiled,2,1,5,Lulo_spoiled,320
data/raw/FRUIT-16K/S_Lulo/504.jpg,Lulo,spoiled,2,1,5,Lulo_spoiled,320
data/raw/FRUIT-16K/S_Lulo/505.jpg,Lulo,spoiled,2,1,5,Lulo_spoiled,320
data/raw/FRUIT-16K/S_Lulo/506.jpg,Lulo,spoiled,2,1,5,Lulo_spoiled,320
data/raw/FRUIT-16K/S_Lulo/507.jpg,Lulo,spoiled,2,1,5,Lulo_spoiled,320
data/raw/FRUIT-16K/S_Lulo/508.jpg,Lulo,spoiled,2,1,5,Lulo_spoiled,320
data/raw/FRUIT-16K/S_Lulo/509.jpg,Lulo,spoiled,2,1,5,Lulo_spoiled,320
data/raw/FRUIT-16K/S_Lulo/510.jpg,Lulo,spoiled,2,1,5,Lulo_spoiled,320
data/raw/FRUIT-16K/S_Lulo/511.jpg,Lulo,spoiled,2,1,5,Lulo_spoiled,320
data/raw/FRUIT-16K/S_Lulo/512.jpg,Lulo,spoiled,2,1,5,Lulo_spoiled,320
data/raw/FRUIT-16K/S_Lulo/513.jpg,Lulo,spoiled,2,1,5,Lulo_spoiled,320
data/raw/FRUIT-16K/S_Lulo/514.jpg,Lulo,spoiled,2,1,5,Lulo_spoiled,320
data/raw/FRUIT-16K/S_Lulo/515.jpg,Lulo,spoiled,2,1,5,Lulo_spoiled,320
data/raw/FRUIT-16K/S_Lulo/516.jpg,Lulo,spoiled,2,1,5,Lulo_spoiled,320
data/raw/FRUIT-16K/S_Lulo/517.jpg,Lulo,spoiled,2,1,5,Lulo_spoiled,320
data/raw/FRUIT-16K/S_Lulo/518.jpg,Lulo,spoiled,2,1,5,Lulo_spoiled,320
data/raw/FRUIT-16K/S_Lulo/519.jpg,Lulo,spoiled,2,1,5,Lulo_spoiled,320
data/raw/FRUIT-16K/S_Lulo/520.jpg,Lulo,spoiled,2,1,5,Lulo_spoiled,320
data/raw/FRUIT-16K/S_Lulo/521.jpg,Lulo,spoiled,2,1,5,Lulo_spoiled,320
data/raw/FRUIT-16K/S_Lulo/522.jpg,Lulo,spoiled,2,1,5,Lulo_spoiled,320
data/raw/FRUIT-16K/S_Lulo/523.jpg,Lulo,spoiled,2,1,5,Lulo_spoiled,320
data/raw/FRUIT-16K/S_Lulo/524.jpg,Lulo,spoiled,2,1,5,Lulo_spoiled,320
data/raw/FRUIT-16K/S_Lulo/525.jpg,Lulo,spoiled,2,1,5,Lulo_spoiled,320
data/raw/FRUIT-16K/S_Lulo/551.jpg,Lulo,spoiled,2,1,5,Lulo_spoiled,322
data/raw/FRUIT-16K/S_Lulo/552.jpg,Lulo,spoiled,2,1,5,Lulo_spoiled,322
data/raw/FRUIT-16K/S_Lulo/553.jpg,Lulo,spoiled,2,1,5,Lulo_spoiled,322
data/raw/FRUIT-16K/S_Lulo/554.jpg,Lulo,spoiled,2,1,5,Lulo_spoiled,322
data/raw/FRUIT-16K/S_Lulo/555.jpg,Lulo,spoiled,2,1,5,Lulo_spoiled,322
data/raw/FRUIT-16K/S_Lulo/556.jpg,Lulo,spoiled,2,1,5,Lulo_spoiled,322
data/raw/FRUIT-16K/S_Lulo/557.jpg,Lulo,spoiled,2,1,5,Lulo_spoiled,322
data/raw/FRUIT-16K/S_Lulo/558.jpg,Lulo,spoiled,2,1,5,Lulo_spoiled,322
data/raw/FRUIT-16K/S_Lulo/559.jpg,Lulo,spoiled,2,1,5,Lulo_spoiled,322
data/raw/FRUIT-16K/S_Lulo/560.jpg,Lulo,spoiled,2,1,5,Lulo_spoiled,322
data/raw/FRUIT-16K/S_Lulo/561.jpg,Lulo,spoiled,2,1,5,Lulo_spoiled,322
data/raw/FRUIT-16K/S_Lulo/562.jpg,Lulo,spoiled,2,1,5,Lulo_spoiled,322
data/raw/FRUIT-16K/S_Lulo/563.jpg,Lulo,spoiled,2,1,5,Lulo_spoiled,322
data/raw/FRUIT-16K/S_Lulo/564.jpg,Lulo,spoiled,2,1,5,Lulo_spoiled,322
data/raw/FRUIT-16K/S_Lulo/565.jpg,Lulo,spoiled,2,1,5,Lulo_spoiled,322
data/raw/FRUIT-16K/S_Lulo/566.jpg,Lulo,spoiled,2,1,5,Lulo_spoiled,322
data/raw/FRUIT-16K/S_Lulo/567.jpg,Lulo,spoiled,2,1,5,Lulo_spoiled,322
data/raw/FRUIT-16K/S_Lulo/568.jpg,Lulo,spoiled,2,1,5,Lulo_spoiled,322
data/raw/FRUIT-16K/S_Lulo/569.jpg,Lulo,spoiled,2,1,5,Lulo_spoiled,322
data/raw/FRUIT-16K/S_Lulo/570.jpg,Lulo,spoiled,2,1,5,Lulo_spoiled,322
data/raw/FRUIT-16K/S_Lulo/571.jpg,Lulo,spoiled,2,1,5,Lulo_spoiled,322
data/raw/FRUIT-16K/S_Lulo/572.jpg,Lulo,spoiled,2,1,5,Lulo_spoiled,322
data/raw/FRUIT-16K/S_Lulo/573.jpg,Lulo,spoiled,2,1,5,Lulo_spoiled,322
data/raw/FRUIT-16K/S_Lulo/574.jpg,Lulo,spoiled,2,1,5,Lulo_spoiled,322
data/raw/FRUIT-16K/S_Lulo/575.jpg,Lulo,spoiled,2,1,5,Lulo_spoiled,322
data/raw/FRUIT-16K/S_Lulo/576.jpg,Lulo,spoiled,2,1,5,Lulo_spoiled,323
data/raw/FRUIT-16K/S_Lulo/577.jpg,Lulo,spoiled,2,1,5,Lulo_spoiled,323
data/raw/FRUIT-16K/S_Lulo/578.jpg,Lulo,spoiled,2,1,5,Lulo_spoiled,323
data/raw/FRUIT-16K/S_Lulo/579.jpg,Lulo,spoiled,2,1,5,Lulo_spoiled,323
data/raw/FRUIT-16K/S_Lulo/580.jpg,Lulo,spoiled,2,1,5,Lulo_spoiled,323
data/raw/FRUIT-16K/S_Lulo/581.jpg,Lulo,spoiled,2,1,5,Lulo_spoiled,323
data/raw/FRUIT-16K/S_Lulo/582.jpg,Lulo,spoiled,2,1,5,Lulo_spoiled,323
data/raw/FRUIT-16K/S_Lulo/583.jpg,Lulo,spoiled,2,1,5,Lulo_spoiled,323
data/raw/FRUIT-16K/S_Lulo/584.jpg,Lulo,spoiled,2,1,5,Lulo_spoiled,323
data/raw/FRUIT-16K/S_Lulo/585.jpg,Lulo,spoiled,2,1,5,Lulo_spoiled,323
data/raw/FRUIT-16K/S_Lulo/586.jpg,Lulo,spoiled,2,1,5,Lulo_spoiled,323
data/raw/FRUIT-16K/S_Lulo/587.jpg,Lulo,spoiled,2,1,5,Lulo_spoiled,323
data/raw/FRUIT-16K/S_Lulo/588.jpg,Lulo,spoiled,2,1,5,Lulo_spoiled,323
data/raw/FRUIT-16K/S_Lulo/589.jpg,Lulo,spoiled,2,1,5,Lulo_spoiled,323
data/raw/FRUIT-16K/S_Lulo/590.jpg,Lulo,spoiled,2,1,5,Lulo_spoiled,323
data/raw/FRUIT-16K/S_Lulo/591.jpg,Lulo,spoiled,2,1,5,Lulo_spoiled,323
data/raw/FRUIT-16K/S_Lulo/592.jpg,Lulo,spoiled,2,1,5,Lulo_spoiled,323
data/raw/FRUIT-16K/S_Lulo/593.jpg,Lulo,spoiled,2,1,5,Lulo_spoiled,323
data/raw/FRUIT-16K/S_Lulo/594.jpg,Lulo,spoiled,2,1,5,Lulo_spoiled,323
data/raw/FRUIT-16K/S_Lulo/595.jpg,Lulo,spoiled,2,1,5,Lulo_spoiled,323
data/raw/FRUIT-16K/S_Lulo/596.jpg,Lulo,spoiled,2,1,5,Lulo_spoiled,323
data/raw/FRUIT-16K/S_Lulo/597.jpg,Lulo,spoiled,2,1,5,Lulo_spoiled,323
data/raw/FRUIT-16K/S_Lulo/598.jpg,Lulo,spoiled,2,1,5,Lulo_spoiled,323
data/raw/FRUIT-16K/S_Lulo/599.jpg,Lulo,spoiled,2,1,5,Lulo_spoiled,323
data/raw/FRUIT-16K/S_Lulo/600.jpg,Lulo,spoiled,2,1,5,Lulo_spoiled,323
data/raw/FRUIT-16K/S_Lulo/601.jpg,Lulo,spoiled,2,1,5,Lulo_spoiled,324
data/raw/FRUIT-16K/S_Lulo/602.jpg,Lulo,spoiled,2,1,5,Lulo_spoiled,324
data/raw/FRUIT-16K/S_Lulo/603.jpg,Lulo,spoiled,2,1,5,Lulo_spoiled,324
data/raw/FRUIT-16K/S_Lulo/604.jpg,Lulo,spoiled,2,1,5,Lulo_spoiled,324
data/raw/FRUIT-16K/S_Lulo/605.jpg,Lulo,spoiled,2,1,5,Lulo_spoiled,324
data/raw/FRUIT-16K/S_Lulo/606.jpg,Lulo,spoiled,2,1,5,Lulo_spoiled,324
data/raw/FRUIT-16K/S_Lulo/607.jpg,Lulo,spoiled,2,1,5,Lulo_spoiled,324
data/raw/FRUIT-16K/S_Lulo/608.jpg,Lulo,spoiled,2,1,5,Lulo_spoiled,324
data/raw/FRUIT-16K/S_Lulo/609.jpg,Lulo,spoiled,2,1,5,Lulo_spoiled,324
data/raw/FRUIT-16K/S_Lulo/610.jpg,Lulo,spoiled,2,1,5,Lulo_spoiled,324
data/raw/FRUIT-16K/S_Lulo/611.jpg,Lulo,spoiled,2,1,5,Lulo_spoiled,324
data/raw/FRUIT-16K/S_Lulo/612.jpg,Lulo,spoiled,2,1,5,Lulo_spoiled,324
data/raw/FRUIT-16K/S_Lulo/613.jpg,Lulo,spoiled,2,1,5,Lulo_spoiled,324
data/raw/FRUIT-16K/S_Lulo/614.jpg,Lulo,spoiled,2,1,5,Lulo_spoiled,324
data/raw/FRUIT-16K/S_Lulo/615.jpg,Lulo,spoiled,2,1,5,Lulo_spoiled,324
data/raw/FRUIT-16K/S_Lulo/616.jpg,Lulo,spoiled,2,1,5,Lulo_spoiled,324
data/raw/FRUIT-16K/S_Lulo/617.jpg,Lulo,spoiled,2,1,5,Lulo_spoiled,324
data/raw/FRUIT-16K/S_Lulo/618.jpg,Lulo,spoiled,2,1,5,Lulo_spoiled,324
data/raw/FRUIT-16K/S_Lulo/619.jpg,Lulo,spoiled,2,1,5,Lulo_spoiled,324
data/raw/FRUIT-16K/S_Lulo/620.jpg,Lulo,spoiled,2,1,5,Lulo_spoiled,324
data/raw/FRUIT-16K/S_Lulo/621.jpg,Lulo,spoiled,2,1,5,Lulo_spoiled,324
data/raw/FRUIT-16K/S_Lulo/622.jpg,Lulo,spoiled,2,1,5,Lulo_spoiled,324
data/raw/FRUIT-16K/S_Lulo/623.jpg,Lulo,spoiled,2,1,5,Lulo_spoiled,324
data/raw/FRUIT-16K/S_Lulo/624.jpg,Lulo,spoiled,2,1,5,Lulo_spoiled,324
data/raw/FRUIT-16K/S_Lulo/625.jpg,Lulo,spoiled,2,1,5,Lulo_spoiled,324
data/raw/FRUIT-16K/S_Lulo/626.jpg,Lulo,spoiled,2,1,5,Lulo_spoiled,325
data/raw/FRUIT-16K/S_Lulo/627.jpg,Lulo,spoiled,2,1,5,Lulo_spoiled,325
data/raw/FRUIT-16K/S_Lulo/628.jpg,Lulo,spoiled,2,1,5,Lulo_spoiled,325
data/raw/FRUIT-16K/S_Lulo/629.jpg,Lulo,spoiled,2,1,5,Lulo_spoiled,325
data/raw/FRUIT-16K/S_Lulo/630.jpg,Lulo,spoiled,2,1,5,Lulo_spoiled,325
data/raw/FRUIT-16K/S_Lulo/631.jpg,Lulo,spoiled,2,1,5,Lulo_spoiled,325
data/raw/FRUIT-16K/S_Lulo/632.jpg,Lulo,spoiled,2,1,5,Lulo_spoiled,325
data/raw/FRUIT-16K/S_Lulo/633.jpg,Lulo,spoiled,2,1,5,Lulo_spoiled,325
data/raw/FRUIT-16K/S_Lulo/634.jpg,Lulo,spoiled,2,1,5,Lulo_spoiled,325
data/raw/FRUIT-16K/S_Lulo/635.jpg,Lulo,spoiled,2,1,5,Lulo_spoiled,325
data/raw/FRUIT-16K/S_Lulo/636.jpg,Lulo,spoiled,2,1,5,Lulo_spoiled,325
data/raw/FRUIT-16K/S_Lulo/637.jpg,Lulo,spoiled,2,1,5,Lulo_spoiled,325
data/raw/FRUIT-16K/S_Lulo/638.jpg,Lulo,spoiled,2,1,5,Lulo_spoiled,325
data/raw/FRUIT-16K/S_Lulo/639.jpg,Lulo,spoiled,2,1,5,Lulo_spoiled,325
data/raw/FRUIT-16K/S_Lulo/640.jpg,Lulo,spoiled,2,1,5,Lulo_spoiled,325
data/raw/FRUIT-16K/S_Lulo/641.jpg,Lulo,spoiled,2,1,5,Lulo_spoiled,325
data/raw/FRUIT-16K/S_Lulo/642.jpg,Lulo,spoiled,2,1,5,Lulo_spoiled,325
data/raw/FRUIT-16K/S_Lulo/643.jpg,Lulo,spoiled,2,1,5,Lulo_spoiled,325
data/raw/FRUIT-16K/S_Lulo/644.jpg,Lulo,spoiled,2,1,5,Lulo_spoiled,325
data/raw/FRUIT-16K/S_Lulo/645.jpg,Lulo,spoiled,2,1,5,Lulo_spoiled,325
data/raw/FRUIT-16K/S_Lulo/646.jpg,Lulo,spoiled,2,1,5,Lulo_spoiled,325
data/raw/FRUIT-16K/S_Lulo/647.jpg,Lulo,spoiled,2,1,5,Lulo_spoiled,325
data/raw/FRUIT-16K/S_Lulo/648.jpg,Lulo,spoiled,2,1,5,Lulo_spoiled,325
data/raw/FRUIT-16K/S_Lulo/649.jpg,Lulo,spoiled,2,1,5,Lulo_spoiled,325
data/raw/FRUIT-16K/S_Lulo/650.jpg,Lulo,spoiled,2,1,5,Lulo_spoiled,325
data/raw/FRUIT-16K/S_Lulo/651.jpg,Lulo,spoiled,2,1,5,Lulo_spoiled,326
data/raw/FRUIT-16K/S_Lulo/652.jpg,Lulo,spoiled,2,1,5,Lulo_spoiled,326
data/raw/FRUIT-16K/S_Lulo/653.jpg,Lulo,spoiled,2,1,5,Lulo_spoiled,326
data/raw/FRUIT-16K/S_Lulo/654.jpg,Lulo,spoiled,2,1,5,Lulo_spoiled,326
data/raw/FRUIT-16K/S_Lulo/655.jpg,Lulo,spoiled,2,1,5,Lulo_spoiled,326
data/raw/FRUIT-16K/S_Lulo/656.jpg,Lulo,spoiled,2,1,5,Lulo_spoiled,326
data/raw/FRUIT-16K/S_Lulo/657.jpg,Lulo,spoiled,2,1,5,Lulo_spoiled,326
data/raw/FRUIT-16K/S_Lulo/658.jpg,Lulo,spoiled,2,1,5,Lulo_spoiled,326
data/raw/FRUIT-16K/S_Lulo/659.jpg,Lulo,spoiled,2,1,5,Lulo_spoiled,326
data/raw/FRUIT-16K/S_Lulo/660.jpg,Lulo,spoiled,2,1,5,Lulo_spoiled,326
data/raw/FRUIT-16K/S_Lulo/661.jpg,Lulo,spoiled,2,1,5,Lulo_spoiled,326
data/raw/FRUIT-16K/S_Lulo/662.jpg,Lulo,spoiled,2,1,5,Lulo_spoiled,326
data/raw/FRUIT-16K/S_Lulo/663.jpg,Lulo,spoiled,2,1,5,Lulo_spoiled,326
data/raw/FRUIT-16K/S_Lulo/664.jpg,Lulo,spoiled,2,1,5,Lulo_spoiled,326
data/raw/FRUIT-16K/S_Lulo/665.jpg,Lulo,spoiled,2,1,5,Lulo_spoiled,326
data/raw/FRUIT-16K/S_Lulo/666.jpg,Lulo,spoiled,2,1,5,Lulo_spoiled,326
data/raw/FRUIT-16K/S_Lulo/667.jpg,Lulo,spoiled,2,1,5,Lulo_spoiled,326
data/raw/FRUIT-16K/S_Lulo/668.jpg,Lulo,spoiled,2,1,5,Lulo_spoiled,326
data/raw/FRUIT-16K/S_Lulo/669.jpg,Lulo,spoiled,2,1,5,Lulo_spoiled,326
data/raw/FRUIT-16K/S_Lulo/670.jpg,Lulo,spoiled,2,1,5,Lulo_spoiled,326
data/raw/FRUIT-16K/S_Lulo/671.jpg,Lulo,spoiled,2,1,5,Lulo_spoiled,326
data/raw/FRUIT-16K/S_Lulo/672.jpg,Lulo,spoiled,2,1,5,Lulo_spoiled,326
data/raw/FRUIT-16K/S_Lulo/673.jpg,Lulo,spoiled,2,1,5,Lulo_spoiled,326
data/raw/FRUIT-16K/S_Lulo/674.jpg,Lulo,spoiled,2,1,5,Lulo_spoiled,326
data/raw/FRUIT-16K/S_Lulo/675.jpg,Lulo,spoiled,2,1,5,Lulo_spoiled,326
data/raw/FRUIT-16K/S_Lulo/676.jpg,Lulo,spoiled,2,1,5,Lulo_spoiled,326
data/raw/FRUIT-16K/S_Lulo/677.jpg,Lulo,spoiled,2,1,5,Lulo_spoiled,326
data/raw/FRUIT-16K/S_Lulo/678.jpg,Lulo,spoiled,2,1,5,Lulo_spoiled,326
data/raw/FRUIT-16K/S_Lulo/679.jpg,Lulo,spoiled,2,1,5,Lulo_spoiled,326
data/raw/FRUIT-16K/S_Lulo/680.jpg,Lulo,spoiled,2,1,5,Lulo_spoiled,326
data/raw/FRUIT-16K/S_Lulo/681.jpg,Lulo,spoiled,2,1,5,Lulo_spoiled,326
data/raw/FRUIT-16K/S_Lulo/682.jpg,Lulo,spoiled,2,1,5,Lulo_spoiled,326
data/raw/FRUIT-16K/S_Lulo/683.jpg,Lulo,spoiled,2,1,5,Lulo_spoiled,326
data/raw/FRUIT-16K/S_Lulo/684.jpg,Lulo,spoiled,2,1,5,Lulo_spoiled,326
data/raw/FRUIT-16K/S_Lulo/685.jpg,Lulo,spoiled,2,1,5,Lulo_spoiled,326
data/raw/FRUIT-16K/S_Lulo/686.jpg,Lulo,spoiled,2,1,5,Lulo_spoiled,326
data/raw/FRUIT-16K/S_Lulo/687.jpg,Lulo,spoiled,2,1,5,Lulo_spoiled,326
data/raw/FRUIT-16K/S_Lulo/688.jpg,Lulo,spoiled,2,1,5,Lulo_spoiled,326
data/raw/FRUIT-16K/S_Lulo/689.jpg,Lulo,spoiled,2,1,5,Lulo_spoiled,326
data/raw/FRUIT-16K/S_Lulo/690.jpg,Lulo,spoiled,2,1,5,Lulo_spoiled,326
data/raw/FRUIT-16K/S_Lulo/691.jpg,Lulo,spoiled,2,1,5,Lulo_spoiled,326
data/raw/FRUIT-16K/S_Lulo/692.jpg,Lulo,spoiled,2,1,5,Lulo_spoiled,326
data/raw/FRUIT-16K/S_Lulo/693.jpg,Lulo,spoiled,2,1,5,Lulo_spoiled,326
data/raw/FRUIT-16K/S_Lulo/694.jpg,Lulo,spoiled,2,1,5,Lulo_spoiled,326
data/raw/FRUIT-16K/S_Lulo/695.jpg,Lulo,spoiled,2,1,5,Lulo_spoiled,326
data/raw/FRUIT-16K/S_Lulo/696.jpg,Lulo,spoiled,2,1,5,Lulo_spoiled,326
data/raw/FRUIT-16K/S_Lulo/697.jpg,Lulo,spoiled,2,1,5,Lulo_spoiled,326
data/raw/FRUIT-16K/S_Lulo/698.jpg,Lulo,spoiled,2,1,5,Lulo_spoiled,326
data/raw/FRUIT-16K/S_Lulo/699.jpg,Lulo,spoiled,2,1,5,Lulo_spoiled,326
data/raw/FRUIT-16K/S_Lulo/700.jpg,Lulo,spoiled,2,1,5,Lulo_spoiled,326
data/raw/FRUIT-16K/S_Lulo/701.jpg,Lulo,spoiled,2,1,5,Lulo_spoiled,327
data/raw/FRUIT-16K/S_Lulo/702.jpg,Lulo,spoiled,2,1,5,Lulo_spoiled,327
data/raw/FRUIT-16K/S_Lulo/703.jpg,Lulo,spoiled,2,1,5,Lulo_spoiled,327
data/raw/FRUIT-16K/S_Lulo/704.jpg,Lulo,spoiled,2,1,5,Lulo_spoiled,327
data/raw/FRUIT-16K/S_Lulo/705.jpg,Lulo,spoiled,2,1,5,Lulo_spoiled,327
data/raw/FRUIT-16K/S_Lulo/706.jpg,Lulo,spoiled,2,1,5,Lulo_spoiled,327
data/raw/FRUIT-16K/S_Lulo/707.jpg,Lulo,spoiled,2,1,5,Lulo_spoiled,327
data/raw/FRUIT-16K/S_Lulo/708.jpg,Lulo,spoiled,2,1,5,Lulo_spoiled,327
data/raw/FRUIT-16K/S_Lulo/709.jpg,Lulo,spoiled,2,1,5,Lulo_spoiled,327
data/raw/FRUIT-16K/S_Lulo/710.jpg,Lulo,spoiled,2,1,5,Lulo_spoiled,327
data/raw/FRUIT-16K/S_Lulo/711.jpg,Lulo,spoiled,2,1,5,Lulo_spoiled,327
data/raw/FRUIT-16K/S_Lulo/712.jpg,Lulo,spoiled,2,1,5,Lulo_spoiled,327
data/raw/FRUIT-16K/S_Lulo/713.jpg,Lulo,spoiled,2,1,5,Lulo_spoiled,327
data/raw/FRUIT-16K/S_Lulo/714.jpg,Lulo,spoiled,2,1,5,Lulo_spoiled,327
data/raw/FRUIT-16K/S_Lulo/715.jpg,Lulo,spoiled,2,1,5,Lulo_spoiled,327
data/raw/FRUIT-16K/S_Lulo/716.jpg,Lulo,spoiled,2,1,5,Lulo_spoiled,327
data/raw/FRUIT-16K/S_Lulo/717.jpg,Lulo,spoiled,2,1,5,Lulo_spoiled,327
data/raw/FRUIT-16K/S_Lulo/718.jpg,Lulo,spoiled,2,1,5,Lulo_spoiled,327
data/raw/FRUIT-16K/S_Lulo/719.jpg,Lulo,spoiled,2,1,5,Lulo_spoiled,327
data/raw/FRUIT-16K/S_Lulo/720.jpg,Lulo,spoiled,2,1,5,Lulo_spoiled,327
data/raw/FRUIT-16K/S_Lulo/721.jpg,Lulo,spoiled,2,1,5,Lulo_spoiled,327
data/raw/FRUIT-16K/S_Lulo/722.jpg,Lulo,spoiled,2,1,5,Lulo_spoiled,327
data/raw/FRUIT-16K/S_Lulo/723.jpg,Lulo,spoiled,2,1,5,Lulo_spoiled,327
data/raw/FRUIT-16K/S_Lulo/724.jpg,Lulo,spoiled,2,1,5,Lulo_spoiled,327
data/raw/FRUIT-16K/S_Lulo/725.jpg,Lulo,spoiled,2,1,5,Lulo_spoiled,327
data/raw/FRUIT-16K/S_Lulo/726.jpg,Lulo,spoiled,2,1,5,Lulo_spoiled,328
data/raw/FRUIT-16K/S_Lulo/727.jpg,Lulo,spoiled,2,1,5,Lulo_spoiled,328
data/raw/FRUIT-16K/S_Lulo/728.jpg,Lulo,spoiled,2,1,5,Lulo_spoiled,328
data/raw/FRUIT-16K/S_Lulo/729.jpg,Lulo,spoiled,2,1,5,Lulo_spoiled,328
data/raw/FRUIT-16K/S_Lulo/730.jpg,Lulo,spoiled,2,1,5,Lulo_spoiled,328
data/raw/FRUIT-16K/S_Lulo/731.jpg,Lulo,spoiled,2,1,5,Lulo_spoiled,328
data/raw/FRUIT-16K/S_Lulo/732.jpg,Lulo,spoiled,2,1,5,Lulo_spoiled,328
data/raw/FRUIT-16K/S_Lulo/733.jpg,Lulo,spoiled,2,1,5,Lulo_spoiled,328
data/raw/FRUIT-16K/S_Lulo/734.jpg,Lulo,spoiled,2,1,5,Lulo_spoiled,328
data/raw/FRUIT-16K/S_Lulo/735.jpg,Lulo,spoiled,2,1,5,Lulo_spoiled,328
data/raw/FRUIT-16K/S_Lulo/736.jpg,Lulo,spoiled,2,1,5,Lulo_spoiled,328
data/raw/FRUIT-16K/S_Lulo/737.jpg,Lulo,spoiled,2,1,5,Lulo_spoiled,328
data/raw/FRUIT-16K/S_Lulo/738.jpg,Lulo,spoiled,2,1,5,Lulo_spoiled,328
data/raw/FRUIT-16K/S_Lulo/739.jpg,Lulo,spoiled,2,1,5,Lulo_spoiled,328
data/raw/FRUIT-16K/S_Lulo/740.jpg,Lulo,spoiled,2,1,5,Lulo_spoiled,328
data/raw/FRUIT-16K/S_Lulo/741.jpg,Lulo,spoiled,2,1,5,Lulo_spoiled,328
data/raw/FRUIT-16K/S_Lulo/742.jpg,Lulo,spoiled,2,1,5,Lulo_spoiled,328
data/raw/FRUIT-16K/S_Lulo/743.jpg,Lulo,spoiled,2,1,5,Lulo_spoiled,328
data/raw/FRUIT-16K/S_Lulo/744.jpg,Lulo,spoiled,2,1,5,Lulo_spoiled,328
data/raw/FRUIT-16K/S_Lulo/745.jpg,Lulo,spoiled,2,1,5,Lulo_spoiled,328
data/raw/FRUIT-16K/S_Lulo/746.jpg,Lulo,spoiled,2,1,5,Lulo_spoiled,328
data/raw/FRUIT-16K/S_Lulo/747.jpg,Lulo,spoiled,2,1,5,Lulo_spoiled,328
data/raw/FRUIT-16K/S_Lulo/748.jpg,Lulo,spoiled,2,1,5,Lulo_spoiled,328
data/raw/FRUIT-16K/S_Lulo/749.jpg,Lulo,spoiled,2,1,5,Lulo_spoiled,328
data/raw/FRUIT-16K/S_Lulo/750.jpg,Lulo,spoiled,2,1,5,Lulo_spoiled,328
data/raw/FRUIT-16K/S_Lulo/776.jpg,Lulo,spoiled,2,1,5,Lulo_spoiled,330
data/raw/FRUIT-16K/S_Lulo/777.jpg,Lulo,spoiled,2,1,5,Lulo_spoiled,330
data/raw/FRUIT-16K/S_Lulo/778.jpg,Lulo,spoiled,2,1,5,Lulo_spoiled,330
data/raw/FRUIT-16K/S_Lulo/779.jpg,Lulo,spoiled,2,1,5,Lulo_spoiled,330
data/raw/FRUIT-16K/S_Lulo/780.jpg,Lulo,spoiled,2,1,5,Lulo_spoiled,330
data/raw/FRUIT-16K/S_Lulo/781.jpg,Lulo,spoiled,2,1,5,Lulo_spoiled,330
data/raw/FRUIT-16K/S_Lulo/782.jpg,Lulo,spoiled,2,1,5,Lulo_spoiled,330
data/raw/FRUIT-16K/S_Lulo/783.jpg,Lulo,spoiled,2,1,5,Lulo_spoiled,330
data/raw/FRUIT-16K/S_Lulo/784.jpg,Lulo,spoiled,2,1,5,Lulo_spoiled,330
data/raw/FRUIT-16K/S_Lulo/785.jpg,Lulo,spoiled,2,1,5,Lulo_spoiled,330
data/raw/FRUIT-16K/S_Lulo/786.jpg,Lulo,spoiled,2,1,5,Lulo_spoiled,330
data/raw/FRUIT-16K/S_Lulo/787.jpg,Lulo,spoiled,2,1,5,Lulo_spoiled,330
data/raw/FRUIT-16K/S_Lulo/788.jpg,Lulo,spoiled,2,1,5,Lulo_spoiled,330
data/raw/FRUIT-16K/S_Lulo/789.jpg,Lulo,spoiled,2,1,5,Lulo_spoiled,330
data/raw/FRUIT-16K/S_Lulo/790.jpg,Lulo,spoiled,2,1,5,Lulo_spoiled,330
data/raw/FRUIT-16K/S_Lulo/791.jpg,Lulo,spoiled,2,1,5,Lulo_spoiled,330
data/raw/FRUIT-16K/S_Lulo/792.jpg,Lulo,spoiled,2,1,5,Lulo_spoiled,330
data/raw/FRUIT-16K/S_Lulo/793.jpg,Lulo,spoiled,2,1,5,Lulo_spoiled,330
data/raw/FRUIT-16K/S_Lulo/794.jpg,Lulo,spoiled,2,1,5,Lulo_spoiled,330
data/raw/FRUIT-16K/S_Lulo/795.jpg,Lulo,spoiled,2,1,5,Lulo_spoiled,330
data/raw/FRUIT-16K/S_Lulo/796.jpg,Lulo,spoiled,2,1,5,Lulo_spoiled,330
data/raw/FRUIT-16K/S_Lulo/797.jpg,Lulo,spoiled,2,1,5,Lulo_spoiled,330
data/raw/FRUIT-16K/S_Lulo/798.jpg,Lulo,spoiled,2,1,5,Lulo_spoiled,330
data/raw/FRUIT-16K/S_Lulo/799.jpg,Lulo,spoiled,2,1,5,Lulo_spoiled,330
data/raw/FRUIT-16K/S_Lulo/800.jpg,Lulo,spoiled,2,1,5,Lulo_spoiled,330
data/raw/FRUIT-16K/S_Lulo/801.jpg,Lulo,spoiled,2,1,5,Lulo_spoiled,331
data/raw/FRUIT-16K/S_Lulo/802.jpg,Lulo,spoiled,2,1,5,Lulo_spoiled,331
data/raw/FRUIT-16K/S_Lulo/803.jpg,Lulo,spoiled,2,1,5,Lulo_spoiled,331
data/raw/FRUIT-16K/S_Lulo/804.jpg,Lulo,spoiled,2,1,5,Lulo_spoiled,331
data/raw/FRUIT-16K/S_Lulo/805.jpg,Lulo,spoiled,2,1,5,Lulo_spoiled,331
data/raw/FRUIT-16K/S_Lulo/806.jpg,Lulo,spoiled,2,1,5,Lulo_spoiled,331
data/raw/FRUIT-16K/S_Lulo/807.jpg,Lulo,spoiled,2,1,5,Lulo_spoiled,331
data/raw/FRUIT-16K/S_Lulo/808.jpg,Lulo,spoiled,2,1,5,Lulo_spoiled,331
data/raw/FRUIT-16K/S_Lulo/809.jpg,Lulo,spoiled,2,1,5,Lulo_spoiled,331
data/raw/FRUIT-16K/S_Lulo/810.jpg,Lulo,spoiled,2,1,5,Lulo_spoiled,331
data/raw/FRUIT-16K/S_Lulo/811.jpg,Lulo,spoiled,2,1,5,Lulo_spoiled,331
data/raw/FRUIT-16K/S_Lulo/812.jpg,Lulo,spoiled,2,1,5,Lulo_spoiled,331
data/raw/FRUIT-16K/S_Lulo/813.jpg,Lulo,spoiled,2,1,5,Lulo_spoiled,331
data/raw/FRUIT-16K/S_Lulo/814.jpg,Lulo,spoiled,2,1,5,Lulo_spoiled,331
data/raw/FRUIT-16K/S_Lulo/815.jpg,Lulo,spoiled,2,1,5,Lulo_spoiled,331
data/raw/FRUIT-16K/S_Lulo/816.jpg,Lulo,spoiled,2,1,5,Lulo_spoiled,331
data/raw/FRUIT-16K/S_Lulo/817.jpg,Lulo,spoiled,2,1,5,Lulo_spoiled,331
data/raw/FRUIT-16K/S_Lulo/818.jpg,Lulo,spoiled,2,1,5,Lulo_spoiled,331
data/raw/FRUIT-16K/S_Lulo/819.jpg,Lulo,spoiled,2,1,5,Lulo_spoiled,331
data/raw/FRUIT-16K/S_Lulo/820.jpg,Lulo,spoiled,2,1,5,Lulo_spoiled,331
data/raw/FRUIT-16K/S_Lulo/821.jpg,Lulo,spoiled,2,1,5,Lulo_spoiled,331
data/raw/FRUIT-16K/S_Lulo/822.jpg,Lulo,spoiled,2,1,5,Lulo_spoiled,331
data/raw/FRUIT-16K/S_Lulo/823.jpg,Lulo,spoiled,2,1,5,Lulo_spoiled,331
data/raw/FRUIT-16K/S_Lulo/824.jpg,Lulo,spoiled,2,1,5,Lulo_spoiled,331
data/raw/FRUIT-16K/S_Lulo/825.jpg,Lulo,spoiled,2,1,5,Lulo_spoiled,331
data/raw/FRUIT-16K/S_Lulo/826.jpg,Lulo,spoiled,2,1,5,Lulo_spoiled,332
data/raw/FRUIT-16K/S_Lulo/827.jpg,Lulo,spoiled,2,1,5,Lulo_spoiled,332
data/raw/FRUIT-16K/S_Lulo/828.jpg,Lulo,spoiled,2,1,5,Lulo_spoiled,332
data/raw/FRUIT-16K/S_Lulo/829.jpg,Lulo,spoiled,2,1,5,Lulo_spoiled,332
data/raw/FRUIT-16K/S_Lulo/830.jpg,Lulo,spoiled,2,1,5,Lulo_spoiled,332
data/raw/FRUIT-16K/S_Lulo/831.jpg,Lulo,spoiled,2,1,5,Lulo_spoiled,332
data/raw/FRUIT-16K/S_Lulo/832.jpg,Lulo,spoiled,2,1,5,Lulo_spoiled,332
data/raw/FRUIT-16K/S_Lulo/833.jpg,Lulo,spoiled,2,1,5,Lulo_spoiled,332
data/raw/FRUIT-16K/S_Lulo/834.jpg,Lulo,spoiled,2,1,5,Lulo_spoiled,332
data/raw/FRUIT-16K/S_Lulo/835.jpg,Lulo,spoiled,2,1,5,Lulo_spoiled,332
data/raw/FRUIT-16K/S_Lulo/836.jpg,Lulo,spoiled,2,1,5,Lulo_spoiled,332
data/raw/FRUIT-16K/S_Lulo/837.jpg,Lulo,spoiled,2,1,5,Lulo_spoiled,332
data/raw/FRUIT-16K/S_Lulo/838.jpg,Lulo,spoiled,2,1,5,Lulo_spoiled,332
data/raw/FRUIT-16K/S_Lulo/839.jpg,Lulo,spoiled,2,1,5,Lulo_spoiled,332
data/raw/FRUIT-16K/S_Lulo/840.jpg,Lulo,spoiled,2,1,5,Lulo_spoiled,332
data/raw/FRUIT-16K/S_Lulo/841.jpg,Lulo,spoiled,2,1,5,Lulo_spoiled,332
data/raw/FRUIT-16K/S_Lulo/842.jpg,Lulo,spoiled,2,1,5,Lulo_spoiled,332
data/raw/FRUIT-16K/S_Lulo/843.jpg,Lulo,spoiled,2,1,5,Lulo_spoiled,332
data/raw/FRUIT-16K/S_Lulo/844.jpg,Lulo,spoiled,2,1,5,Lulo_spoiled,332
data/raw/FRUIT-16K/S_Lulo/845.jpg,Lulo,spoiled,2,1,5,Lulo_spoiled,332
data/raw/FRUIT-16K/S_Lulo/846.jpg,Lulo,spoiled,2,1,5,Lulo_spoiled,332
data/raw/FRUIT-16K/S_Lulo/847.jpg,Lulo,spoiled,2,1,5,Lulo_spoiled,332
data/raw/FRUIT-16K/S_Lulo/848.jpg,Lulo,spoiled,2,1,5,Lulo_spoiled,332
data/raw/FRUIT-16K/S_Lulo/849.jpg,Lulo,spoiled,2,1,5,Lulo_spoiled,332
data/raw/FRUIT-16K/S_Lulo/850.jpg,Lulo,spoiled,2,1,5,Lulo_spoiled,332
data/raw/FRUIT-16K/S_Lulo/851.jpg,Lulo,spoiled,2,1,5,Lulo_spoiled,333
data/raw/FRUIT-16K/S_Lulo/852.jpg,Lulo,spoiled,2,1,5,Lulo_spoiled,333
data/raw/FRUIT-16K/S_Lulo/853.jpg,Lulo,spoiled,2,1,5,Lulo_spoiled,333
data/raw/FRUIT-16K/S_Lulo/854.jpg,Lulo,spoiled,2,1,5,Lulo_spoiled,333
data/raw/FRUIT-16K/S_Lulo/855.jpg,Lulo,spoiled,2,1,5,Lulo_spoiled,333
data/raw/FRUIT-16K/S_Lulo/856.jpg,Lulo,spoiled,2,1,5,Lulo_spoiled,333
data/raw/FRUIT-16K/S_Lulo/857.jpg,Lulo,spoiled,2,1,5,Lulo_spoiled,333
data/raw/FRUIT-16K/S_Lulo/858.jpg,Lulo,spoiled,2,1,5,Lulo_spoiled,333
data/raw/FRUIT-16K/S_Lulo/859.jpg,Lulo,spoiled,2,1,5,Lulo_spoiled,333
data/raw/FRUIT-16K/S_Lulo/860.jpg,Lulo,spoiled,2,1,5,Lulo_spoiled,333
data/raw/FRUIT-16K/S_Lulo/861.jpg,Lulo,spoiled,2,1,5,Lulo_spoiled,333
data/raw/FRUIT-16K/S_Lulo/862.jpg,Lulo,spoiled,2,1,5,Lulo_spoiled,333
data/raw/FRUIT-16K/S_Lulo/863.jpg,Lulo,spoiled,2,1,5,Lulo_spoiled,333
data/raw/FRUIT-16K/S_Lulo/864.jpg,Lulo,spoiled,2,1,5,Lulo_spoiled,333
data/raw/FRUIT-16K/S_Lulo/865.jpg,Lulo,spoiled,2,1,5,Lulo_spoiled,333
data/raw/FRUIT-16K/S_Lulo/866.jpg,Lulo,spoiled,2,1,5,Lulo_spoiled,333
data/raw/FRUIT-16K/S_Lulo/867.jpg,Lulo,spoiled,2,1,5,Lulo_spoiled,333
data/raw/FRUIT-16K/S_Lulo/868.jpg,Lulo,spoiled,2,1,5,Lulo_spoiled,333
data/raw/FRUIT-16K/S_Lulo/869.jpg,Lulo,spoiled,2,1,5,Lulo_spoiled,333
data/raw/FRUIT-16K/S_Lulo/870.jpg,Lulo,spoiled,2,1,5,Lulo_spoiled,333
data/raw/FRUIT-16K/S_Lulo/871.jpg,Lulo,spoiled,2,1,5,Lulo_spoiled,333
data/raw/FRUIT-16K/S_Lulo/872.jpg,Lulo,spoiled,2,1,5,Lulo_spoiled,333
data/raw/FRUIT-16K/S_Lulo/873.jpg,Lulo,spoiled,2,1,5,Lulo_spoiled,333
data/raw/FRUIT-16K/S_Lulo/874.jpg,Lulo,spoiled,2,1,5,Lulo_spoiled,333
data/raw/FRUIT-16K/S_Lulo/875.jpg,Lulo,spoiled,2,1,5,Lulo_spoiled,333
data/raw/FRUIT-16K/S_Lulo/876.jpg,Lulo,spoiled,2,1,5,Lulo_spoiled,334
data/raw/FRUIT-16K/S_Lulo/877.jpg,Lulo,spoiled,2,1,5,Lulo_spoiled,334
data/raw/FRUIT-16K/S_Lulo/878.jpg,Lulo,spoiled,2,1,5,Lulo_spoiled,334
data/raw/FRUIT-16K/S_Lulo/879.jpg,Lulo,spoiled,2,1,5,Lulo_spoiled,334
data/raw/FRUIT-16K/S_Lulo/880.jpg,Lulo,spoiled,2,1,5,Lulo_spoiled,334
data/raw/FRUIT-16K/S_Lulo/881.jpg,Lulo,spoiled,2,1,5,Lulo_spoiled,334
data/raw/FRUIT-16K/S_Lulo/882.jpg,Lulo,spoiled,2,1,5,Lulo_spoiled,334
data/raw/FRUIT-16K/S_Lulo/883.jpg,Lulo,spoiled,2,1,5,Lulo_spoiled,334
data/raw/FRUIT-16K/S_Lulo/884.jpg,Lulo,spoiled,2,1,5,Lulo_spoiled,334
data/raw/FRUIT-16K/S_Lulo/885.jpg,Lulo,spoiled,2,1,5,Lulo_spoiled,334
data/raw/FRUIT-16K/S_Lulo/886.jpg,Lulo,spoiled,2,1,5,Lulo_spoiled,334
data/raw/FRUIT-16K/S_Lulo/887.jpg,Lulo,spoiled,2,1,5,Lulo_spoiled,334
data/raw/FRUIT-16K/S_Lulo/888.jpg,Lulo,spoiled,2,1,5,Lulo_spoiled,334
data/raw/FRUIT-16K/S_Lulo/889.jpg,Lulo,spoiled,2,1,5,Lulo_spoiled,334
data/raw/FRUIT-16K/S_Lulo/890.jpg,Lulo,spoiled,2,1,5,Lulo_spoiled,334
data/raw/FRUIT-16K/S_Lulo/891.jpg,Lulo,spoiled,2,1,5,Lulo_spoiled,334
data/raw/FRUIT-16K/S_Lulo/892.jpg,Lulo,spoiled,2,1,5,Lulo_spoiled,334
data/raw/FRUIT-16K/S_Lulo/893.jpg,Lulo,spoiled,2,1,5,Lulo_spoiled,334
data/raw/FRUIT-16K/S_Lulo/894.jpg,Lulo,spoiled,2,1,5,Lulo_spoiled,334
data/raw/FRUIT-16K/S_Lulo/895.jpg,Lulo,spoiled,2,1,5,Lulo_spoiled,334
data/raw/FRUIT-16K/S_Lulo/896.jpg,Lulo,spoiled,2,1,5,Lulo_spoiled,334
data/raw/FRUIT-16K/S_Lulo/897.jpg,Lulo,spoiled,2,1,5,Lulo_spoiled,334
data/raw/FRUIT-16K/S_Lulo/898.jpg,Lulo,spoiled,2,1,5,Lulo_spoiled,334
data/raw/FRUIT-16K/S_Lulo/899.jpg,Lulo,spoiled,2,1,5,Lulo_spoiled,334
data/raw/FRUIT-16K/S_Lulo/900.jpg,Lulo,spoiled,2,1,5,Lulo_spoiled,334
data/raw/FRUIT-16K/S_Lulo/901.jpg,Lulo,spoiled,2,1,5,Lulo_spoiled,335
data/raw/FRUIT-16K/S_Lulo/902.jpg,Lulo,spoiled,2,1,5,Lulo_spoiled,335
data/raw/FRUIT-16K/S_Lulo/903.jpg,Lulo,spoiled,2,1,5,Lulo_spoiled,335
data/raw/FRUIT-16K/S_Lulo/904.jpg,Lulo,spoiled,2,1,5,Lulo_spoiled,335
data/raw/FRUIT-16K/S_Lulo/905.jpg,Lulo,spoiled,2,1,5,Lulo_spoiled,335
data/raw/FRUIT-16K/S_Lulo/906.jpg,Lulo,spoiled,2,1,5,Lulo_spoiled,335
data/raw/FRUIT-16K/S_Lulo/907.jpg,Lulo,spoiled,2,1,5,Lulo_spoiled,335
data/raw/FRUIT-16K/S_Lulo/908.jpg,Lulo,spoiled,2,1,5,Lulo_spoiled,335
data/raw/FRUIT-16K/S_Lulo/909.jpg,Lulo,spoiled,2,1,5,Lulo_spoiled,335
data/raw/FRUIT-16K/S_Lulo/910.jpg,Lulo,spoiled,2,1,5,Lulo_spoiled,335
data/raw/FRUIT-16K/S_Lulo/911.jpg,Lulo,spoiled,2,1,5,Lulo_spoiled,335
data/raw/FRUIT-16K/S_Lulo/912.jpg,Lulo,spoiled,2,1,5,Lulo_spoiled,335
data/raw/FRUIT-16K/S_Lulo/913.jpg,Lulo,spoiled,2,1,5,Lulo_spoiled,335
data/raw/FRUIT-16K/S_Lulo/914.jpg,Lulo,spoiled,2,1,5,Lulo_spoiled,335
data/raw/FRUIT-16K/S_Lulo/915.jpg,Lulo,spoiled,2,1,5,Lulo_spoiled,335
data/raw/FRUIT-16K/S_Lulo/916.jpg,Lulo,spoiled,2,1,5,Lulo_spoiled,335
data/raw/FRUIT-16K/S_Lulo/917.jpg,Lulo,spoiled,2,1,5,Lulo_spoiled,335
data/raw/FRUIT-16K/S_Lulo/918.jpg,Lulo,spoiled,2,1,5,Lulo_spoiled,335
data/raw/FRUIT-16K/S_Lulo/919.jpg,Lulo,spoiled,2,1,5,Lulo_spoiled,335
data/raw/FRUIT-16K/S_Lulo/920.jpg,Lulo,spoiled,2,1,5,Lulo_spoiled,335
data/raw/FRUIT-16K/S_Lulo/921.jpg,Lulo,spoiled,2,1,5,Lulo_spoiled,335
data/raw/FRUIT-16K/S_Lulo/922.jpg,Lulo,spoiled,2,1,5,Lulo_spoiled,335
data/raw/FRUIT-16K/S_Lulo/923.jpg,Lulo,spoiled,2,1,5,Lulo_spoiled,335
data/raw/FRUIT-16K/S_Lulo/924.jpg,Lulo,spoiled,2,1,5,Lulo_spoiled,335
data/raw/FRUIT-16K/S_Lulo/925.jpg,Lulo,spoiled,2,1,5,Lulo_spoiled,335
data/raw/FRUIT-16K/S_Lulo/926.jpg,Lulo,spoiled,2,1,5,Lulo_spoiled,336
data/raw/FRUIT-16K/S_Lulo/927.jpg,Lulo,spoiled,2,1,5,Lulo_spoiled,336
data/raw/FRUIT-16K/S_Lulo/928.jpg,Lulo,spoiled,2,1,5,Lulo_spoiled,336
data/raw/FRUIT-16K/S_Lulo/929.jpg,Lulo,spoiled,2,1,5,Lulo_spoiled,336
data/raw/FRUIT-16K/S_Lulo/930.jpg,Lulo,spoiled,2,1,5,Lulo_spoiled,336
data/raw/FRUIT-16K/S_Lulo/931.jpg,Lulo,spoiled,2,1,5,Lulo_spoiled,336
data/raw/FRUIT-16K/S_Lulo/932.jpg,Lulo,spoiled,2,1,5,Lulo_spoiled,336
data/raw/FRUIT-16K/S_Lulo/933.jpg,Lulo,spoiled,2,1,5,Lulo_spoiled,336
data/raw/FRUIT-16K/S_Lulo/934.jpg,Lulo,spoiled,2,1,5,Lulo_spoiled,336
data/raw/FRUIT-16K/S_Lulo/935.jpg,Lulo,spoiled,2,1,5,Lulo_spoiled,336
data/raw/FRUIT-16K/S_Lulo/936.jpg,Lulo,spoiled,2,1,5,Lulo_spoiled,336
data/raw/FRUIT-16K/S_Lulo/937.jpg,Lulo,spoiled,2,1,5,Lulo_spoiled,336
data/raw/FRUIT-16K/S_Lulo/938.jpg,Lulo,spoiled,2,1,5,Lulo_spoiled,336
data/raw/FRUIT-16K/S_Lulo/939.jpg,Lulo,spoiled,2,1,5,Lulo_spoiled,336
data/raw/FRUIT-16K/S_Lulo/940.jpg,Lulo,spoiled,2,1,5,Lulo_spoiled,336
data/raw/FRUIT-16K/S_Lulo/941.jpg,Lulo,spoiled,2,1,5,Lulo_spoiled,336
data/raw/FRUIT-16K/S_Lulo/942.jpg,Lulo,spoiled,2,1,5,Lulo_spoiled,336
data/raw/FRUIT-16K/S_Lulo/943.jpg,Lulo,spoiled,2,1,5,Lulo_spoiled,336
data/raw/FRUIT-16K/S_Lulo/944.jpg,Lulo,spoiled,2,1,5,Lulo_spoiled,336
data/raw/FRUIT-16K/S_Lulo/945.jpg,Lulo,spoiled,2,1,5,Lulo_spoiled,336
data/raw/FRUIT-16K/S_Lulo/946.jpg,Lulo,spoiled,2,1,5,Lulo_spoiled,336
data/raw/FRUIT-16K/S_Lulo/947.jpg,Lulo,spoiled,2,1,5,Lulo_spoiled,336
data/raw/FRUIT-16K/S_Lulo/948.jpg,Lulo,spoiled,2,1,5,Lulo_spoiled,336
data/raw/FRUIT-16K/S_Lulo/949.jpg,Lulo,spoiled,2,1,5,Lulo_spoiled,336
data/raw/FRUIT-16K/S_Lulo/950.jpg,Lulo,spoiled,2,1,5,Lulo_spoiled,336
data/raw/FRUIT-16K/S_Lulo/951.jpg,Lulo,spoiled,2,1,5,Lulo_spoiled,337
data/raw/FRUIT-16K/S_Lulo/952.jpg,Lulo,spoiled,2,1,5,Lulo_spoiled,337
data/raw/FRUIT-16K/S_Lulo/953.jpg,Lulo,spoiled,2,1,5,Lulo_spoiled,337
data/raw/FRUIT-16K/S_Lulo/954.jpg,Lulo,spoiled,2,1,5,Lulo_spoiled,337
data/raw/FRUIT-16K/S_Lulo/955.jpg,Lulo,spoiled,2,1,5,Lulo_spoiled,337
data/raw/FRUIT-16K/S_Lulo/956.jpg,Lulo,spoiled,2,1,5,Lulo_spoiled,337
data/raw/FRUIT-16K/S_Lulo/957.jpg,Lulo,spoiled,2,1,5,Lulo_spoiled,337
data/raw/FRUIT-16K/S_Lulo/958.jpg,Lulo,spoiled,2,1,5,Lulo_spoiled,337
data/raw/FRUIT-16K/S_Lulo/959.jpg,Lulo,spoiled,2,1,5,Lulo_spoiled,337
data/raw/FRUIT-16K/S_Lulo/960.jpg,Lulo,spoiled,2,1,5,Lulo_spoiled,337
data/raw/FRUIT-16K/S_Lulo/961.jpg,Lulo,spoiled,2,1,5,Lulo_spoiled,337
data/raw/FRUIT-16K/S_Lulo/962.jpg,Lulo,spoiled,2,1,5,Lulo_spoiled,337
data/raw/FRUIT-16K/S_Lulo/963.jpg,Lulo,spoiled,2,1,5,Lulo_spoiled,337
data/raw/FRUIT-16K/S_Lulo/964.jpg,Lulo,spoiled,2,1,5,Lulo_spoiled,337
data/raw/FRUIT-16K/S_Lulo/965.jpg,Lulo,spoiled,2,1,5,Lulo_spoiled,337
data/raw/FRUIT-16K/S_Lulo/966.jpg,Lulo,spoiled,2,1,5,Lulo_spoiled,337
data/raw/FRUIT-16K/S_Lulo/967.jpg,Lulo,spoiled,2,1,5,Lulo_spoiled,337
data/raw/FRUIT-16K/S_Lulo/968.jpg,Lulo,spoiled,2,1,5,Lulo_spoiled,337
data/raw/FRUIT-16K/S_Lulo/969.jpg,Lulo,spoiled,2,1,5,Lulo_spoiled,337
data/raw/FRUIT-16K/S_Lulo/970.jpg,Lulo,spoiled,2,1,5,Lulo_spoiled,337
data/raw/FRUIT-16K/S_Lulo/971.jpg,Lulo,spoiled,2,1,5,Lulo_spoiled,337
data/raw/FRUIT-16K/S_Lulo/972.jpg,Lulo,spoiled,2,1,5,Lulo_spoiled,337
data/raw/FRUIT-16K/S_Lulo/973.jpg,Lulo,spoiled,2,1,5,Lulo_spoiled,337
data/raw/FRUIT-16K/S_Lulo/974.jpg,Lulo,spoiled,2,1,5,Lulo_spoiled,337
data/raw/FRUIT-16K/S_Lulo/975.jpg,Lulo,spoiled,2,1,5,Lulo_spoiled,337
data/raw/FRUIT-16K/S_Lulo/976.jpg,Lulo,spoiled,2,1,5,Lulo_spoiled,338
data/raw/FRUIT-16K/S_Lulo/977.jpg,Lulo,spoiled,2,1,5,Lulo_spoiled,338
data/raw/FRUIT-16K/S_Lulo/978.jpg,Lulo,spoiled,2,1,5,Lulo_spoiled,338
data/raw/FRUIT-16K/S_Lulo/979.jpg,Lulo,spoiled,2,1,5,Lulo_spoiled,338
data/raw/FRUIT-16K/S_Lulo/980.jpg,Lulo,spoiled,2,1,5,Lulo_spoiled,338
data/raw/FRUIT-16K/S_Lulo/981.jpg,Lulo,spoiled,2,1,5,Lulo_spoiled,338
data/raw/FRUIT-16K/S_Lulo/982.jpg,Lulo,spoiled,2,1,5,Lulo_spoiled,338
data/raw/FRUIT-16K/S_Lulo/983.jpg,Lulo,spoiled,2,1,5,Lulo_spoiled,338
data/raw/FRUIT-16K/S_Lulo/984.jpg,Lulo,spoiled,2,1,5,Lulo_spoiled,338
data/raw/FRUIT-16K/S_Lulo/985.jpg,Lulo,spoiled,2,1,5,Lulo_spoiled,338
data/raw/FRUIT-16K/S_Lulo/986.jpg,Lulo,spoiled,2,1,5,Lulo_spoiled,338
data/raw/FRUIT-16K/S_Lulo/987.jpg,Lulo,spoiled,2,1,5,Lulo_spoiled,338
data/raw/FRUIT-16K/S_Lulo/988.jpg,Lulo,spoiled,2,1,5,Lulo_spoiled,338
data/raw/FRUIT-16K/S_Lulo/989.jpg,Lulo,spoiled,2,1,5,Lulo_spoiled,338
data/raw/FRUIT-16K/S_Lulo/990.jpg,Lulo,spoiled,2,1,5,Lulo_spoiled,338
data/raw/FRUIT-16K/S_Lulo/991.jpg,Lulo,spoiled,2,1,5,Lulo_spoiled,338
data/raw/FRUIT-16K/S_Lulo/992.jpg,Lulo,spoiled,2,1,5,Lulo_spoiled,338
data/raw/FRUIT-16K/S_Lulo/993.jpg,Lulo,spoiled,2,1,5,Lulo_spoiled,338
data/raw/FRUIT-16K/S_Lulo/994.jpg,Lulo,spoiled,2,1,5,Lulo_spoiled,338
data/raw/FRUIT-16K/S_Lulo/995.jpg,Lulo,spoiled,2,1,5,Lulo_spoiled,338
data/raw/FRUIT-16K/S_Lulo/996.jpg,Lulo,spoiled,2,1,5,Lulo_spoiled,338
data/raw/FRUIT-16K/S_Lulo/997.jpg,Lulo,spoiled,2,1,5,Lulo_spoiled,338
data/raw/FRUIT-16K/S_Lulo/998.jpg,Lulo,spoiled,2,1,5,Lulo_spoiled,338
data/raw/FRUIT-16K/S_Lulo/999.jpg,Lulo,spoiled,2,1,5,Lulo_spoiled,338
data/raw/FRUIT-16K/S_Lulo/1000.jpg,Lulo,spoiled,2,1,5,Lulo_spoiled,338
data/raw/FRUIT-16K/S_Mango/26.jpg,Mango,spoiled,3,1,7,Mango_spoiled,340
data/raw/FRUIT-16K/S_Mango/27.jpg,Mango,spoiled,3,1,7,Mango_spoiled,340
data/raw/FRUIT-16K/S_Mango/28.jpg,Mango,spoiled,3,1,7,Mango_spoiled,340
data/raw/FRUIT-16K/S_Mango/29.jpg,Mango,spoiled,3,1,7,Mango_spoiled,340
data/raw/FRUIT-16K/S_Mango/30.jpg,Mango,spoiled,3,1,7,Mango_spoiled,340
data/raw/FRUIT-16K/S_Mango/31.jpg,Mango,spoiled,3,1,7,Mango_spoiled,340
data/raw/FRUIT-16K/S_Mango/32.jpg,Mango,spoiled,3,1,7,Mango_spoiled,340
data/raw/FRUIT-16K/S_Mango/33.jpg,Mango,spoiled,3,1,7,Mango_spoiled,340
data/raw/FRUIT-16K/S_Mango/34.jpg,Mango,spoiled,3,1,7,Mango_spoiled,340
data/raw/FRUIT-16K/S_Mango/35.jpg,Mango,spoiled,3,1,7,Mango_spoiled,340
data/raw/FRUIT-16K/S_Mango/36.jpg,Mango,spoiled,3,1,7,Mango_spoiled,340
data/raw/FRUIT-16K/S_Mango/37.jpg,Mango,spoiled,3,1,7,Mango_spoiled,340
data/raw/FRUIT-16K/S_Mango/38.jpg,Mango,spoiled,3,1,7,Mango_spoiled,340
data/raw/FRUIT-16K/S_Mango/39.jpg,Mango,spoiled,3,1,7,Mango_spoiled,340
data/raw/FRUIT-16K/S_Mango/40.jpg,Mango,spoiled,3,1,7,Mango_spoiled,340
data/raw/FRUIT-16K/S_Mango/41.jpg,Mango,spoiled,3,1,7,Mango_spoiled,340
data/raw/FRUIT-16K/S_Mango/42.jpg,Mango,spoiled,3,1,7,Mango_spoiled,340
data/raw/FRUIT-16K/S_Mango/43.jpg,Mango,spoiled,3,1,7,Mango_spoiled,340
data/raw/FRUIT-16K/S_Mango/44.jpg,Mango,spoiled,3,1,7,Mango_spoiled,340
data/raw/FRUIT-16K/S_Mango/45.jpg,Mango,spoiled,3,1,7,Mango_spoiled,340
data/raw/FRUIT-16K/S_Mango/46.jpg,Mango,spoiled,3,1,7,Mango_spoiled,340
data/raw/FRUIT-16K/S_Mango/47.jpg,Mango,spoiled,3,1,7,Mango_spoiled,340
data/raw/FRUIT-16K/S_Mango/48.jpg,Mango,spoiled,3,1,7,Mango_spoiled,340
data/raw/FRUIT-16K/S_Mango/49.jpg,Mango,spoiled,3,1,7,Mango_spoiled,340
data/raw/FRUIT-16K/S_Mango/50.jpg,Mango,spoiled,3,1,7,Mango_spoiled,340
data/raw/FRUIT-16K/S_Mango/51.jpg,Mango,spoiled,3,1,7,Mango_spoiled,340
data/raw/FRUIT-16K/S_Mango/52.jpg,Mango,spoiled,3,1,7,Mango_spoiled,340
data/raw/FRUIT-16K/S_Mango/53.jpg,Mango,spoiled,3,1,7,Mango_spoiled,340
data/raw/FRUIT-16K/S_Mango/54.jpg,Mango,spoiled,3,1,7,Mango_spoiled,340
data/raw/FRUIT-16K/S_Mango/55.jpg,Mango,spoiled,3,1,7,Mango_spoiled,340
data/raw/FRUIT-16K/S_Mango/56.jpg,Mango,spoiled,3,1,7,Mango_spoiled,340
data/raw/FRUIT-16K/S_Mango/57.jpg,Mango,spoiled,3,1,7,Mango_spoiled,340
data/raw/FRUIT-16K/S_Mango/58.jpg,Mango,spoiled,3,1,7,Mango_spoiled,340
data/raw/FRUIT-16K/S_Mango/59.jpg,Mango,spoiled,3,1,7,Mango_spoiled,340
data/raw/FRUIT-16K/S_Mango/60.jpg,Mango,spoiled,3,1,7,Mango_spoiled,340
data/raw/FRUIT-16K/S_Mango/61.jpg,Mango,spoiled,3,1,7,Mango_spoiled,340
data/raw/FRUIT-16K/S_Mango/62.jpg,Mango,spoiled,3,1,7,Mango_spoiled,340
data/raw/FRUIT-16K/S_Mango/63.jpg,Mango,spoiled,3,1,7,Mango_spoiled,340
data/raw/FRUIT-16K/S_Mango/64.jpg,Mango,spoiled,3,1,7,Mango_spoiled,340
data/raw/FRUIT-16K/S_Mango/65.jpg,Mango,spoiled,3,1,7,Mango_spoiled,340
data/raw/FRUIT-16K/S_Mango/66.jpg,Mango,spoiled,3,1,7,Mango_spoiled,340
data/raw/FRUIT-16K/S_Mango/67.jpg,Mango,spoiled,3,1,7,Mango_spoiled,340
data/raw/FRUIT-16K/S_Mango/68.jpg,Mango,spoiled,3,1,7,Mango_spoiled,340
data/raw/FRUIT-16K/S_Mango/69.jpg,Mango,spoiled,3,1,7,Mango_spoiled,340
data/raw/FRUIT-16K/S_Mango/70.jpg,Mango,spoiled,3,1,7,Mango_spoiled,340
data/raw/FRUIT-16K/S_Mango/71.jpg,Mango,spoiled,3,1,7,Mango_spoiled,340
data/raw/FRUIT-16K/S_Mango/72.jpg,Mango,spoiled,3,1,7,Mango_spoiled,340
data/raw/FRUIT-16K/S_Mango/73.jpg,Mango,spoiled,3,1,7,Mango_spoiled,340
data/raw/FRUIT-16K/S_Mango/74.jpg,Mango,spoiled,3,1,7,Mango_spoiled,340
data/raw/FRUIT-16K/S_Mango/75.jpg,Mango,spoiled,3,1,7,Mango_spoiled,340
data/raw/FRUIT-16K/S_Mango/76.jpg,Mango,spoiled,3,1,7,Mango_spoiled,340
data/raw/FRUIT-16K/S_Mango/77.jpg,Mango,spoiled,3,1,7,Mango_spoiled,340
data/raw/FRUIT-16K/S_Mango/78.jpg,Mango,spoiled,3,1,7,Mango_spoiled,340
data/raw/FRUIT-16K/S_Mango/79.jpg,Mango,spoiled,3,1,7,Mango_spoiled,340
data/raw/FRUIT-16K/S_Mango/80.jpg,Mango,spoiled,3,1,7,Mango_spoiled,340
data/raw/FRUIT-16K/S_Mango/81.jpg,Mango,spoiled,3,1,7,Mango_spoiled,340
data/raw/FRUIT-16K/S_Mango/82.jpg,Mango,spoiled,3,1,7,Mango_spoiled,340
data/raw/FRUIT-16K/S_Mango/83.jpg,Mango,spoiled,3,1,7,Mango_spoiled,340
data/raw/FRUIT-16K/S_Mango/84.jpg,Mango,spoiled,3,1,7,Mango_spoiled,340
data/raw/FRUIT-16K/S_Mango/85.jpg,Mango,spoiled,3,1,7,Mango_spoiled,340
data/raw/FRUIT-16K/S_Mango/86.jpg,Mango,spoiled,3,1,7,Mango_spoiled,340
data/raw/FRUIT-16K/S_Mango/87.jpg,Mango,spoiled,3,1,7,Mango_spoiled,340
data/raw/FRUIT-16K/S_Mango/88.jpg,Mango,spoiled,3,1,7,Mango_spoiled,340
data/raw/FRUIT-16K/S_Mango/89.jpg,Mango,spoiled,3,1,7,Mango_spoiled,340
data/raw/FRUIT-16K/S_Mango/90.jpg,Mango,spoiled,3,1,7,Mango_spoiled,340
data/raw/FRUIT-16K/S_Mango/91.jpg,Mango,spoiled,3,1,7,Mango_spoiled,340
data/raw/FRUIT-16K/S_Mango/92.jpg,Mango,spoiled,3,1,7,Mango_spoiled,340
data/raw/FRUIT-16K/S_Mango/93.jpg,Mango,spoiled,3,1,7,Mango_spoiled,340
data/raw/FRUIT-16K/S_Mango/94.jpg,Mango,spoiled,3,1,7,Mango_spoiled,340
data/raw/FRUIT-16K/S_Mango/95.jpg,Mango,spoiled,3,1,7,Mango_spoiled,340
data/raw/FRUIT-16K/S_Mango/96.jpg,Mango,spoiled,3,1,7,Mango_spoiled,340
data/raw/FRUIT-16K/S_Mango/97.jpg,Mango,spoiled,3,1,7,Mango_spoiled,340
data/raw/FRUIT-16K/S_Mango/98.jpg,Mango,spoiled,3,1,7,Mango_spoiled,340
data/raw/FRUIT-16K/S_Mango/99.jpg,Mango,spoiled,3,1,7,Mango_spoiled,340
data/raw/FRUIT-16K/S_Mango/100.jpg,Mango,spoiled,3,1,7,Mango_spoiled,340
data/raw/FRUIT-16K/S_Mango/126.jpg,Mango,spoiled,3,1,7,Mango_spoiled,342
data/raw/FRUIT-16K/S_Mango/127.jpg,Mango,spoiled,3,1,7,Mango_spoiled,342
data/raw/FRUIT-16K/S_Mango/128.jpg,Mango,spoiled,3,1,7,Mango_spoiled,342
data/raw/FRUIT-16K/S_Mango/129.jpg,Mango,spoiled,3,1,7,Mango_spoiled,342
data/raw/FRUIT-16K/S_Mango/130.jpg,Mango,spoiled,3,1,7,Mango_spoiled,342
data/raw/FRUIT-16K/S_Mango/131.jpg,Mango,spoiled,3,1,7,Mango_spoiled,342
data/raw/FRUIT-16K/S_Mango/132.jpg,Mango,spoiled,3,1,7,Mango_spoiled,342
data/raw/FRUIT-16K/S_Mango/133.jpg,Mango,spoiled,3,1,7,Mango_spoiled,342
data/raw/FRUIT-16K/S_Mango/134.jpg,Mango,spoiled,3,1,7,Mango_spoiled,342
data/raw/FRUIT-16K/S_Mango/135.jpg,Mango,spoiled,3,1,7,Mango_spoiled,342
data/raw/FRUIT-16K/S_Mango/136.jpg,Mango,spoiled,3,1,7,Mango_spoiled,342
data/raw/FRUIT-16K/S_Mango/137.jpg,Mango,spoiled,3,1,7,Mango_spoiled,342
data/raw/FRUIT-16K/S_Mango/138.jpg,Mango,spoiled,3,1,7,Mango_spoiled,342
data/raw/FRUIT-16K/S_Mango/139.jpg,Mango,spoiled,3,1,7,Mango_spoiled,342
data/raw/FRUIT-16K/S_Mango/140.jpg,Mango,spoiled,3,1,7,Mango_spoiled,342
data/raw/FRUIT-16K/S_Mango/141.jpg,Mango,spoiled,3,1,7,Mango_spoiled,342
data/raw/FRUIT-16K/S_Mango/142.jpg,Mango,spoiled,3,1,7,Mango_spoiled,342
data/raw/FRUIT-16K/S_Mango/143.jpg,Mango,spoiled,3,1,7,Mango_spoiled,342
data/raw/FRUIT-16K/S_Mango/144.jpg,Mango,spoiled,3,1,7,Mango_spoiled,342
data/raw/FRUIT-16K/S_Mango/145.jpg,Mango,spoiled,3,1,7,Mango_spoiled,342
data/raw/FRUIT-16K/S_Mango/146.jpg,Mango,spoiled,3,1,7,Mango_spoiled,342
data/raw/FRUIT-16K/S_Mango/147.jpg,Mango,spoiled,3,1,7,Mango_spoiled,342
data/raw/FRUIT-16K/S_Mango/148.jpg,Mango,spoiled,3,1,7,Mango_spoiled,342
data/raw/FRUIT-16K/S_Mango/149.jpg,Mango,spoiled,3,1,7,Mango_spoiled,342
data/raw/FRUIT-16K/S_Mango/150.jpg,Mango,spoiled,3,1,7,Mango_spoiled,342
data/raw/FRUIT-16K/S_Mango/151.jpg,Mango,spoiled,3,1,7,Mango_spoiled,343
data/raw/FRUIT-16K/S_Mango/152.jpg,Mango,spoiled,3,1,7,Mango_spoiled,343
data/raw/FRUIT-16K/S_Mango/153.jpg,Mango,spoiled,3,1,7,Mango_spoiled,343
data/raw/FRUIT-16K/S_Mango/154.jpg,Mango,spoiled,3,1,7,Mango_spoiled,343
data/raw/FRUIT-16K/S_Mango/155.jpg,Mango,spoiled,3,1,7,Mango_spoiled,343
data/raw/FRUIT-16K/S_Mango/156.jpg,Mango,spoiled,3,1,7,Mango_spoiled,343
data/raw/FRUIT-16K/S_Mango/157.jpg,Mango,spoiled,3,1,7,Mango_spoiled,343
data/raw/FRUIT-16K/S_Mango/158.jpg,Mango,spoiled,3,1,7,Mango_spoiled,343
data/raw/FRUIT-16K/S_Mango/159.jpg,Mango,spoiled,3,1,7,Mango_spoiled,343
data/raw/FRUIT-16K/S_Mango/160.jpg,Mango,spoiled,3,1,7,Mango_spoiled,343
data/raw/FRUIT-16K/S_Mango/161.jpg,Mango,spoiled,3,1,7,Mango_spoiled,343
data/raw/FRUIT-16K/S_Mango/162.jpg,Mango,spoiled,3,1,7,Mango_spoiled,343
data/raw/FRUIT-16K/S_Mango/163.jpg,Mango,spoiled,3,1,7,Mango_spoiled,343
data/raw/FRUIT-16K/S_Mango/164.jpg,Mango,spoiled,3,1,7,Mango_spoiled,343
data/raw/FRUIT-16K/S_Mango/165.jpg,Mango,spoiled,3,1,7,Mango_spoiled,343
data/raw/FRUIT-16K/S_Mango/166.jpg,Mango,spoiled,3,1,7,Mango_spoiled,343
data/raw/FRUIT-16K/S_Mango/167.jpg,Mango,spoiled,3,1,7,Mango_spoiled,343
data/raw/FRUIT-16K/S_Mango/168.jpg,Mango,spoiled,3,1,7,Mango_spoiled,343
data/raw/FRUIT-16K/S_Mango/169.jpg,Mango,spoiled,3,1,7,Mango_spoiled,343
data/raw/FRUIT-16K/S_Mango/170.jpg,Mango,spoiled,3,1,7,Mango_spoiled,343
data/raw/FRUIT-16K/S_Mango/171.jpg,Mango,spoiled,3,1,7,Mango_spoiled,343
data/raw/FRUIT-16K/S_Mango/172.jpg,Mango,spoiled,3,1,7,Mango_spoiled,343
data/raw/FRUIT-16K/S_Mango/173.jpg,Mango,spoiled,3,1,7,Mango_spoiled,343
data/raw/FRUIT-16K/S_Mango/174.jpg,Mango,spoiled,3,1,7,Mango_spoiled,343
data/raw/FRUIT-16K/S_Mango/175.jpg,Mango,spoiled,3,1,7,Mango_spoiled,343
data/raw/FRUIT-16K/S_Mango/226.jpg,Mango,spoiled,3,1,7,Mango_spoiled,346
data/raw/FRUIT-16K/S_Mango/227.jpg,Mango,spoiled,3,1,7,Mango_spoiled,346
data/raw/FRUIT-16K/S_Mango/228.jpg,Mango,spoiled,3,1,7,Mango_spoiled,346
data/raw/FRUIT-16K/S_Mango/229.jpg,Mango,spoiled,3,1,7,Mango_spoiled,346
data/raw/FRUIT-16K/S_Mango/230.jpg,Mango,spoiled,3,1,7,Mango_spoiled,346
data/raw/FRUIT-16K/S_Mango/231.jpg,Mango,spoiled,3,1,7,Mango_spoiled,346
data/raw/FRUIT-16K/S_Mango/232.jpg,Mango,spoiled,3,1,7,Mango_spoiled,346
data/raw/FRUIT-16K/S_Mango/233.jpg,Mango,spoiled,3,1,7,Mango_spoiled,346
data/raw/FRUIT-16K/S_Mango/234.jpg,Mango,spoiled,3,1,7,Mango_spoiled,346
data/raw/FRUIT-16K/S_Mango/235.jpg,Mango,spoiled,3,1,7,Mango_spoiled,346
data/raw/FRUIT-16K/S_Mango/236.jpg,Mango,spoiled,3,1,7,Mango_spoiled,346
data/raw/FRUIT-16K/S_Mango/237.jpg,Mango,spoiled,3,1,7,Mango_spoiled,346
data/raw/FRUIT-16K/S_Mango/238.jpg,Mango,spoiled,3,1,7,Mango_spoiled,346
data/raw/FRUIT-16K/S_Mango/239.jpg,Mango,spoiled,3,1,7,Mango_spoiled,346
data/raw/FRUIT-16K/S_Mango/240.jpg,Mango,spoiled,3,1,7,Mango_spoiled,346
data/raw/FRUIT-16K/S_Mango/241.jpg,Mango,spoiled,3,1,7,Mango_spoiled,346
data/raw/FRUIT-16K/S_Mango/242.jpg,Mango,spoiled,3,1,7,Mango_spoiled,346
data/raw/FRUIT-16K/S_Mango/243.jpg,Mango,spoiled,3,1,7,Mango_spoiled,346
data/raw/FRUIT-16K/S_Mango/244.jpg,Mango,spoiled,3,1,7,Mango_spoiled,346
data/raw/FRUIT-16K/S_Mango/245.jpg,Mango,spoiled,3,1,7,Mango_spoiled,346
data/raw/FRUIT-16K/S_Mango/246.jpg,Mango,spoiled,3,1,7,Mango_spoiled,346
data/raw/FRUIT-16K/S_Mango/247.jpg,Mango,spoiled,3,1,7,Mango_spoiled,346
data/raw/FRUIT-16K/S_Mango/248.jpg,Mango,spoiled,3,1,7,Mango_spoiled,346
data/raw/FRUIT-16K/S_Mango/249.jpg,Mango,spoiled,3,1,7,Mango_spoiled,346
data/raw/FRUIT-16K/S_Mango/250.jpg,Mango,spoiled,3,1,7,Mango_spoiled,346
data/raw/FRUIT-16K/S_Mango/251.jpg,Mango,spoiled,3,1,7,Mango_spoiled,347
data/raw/FRUIT-16K/S_Mango/252.jpg,Mango,spoiled,3,1,7,Mango_spoiled,347
data/raw/FRUIT-16K/S_Mango/253.jpg,Mango,spoiled,3,1,7,Mango_spoiled,347
data/raw/FRUIT-16K/S_Mango/254.jpg,Mango,spoiled,3,1,7,Mango_spoiled,347
data/raw/FRUIT-16K/S_Mango/255.jpg,Mango,spoiled,3,1,7,Mango_spoiled,347
data/raw/FRUIT-16K/S_Mango/256.jpg,Mango,spoiled,3,1,7,Mango_spoiled,347
data/raw/FRUIT-16K/S_Mango/257.jpg,Mango,spoiled,3,1,7,Mango_spoiled,347
data/raw/FRUIT-16K/S_Mango/258.jpg,Mango,spoiled,3,1,7,Mango_spoiled,347
data/raw/FRUIT-16K/S_Mango/259.jpg,Mango,spoiled,3,1,7,Mango_spoiled,347
data/raw/FRUIT-16K/S_Mango/260.jpg,Mango,spoiled,3,1,7,Mango_spoiled,347
data/raw/FRUIT-16K/S_Mango/261.jpg,Mango,spoiled,3,1,7,Mango_spoiled,347
data/raw/FRUIT-16K/S_Mango/262.jpg,Mango,spoiled,3,1,7,Mango_spoiled,347
data/raw/FRUIT-16K/S_Mango/263.jpg,Mango,spoiled,3,1,7,Mango_spoiled,347
data/raw/FRUIT-16K/S_Mango/264.jpg,Mango,spoiled,3,1,7,Mango_spoiled,347
data/raw/FRUIT-16K/S_Mango/265.jpg,Mango,spoiled,3,1,7,Mango_spoiled,347
data/raw/FRUIT-16K/S_Mango/266.jpg,Mango,spoiled,3,1,7,Mango_spoiled,347
data/raw/FRUIT-16K/S_Mango/267.jpg,Mango,spoiled,3,1,7,Mango_spoiled,347
data/raw/FRUIT-16K/S_Mango/268.jpg,Mango,spoiled,3,1,7,Mango_spoiled,347
data/raw/FRUIT-16K/S_Mango/269.jpg,Mango,spoiled,3,1,7,Mango_spoiled,347
data/raw/FRUIT-16K/S_Mango/270.jpg,Mango,spoiled,3,1,7,Mango_spoiled,347
data/raw/FRUIT-16K/S_Mango/271.jpg,Mango,spoiled,3,1,7,Mango_spoiled,347
data/raw/FRUIT-16K/S_Mango/272.jpg,Mango,spoiled,3,1,7,Mango_spoiled,347
data/raw/FRUIT-16K/S_Mango/273.jpg,Mango,spoiled,3,1,7,Mango_spoiled,347
data/raw/FRUIT-16K/S_Mango/274.jpg,Mango,spoiled,3,1,7,Mango_spoiled,347
data/raw/FRUIT-16K/S_Mango/275.jpg,Mango,spoiled,3,1,7,Mango_spoiled,347
data/raw/FRUIT-16K/S_Mango/301.jpg,Mango,spoiled,3,1,7,Mango_spoiled,349
data/raw/FRUIT-16K/S_Mango/302.jpg,Mango,spoiled,3,1,7,Mango_spoiled,349
data/raw/FRUIT-16K/S_Mango/303.jpg,Mango,spoiled,3,1,7,Mango_spoiled,349
data/raw/FRUIT-16K/S_Mango/304.jpg,Mango,spoiled,3,1,7,Mango_spoiled,349
data/raw/FRUIT-16K/S_Mango/305.jpg,Mango,spoiled,3,1,7,Mango_spoiled,349
data/raw/FRUIT-16K/S_Mango/306.jpg,Mango,spoiled,3,1,7,Mango_spoiled,349
data/raw/FRUIT-16K/S_Mango/307.jpg,Mango,spoiled,3,1,7,Mango_spoiled,349
data/raw/FRUIT-16K/S_Mango/308.jpg,Mango,spoiled,3,1,7,Mango_spoiled,349
data/raw/FRUIT-16K/S_Mango/309.jpg,Mango,spoiled,3,1,7,Mango_spoiled,349
data/raw/FRUIT-16K/S_Mango/310.jpg,Mango,spoiled,3,1,7,Mango_spoiled,349
data/raw/FRUIT-16K/S_Mango/311.jpg,Mango,spoiled,3,1,7,Mango_spoiled,349
data/raw/FRUIT-16K/S_Mango/312.jpg,Mango,spoiled,3,1,7,Mango_spoiled,349
data/raw/FRUIT-16K/S_Mango/313.jpg,Mango,spoiled,3,1,7,Mango_spoiled,349
data/raw/FRUIT-16K/S_Mango/314.jpg,Mango,spoiled,3,1,7,Mango_spoiled,349
data/raw/FRUIT-16K/S_Mango/315.jpg,Mango,spoiled,3,1,7,Mango_spoiled,349
data/raw/FRUIT-16K/S_Mango/316.jpg,Mango,spoiled,3,1,7,Mango_spoiled,349
data/raw/FRUIT-16K/S_Mango/317.jpg,Mango,spoiled,3,1,7,Mango_spoiled,349
data/raw/FRUIT-16K/S_Mango/318.jpg,Mango,spoiled,3,1,7,Mango_spoiled,349
data/raw/FRUIT-16K/S_Mango/319.jpg,Mango,spoiled,3,1,7,Mango_spoiled,349
data/raw/FRUIT-16K/S_Mango/320.jpg,Mango,spoiled,3,1,7,Mango_spoiled,349
data/raw/FRUIT-16K/S_Mango/321.jpg,Mango,spoiled,3,1,7,Mango_spoiled,349
data/raw/FRUIT-16K/S_Mango/322.jpg,Mango,spoiled,3,1,7,Mango_spoiled,349
data/raw/FRUIT-16K/S_Mango/323.jpg,Mango,spoiled,3,1,7,Mango_spoiled,349
data/raw/FRUIT-16K/S_Mango/324.jpg,Mango,spoiled,3,1,7,Mango_spoiled,349
data/raw/FRUIT-16K/S_Mango/325.jpg,Mango,spoiled,3,1,7,Mango_spoiled,349
data/raw/FRUIT-16K/S_Mango/326.jpg,Mango,spoiled,3,1,7,Mango_spoiled,350
data/raw/FRUIT-16K/S_Mango/327.jpg,Mango,spoiled,3,1,7,Mango_spoiled,350
data/raw/FRUIT-16K/S_Mango/328.jpg,Mango,spoiled,3,1,7,Mango_spoiled,350
data/raw/FRUIT-16K/S_Mango/329.jpg,Mango,spoiled,3,1,7,Mango_spoiled,350
data/raw/FRUIT-16K/S_Mango/330.jpg,Mango,spoiled,3,1,7,Mango_spoiled,350
data/raw/FRUIT-16K/S_Mango/331.jpg,Mango,spoiled,3,1,7,Mango_spoiled,350
data/raw/FRUIT-16K/S_Mango/332.jpg,Mango,spoiled,3,1,7,Mango_spoiled,350
data/raw/FRUIT-16K/S_Mango/333.jpg,Mango,spoiled,3,1,7,Mango_spoiled,350
data/raw/FRUIT-16K/S_Mango/334.jpg,Mango,spoiled,3,1,7,Mango_spoiled,350
data/raw/FRUIT-16K/S_Mango/335.jpg,Mango,spoiled,3,1,7,Mango_spoiled,350
data/raw/FRUIT-16K/S_Mango/336.jpg,Mango,spoiled,3,1,7,Mango_spoiled,350
data/raw/FRUIT-16K/S_Mango/337.jpg,Mango,spoiled,3,1,7,Mango_spoiled,350
data/raw/FRUIT-16K/S_Mango/338.jpg,Mango,spoiled,3,1,7,Mango_spoiled,350
data/raw/FRUIT-16K/S_Mango/339.jpg,Mango,spoiled,3,1,7,Mango_spoiled,350
data/raw/FRUIT-16K/S_Mango/340.jpg,Mango,spoiled,3,1,7,Mango_spoiled,350
data/raw/FRUIT-16K/S_Mango/341.jpg,Mango,spoiled,3,1,7,Mango_spoiled,350
data/raw/FRUIT-16K/S_Mango/342.jpg,Mango,spoiled,3,1,7,Mango_spoiled,350
data/raw/FRUIT-16K/S_Mango/343.jpg,Mango,spoiled,3,1,7,Mango_spoiled,350
data/raw/FRUIT-16K/S_Mango/344.jpg,Mango,spoiled,3,1,7,Mango_spoiled,350
data/raw/FRUIT-16K/S_Mango/345.jpg,Mango,spoiled,3,1,7,Mango_spoiled,350
data/raw/FRUIT-16K/S_Mango/346.jpg,Mango,spoiled,3,1,7,Mango_spoiled,350
data/raw/FRUIT-16K/S_Mango/347.jpg,Mango,spoiled,3,1,7,Mango_spoiled,350
data/raw/FRUIT-16K/S_Mango/348.jpg,Mango,spoiled,3,1,7,Mango_spoiled,350
data/raw/FRUIT-16K/S_Mango/349.jpg,Mango,spoiled,3,1,7,Mango_spoiled,350
data/raw/FRUIT-16K/S_Mango/350.jpg,Mango,spoiled,3,1,7,Mango_spoiled,350
data/raw/FRUIT-16K/S_Mango/351.jpg,Mango,spoiled,3,1,7,Mango_spoiled,349
data/raw/FRUIT-16K/S_Mango/352.jpg,Mango,spoiled,3,1,7,Mango_spoiled,349
data/raw/FRUIT-16K/S_Mango/353.jpg,Mango,spoiled,3,1,7,Mango_spoiled,349
data/raw/FRUIT-16K/S_Mango/354.jpg,Mango,spoiled,3,1,7,Mango_spoiled,349
data/raw/FRUIT-16K/S_Mango/355.jpg,Mango,spoiled,3,1,7,Mango_spoiled,349
data/raw/FRUIT-16K/S_Mango/356.jpg,Mango,spoiled,3,1,7,Mango_spoiled,349
data/raw/FRUIT-16K/S_Mango/357.jpg,Mango,spoiled,3,1,7,Mango_spoiled,349
data/raw/FRUIT-16K/S_Mango/358.jpg,Mango,spoiled,3,1,7,Mango_spoiled,349
data/raw/FRUIT-16K/S_Mango/359.jpg,Mango,spoiled,3,1,7,Mango_spoiled,349
data/raw/FRUIT-16K/S_Mango/360.jpg,Mango,spoiled,3,1,7,Mango_spoiled,349
data/raw/FRUIT-16K/S_Mango/361.jpg,Mango,spoiled,3,1,7,Mango_spoiled,349
data/raw/FRUIT-16K/S_Mango/362.jpg,Mango,spoiled,3,1,7,Mango_spoiled,349
data/raw/FRUIT-16K/S_Mango/363.jpg,Mango,spoiled,3,1,7,Mango_spoiled,349
data/raw/FRUIT-16K/S_Mango/364.jpg,Mango,spoiled,3,1,7,Mango_spoiled,349
data/raw/FRUIT-16K/S_Mango/365.jpg,Mango,spoiled,3,1,7,Mango_spoiled,349
data/raw/FRUIT-16K/S_Mango/366.jpg,Mango,spoiled,3,1,7,Mango_spoiled,349
data/raw/FRUIT-16K/S_Mango/367.jpg,Mango,spoiled,3,1,7,Mango_spoiled,349
data/raw/FRUIT-16K/S_Mango/368.jpg,Mango,spoiled,3,1,7,Mango_spoiled,349
data/raw/FRUIT-16K/S_Mango/369.jpg,Mango,spoiled,3,1,7,Mango_spoiled,349
data/raw/FRUIT-16K/S_Mango/370.jpg,Mango,spoiled,3,1,7,Mango_spoiled,349
data/raw/FRUIT-16K/S_Mango/371.jpg,Mango,spoiled,3,1,7,Mango_spoiled,349
data/raw/FRUIT-16K/S_Mango/372.jpg,Mango,spoiled,3,1,7,Mango_spoiled,349
data/raw/FRUIT-16K/S_Mango/373.jpg,Mango,spoiled,3,1,7,Mango_spoiled,349
data/raw/FRUIT-16K/S_Mango/374.jpg,Mango,spoiled,3,1,7,Mango_spoiled,349
data/raw/FRUIT-16K/S_Mango/375.jpg,Mango,spoiled,3,1,7,Mango_spoiled,349
data/raw/FRUIT-16K/S_Mango/376.jpg,Mango,spoiled,3,1,7,Mango_spoiled,351
data/raw/FRUIT-16K/S_Mango/377.jpg,Mango,spoiled,3,1,7,Mango_spoiled,351
data/raw/FRUIT-16K/S_Mango/378.jpg,Mango,spoiled,3,1,7,Mango_spoiled,351
data/raw/FRUIT-16K/S_Mango/379.jpg,Mango,spoiled,3,1,7,Mango_spoiled,351
data/raw/FRUIT-16K/S_Mango/380.jpg,Mango,spoiled,3,1,7,Mango_spoiled,351
data/raw/FRUIT-16K/S_Mango/381.jpg,Mango,spoiled,3,1,7,Mango_spoiled,351
data/raw/FRUIT-16K/S_Mango/382.jpg,Mango,spoiled,3,1,7,Mango_spoiled,351
data/raw/FRUIT-16K/S_Mango/383.jpg,Mango,spoiled,3,1,7,Mango_spoiled,351
data/raw/FRUIT-16K/S_Mango/384.jpg,Mango,spoiled,3,1,7,Mango_spoiled,351
data/raw/FRUIT-16K/S_Mango/385.jpg,Mango,spoiled,3,1,7,Mango_spoiled,351
data/raw/FRUIT-16K/S_Mango/386.jpg,Mango,spoiled,3,1,7,Mango_spoiled,351
data/raw/FRUIT-16K/S_Mango/387.jpg,Mango,spoiled,3,1,7,Mango_spoiled,351
data/raw/FRUIT-16K/S_Mango/388.jpg,Mango,spoiled,3,1,7,Mango_spoiled,351
data/raw/FRUIT-16K/S_Mango/389.jpg,Mango,spoiled,3,1,7,Mango_spoiled,351
data/raw/FRUIT-16K/S_Mango/390.jpg,Mango,spoiled,3,1,7,Mango_spoiled,351
data/raw/FRUIT-16K/S_Mango/391.jpg,Mango,spoiled,3,1,7,Mango_spoiled,351
data/raw/FRUIT-16K/S_Mango/392.jpg,Mango,spoiled,3,1,7,Mango_spoiled,351
data/raw/FRUIT-16K/S_Mango/393.jpg,Mango,spoiled,3,1,7,Mango_spoiled,351
data/raw/FRUIT-16K/S_Mango/394.jpg,Mango,spoiled,3,1,7,Mango_spoiled,351
data/raw/FRUIT-16K/S_Mango/395.jpg,Mango,spoiled,3,1,7,Mango_spoiled,351
data/raw/FRUIT-16K/S_Mango/396.jpg,Mango,spoiled,3,1,7,Mango_spoiled,351
data/raw/FRUIT-16K/S_Mango/397.jpg,Mango,spoiled,3,1,7,Mango_spoiled,351
data/raw/FRUIT-16K/S_Mango/398.jpg,Mango,spoiled,3,1,7,Mango_spoiled,351
data/raw/FRUIT-16K/S_Mango/399.jpg,Mango,spoiled,3,1,7,Mango_spoiled,351
data/raw/FRUIT-16K/S_Mango/400.jpg,Mango,spoiled,3,1,7,Mango_spoiled,351
data/raw/FRUIT-16K/S_Mango/401.jpg,Mango,spoiled,3,1,7,Mango_spoiled,352
data/raw/FRUIT-16K/S_Mango/402.jpg,Mango,spoiled,3,1,7,Mango_spoiled,352
data/raw/FRUIT-16K/S_Mango/403.jpg,Mango,spoiled,3,1,7,Mango_spoiled,352
data/raw/FRUIT-16K/S_Mango/404.jpg,Mango,spoiled,3,1,7,Mango_spoiled,352
data/raw/FRUIT-16K/S_Mango/405.jpg,Mango,spoiled,3,1,7,Mango_spoiled,352
data/raw/FRUIT-16K/S_Mango/406.jpg,Mango,spoiled,3,1,7,Mango_spoiled,352
data/raw/FRUIT-16K/S_Mango/407.jpg,Mango,spoiled,3,1,7,Mango_spoiled,352
data/raw/FRUIT-16K/S_Mango/408.jpg,Mango,spoiled,3,1,7,Mango_spoiled,352
data/raw/FRUIT-16K/S_Mango/409.jpg,Mango,spoiled,3,1,7,Mango_spoiled,352
data/raw/FRUIT-16K/S_Mango/410.jpg,Mango,spoiled,3,1,7,Mango_spoiled,352
data/raw/FRUIT-16K/S_Mango/411.jpg,Mango,spoiled,3,1,7,Mango_spoiled,352
data/raw/FRUIT-16K/S_Mango/412.jpg,Mango,spoiled,3,1,7,Mango_spoiled,352
data/raw/FRUIT-16K/S_Mango/413.jpg,Mango,spoiled,3,1,7,Mango_spoiled,352
data/raw/FRUIT-16K/S_Mango/414.jpg,Mango,spoiled,3,1,7,Mango_spoiled,352
data/raw/FRUIT-16K/S_Mango/415.jpg,Mango,spoiled,3,1,7,Mango_spoiled,352
data/raw/FRUIT-16K/S_Mango/416.jpg,Mango,spoiled,3,1,7,Mango_spoiled,352
data/raw/FRUIT-16K/S_Mango/417.jpg,Mango,spoiled,3,1,7,Mango_spoiled,352
data/raw/FRUIT-16K/S_Mango/418.jpg,Mango,spoiled,3,1,7,Mango_spoiled,352
data/raw/FRUIT-16K/S_Mango/419.jpg,Mango,spoiled,3,1,7,Mango_spoiled,352
data/raw/FRUIT-16K/S_Mango/420.jpg,Mango,spoiled,3,1,7,Mango_spoiled,352
data/raw/FRUIT-16K/S_Mango/421.jpg,Mango,spoiled,3,1,7,Mango_spoiled,352
data/raw/FRUIT-16K/S_Mango/422.jpg,Mango,spoiled,3,1,7,Mango_spoiled,352
data/raw/FRUIT-16K/S_Mango/423.jpg,Mango,spoiled,3,1,7,Mango_spoiled,352
data/raw/FRUIT-16K/S_Mango/424.jpg,Mango,spoiled,3,1,7,Mango_spoiled,352
data/raw/FRUIT-16K/S_Mango/425.jpg,Mango,spoiled,3,1,7,Mango_spoiled,352
data/raw/FRUIT-16K/S_Mango/451.jpg,Mango,spoiled,3,1,7,Mango_spoiled,354
data/raw/FRUIT-16K/S_Mango/452.jpg,Mango,spoiled,3,1,7,Mango_spoiled,354
data/raw/FRUIT-16K/S_Mango/453.jpg,Mango,spoiled,3,1,7,Mango_spoiled,354
data/raw/FRUIT-16K/S_Mango/454.jpg,Mango,spoiled,3,1,7,Mango_spoiled,354
data/raw/FRUIT-16K/S_Mango/455.jpg,Mango,spoiled,3,1,7,Mango_spoiled,354
data/raw/FRUIT-16K/S_Mango/456.jpg,Mango,spoiled,3,1,7,Mango_spoiled,354
data/raw/FRUIT-16K/S_Mango/457.jpg,Mango,spoiled,3,1,7,Mango_spoiled,354
data/raw/FRUIT-16K/S_Mango/458.jpg,Mango,spoiled,3,1,7,Mango_spoiled,354
data/raw/FRUIT-16K/S_Mango/459.jpg,Mango,spoiled,3,1,7,Mango_spoiled,354
data/raw/FRUIT-16K/S_Mango/460.jpg,Mango,spoiled,3,1,7,Mango_spoiled,354
data/raw/FRUIT-16K/S_Mango/461.jpg,Mango,spoiled,3,1,7,Mango_spoiled,354
data/raw/FRUIT-16K/S_Mango/462.jpg,Mango,spoiled,3,1,7,Mango_spoiled,354
data/raw/FRUIT-16K/S_Mango/463.jpg,Mango,spoiled,3,1,7,Mango_spoiled,354
data/raw/FRUIT-16K/S_Mango/464.jpg,Mango,spoiled,3,1,7,Mango_spoiled,354
data/raw/FRUIT-16K/S_Mango/465.jpg,Mango,spoiled,3,1,7,Mango_spoiled,354
data/raw/FRUIT-16K/S_Mango/466.jpg,Mango,spoiled,3,1,7,Mango_spoiled,354
data/raw/FRUIT-16K/S_Mango/467.jpg,Mango,spoiled,3,1,7,Mango_spoiled,354
data/raw/FRUIT-16K/S_Mango/468.jpg,Mango,spoiled,3,1,7,Mango_spoiled,354
data/raw/FRUIT-16K/S_Mango/469.jpg,Mango,spoiled,3,1,7,Mango_spoiled,354
data/raw/FRUIT-16K/S_Mango/470.jpg,Mango,spoiled,3,1,7,Mango_spoiled,354
data/raw/FRUIT-16K/S_Mango/471.jpg,Mango,spoiled,3,1,7,Mango_spoiled,354
data/raw/FRUIT-16K/S_Mango/472.jpg,Mango,spoiled,3,1,7,Mango_spoiled,354
data/raw/FRUIT-16K/S_Mango/473.jpg,Mango,spoiled,3,1,7,Mango_spoiled,354
data/raw/FRUIT-16K/S_Mango/474.jpg,Mango,spoiled,3,1,7,Mango_spoiled,354
data/raw/FRUIT-16K/S_Mango/475.jpg,Mango,spoiled,3,1,7,Mango_spoiled,354
data/raw/FRUIT-16K/S_Mango/476.jpg,Mango,spoiled,3,1,7,Mango_spoiled,355
data/raw/FRUIT-16K/S_Mango/477.jpg,Mango,spoiled,3,1,7,Mango_spoiled,355
data/raw/FRUIT-16K/S_Mango/478.jpg,Mango,spoiled,3,1,7,Mango_spoiled,355
data/raw/FRUIT-16K/S_Mango/479.jpg,Mango,spoiled,3,1,7,Mango_spoiled,355
data/raw/FRUIT-16K/S_Mango/480.jpg,Mango,spoiled,3,1,7,Mango_spoiled,355
data/raw/FRUIT-16K/S_Mango/481.jpg,Mango,spoiled,3,1,7,Mango_spoiled,355
data/raw/FRUIT-16K/S_Mango/482.jpg,Mango,spoiled,3,1,7,Mango_spoiled,355
data/raw/FRUIT-16K/S_Mango/483.jpg,Mango,spoiled,3,1,7,Mango_spoiled,355
data/raw/FRUIT-16K/S_Mango/484.jpg,Mango,spoiled,3,1,7,Mango_spoiled,355
data/raw/FRUIT-16K/S_Mango/485.jpg,Mango,spoiled,3,1,7,Mango_spoiled,355
data/raw/FRUIT-16K/S_Mango/486.jpg,Mango,spoiled,3,1,7,Mango_spoiled,355
data/raw/FRUIT-16K/S_Mango/487.jpg,Mango,spoiled,3,1,7,Mango_spoiled,355
data/raw/FRUIT-16K/S_Mango/488.jpg,Mango,spoiled,3,1,7,Mango_spoiled,355
data/raw/FRUIT-16K/S_Mango/489.jpg,Mango,spoiled,3,1,7,Mango_spoiled,355
data/raw/FRUIT-16K/S_Mango/490.jpg,Mango,spoiled,3,1,7,Mango_spoiled,355
data/raw/FRUIT-16K/S_Mango/491.jpg,Mango,spoiled,3,1,7,Mango_spoiled,355
data/raw/FRUIT-16K/S_Mango/492.jpg,Mango,spoiled,3,1,7,Mango_spoiled,355
data/raw/FRUIT-16K/S_Mango/493.jpg,Mango,spoiled,3,1,7,Mango_spoiled,355
data/raw/FRUIT-16K/S_Mango/494.jpg,Mango,spoiled,3,1,7,Mango_spoiled,355
data/raw/FRUIT-16K/S_Mango/495.jpg,Mango,spoiled,3,1,7,Mango_spoiled,355
data/raw/FRUIT-16K/S_Mango/496.jpg,Mango,spoiled,3,1,7,Mango_spoiled,355
data/raw/FRUIT-16K/S_Mango/497.jpg,Mango,spoiled,3,1,7,Mango_spoiled,355
data/raw/FRUIT-16K/S_Mango/498.jpg,Mango,spoiled,3,1,7,Mango_spoiled,355
data/raw/FRUIT-16K/S_Mango/499.jpg,Mango,spoiled,3,1,7,Mango_spoiled,355
data/raw/FRUIT-16K/S_Mango/500.jpg,Mango,spoiled,3,1,7,Mango_spoiled,355
data/raw/FRUIT-16K/S_Mango/501.jpg,Mango,spoiled,3,1,7,Mango_spoiled,356
data/raw/FRUIT-16K/S_Mango/502.jpg,Mango,spoiled,3,1,7,Mango_spoiled,356
data/raw/FRUIT-16K/S_Mango/503.jpg,Mango,spoiled,3,1,7,Mango_spoiled,356
data/raw/FRUIT-16K/S_Mango/504.jpg,Mango,spoiled,3,1,7,Mango_spoiled,356
data/raw/FRUIT-16K/S_Mango/505.jpg,Mango,spoiled,3,1,7,Mango_spoiled,356
data/raw/FRUIT-16K/S_Mango/506.jpg,Mango,spoiled,3,1,7,Mango_spoiled,356
data/raw/FRUIT-16K/S_Mango/507.jpg,Mango,spoiled,3,1,7,Mango_spoiled,356
data/raw/FRUIT-16K/S_Mango/508.jpg,Mango,spoiled,3,1,7,Mango_spoiled,356
data/raw/FRUIT-16K/S_Mango/509.jpg,Mango,spoiled,3,1,7,Mango_spoiled,356
data/raw/FRUIT-16K/S_Mango/510.jpg,Mango,spoiled,3,1,7,Mango_spoiled,356
data/raw/FRUIT-16K/S_Mango/511.jpg,Mango,spoiled,3,1,7,Mango_spoiled,356
data/raw/FRUIT-16K/S_Mango/512.jpg,Mango,spoiled,3,1,7,Mango_spoiled,356
data/raw/FRUIT-16K/S_Mango/513.jpg,Mango,spoiled,3,1,7,Mango_spoiled,356
data/raw/FRUIT-16K/S_Mango/514.jpg,Mango,spoiled,3,1,7,Mango_spoiled,356
data/raw/FRUIT-16K/S_Mango/515.jpg,Mango,spoiled,3,1,7,Mango_spoiled,356
data/raw/FRUIT-16K/S_Mango/516.jpg,Mango,spoiled,3,1,7,Mango_spoiled,356
data/raw/FRUIT-16K/S_Mango/517.jpg,Mango,spoiled,3,1,7,Mango_spoiled,356
data/raw/FRUIT-16K/S_Mango/518.jpg,Mango,spoiled,3,1,7,Mango_spoiled,356
data/raw/FRUIT-16K/S_Mango/519.jpg,Mango,spoiled,3,1,7,Mango_spoiled,356
data/raw/FRUIT-16K/S_Mango/520.jpg,Mango,spoiled,3,1,7,Mango_spoiled,356
data/raw/FRUIT-16K/S_Mango/521.jpg,Mango,spoiled,3,1,7,Mango_spoiled,356
data/raw/FRUIT-16K/S_Mango/522.jpg,Mango,spoiled,3,1,7,Mango_spoiled,356
data/raw/FRUIT-16K/S_Mango/523.jpg,Mango,spoiled,3,1,7,Mango_spoiled,356
data/raw/FRUIT-16K/S_Mango/524.jpg,Mango,spoiled,3,1,7,Mango_spoiled,356
data/raw/FRUIT-16K/S_Mango/525.jpg,Mango,spoiled,3,1,7,Mango_spoiled,356
data/raw/FRUIT-16K/S_Mango/526.jpg,Mango,spoiled,3,1,7,Mango_spoiled,356
data/raw/FRUIT-16K/S_Mango/527.jpg,Mango,spoiled,3,1,7,Mango_spoiled,356
data/raw/FRUIT-16K/S_Mango/528.jpg,Mango,spoiled,3,1,7,Mango_spoiled,356
data/raw/FRUIT-16K/S_Mango/529.jpg,Mango,spoiled,3,1,7,Mango_spoiled,356
data/raw/FRUIT-16K/S_Mango/530.jpg,Mango,spoiled,3,1,7,Mango_spoiled,356
data/raw/FRUIT-16K/S_Mango/531.jpg,Mango,spoiled,3,1,7,Mango_spoiled,356
data/raw/FRUIT-16K/S_Mango/532.jpg,Mango,spoiled,3,1,7,Mango_spoiled,356
data/raw/FRUIT-16K/S_Mango/533.jpg,Mango,spoiled,3,1,7,Mango_spoiled,356
data/raw/FRUIT-16K/S_Mango/534.jpg,Mango,spoiled,3,1,7,Mango_spoiled,356
data/raw/FRUIT-16K/S_Mango/535.jpg,Mango,spoiled,3,1,7,Mango_spoiled,356
data/raw/FRUIT-16K/S_Mango/536.jpg,Mango,spoiled,3,1,7,Mango_spoiled,356
data/raw/FRUIT-16K/S_Mango/537.jpg,Mango,spoiled,3,1,7,Mango_spoiled,356
data/raw/FRUIT-16K/S_Mango/538.jpg,Mango,spoiled,3,1,7,Mango_spoiled,356
data/raw/FRUIT-16K/S_Mango/539.jpg,Mango,spoiled,3,1,7,Mango_spoiled,356
data/raw/FRUIT-16K/S_Mango/540.jpg,Mango,spoiled,3,1,7,Mango_spoiled,356
data/raw/FRUIT-16K/S_Mango/541.jpg,Mango,spoiled,3,1,7,Mango_spoiled,356
data/raw/FRUIT-16K/S_Mango/542.jpg,Mango,spoiled,3,1,7,Mango_spoiled,356
data/raw/FRUIT-16K/S_Mango/543.jpg,Mango,spoiled,3,1,7,Mango_spoiled,356
data/raw/FRUIT-16K/S_Mango/544.jpg,Mango,spoiled,3,1,7,Mango_spoiled,356
data/raw/FRUIT-16K/S_Mango/545.jpg,Mango,spoiled,3,1,7,Mango_spoiled,356
data/raw/FRUIT-16K/S_Mango/546.jpg,Mango,spoiled,3,1,7,Mango_spoiled,356
data/raw/FRUIT-16K/S_Mango/547.jpg,Mango,spoiled,3,1,7,Mango_spoiled,356
data/raw/FRUIT-16K/S_Mango/548.jpg,Mango,spoiled,3,1,7,Mango_spoiled,356
data/raw/FRUIT-16K/S_Mango/549.jpg,Mango,spoiled,3,1,7,Mango_spoiled,356
data/raw/FRUIT-16K/S_Mango/550.jpg,Mango,spoiled,3,1,7,Mango_spoiled,356
data/raw/FRUIT-16K/S_Mango/551.jpg,Mango,spoiled,3,1,7,Mango_spoiled,356
data/raw/FRUIT-16K/S_Mango/552.jpg,Mango,spoiled,3,1,7,Mango_spoiled,356
data/raw/FRUIT-16K/S_Mango/553.jpg,Mango,spoiled,3,1,7,Mango_spoiled,356
data/raw/FRUIT-16K/S_Mango/554.jpg,Mango,spoiled,3,1,7,Mango_spoiled,356
data/raw/FRUIT-16K/S_Mango/555.jpg,Mango,spoiled,3,1,7,Mango_spoiled,356
data/raw/FRUIT-16K/S_Mango/556.jpg,Mango,spoiled,3,1,7,Mango_spoiled,356
data/raw/FRUIT-16K/S_Mango/557.jpg,Mango,spoiled,3,1,7,Mango_spoiled,356
data/raw/FRUIT-16K/S_Mango/558.jpg,Mango,spoiled,3,1,7,Mango_spoiled,356
data/raw/FRUIT-16K/S_Mango/559.jpg,Mango,spoiled,3,1,7,Mango_spoiled,356
data/raw/FRUIT-16K/S_Mango/560.jpg,Mango,spoiled,3,1,7,Mango_spoiled,356
data/raw/FRUIT-16K/S_Mango/561.jpg,Mango,spoiled,3,1,7,Mango_spoiled,356
data/raw/FRUIT-16K/S_Mango/562.jpg,Mango,spoiled,3,1,7,Mango_spoiled,356
data/raw/FRUIT-16K/S_Mango/563.jpg,Mango,spoiled,3,1,7,Mango_spoiled,356
data/raw/FRUIT-16K/S_Mango/564.jpg,Mango,spoiled,3,1,7,Mango_spoiled,356
data/raw/FRUIT-16K/S_Mango/565.jpg,Mango,spoiled,3,1,7,Mango_spoiled,356
data/raw/FRUIT-16K/S_Mango/566.jpg,Mango,spoiled,3,1,7,Mango_spoiled,356
data/raw/FRUIT-16K/S_Mango/567.jpg,Mango,spoiled,3,1,7,Mango_spoiled,356
data/raw/FRUIT-16K/S_Mango/568.jpg,Mango,spoiled,3,1,7,Mango_spoiled,356
data/raw/FRUIT-16K/S_Mango/569.jpg,Mango,spoiled,3,1,7,Mango_spoiled,356
data/raw/FRUIT-16K/S_Mango/570.jpg,Mango,spoiled,3,1,7,Mango_spoiled,356
data/raw/FRUIT-16K/S_Mango/571.jpg,Mango,spoiled,3,1,7,Mango_spoiled,356
data/raw/FRUIT-16K/S_Mango/572.jpg,Mango,spoiled,3,1,7,Mango_spoiled,356
data/raw/FRUIT-16K/S_Mango/573.jpg,Mango,spoiled,3,1,7,Mango_spoiled,356
data/raw/FRUIT-16K/S_Mango/574.jpg,Mango,spoiled,3,1,7,Mango_spoiled,356
data/raw/FRUIT-16K/S_Mango/575.jpg,Mango,spoiled,3,1,7,Mango_spoiled,356
data/raw/FRUIT-16K/S_Mango/576.jpg,Mango,spoiled,3,1,7,Mango_spoiled,357
data/raw/FRUIT-16K/S_Mango/577.jpg,Mango,spoiled,3,1,7,Mango_spoiled,357
data/raw/FRUIT-16K/S_Mango/578.jpg,Mango,spoiled,3,1,7,Mango_spoiled,357
data/raw/FRUIT-16K/S_Mango/579.jpg,Mango,spoiled,3,1,7,Mango_spoiled,357
data/raw/FRUIT-16K/S_Mango/580.jpg,Mango,spoiled,3,1,7,Mango_spoiled,357
data/raw/FRUIT-16K/S_Mango/581.jpg,Mango,spoiled,3,1,7,Mango_spoiled,357
data/raw/FRUIT-16K/S_Mango/582.jpg,Mango,spoiled,3,1,7,Mango_spoiled,357
data/raw/FRUIT-16K/S_Mango/583.jpg,Mango,spoiled,3,1,7,Mango_spoiled,357
data/raw/FRUIT-16K/S_Mango/584.jpg,Mango,spoiled,3,1,7,Mango_spoiled,357
data/raw/FRUIT-16K/S_Mango/585.jpg,Mango,spoiled,3,1,7,Mango_spoiled,357
data/raw/FRUIT-16K/S_Mango/586.jpg,Mango,spoiled,3,1,7,Mango_spoiled,357
data/raw/FRUIT-16K/S_Mango/587.jpg,Mango,spoiled,3,1,7,Mango_spoiled,357
data/raw/FRUIT-16K/S_Mango/588.jpg,Mango,spoiled,3,1,7,Mango_spoiled,357
data/raw/FRUIT-16K/S_Mango/589.jpg,Mango,spoiled,3,1,7,Mango_spoiled,357
data/raw/FRUIT-16K/S_Mango/590.jpg,Mango,spoiled,3,1,7,Mango_spoiled,357
data/raw/FRUIT-16K/S_Mango/591.jpg,Mango,spoiled,3,1,7,Mango_spoiled,357
data/raw/FRUIT-16K/S_Mango/592.jpg,Mango,spoiled,3,1,7,Mango_spoiled,357
data/raw/FRUIT-16K/S_Mango/593.jpg,Mango,spoiled,3,1,7,Mango_spoiled,357
data/raw/FRUIT-16K/S_Mango/594.jpg,Mango,spoiled,3,1,7,Mango_spoiled,357
data/raw/FRUIT-16K/S_Mango/595.jpg,Mango,spoiled,3,1,7,Mango_spoiled,357
data/raw/FRUIT-16K/S_Mango/596.jpg,Mango,spoiled,3,1,7,Mango_spoiled,357
data/raw/FRUIT-16K/S_Mango/597.jpg,Mango,spoiled,3,1,7,Mango_spoiled,357
data/raw/FRUIT-16K/S_Mango/598.jpg,Mango,spoiled,3,1,7,Mango_spoiled,357
data/raw/FRUIT-16K/S_Mango/599.jpg,Mango,spoiled,3,1,7,Mango_spoiled,357
data/raw/FRUIT-16K/S_Mango/600.jpg,Mango,spoiled,3,1,7,Mango_spoiled,357
data/raw/FRUIT-16K/S_Mango/626.jpg,Mango,spoiled,3,1,7,Mango_spoiled,359
data/raw/FRUIT-16K/S_Mango/627.jpg,Mango,spoiled,3,1,7,Mango_spoiled,359
data/raw/FRUIT-16K/S_Mango/628.jpg,Mango,spoiled,3,1,7,Mango_spoiled,359
data/raw/FRUIT-16K/S_Mango/629.jpg,Mango,spoiled,3,1,7,Mango_spoiled,359
data/raw/FRUIT-16K/S_Mango/630.jpg,Mango,spoiled,3,1,7,Mango_spoiled,359
data/raw/FRUIT-16K/S_Mango/631.jpg,Mango,spoiled,3,1,7,Mango_spoiled,359
data/raw/FRUIT-16K/S_Mango/632.jpg,Mango,spoiled,3,1,7,Mango_spoiled,359
data/raw/FRUIT-16K/S_Mango/633.jpg,Mango,spoiled,3,1,7,Mango_spoiled,359
data/raw/FRUIT-16K/S_Mango/634.jpg,Mango,spoiled,3,1,7,Mango_spoiled,359
data/raw/FRUIT-16K/S_Mango/635.jpg,Mango,spoiled,3,1,7,Mango_spoiled,359
data/raw/FRUIT-16K/S_Mango/636.jpg,Mango,spoiled,3,1,7,Mango_spoiled,359
data/raw/FRUIT-16K/S_Mango/637.jpg,Mango,spoiled,3,1,7,Mango_spoiled,359
data/raw/FRUIT-16K/S_Mango/638.jpg,Mango,spoiled,3,1,7,Mango_spoiled,359
data/raw/FRUIT-16K/S_Mango/639.jpg,Mango,spoiled,3,1,7,Mango_spoiled,359
data/raw/FRUIT-16K/S_Mango/640.jpg,Mango,spoiled,3,1,7,Mango_spoiled,359
data/raw/FRUIT-16K/S_Mango/641.jpg,Mango,spoiled,3,1,7,Mango_spoiled,359
data/raw/FRUIT-16K/S_Mango/642.jpg,Mango,spoiled,3,1,7,Mango_spoiled,359
data/raw/FRUIT-16K/S_Mango/643.jpg,Mango,spoiled,3,1,7,Mango_spoiled,359
data/raw/FRUIT-16K/S_Mango/644.jpg,Mango,spoiled,3,1,7,Mango_spoiled,359
data/raw/FRUIT-16K/S_Mango/645.jpg,Mango,spoiled,3,1,7,Mango_spoiled,359
data/raw/FRUIT-16K/S_Mango/646.jpg,Mango,spoiled,3,1,7,Mango_spoiled,359
data/raw/FRUIT-16K/S_Mango/647.jpg,Mango,spoiled,3,1,7,Mango_spoiled,359
data/raw/FRUIT-16K/S_Mango/648.jpg,Mango,spoiled,3,1,7,Mango_spoiled,359
data/raw/FRUIT-16K/S_Mango/649.jpg,Mango,spoiled,3,1,7,Mango_spoiled,359
data/raw/FRUIT-16K/S_Mango/650.jpg,Mango,spoiled,3,1,7,Mango_spoiled,359
data/raw/FRUIT-16K/S_Mango/651.jpg,Mango,spoiled,3,1,7,Mango_spoiled,359
data/raw/FRUIT-16K/S_Mango/652.jpg,Mango,spoiled,3,1,7,Mango_spoiled,359
data/raw/FRUIT-16K/S_Mango/653.jpg,Mango,spoiled,3,1,7,Mango_spoiled,359
data/raw/FRUIT-16K/S_Mango/654.jpg,Mango,spoiled,3,1,7,Mango_spoiled,359
data/raw/FRUIT-16K/S_Mango/655.jpg,Mango,spoiled,3,1,7,Mango_spoiled,359
data/raw/FRUIT-16K/S_Mango/656.jpg,Mango,spoiled,3,1,7,Mango_spoiled,359
data/raw/FRUIT-16K/S_Mango/657.jpg,Mango,spoiled,3,1,7,Mango_spoiled,359
data/raw/FRUIT-16K/S_Mango/658.jpg,Mango,spoiled,3,1,7,Mango_spoiled,359
data/raw/FRUIT-16K/S_Mango/659.jpg,Mango,spoiled,3,1,7,Mango_spoiled,359
data/raw/FRUIT-16K/S_Mango/660.jpg,Mango,spoiled,3,1,7,Mango_spoiled,359
data/raw/FRUIT-16K/S_Mango/661.jpg,Mango,spoiled,3,1,7,Mango_spoiled,359
data/raw/FRUIT-16K/S_Mango/662.jpg,Mango,spoiled,3,1,7,Mango_spoiled,359
data/raw/FRUIT-16K/S_Mango/663.jpg,Mango,spoiled,3,1,7,Mango_spoiled,359
data/raw/FRUIT-16K/S_Mango/664.jpg,Mango,spoiled,3,1,7,Mango_spoiled,359
data/raw/FRUIT-16K/S_Mango/665.jpg,Mango,spoiled,3,1,7,Mango_spoiled,359
data/raw/FRUIT-16K/S_Mango/666.jpg,Mango,spoiled,3,1,7,Mango_spoiled,359
data/raw/FRUIT-16K/S_Mango/667.jpg,Mango,spoiled,3,1,7,Mango_spoiled,359
data/raw/FRUIT-16K/S_Mango/668.jpg,Mango,spoiled,3,1,7,Mango_spoiled,359
data/raw/FRUIT-16K/S_Mango/669.jpg,Mango,spoiled,3,1,7,Mango_spoiled,359
data/raw/FRUIT-16K/S_Mango/670.jpg,Mango,spoiled,3,1,7,Mango_spoiled,359
data/raw/FRUIT-16K/S_Mango/671.jpg,Mango,spoiled,3,1,7,Mango_spoiled,359
data/raw/FRUIT-16K/S_Mango/672.jpg,Mango,spoiled,3,1,7,Mango_spoiled,359
data/raw/FRUIT-16K/S_Mango/673.jpg,Mango,spoiled,3,1,7,Mango_spoiled,359
data/raw/FRUIT-16K/S_Mango/674.jpg,Mango,spoiled,3,1,7,Mango_spoiled,359
data/raw/FRUIT-16K/S_Mango/675.jpg,Mango,spoiled,3,1,7,Mango_spoiled,359
data/raw/FRUIT-16K/S_Mango/751.jpg,Mango,spoiled,3,1,7,Mango_spoiled,363
data/raw/FRUIT-16K/S_Mango/752.jpg,Mango,spoiled,3,1,7,Mango_spoiled,363
data/raw/FRUIT-16K/S_Mango/753.jpg,Mango,spoiled,3,1,7,Mango_spoiled,363
data/raw/FRUIT-16K/S_Mango/754.jpg,Mango,spoiled,3,1,7,Mango_spoiled,363
data/raw/FRUIT-16K/S_Mango/755.jpg,Mango,spoiled,3,1,7,Mango_spoiled,363
data/raw/FRUIT-16K/S_Mango/756.jpg,Mango,spoiled,3,1,7,Mango_spoiled,363
data/raw/FRUIT-16K/S_Mango/757.jpg,Mango,spoiled,3,1,7,Mango_spoiled,363
data/raw/FRUIT-16K/S_Mango/758.jpg,Mango,spoiled,3,1,7,Mango_spoiled,363
data/raw/FRUIT-16K/S_Mango/759.jpg,Mango,spoiled,3,1,7,Mango_spoiled,363
data/raw/FRUIT-16K/S_Mango/760.jpg,Mango,spoiled,3,1,7,Mango_spoiled,363
data/raw/FRUIT-16K/S_Mango/761.jpg,Mango,spoiled,3,1,7,Mango_spoiled,363
data/raw/FRUIT-16K/S_Mango/762.jpg,Mango,spoiled,3,1,7,Mango_spoiled,363
data/raw/FRUIT-16K/S_Mango/763.jpg,Mango,spoiled,3,1,7,Mango_spoiled,363
data/raw/FRUIT-16K/S_Mango/764.jpg,Mango,spoiled,3,1,7,Mango_spoiled,363
data/raw/FRUIT-16K/S_Mango/765.jpg,Mango,spoiled,3,1,7,Mango_spoiled,363
data/raw/FRUIT-16K/S_Mango/766.jpg,Mango,spoiled,3,1,7,Mango_spoiled,363
data/raw/FRUIT-16K/S_Mango/767.jpg,Mango,spoiled,3,1,7,Mango_spoiled,363
data/raw/FRUIT-16K/S_Mango/768.jpg,Mango,spoiled,3,1,7,Mango_spoiled,363
data/raw/FRUIT-16K/S_Mango/769.jpg,Mango,spoiled,3,1,7,Mango_spoiled,363
data/raw/FRUIT-16K/S_Mango/770.jpg,Mango,spoiled,3,1,7,Mango_spoiled,363
data/raw/FRUIT-16K/S_Mango/771.jpg,Mango,spoiled,3,1,7,Mango_spoiled,363
data/raw/FRUIT-16K/S_Mango/772.jpg,Mango,spoiled,3,1,7,Mango_spoiled,363
data/raw/FRUIT-16K/S_Mango/773.jpg,Mango,spoiled,3,1,7,Mango_spoiled,363
data/raw/FRUIT-16K/S_Mango/774.jpg,Mango,spoiled,3,1,7,Mango_spoiled,363
data/raw/FRUIT-16K/S_Mango/775.jpg,Mango,spoiled,3,1,7,Mango_spoiled,363
data/raw/FRUIT-16K/S_Mango/776.jpg,Mango,spoiled,3,1,7,Mango_spoiled,364
data/raw/FRUIT-16K/S_Mango/777.jpg,Mango,spoiled,3,1,7,Mango_spoiled,364
data/raw/FRUIT-16K/S_Mango/778.jpg,Mango,spoiled,3,1,7,Mango_spoiled,364
data/raw/FRUIT-16K/S_Mango/779.jpg,Mango,spoiled,3,1,7,Mango_spoiled,364
data/raw/FRUIT-16K/S_Mango/780.jpg,Mango,spoiled,3,1,7,Mango_spoiled,364
data/raw/FRUIT-16K/S_Mango/781.jpg,Mango,spoiled,3,1,7,Mango_spoiled,364
data/raw/FRUIT-16K/S_Mango/782.jpg,Mango,spoiled,3,1,7,Mango_spoiled,364
data/raw/FRUIT-16K/S_Mango/783.jpg,Mango,spoiled,3,1,7,Mango_spoiled,364
data/raw/FRUIT-16K/S_Mango/784.jpg,Mango,spoiled,3,1,7,Mango_spoiled,364
data/raw/FRUIT-16K/S_Mango/785.jpg,Mango,spoiled,3,1,7,Mango_spoiled,364
data/raw/FRUIT-16K/S_Mango/786.jpg,Mango,spoiled,3,1,7,Mango_spoiled,364
data/raw/FRUIT-16K/S_Mango/787.jpg,Mango,spoiled,3,1,7,Mango_spoiled,364
data/raw/FRUIT-16K/S_Mango/788.jpg,Mango,spoiled,3,1,7,Mango_spoiled,364
data/raw/FRUIT-16K/S_Mango/789.jpg,Mango,spoiled,3,1,7,Mango_spoiled,364
data/raw/FRUIT-16K/S_Mango/790.jpg,Mango,spoiled,3,1,7,Mango_spoiled,364
data/raw/FRUIT-16K/S_Mango/791.jpg,Mango,spoiled,3,1,7,Mango_spoiled,364
data/raw/FRUIT-16K/S_Mango/792.jpg,Mango,spoiled,3,1,7,Mango_spoiled,364
data/raw/FRUIT-16K/S_Mango/793.jpg,Mango,spoiled,3,1,7,Mango_spoiled,364
data/raw/FRUIT-16K/S_Mango/794.jpg,Mango,spoiled,3,1,7,Mango_spoiled,364
data/raw/FRUIT-16K/S_Mango/795.jpg,Mango,spoiled,3,1,7,Mango_spoiled,364
data/raw/FRUIT-16K/S_Mango/796.jpg,Mango,spoiled,3,1,7,Mango_spoiled,364
data/raw/FRUIT-16K/S_Mango/797.jpg,Mango,spoiled,3,1,7,Mango_spoiled,364
data/raw/FRUIT-16K/S_Mango/798.jpg,Mango,spoiled,3,1,7,Mango_spoiled,364
data/raw/FRUIT-16K/S_Mango/799.jpg,Mango,spoiled,3,1,7,Mango_spoiled,364
data/raw/FRUIT-16K/S_Mango/800.jpg,Mango,spoiled,3,1,7,Mango_spoiled,364
data/raw/FRUIT-16K/S_Mango/826.jpg,Mango,spoiled,3,1,7,Mango_spoiled,366
data/raw/FRUIT-16K/S_Mango/827.jpg,Mango,spoiled,3,1,7,Mango_spoiled,366
data/raw/FRUIT-16K/S_Mango/828.jpg,Mango,spoiled,3,1,7,Mango_spoiled,366
data/raw/FRUIT-16K/S_Mango/829.jpg,Mango,spoiled,3,1,7,Mango_spoiled,366
data/raw/FRUIT-16K/S_Mango/830.jpg,Mango,spoiled,3,1,7,Mango_spoiled,366
data/raw/FRUIT-16K/S_Mango/831.jpg,Mango,spoiled,3,1,7,Mango_spoiled,366
data/raw/FRUIT-16K/S_Mango/832.jpg,Mango,spoiled,3,1,7,Mango_spoiled,366
data/raw/FRUIT-16K/S_Mango/833.jpg,Mango,spoiled,3,1,7,Mango_spoiled,366
data/raw/FRUIT-16K/S_Mango/834.jpg,Mango,spoiled,3,1,7,Mango_spoiled,366
data/raw/FRUIT-16K/S_Mango/835.jpg,Mango,spoiled,3,1,7,Mango_spoiled,366
data/raw/FRUIT-16K/S_Mango/836.jpg,Mango,spoiled,3,1,7,Mango_spoiled,366
data/raw/FRUIT-16K/S_Mango/837.jpg,Mango,spoiled,3,1,7,Mango_spoiled,366
data/raw/FRUIT-16K/S_Mango/838.jpg,Mango,spoiled,3,1,7,Mango_spoiled,366
data/raw/FRUIT-16K/S_Mango/839.jpg,Mango,spoiled,3,1,7,Mango_spoiled,366
data/raw/FRUIT-16K/S_Mango/840.jpg,Mango,spoiled,3,1,7,Mango_spoiled,366
data/raw/FRUIT-16K/S_Mango/841.jpg,Mango,spoiled,3,1,7,Mango_spoiled,366
data/raw/FRUIT-16K/S_Mango/842.jpg,Mango,spoiled,3,1,7,Mango_spoiled,366
data/raw/FRUIT-16K/S_Mango/843.jpg,Mango,spoiled,3,1,7,Mango_spoiled,366
data/raw/FRUIT-16K/S_Mango/844.jpg,Mango,spoiled,3,1,7,Mango_spoiled,366
data/raw/FRUIT-16K/S_Mango/845.jpg,Mango,spoiled,3,1,7,Mango_spoiled,366
data/raw/FRUIT-16K/S_Mango/846.jpg,Mango,spoiled,3,1,7,Mango_spoiled,366
data/raw/FRUIT-16K/S_Mango/847.jpg,Mango,spoiled,3,1,7,Mango_spoiled,366
data/raw/FRUIT-16K/S_Mango/848.jpg,Mango,spoiled,3,1,7,Mango_spoiled,366
data/raw/FRUIT-16K/S_Mango/849.jpg,Mango,spoiled,3,1,7,Mango_spoiled,366
data/raw/FRUIT-16K/S_Mango/850.jpg,Mango,spoiled,3,1,7,Mango_spoiled,366
data/raw/FRUIT-16K/S_Mango/851.jpg,Mango,spoiled,3,1,7,Mango_spoiled,367
data/raw/FRUIT-16K/S_Mango/852.jpg,Mango,spoiled,3,1,7,Mango_spoiled,367
data/raw/FRUIT-16K/S_Mango/853.jpg,Mango,spoiled,3,1,7,Mango_spoiled,367
data/raw/FRUIT-16K/S_Mango/854.jpg,Mango,spoiled,3,1,7,Mango_spoiled,367
data/raw/FRUIT-16K/S_Mango/855.jpg,Mango,spoiled,3,1,7,Mango_spoiled,367
data/raw/FRUIT-16K/S_Mango/856.jpg,Mango,spoiled,3,1,7,Mango_spoiled,367
data/raw/FRUIT-16K/S_Mango/857.jpg,Mango,spoiled,3,1,7,Mango_spoiled,367
data/raw/FRUIT-16K/S_Mango/858.jpg,Mango,spoiled,3,1,7,Mango_spoiled,367
data/raw/FRUIT-16K/S_Mango/859.jpg,Mango,spoiled,3,1,7,Mango_spoiled,367
data/raw/FRUIT-16K/S_Mango/860.jpg,Mango,spoiled,3,1,7,Mango_spoiled,367
data/raw/FRUIT-16K/S_Mango/861.jpg,Mango,spoiled,3,1,7,Mango_spoiled,367
data/raw/FRUIT-16K/S_Mango/862.jpg,Mango,spoiled,3,1,7,Mango_spoiled,367
data/raw/FRUIT-16K/S_Mango/863.jpg,Mango,spoiled,3,1,7,Mango_spoiled,367
data/raw/FRUIT-16K/S_Mango/864.jpg,Mango,spoiled,3,1,7,Mango_spoiled,367
data/raw/FRUIT-16K/S_Mango/865.jpg,Mango,spoiled,3,1,7,Mango_spoiled,367
data/raw/FRUIT-16K/S_Mango/866.jpg,Mango,spoiled,3,1,7,Mango_spoiled,367
data/raw/FRUIT-16K/S_Mango/867.jpg,Mango,spoiled,3,1,7,Mango_spoiled,367
data/raw/FRUIT-16K/S_Mango/868.jpg,Mango,spoiled,3,1,7,Mango_spoiled,367
data/raw/FRUIT-16K/S_Mango/869.jpg,Mango,spoiled,3,1,7,Mango_spoiled,367
data/raw/FRUIT-16K/S_Mango/870.jpg,Mango,spoiled,3,1,7,Mango_spoiled,367
data/raw/FRUIT-16K/S_Mango/871.jpg,Mango,spoiled,3,1,7,Mango_spoiled,367
data/raw/FRUIT-16K/S_Mango/872.jpg,Mango,spoiled,3,1,7,Mango_spoiled,367
data/raw/FRUIT-16K/S_Mango/873.jpg,Mango,spoiled,3,1,7,Mango_spoiled,367
data/raw/FRUIT-16K/S_Mango/874.jpg,Mango,spoiled,3,1,7,Mango_spoiled,367
data/raw/FRUIT-16K/S_Mango/875.jpg,Mango,spoiled,3,1,7,Mango_spoiled,367
data/raw/FRUIT-16K/S_Mango/876.jpg,Mango,spoiled,3,1,7,Mango_spoiled,368
data/raw/FRUIT-16K/S_Mango/877.jpg,Mango,spoiled,3,1,7,Mango_spoiled,368
data/raw/FRUIT-16K/S_Mango/878.jpg,Mango,spoiled,3,1,7,Mango_spoiled,368
data/raw/FRUIT-16K/S_Mango/879.jpg,Mango,spoiled,3,1,7,Mango_spoiled,368
data/raw/FRUIT-16K/S_Mango/880.jpg,Mango,spoiled,3,1,7,Mango_spoiled,368
data/raw/FRUIT-16K/S_Mango/881.jpg,Mango,spoiled,3,1,7,Mango_spoiled,368
data/raw/FRUIT-16K/S_Mango/882.jpg,Mango,spoiled,3,1,7,Mango_spoiled,368
data/raw/FRUIT-16K/S_Mango/883.jpg,Mango,spoiled,3,1,7,Mango_spoiled,368
data/raw/FRUIT-16K/S_Mango/884.jpg,Mango,spoiled,3,1,7,Mango_spoiled,368
data/raw/FRUIT-16K/S_Mango/885.jpg,Mango,spoiled,3,1,7,Mango_spoiled,368
data/raw/FRUIT-16K/S_Mango/886.jpg,Mango,spoiled,3,1,7,Mango_spoiled,368
data/raw/FRUIT-16K/S_Mango/887.jpg,Mango,spoiled,3,1,7,Mango_spoiled,368
data/raw/FRUIT-16K/S_Mango/888.jpg,Mango,spoiled,3,1,7,Mango_spoiled,368
data/raw/FRUIT-16K/S_Mango/889.jpg,Mango,spoiled,3,1,7,Mango_spoiled,368
data/raw/FRUIT-16K/S_Mango/890.jpg,Mango,spoiled,3,1,7,Mango_spoiled,368
data/raw/FRUIT-16K/S_Mango/891.jpg,Mango,spoiled,3,1,7,Mango_spoiled,368
data/raw/FRUIT-16K/S_Mango/892.jpg,Mango,spoiled,3,1,7,Mango_spoiled,368
data/raw/FRUIT-16K/S_Mango/893.jpg,Mango,spoiled,3,1,7,Mango_spoiled,368
data/raw/FRUIT-16K/S_Mango/894.jpg,Mango,spoiled,3,1,7,Mango_spoiled,368
data/raw/FRUIT-16K/S_Mango/895.jpg,Mango,spoiled,3,1,7,Mango_spoiled,368
data/raw/FRUIT-16K/S_Mango/896.jpg,Mango,spoiled,3,1,7,Mango_spoiled,368
data/raw/FRUIT-16K/S_Mango/897.jpg,Mango,spoiled,3,1,7,Mango_spoiled,368
data/raw/FRUIT-16K/S_Mango/898.jpg,Mango,spoiled,3,1,7,Mango_spoiled,368
data/raw/FRUIT-16K/S_Mango/899.jpg,Mango,spoiled,3,1,7,Mango_spoiled,368
data/raw/FRUIT-16K/S_Mango/900.jpg,Mango,spoiled,3,1,7,Mango_spoiled,368
data/raw/FRUIT-16K/S_Mango/901.jpg,Mango,spoiled,3,1,7,Mango_spoiled,369
data/raw/FRUIT-16K/S_Mango/902.jpg,Mango,spoiled,3,1,7,Mango_spoiled,369
data/raw/FRUIT-16K/S_Mango/903.jpg,Mango,spoiled,3,1,7,Mango_spoiled,369
data/raw/FRUIT-16K/S_Mango/904.jpg,Mango,spoiled,3,1,7,Mango_spoiled,369
data/raw/FRUIT-16K/S_Mango/905.jpg,Mango,spoiled,3,1,7,Mango_spoiled,369
data/raw/FRUIT-16K/S_Mango/906.jpg,Mango,spoiled,3,1,7,Mango_spoiled,369
data/raw/FRUIT-16K/S_Mango/907.jpg,Mango,spoiled,3,1,7,Mango_spoiled,369
data/raw/FRUIT-16K/S_Mango/908.jpg,Mango,spoiled,3,1,7,Mango_spoiled,369
data/raw/FRUIT-16K/S_Mango/909.jpg,Mango,spoiled,3,1,7,Mango_spoiled,369
data/raw/FRUIT-16K/S_Mango/910.jpg,Mango,spoiled,3,1,7,Mango_spoiled,369
data/raw/FRUIT-16K/S_Mango/911.jpg,Mango,spoiled,3,1,7,Mango_spoiled,369
data/raw/FRUIT-16K/S_Mango/912.jpg,Mango,spoiled,3,1,7,Mango_spoiled,369
data/raw/FRUIT-16K/S_Mango/913.jpg,Mango,spoiled,3,1,7,Mango_spoiled,369
data/raw/FRUIT-16K/S_Mango/914.jpg,Mango,spoiled,3,1,7,Mango_spoiled,369
data/raw/FRUIT-16K/S_Mango/915.jpg,Mango,spoiled,3,1,7,Mango_spoiled,369
data/raw/FRUIT-16K/S_Mango/916.jpg,Mango,spoiled,3,1,7,Mango_spoiled,369
data/raw/FRUIT-16K/S_Mango/917.jpg,Mango,spoiled,3,1,7,Mango_spoiled,369
data/raw/FRUIT-16K/S_Mango/918.jpg,Mango,spoiled,3,1,7,Mango_spoiled,369
data/raw/FRUIT-16K/S_Mango/919.jpg,Mango,spoiled,3,1,7,Mango_spoiled,369
data/raw/FRUIT-16K/S_Mango/920.jpg,Mango,spoiled,3,1,7,Mango_spoiled,369
data/raw/FRUIT-16K/S_Mango/921.jpg,Mango,spoiled,3,1,7,Mango_spoiled,369
data/raw/FRUIT-16K/S_Mango/922.jpg,Mango,spoiled,3,1,7,Mango_spoiled,369
data/raw/FRUIT-16K/S_Mango/923.jpg,Mango,spoiled,3,1,7,Mango_spoiled,369
data/raw/FRUIT-16K/S_Mango/924.jpg,Mango,spoiled,3,1,7,Mango_spoiled,369
data/raw/FRUIT-16K/S_Mango/925.jpg,Mango,spoiled,3,1,7,Mango_spoiled,369
data/raw/FRUIT-16K/S_Mango/926.jpg,Mango,spoiled,3,1,7,Mango_spoiled,370
data/raw/FRUIT-16K/S_Mango/927.jpg,Mango,spoiled,3,1,7,Mango_spoiled,370
data/raw/FRUIT-16K/S_Mango/928.jpg,Mango,spoiled,3,1,7,Mango_spoiled,370
data/raw/FRUIT-16K/S_Mango/929.jpg,Mango,spoiled,3,1,7,Mango_spoiled,370
data/raw/FRUIT-16K/S_Mango/930.jpg,Mango,spoiled,3,1,7,Mango_spoiled,370
data/raw/FRUIT-16K/S_Mango/931.jpg,Mango,spoiled,3,1,7,Mango_spoiled,370
data/raw/FRUIT-16K/S_Mango/932.jpg,Mango,spoiled,3,1,7,Mango_spoiled,370
data/raw/FRUIT-16K/S_Mango/933.jpg,Mango,spoiled,3,1,7,Mango_spoiled,370
data/raw/FRUIT-16K/S_Mango/934.jpg,Mango,spoiled,3,1,7,Mango_spoiled,370
data/raw/FRUIT-16K/S_Mango/935.jpg,Mango,spoiled,3,1,7,Mango_spoiled,370
data/raw/FRUIT-16K/S_Mango/936.jpg,Mango,spoiled,3,1,7,Mango_spoiled,370
data/raw/FRUIT-16K/S_Mango/937.jpg,Mango,spoiled,3,1,7,Mango_spoiled,370
data/raw/FRUIT-16K/S_Mango/938.jpg,Mango,spoiled,3,1,7,Mango_spoiled,370
data/raw/FRUIT-16K/S_Mango/939.jpg,Mango,spoiled,3,1,7,Mango_spoiled,370
data/raw/FRUIT-16K/S_Mango/940.jpg,Mango,spoiled,3,1,7,Mango_spoiled,370
data/raw/FRUIT-16K/S_Mango/941.jpg,Mango,spoiled,3,1,7,Mango_spoiled,370
data/raw/FRUIT-16K/S_Mango/942.jpg,Mango,spoiled,3,1,7,Mango_spoiled,370
data/raw/FRUIT-16K/S_Mango/943.jpg,Mango,spoiled,3,1,7,Mango_spoiled,370
data/raw/FRUIT-16K/S_Mango/944.jpg,Mango,spoiled,3,1,7,Mango_spoiled,370
data/raw/FRUIT-16K/S_Mango/945.jpg,Mango,spoiled,3,1,7,Mango_spoiled,370
data/raw/FRUIT-16K/S_Mango/946.jpg,Mango,spoiled,3,1,7,Mango_spoiled,370
data/raw/FRUIT-16K/S_Mango/947.jpg,Mango,spoiled,3,1,7,Mango_spoiled,370
data/raw/FRUIT-16K/S_Mango/948.jpg,Mango,spoiled,3,1,7,Mango_spoiled,370
data/raw/FRUIT-16K/S_Mango/949.jpg,Mango,spoiled,3,1,7,Mango_spoiled,370
data/raw/FRUIT-16K/S_Mango/950.jpg,Mango,spoiled,3,1,7,Mango_spoiled,370
data/raw/FRUIT-16K/S_Mango/951.jpg,Mango,spoiled,3,1,7,Mango_spoiled,371
data/raw/FRUIT-16K/S_Mango/952.jpg,Mango,spoiled,3,1,7,Mango_spoiled,371
data/raw/FRUIT-16K/S_Mango/953.jpg,Mango,spoiled,3,1,7,Mango_spoiled,371
data/raw/FRUIT-16K/S_Mango/954.jpg,Mango,spoiled,3,1,7,Mango_spoiled,371
data/raw/FRUIT-16K/S_Mango/955.jpg,Mango,spoiled,3,1,7,Mango_spoiled,371
data/raw/FRUIT-16K/S_Mango/956.jpg,Mango,spoiled,3,1,7,Mango_spoiled,371
data/raw/FRUIT-16K/S_Mango/957.jpg,Mango,spoiled,3,1,7,Mango_spoiled,371
data/raw/FRUIT-16K/S_Mango/958.jpg,Mango,spoiled,3,1,7,Mango_spoiled,371
data/raw/FRUIT-16K/S_Mango/959.jpg,Mango,spoiled,3,1,7,Mango_spoiled,371
data/raw/FRUIT-16K/S_Mango/960.jpg,Mango,spoiled,3,1,7,Mango_spoiled,371
data/raw/FRUIT-16K/S_Mango/961.jpg,Mango,spoiled,3,1,7,Mango_spoiled,371
data/raw/FRUIT-16K/S_Mango/962.jpg,Mango,spoiled,3,1,7,Mango_spoiled,371
data/raw/FRUIT-16K/S_Mango/963.jpg,Mango,spoiled,3,1,7,Mango_spoiled,371
data/raw/FRUIT-16K/S_Mango/964.jpg,Mango,spoiled,3,1,7,Mango_spoiled,371
data/raw/FRUIT-16K/S_Mango/965.jpg,Mango,spoiled,3,1,7,Mango_spoiled,371
data/raw/FRUIT-16K/S_Mango/966.jpg,Mango,spoiled,3,1,7,Mango_spoiled,371
data/raw/FRUIT-16K/S_Mango/967.jpg,Mango,spoiled,3,1,7,Mango_spoiled,371
data/raw/FRUIT-16K/S_Mango/968.jpg,Mango,spoiled,3,1,7,Mango_spoiled,371
data/raw/FRUIT-16K/S_Mango/969.jpg,Mango,spoiled,3,1,7,Mango_spoiled,371
data/raw/FRUIT-16K/S_Mango/970.jpg,Mango,spoiled,3,1,7,Mango_spoiled,371
data/raw/FRUIT-16K/S_Mango/971.jpg,Mango,spoiled,3,1,7,Mango_spoiled,371
data/raw/FRUIT-16K/S_Mango/972.jpg,Mango,spoiled,3,1,7,Mango_spoiled,371
data/raw/FRUIT-16K/S_Mango/973.jpg,Mango,spoiled,3,1,7,Mango_spoiled,371
data/raw/FRUIT-16K/S_Mango/974.jpg,Mango,spoiled,3,1,7,Mango_spoiled,371
data/raw/FRUIT-16K/S_Mango/975.jpg,Mango,spoiled,3,1,7,Mango_spoiled,371
data/raw/FRUIT-16K/S_Orange/1.jpg,Orange,spoiled,4,1,9,Orange_spoiled,373
data/raw/FRUIT-16K/S_Orange/2.jpg,Orange,spoiled,4,1,9,Orange_spoiled,373
data/raw/FRUIT-16K/S_Orange/3.jpg,Orange,spoiled,4,1,9,Orange_spoiled,373
data/raw/FRUIT-16K/S_Orange/4.jpg,Orange,spoiled,4,1,9,Orange_spoiled,373
data/raw/FRUIT-16K/S_Orange/5.jpg,Orange,spoiled,4,1,9,Orange_spoiled,373
data/raw/FRUIT-16K/S_Orange/6.jpg,Orange,spoiled,4,1,9,Orange_spoiled,373
data/raw/FRUIT-16K/S_Orange/7.jpg,Orange,spoiled,4,1,9,Orange_spoiled,373
data/raw/FRUIT-16K/S_Orange/8.jpg,Orange,spoiled,4,1,9,Orange_spoiled,373
data/raw/FRUIT-16K/S_Orange/9.jpg,Orange,spoiled,4,1,9,Orange_spoiled,373
data/raw/FRUIT-16K/S_Orange/10.jpg,Orange,spoiled,4,1,9,Orange_spoiled,373
data/raw/FRUIT-16K/S_Orange/11.jpg,Orange,spoiled,4,1,9,Orange_spoiled,373
data/raw/FRUIT-16K/S_Orange/12.jpg,Orange,spoiled,4,1,9,Orange_spoiled,373
data/raw/FRUIT-16K/S_Orange/13.jpg,Orange,spoiled,4,1,9,Orange_spoiled,373
data/raw/FRUIT-16K/S_Orange/14.jpg,Orange,spoiled,4,1,9,Orange_spoiled,373
data/raw/FRUIT-16K/S_Orange/15.jpg,Orange,spoiled,4,1,9,Orange_spoiled,373
data/raw/FRUIT-16K/S_Orange/16.jpg,Orange,spoiled,4,1,9,Orange_spoiled,373
data/raw/FRUIT-16K/S_Orange/17.jpg,Orange,spoiled,4,1,9,Orange_spoiled,373
data/raw/FRUIT-16K/S_Orange/18.jpg,Orange,spoiled,4,1,9,Orange_spoiled,373
data/raw/FRUIT-16K/S_Orange/19.jpg,Orange,spoiled,4,1,9,Orange_spoiled,373
data/raw/FRUIT-16K/S_Orange/20.jpg,Orange,spoiled,4,1,9,Orange_spoiled,373
data/raw/FRUIT-16K/S_Orange/21.jpg,Orange,spoiled,4,1,9,Orange_spoiled,373
data/raw/FRUIT-16K/S_Orange/22.jpg,Orange,spoiled,4,1,9,Orange_spoiled,373
data/raw/FRUIT-16K/S_Orange/23.jpg,Orange,spoiled,4,1,9,Orange_spoiled,373
data/raw/FRUIT-16K/S_Orange/24.jpg,Orange,spoiled,4,1,9,Orange_spoiled,373
data/raw/FRUIT-16K/S_Orange/25.jpg,Orange,spoiled,4,1,9,Orange_spoiled,373
data/raw/FRUIT-16K/S_Orange/26.jpg,Orange,spoiled,4,1,9,Orange_spoiled,374
data/raw/FRUIT-16K/S_Orange/27.jpg,Orange,spoiled,4,1,9,Orange_spoiled,374
data/raw/FRUIT-16K/S_Orange/28.jpg,Orange,spoiled,4,1,9,Orange_spoiled,374
data/raw/FRUIT-16K/S_Orange/29.jpg,Orange,spoiled,4,1,9,Orange_spoiled,374
data/raw/FRUIT-16K/S_Orange/30.jpg,Orange,spoiled,4,1,9,Orange_spoiled,374
data/raw/FRUIT-16K/S_Orange/31.jpg,Orange,spoiled,4,1,9,Orange_spoiled,374
data/raw/FRUIT-16K/S_Orange/32.jpg,Orange,spoiled,4,1,9,Orange_spoiled,374
data/raw/FRUIT-16K/S_Orange/33.jpg,Orange,spoiled,4,1,9,Orange_spoiled,374
data/raw/FRUIT-16K/S_Orange/34.jpg,Orange,spoiled,4,1,9,Orange_spoiled,374
data/raw/FRUIT-16K/S_Orange/35.jpg,Orange,spoiled,4,1,9,Orange_spoiled,374
data/raw/FRUIT-16K/S_Orange/36.jpg,Orange,spoiled,4,1,9,Orange_spoiled,374
data/raw/FRUIT-16K/S_Orange/37.jpg,Orange,spoiled,4,1,9,Orange_spoiled,374
data/raw/FRUIT-16K/S_Orange/38.jpg,Orange,spoiled,4,1,9,Orange_spoiled,374
data/raw/FRUIT-16K/S_Orange/39.jpg,Orange,spoiled,4,1,9,Orange_spoiled,374
data/raw/FRUIT-16K/S_Orange/40.jpg,Orange,spoiled,4,1,9,Orange_spoiled,374
data/raw/FRUIT-16K/S_Orange/41.jpg,Orange,spoiled,4,1,9,Orange_spoiled,374
data/raw/FRUIT-16K/S_Orange/42.jpg,Orange,spoiled,4,1,9,Orange_spoiled,374
data/raw/FRUIT-16K/S_Orange/43.jpg,Orange,spoiled,4,1,9,Orange_spoiled,374
data/raw/FRUIT-16K/S_Orange/44.jpg,Orange,spoiled,4,1,9,Orange_spoiled,374
data/raw/FRUIT-16K/S_Orange/45.jpg,Orange,spoiled,4,1,9,Orange_spoiled,374
data/raw/FRUIT-16K/S_Orange/46.jpg,Orange,spoiled,4,1,9,Orange_spoiled,374
data/raw/FRUIT-16K/S_Orange/47.jpg,Orange,spoiled,4,1,9,Orange_spoiled,374
data/raw/FRUIT-16K/S_Orange/48.jpg,Orange,spoiled,4,1,9,Orange_spoiled,374
data/raw/FRUIT-16K/S_Orange/49.jpg,Orange,spoiled,4,1,9,Orange_spoiled,374
data/raw/FRUIT-16K/S_Orange/50.jpg,Orange,spoiled,4,1,9,Orange_spoiled,374
data/raw/FRUIT-16K/S_Orange/76.jpg,Orange,spoiled,4,1,9,Orange_spoiled,376
data/raw/FRUIT-16K/S_Orange/77.jpg,Orange,spoiled,4,1,9,Orange_spoiled,376
data/raw/FRUIT-16K/S_Orange/78.jpg,Orange,spoiled,4,1,9,Orange_spoiled,376
data/raw/FRUIT-16K/S_Orange/79.jpg,Orange,spoiled,4,1,9,Orange_spoiled,376
data/raw/FRUIT-16K/S_Orange/80.jpg,Orange,spoiled,4,1,9,Orange_spoiled,376
data/raw/FRUIT-16K/S_Orange/81.jpg,Orange,spoiled,4,1,9,Orange_spoiled,376
data/raw/FRUIT-16K/S_Orange/82.jpg,Orange,spoiled,4,1,9,Orange_spoiled,376
data/raw/FRUIT-16K/S_Orange/83.jpg,Orange,spoiled,4,1,9,Orange_spoiled,376
data/raw/FRUIT-16K/S_Orange/84.jpg,Orange,spoiled,4,1,9,Orange_spoiled,376
data/raw/FRUIT-16K/S_Orange/85.jpg,Orange,spoiled,4,1,9,Orange_spoiled,376
data/raw/FRUIT-16K/S_Orange/86.jpg,Orange,spoiled,4,1,9,Orange_spoiled,376
data/raw/FRUIT-16K/S_Orange/87.jpg,Orange,spoiled,4,1,9,Orange_spoiled,376
data/raw/FRUIT-16K/S_Orange/88.jpg,Orange,spoiled,4,1,9,Orange_spoiled,376
data/raw/FRUIT-16K/S_Orange/89.jpg,Orange,spoiled,4,1,9,Orange_spoiled,376
data/raw/FRUIT-16K/S_Orange/90.jpg,Orange,spoiled,4,1,9,Orange_spoiled,376
data/raw/FRUIT-16K/S_Orange/91.jpg,Orange,spoiled,4,1,9,Orange_spoiled,376
data/raw/FRUIT-16K/S_Orange/92.jpg,Orange,spoiled,4,1,9,Orange_spoiled,376
data/raw/FRUIT-16K/S_Orange/93.jpg,Orange,spoiled,4,1,9,Orange_spoiled,376
data/raw/FRUIT-16K/S_Orange/94.jpg,Orange,spoiled,4,1,9,Orange_spoiled,376
data/raw/FRUIT-16K/S_Orange/95.jpg,Orange,spoiled,4,1,9,Orange_spoiled,376
data/raw/FRUIT-16K/S_Orange/96.jpg,Orange,spoiled,4,1,9,Orange_spoiled,376
data/raw/FRUIT-16K/S_Orange/97.jpg,Orange,spoiled,4,1,9,Orange_spoiled,376
data/raw/FRUIT-16K/S_Orange/98.jpg,Orange,spoiled,4,1,9,Orange_spoiled,376
data/raw/FRUIT-16K/S_Orange/99.jpg,Orange,spoiled,4,1,9,Orange_spoiled,376
data/raw/FRUIT-16K/S_Orange/100.jpg,Orange,spoiled,4,1,9,Orange_spoiled,376
data/raw/FRUIT-16K/S_Orange/126.jpg,Orange,spoiled,4,1,9,Orange_spoiled,378
data/raw/FRUIT-16K/S_Orange/127.jpg,Orange,spoiled,4,1,9,Orange_spoiled,378
data/raw/FRUIT-16K/S_Orange/128.jpg,Orange,spoiled,4,1,9,Orange_spoiled,378
data/raw/FRUIT-16K/S_Orange/129.jpg,Orange,spoiled,4,1,9,Orange_spoiled,378
data/raw/FRUIT-16K/S_Orange/130.jpg,Orange,spoiled,4,1,9,Orange_spoiled,378
data/raw/FRUIT-16K/S_Orange/131.jpg,Orange,spoiled,4,1,9,Orange_spoiled,378
data/raw/FRUIT-16K/S_Orange/132.jpg,Orange,spoiled,4,1,9,Orange_spoiled,378
data/raw/FRUIT-16K/S_Orange/133.jpg,Orange,spoiled,4,1,9,Orange_spoiled,378
data/raw/FRUIT-16K/S_Orange/134.jpg,Orange,spoiled,4,1,9,Orange_spoiled,378
data/raw/FRUIT-16K/S_Orange/135.jpg,Orange,spoiled,4,1,9,Orange_spoiled,378
data/raw/FRUIT-16K/S_Orange/136.jpg,Orange,spoiled,4,1,9,Orange_spoiled,378
data/raw/FRUIT-16K/S_Orange/137.jpg,Orange,spoiled,4,1,9,Orange_spoiled,378
data/raw/FRUIT-16K/S_Orange/138.jpg,Orange,spoiled,4,1,9,Orange_spoiled,378
data/raw/FRUIT-16K/S_Orange/139.jpg,Orange,spoiled,4,1,9,Orange_spoiled,378
data/raw/FRUIT-16K/S_Orange/140.jpg,Orange,spoiled,4,1,9,Orange_spoiled,378
data/raw/FRUIT-16K/S_Orange/141.jpg,Orange,spoiled,4,1,9,Orange_spoiled,378
data/raw/FRUIT-16K/S_Orange/142.jpg,Orange,spoiled,4,1,9,Orange_spoiled,378
data/raw/FRUIT-16K/S_Orange/143.jpg,Orange,spoiled,4,1,9,Orange_spoiled,378
data/raw/FRUIT-16K/S_Orange/144.jpg,Orange,spoiled,4,1,9,Orange_spoiled,378
data/raw/FRUIT-16K/S_Orange/145.jpg,Orange,spoiled,4,1,9,Orange_spoiled,378
data/raw/FRUIT-16K/S_Orange/146.jpg,Orange,spoiled,4,1,9,Orange_spoiled,378
data/raw/FRUIT-16K/S_Orange/147.jpg,Orange,spoiled,4,1,9,Orange_spoiled,378
data/raw/FRUIT-16K/S_Orange/148.jpg,Orange,spoiled,4,1,9,Orange_spoiled,378
data/raw/FRUIT-16K/S_Orange/149.jpg,Orange,spoiled,4,1,9,Orange_spoiled,378
data/raw/FRUIT-16K/S_Orange/150.jpg,Orange,spoiled,4,1,9,Orange_spoiled,378
data/raw/FRUIT-16K/S_Orange/151.jpg,Orange,spoiled,4,1,9,Orange_spoiled,379
data/raw/FRUIT-16K/S_Orange/152.jpg,Orange,spoiled,4,1,9,Orange_spoiled,379
data/raw/FRUIT-16K/S_Orange/153.jpg,Orange,spoiled,4,1,9,Orange_spoiled,379
data/raw/FRUIT-16K/S_Orange/154.jpg,Orange,spoiled,4,1,9,Orange_spoiled,379
data/raw/FRUIT-16K/S_Orange/155.jpg,Orange,spoiled,4,1,9,Orange_spoiled,379
data/raw/FRUIT-16K/S_Orange/156.jpg,Orange,spoiled,4,1,9,Orange_spoiled,379
data/raw/FRUIT-16K/S_Orange/157.jpg,Orange,spoiled,4,1,9,Orange_spoiled,379
data/raw/FRUIT-16K/S_Orange/158.jpg,Orange,spoiled,4,1,9,Orange_spoiled,379
data/raw/FRUIT-16K/S_Orange/159.jpg,Orange,spoiled,4,1,9,Orange_spoiled,379
data/raw/FRUIT-16K/S_Orange/160.jpg,Orange,spoiled,4,1,9,Orange_spoiled,379
data/raw/FRUIT-16K/S_Orange/161.jpg,Orange,spoiled,4,1,9,Orange_spoiled,379
data/raw/FRUIT-16K/S_Orange/162.jpg,Orange,spoiled,4,1,9,Orange_spoiled,379
data/raw/FRUIT-16K/S_Orange/163.jpg,Orange,spoiled,4,1,9,Orange_spoiled,379
data/raw/FRUIT-16K/S_Orange/164.jpg,Orange,spoiled,4,1,9,Orange_spoiled,379
data/raw/FRUIT-16K/S_Orange/165.jpg,Orange,spoiled,4,1,9,Orange_spoiled,379
data/raw/FRUIT-16K/S_Orange/166.jpg,Orange,spoiled,4,1,9,Orange_spoiled,379
data/raw/FRUIT-16K/S_Orange/167.jpg,Orange,spoiled,4,1,9,Orange_spoiled,379
data/raw/FRUIT-16K/S_Orange/168.jpg,Orange,spoiled,4,1,9,Orange_spoiled,379
data/raw/FRUIT-16K/S_Orange/169.jpg,Orange,spoiled,4,1,9,Orange_spoiled,379
data/raw/FRUIT-16K/S_Orange/170.jpg,Orange,spoiled,4,1,9,Orange_spoiled,379
data/raw/FRUIT-16K/S_Orange/171.jpg,Orange,spoiled,4,1,9,Orange_spoiled,379
data/raw/FRUIT-16K/S_Orange/172.jpg,Orange,spoiled,4,1,9,Orange_spoiled,379
data/raw/FRUIT-16K/S_Orange/173.jpg,Orange,spoiled,4,1,9,Orange_spoiled,379
data/raw/FRUIT-16K/S_Orange/174.jpg,Orange,spoiled,4,1,9,Orange_spoiled,379
data/raw/FRUIT-16K/S_Orange/175.jpg,Orange,spoiled,4,1,9,Orange_spoiled,379
data/raw/FRUIT-16K/S_Orange/176.jpg,Orange,spoiled,4,1,9,Orange_spoiled,380
data/raw/FRUIT-16K/S_Orange/177.jpg,Orange,spoiled,4,1,9,Orange_spoiled,380
data/raw/FRUIT-16K/S_Orange/178.jpg,Orange,spoiled,4,1,9,Orange_spoiled,380
data/raw/FRUIT-16K/S_Orange/179.jpg,Orange,spoiled,4,1,9,Orange_spoiled,380
data/raw/FRUIT-16K/S_Orange/180.jpg,Orange,spoiled,4,1,9,Orange_spoiled,380
data/raw/FRUIT-16K/S_Orange/181.jpg,Orange,spoiled,4,1,9,Orange_spoiled,380
data/raw/FRUIT-16K/S_Orange/182.jpg,Orange,spoiled,4,1,9,Orange_spoiled,380
data/raw/FRUIT-16K/S_Orange/183.jpg,Orange,spoiled,4,1,9,Orange_spoiled,380
data/raw/FRUIT-16K/S_Orange/184.jpg,Orange,spoiled,4,1,9,Orange_spoiled,380
data/raw/FRUIT-16K/S_Orange/185.jpg,Orange,spoiled,4,1,9,Orange_spoiled,380
data/raw/FRUIT-16K/S_Orange/186.jpg,Orange,spoiled,4,1,9,Orange_spoiled,380
data/raw/FRUIT-16K/S_Orange/187.jpg,Orange,spoiled,4,1,9,Orange_spoiled,380
data/raw/FRUIT-16K/S_Orange/188.jpg,Orange,spoiled,4,1,9,Orange_spoiled,380
data/raw/FRUIT-16K/S_Orange/189.jpg,Orange,spoiled,4,1,9,Orange_spoiled,380
data/raw/FRUIT-16K/S_Orange/190.jpg,Orange,spoiled,4,1,9,Orange_spoiled,380
data/raw/FRUIT-16K/S_Orange/191.jpg,Orange,spoiled,4,1,9,Orange_spoiled,380
data/raw/FRUIT-16K/S_Orange/192.jpg,Orange,spoiled,4,1,9,Orange_spoiled,380
data/raw/FRUIT-16K/S_Orange/193.jpg,Orange,spoiled,4,1,9,Orange_spoiled,380
data/raw/FRUIT-16K/S_Orange/194.jpg,Orange,spoiled,4,1,9,Orange_spoiled,380
data/raw/FRUIT-16K/S_Orange/195.jpg,Orange,spoiled,4,1,9,Orange_spoiled,380
data/raw/FRUIT-16K/S_Orange/196.jpg,Orange,spoiled,4,1,9,Orange_spoiled,380
data/raw/FRUIT-16K/S_Orange/197.jpg,Orange,spoiled,4,1,9,Orange_spoiled,380
data/raw/FRUIT-16K/S_Orange/198.jpg,Orange,spoiled,4,1,9,Orange_spoiled,380
data/raw/FRUIT-16K/S_Orange/199.jpg,Orange,spoiled,4,1,9,Orange_spoiled,380
data/raw/FRUIT-16K/S_Orange/200.jpg,Orange,spoiled,4,1,9,Orange_spoiled,380
data/raw/FRUIT-16K/S_Orange/226.jpg,Orange,spoiled,4,1,9,Orange_spoiled,382
data/raw/FRUIT-16K/S_Orange/227.jpg,Orange,spoiled,4,1,9,Orange_spoiled,382
data/raw/FRUIT-16K/S_Orange/228.jpg,Orange,spoiled,4,1,9,Orange_spoiled,382
data/raw/FRUIT-16K/S_Orange/229.jpg,Orange,spoiled,4,1,9,Orange_spoiled,382
data/raw/FRUIT-16K/S_Orange/230.jpg,Orange,spoiled,4,1,9,Orange_spoiled,382
data/raw/FRUIT-16K/S_Orange/231.jpg,Orange,spoiled,4,1,9,Orange_spoiled,382
data/raw/FRUIT-16K/S_Orange/232.jpg,Orange,spoiled,4,1,9,Orange_spoiled,382
data/raw/FRUIT-16K/S_Orange/233.jpg,Orange,spoiled,4,1,9,Orange_spoiled,382
data/raw/FRUIT-16K/S_Orange/234.jpg,Orange,spoiled,4,1,9,Orange_spoiled,382
data/raw/FRUIT-16K/S_Orange/235.jpg,Orange,spoiled,4,1,9,Orange_spoiled,382
data/raw/FRUIT-16K/S_Orange/236.jpg,Orange,spoiled,4,1,9,Orange_spoiled,382
data/raw/FRUIT-16K/S_Orange/237.jpg,Orange,spoiled,4,1,9,Orange_spoiled,382
data/raw/FRUIT-16K/S_Orange/238.jpg,Orange,spoiled,4,1,9,Orange_spoiled,382
data/raw/FRUIT-16K/S_Orange/239.jpg,Orange,spoiled,4,1,9,Orange_spoiled,382
data/raw/FRUIT-16K/S_Orange/240.jpg,Orange,spoiled,4,1,9,Orange_spoiled,382
data/raw/FRUIT-16K/S_Orange/241.jpg,Orange,spoiled,4,1,9,Orange_spoiled,382
data/raw/FRUIT-16K/S_Orange/242.jpg,Orange,spoiled,4,1,9,Orange_spoiled,382
data/raw/FRUIT-16K/S_Orange/243.jpg,Orange,spoiled,4,1,9,Orange_spoiled,382
data/raw/FRUIT-16K/S_Orange/244.jpg,Orange,spoiled,4,1,9,Orange_spoiled,382
data/raw/FRUIT-16K/S_Orange/245.jpg,Orange,spoiled,4,1,9,Orange_spoiled,382
data/raw/FRUIT-16K/S_Orange/246.jpg,Orange,spoiled,4,1,9,Orange_spoiled,382
data/raw/FRUIT-16K/S_Orange/247.jpg,Orange,spoiled,4,1,9,Orange_spoiled,382
data/raw/FRUIT-16K/S_Orange/248.jpg,Orange,spoiled,4,1,9,Orange_spoiled,382
data/raw/FRUIT-16K/S_Orange/249.jpg,Orange,spoiled,4,1,9,Orange_spoiled,382
data/raw/FRUIT-16K/S_Orange/250.jpg,Orange,spoiled,4,1,9,Orange_spoiled,382
data/raw/FRUIT-16K/S_Orange/251.jpg,Orange,spoiled,4,1,9,Orange_spoiled,383
data/raw/FRUIT-16K/S_Orange/252.jpg,Orange,spoiled,4,1,9,Orange_spoiled,383
data/raw/FRUIT-16K/S_Orange/253.jpg,Orange,spoiled,4,1,9,Orange_spoiled,383
data/raw/FRUIT-16K/S_Orange/254.jpg,Orange,spoiled,4,1,9,Orange_spoiled,383
data/raw/FRUIT-16K/S_Orange/255.jpg,Orange,spoiled,4,1,9,Orange_spoiled,383
data/raw/FRUIT-16K/S_Orange/256.jpg,Orange,spoiled,4,1,9,Orange_spoiled,383
data/raw/FRUIT-16K/S_Orange/257.jpg,Orange,spoiled,4,1,9,Orange_spoiled,383
data/raw/FRUIT-16K/S_Orange/258.jpg,Orange,spoiled,4,1,9,Orange_spoiled,383
data/raw/FRUIT-16K/S_Orange/259.jpg,Orange,spoiled,4,1,9,Orange_spoiled,383
data/raw/FRUIT-16K/S_Orange/260.jpg,Orange,spoiled,4,1,9,Orange_spoiled,383
data/raw/FRUIT-16K/S_Orange/261.jpg,Orange,spoiled,4,1,9,Orange_spoiled,383
data/raw/FRUIT-16K/S_Orange/262.jpg,Orange,spoiled,4,1,9,Orange_spoiled,383
data/raw/FRUIT-16K/S_Orange/263.jpg,Orange,spoiled,4,1,9,Orange_spoiled,383
data/raw/FRUIT-16K/S_Orange/264.jpg,Orange,spoiled,4,1,9,Orange_spoiled,383
data/raw/FRUIT-16K/S_Orange/265.jpg,Orange,spoiled,4,1,9,Orange_spoiled,383
data/raw/FRUIT-16K/S_Orange/266.jpg,Orange,spoiled,4,1,9,Orange_spoiled,383
data/raw/FRUIT-16K/S_Orange/267.jpg,Orange,spoiled,4,1,9,Orange_spoiled,383
data/raw/FRUIT-16K/S_Orange/268.jpg,Orange,spoiled,4,1,9,Orange_spoiled,383
data/raw/FRUIT-16K/S_Orange/269.jpg,Orange,spoiled,4,1,9,Orange_spoiled,383
data/raw/FRUIT-16K/S_Orange/270.jpg,Orange,spoiled,4,1,9,Orange_spoiled,383
data/raw/FRUIT-16K/S_Orange/271.jpg,Orange,spoiled,4,1,9,Orange_spoiled,383
data/raw/FRUIT-16K/S_Orange/272.jpg,Orange,spoiled,4,1,9,Orange_spoiled,383
data/raw/FRUIT-16K/S_Orange/273.jpg,Orange,spoiled,4,1,9,Orange_spoiled,383
data/raw/FRUIT-16K/S_Orange/274.jpg,Orange,spoiled,4,1,9,Orange_spoiled,383
data/raw/FRUIT-16K/S_Orange/275.jpg,Orange,spoiled,4,1,9,Orange_spoiled,383
data/raw/FRUIT-16K/S_Orange/276.jpg,Orange,spoiled,4,1,9,Orange_spoiled,384
data/raw/FRUIT-16K/S_Orange/277.jpg,Orange,spoiled,4,1,9,Orange_spoiled,384
data/raw/FRUIT-16K/S_Orange/278.jpg,Orange,spoiled,4,1,9,Orange_spoiled,384
data/raw/FRUIT-16K/S_Orange/279.jpg,Orange,spoiled,4,1,9,Orange_spoiled,384
data/raw/FRUIT-16K/S_Orange/280.jpg,Orange,spoiled,4,1,9,Orange_spoiled,384
data/raw/FRUIT-16K/S_Orange/281.jpg,Orange,spoiled,4,1,9,Orange_spoiled,384
data/raw/FRUIT-16K/S_Orange/282.jpg,Orange,spoiled,4,1,9,Orange_spoiled,384
data/raw/FRUIT-16K/S_Orange/283.jpg,Orange,spoiled,4,1,9,Orange_spoiled,384
data/raw/FRUIT-16K/S_Orange/284.jpg,Orange,spoiled,4,1,9,Orange_spoiled,384
data/raw/FRUIT-16K/S_Orange/285.jpg,Orange,spoiled,4,1,9,Orange_spoiled,384
data/raw/FRUIT-16K/S_Orange/286.jpg,Orange,spoiled,4,1,9,Orange_spoiled,384
data/raw/FRUIT-16K/S_Orange/287.jpg,Orange,spoiled,4,1,9,Orange_spoiled,384
data/raw/FRUIT-16K/S_Orange/288.jpg,Orange,spoiled,4,1,9,Orange_spoiled,384
data/raw/FRUIT-16K/S_Orange/289.jpg,Orange,spoiled,4,1,9,Orange_spoiled,384
data/raw/FRUIT-16K/S_Orange/290.jpg,Orange,spoiled,4,1,9,Orange_spoiled,384
data/raw/FRUIT-16K/S_Orange/291.jpg,Orange,spoiled,4,1,9,Orange_spoiled,384
data/raw/FRUIT-16K/S_Orange/292.jpg,Orange,spoiled,4,1,9,Orange_spoiled,384
data/raw/FRUIT-16K/S_Orange/293.jpg,Orange,spoiled,4,1,9,Orange_spoiled,384
data/raw/FRUIT-16K/S_Orange/294.jpg,Orange,spoiled,4,1,9,Orange_spoiled,384
data/raw/FRUIT-16K/S_Orange/295.jpg,Orange,spoiled,4,1,9,Orange_spoiled,384
data/raw/FRUIT-16K/S_Orange/296.jpg,Orange,spoiled,4,1,9,Orange_spoiled,384
data/raw/FRUIT-16K/S_Orange/297.jpg,Orange,spoiled,4,1,9,Orange_spoiled,384
data/raw/FRUIT-16K/S_Orange/298.jpg,Orange,spoiled,4,1,9,Orange_spoiled,384
data/raw/FRUIT-16K/S_Orange/299.jpg,Orange,spoiled,4,1,9,Orange_spoiled,384
data/raw/FRUIT-16K/S_Orange/300.jpg,Orange,spoiled,4,1,9,Orange_spoiled,384
data/raw/FRUIT-16K/S_Orange/301.jpg,Orange,spoiled,4,1,9,Orange_spoiled,385
data/raw/FRUIT-16K/S_Orange/302.jpg,Orange,spoiled,4,1,9,Orange_spoiled,385
data/raw/FRUIT-16K/S_Orange/303.jpg,Orange,spoiled,4,1,9,Orange_spoiled,385
data/raw/FRUIT-16K/S_Orange/304.jpg,Orange,spoiled,4,1,9,Orange_spoiled,385
data/raw/FRUIT-16K/S_Orange/305.jpg,Orange,spoiled,4,1,9,Orange_spoiled,385
data/raw/FRUIT-16K/S_Orange/306.jpg,Orange,spoiled,4,1,9,Orange_spoiled,385
data/raw/FRUIT-16K/S_Orange/307.jpg,Orange,spoiled,4,1,9,Orange_spoiled,385
data/raw/FRUIT-16K/S_Orange/308.jpg,Orange,spoiled,4,1,9,Orange_spoiled,385
data/raw/FRUIT-16K/S_Orange/309.jpg,Orange,spoiled,4,1,9,Orange_spoiled,385
data/raw/FRUIT-16K/S_Orange/310.jpg,Orange,spoiled,4,1,9,Orange_spoiled,385
data/raw/FRUIT-16K/S_Orange/311.jpg,Orange,spoiled,4,1,9,Orange_spoiled,385
data/raw/FRUIT-16K/S_Orange/312.jpg,Orange,spoiled,4,1,9,Orange_spoiled,385
data/raw/FRUIT-16K/S_Orange/313.jpg,Orange,spoiled,4,1,9,Orange_spoiled,385
data/raw/FRUIT-16K/S_Orange/314.jpg,Orange,spoiled,4,1,9,Orange_spoiled,385
data/raw/FRUIT-16K/S_Orange/315.jpg,Orange,spoiled,4,1,9,Orange_spoiled,385
data/raw/FRUIT-16K/S_Orange/316.jpg,Orange,spoiled,4,1,9,Orange_spoiled,385
data/raw/FRUIT-16K/S_Orange/317.jpg,Orange,spoiled,4,1,9,Orange_spoiled,385
data/raw/FRUIT-16K/S_Orange/318.jpg,Orange,spoiled,4,1,9,Orange_spoiled,385
data/raw/FRUIT-16K/S_Orange/319.jpg,Orange,spoiled,4,1,9,Orange_spoiled,385
data/raw/FRUIT-16K/S_Orange/320.jpg,Orange,spoiled,4,1,9,Orange_spoiled,385
data/raw/FRUIT-16K/S_Orange/321.jpg,Orange,spoiled,4,1,9,Orange_spoiled,385
data/raw/FRUIT-16K/S_Orange/322.jpg,Orange,spoiled,4,1,9,Orange_spoiled,385
data/raw/FRUIT-16K/S_Orange/323.jpg,Orange,spoiled,4,1,9,Orange_spoiled,385
data/raw/FRUIT-16K/S_Orange/324.jpg,Orange,spoiled,4,1,9,Orange_spoiled,385
data/raw/FRUIT-16K/S_Orange/325.jpg,Orange,spoiled,4,1,9,Orange_spoiled,385
data/raw/FRUIT-16K/S_Orange/326.jpg,Orange,spoiled,4,1,9,Orange_spoiled,386
data/raw/FRUIT-16K/S_Orange/327.jpg,Orange,spoiled,4,1,9,Orange_spoiled,386
data/raw/FRUIT-16K/S_Orange/328.jpg,Orange,spoiled,4,1,9,Orange_spoiled,386
data/raw/FRUIT-16K/S_Orange/329.jpg,Orange,spoiled,4,1,9,Orange_spoiled,386
data/raw/FRUIT-16K/S_Orange/330.jpg,Orange,spoiled,4,1,9,Orange_spoiled,386
data/raw/FRUIT-16K/S_Orange/331.jpg,Orange,spoiled,4,1,9,Orange_spoiled,386
data/raw/FRUIT-16K/S_Orange/332.jpg,Orange,spoiled,4,1,9,Orange_spoiled,386
data/raw/FRUIT-16K/S_Orange/333.jpg,Orange,spoiled,4,1,9,Orange_spoiled,386
data/raw/FRUIT-16K/S_Orange/334.jpg,Orange,spoiled,4,1,9,Orange_spoiled,386
data/raw/FRUIT-16K/S_Orange/335.jpg,Orange,spoiled,4,1,9,Orange_spoiled,386
data/raw/FRUIT-16K/S_Orange/336.jpg,Orange,spoiled,4,1,9,Orange_spoiled,386
data/raw/FRUIT-16K/S_Orange/337.jpg,Orange,spoiled,4,1,9,Orange_spoiled,386
data/raw/FRUIT-16K/S_Orange/338.jpg,Orange,spoiled,4,1,9,Orange_spoiled,386
data/raw/FRUIT-16K/S_Orange/339.jpg,Orange,spoiled,4,1,9,Orange_spoiled,386
data/raw/FRUIT-16K/S_Orange/340.jpg,Orange,spoiled,4,1,9,Orange_spoiled,386
data/raw/FRUIT-16K/S_Orange/341.jpg,Orange,spoiled,4,1,9,Orange_spoiled,386
data/raw/FRUIT-16K/S_Orange/342.jpg,Orange,spoiled,4,1,9,Orange_spoiled,386
data/raw/FRUIT-16K/S_Orange/343.jpg,Orange,spoiled,4,1,9,Orange_spoiled,386
data/raw/FRUIT-16K/S_Orange/344.jpg,Orange,spoiled,4,1,9,Orange_spoiled,386
data/raw/FRUIT-16K/S_Orange/345.jpg,Orange,spoiled,4,1,9,Orange_spoiled,386
data/raw/FRUIT-16K/S_Orange/346.jpg,Orange,spoiled,4,1,9,Orange_spoiled,386
data/raw/FRUIT-16K/S_Orange/347.jpg,Orange,spoiled,4,1,9,Orange_spoiled,386
data/raw/FRUIT-16K/S_Orange/348.jpg,Orange,spoiled,4,1,9,Orange_spoiled,386
data/raw/FRUIT-16K/S_Orange/349.jpg,Orange,spoiled,4,1,9,Orange_spoiled,386
data/raw/FRUIT-16K/S_Orange/350.jpg,Orange,spoiled,4,1,9,Orange_spoiled,386
data/raw/FRUIT-16K/S_Orange/351.jpg,Orange,spoiled,4,1,9,Orange_spoiled,387
data/raw/FRUIT-16K/S_Orange/352.jpg,Orange,spoiled,4,1,9,Orange_spoiled,387
data/raw/FRUIT-16K/S_Orange/353.jpg,Orange,spoiled,4,1,9,Orange_spoiled,387
data/raw/FRUIT-16K/S_Orange/354.jpg,Orange,spoiled,4,1,9,Orange_spoiled,387
data/raw/FRUIT-16K/S_Orange/355.jpg,Orange,spoiled,4,1,9,Orange_spoiled,387
data/raw/FRUIT-16K/S_Orange/356.jpg,Orange,spoiled,4,1,9,Orange_spoiled,387
data/raw/FRUIT-16K/S_Orange/357.jpg,Orange,spoiled,4,1,9,Orange_spoiled,387
data/raw/FRUIT-16K/S_Orange/358.jpg,Orange,spoiled,4,1,9,Orange_spoiled,387
data/raw/FRUIT-16K/S_Orange/359.jpg,Orange,spoiled,4,1,9,Orange_spoiled,387
data/raw/FRUIT-16K/S_Orange/360.jpg,Orange,spoiled,4,1,9,Orange_spoiled,387
data/raw/FRUIT-16K/S_Orange/361.jpg,Orange,spoiled,4,1,9,Orange_spoiled,387
data/raw/FRUIT-16K/S_Orange/362.jpg,Orange,spoiled,4,1,9,Orange_spoiled,387
data/raw/FRUIT-16K/S_Orange/363.jpg,Orange,spoiled,4,1,9,Orange_spoiled,387
data/raw/FRUIT-16K/S_Orange/364.jpg,Orange,spoiled,4,1,9,Orange_spoiled,387
data/raw/FRUIT-16K/S_Orange/365.jpg,Orange,spoiled,4,1,9,Orange_spoiled,387
data/raw/FRUIT-16K/S_Orange/366.jpg,Orange,spoiled,4,1,9,Orange_spoiled,387
data/raw/FRUIT-16K/S_Orange/367.jpg,Orange,spoiled,4,1,9,Orange_spoiled,387
data/raw/FRUIT-16K/S_Orange/368.jpg,Orange,spoiled,4,1,9,Orange_spoiled,387
data/raw/FRUIT-16K/S_Orange/369.jpg,Orange,spoiled,4,1,9,Orange_spoiled,387
data/raw/FRUIT-16K/S_Orange/370.jpg,Orange,spoiled,4,1,9,Orange_spoiled,387
data/raw/FRUIT-16K/S_Orange/371.jpg,Orange,spoiled,4,1,9,Orange_spoiled,387
data/raw/FRUIT-16K/S_Orange/372.jpg,Orange,spoiled,4,1,9,Orange_spoiled,387
data/raw/FRUIT-16K/S_Orange/373.jpg,Orange,spoiled,4,1,9,Orange_spoiled,387
data/raw/FRUIT-16K/S_Orange/374.jpg,Orange,spoiled,4,1,9,Orange_spoiled,387
data/raw/FRUIT-16K/S_Orange/375.jpg,Orange,spoiled,4,1,9,Orange_spoiled,387
data/raw/FRUIT-16K/S_Orange/401.jpg,Orange,spoiled,4,1,9,Orange_spoiled,389
data/raw/FRUIT-16K/S_Orange/402.jpg,Orange,spoiled,4,1,9,Orange_spoiled,389
data/raw/FRUIT-16K/S_Orange/403.jpg,Orange,spoiled,4,1,9,Orange_spoiled,389
data/raw/FRUIT-16K/S_Orange/404.jpg,Orange,spoiled,4,1,9,Orange_spoiled,389
data/raw/FRUIT-16K/S_Orange/405.jpg,Orange,spoiled,4,1,9,Orange_spoiled,389
data/raw/FRUIT-16K/S_Orange/406.jpg,Orange,spoiled,4,1,9,Orange_spoiled,389
data/raw/FRUIT-16K/S_Orange/407.jpg,Orange,spoiled,4,1,9,Orange_spoiled,389
data/raw/FRUIT-16K/S_Orange/408.jpg,Orange,spoiled,4,1,9,Orange_spoiled,389
data/raw/FRUIT-16K/S_Orange/409.jpg,Orange,spoiled,4,1,9,Orange_spoiled,389
data/raw/FRUIT-16K/S_Orange/410.jpg,Orange,spoiled,4,1,9,Orange_spoiled,389
data/raw/FRUIT-16K/S_Orange/411.jpg,Orange,spoiled,4,1,9,Orange_spoiled,389
data/raw/FRUIT-16K/S_Orange/412.jpg,Orange,spoiled,4,1,9,Orange_spoiled,389
data/raw/FRUIT-16K/S_Orange/413.jpg,Orange,spoiled,4,1,9,Orange_spoiled,389
data/raw/FRUIT-16K/S_Orange/414.jpg,Orange,spoiled,4,1,9,Orange_spoiled,389
data/raw/FRUIT-16K/S_Orange/415.jpg,Orange,spoiled,4,1,9,Orange_spoiled,389
data/raw/FRUIT-16K/S_Orange/416.jpg,Orange,spoiled,4,1,9,Orange_spoiled,389
data/raw/FRUIT-16K/S_Orange/417.jpg,Orange,spoiled,4,1,9,Orange_spoiled,389
data/raw/FRUIT-16K/S_Orange/418.jpg,Orange,spoiled,4,1,9,Orange_spoiled,389
data/raw/FRUIT-16K/S_Orange/419.jpg,Orange,spoiled,4,1,9,Orange_spoiled,389
data/raw/FRUIT-16K/S_Orange/420.jpg,Orange,spoiled,4,1,9,Orange_spoiled,389
data/raw/FRUIT-16K/S_Orange/421.jpg,Orange,spoiled,4,1,9,Orange_spoiled,389
data/raw/FRUIT-16K/S_Orange/422.jpg,Orange,spoiled,4,1,9,Orange_spoiled,389
data/raw/FRUIT-16K/S_Orange/423.jpg,Orange,spoiled,4,1,9,Orange_spoiled,389
data/raw/FRUIT-16K/S_Orange/424.jpg,Orange,spoiled,4,1,9,Orange_spoiled,389
data/raw/FRUIT-16K/S_Orange/425.jpg,Orange,spoiled,4,1,9,Orange_spoiled,389
data/raw/FRUIT-16K/S_Orange/451.jpg,Orange,spoiled,4,1,9,Orange_spoiled,391
data/raw/FRUIT-16K/S_Orange/452.jpg,Orange,spoiled,4,1,9,Orange_spoiled,391
data/raw/FRUIT-16K/S_Orange/453.jpg,Orange,spoiled,4,1,9,Orange_spoiled,391
data/raw/FRUIT-16K/S_Orange/454.jpg,Orange,spoiled,4,1,9,Orange_spoiled,391
data/raw/FRUIT-16K/S_Orange/455.jpg,Orange,spoiled,4,1,9,Orange_spoiled,391
data/raw/FRUIT-16K/S_Orange/456.jpg,Orange,spoiled,4,1,9,Orange_spoiled,391
data/raw/FRUIT-16K/S_Orange/457.jpg,Orange,spoiled,4,1,9,Orange_spoiled,391
data/raw/FRUIT-16K/S_Orange/458.jpg,Orange,spoiled,4,1,9,Orange_spoiled,391
data/raw/FRUIT-16K/S_Orange/459.jpg,Orange,spoiled,4,1,9,Orange_spoiled,391
data/raw/FRUIT-16K/S_Orange/460.jpg,Orange,spoiled,4,1,9,Orange_spoiled,391
data/raw/FRUIT-16K/S_Orange/461.jpg,Orange,spoiled,4,1,9,Orange_spoiled,391
data/raw/FRUIT-16K/S_Orange/462.jpg,Orange,spoiled,4,1,9,Orange_spoiled,391
data/raw/FRUIT-16K/S_Orange/463.jpg,Orange,spoiled,4,1,9,Orange_spoiled,391
data/raw/FRUIT-16K/S_Orange/464.jpg,Orange,spoiled,4,1,9,Orange_spoiled,391
data/raw/FRUIT-16K/S_Orange/465.jpg,Orange,spoiled,4,1,9,Orange_spoiled,391
data/raw/FRUIT-16K/S_Orange/466.jpg,Orange,spoiled,4,1,9,Orange_spoiled,391
data/raw/FRUIT-16K/S_Orange/467.jpg,Orange,spoiled,4,1,9,Orange_spoiled,391
data/raw/FRUIT-16K/S_Orange/468.jpg,Orange,spoiled,4,1,9,Orange_spoiled,391
data/raw/FRUIT-16K/S_Orange/469.jpg,Orange,spoiled,4,1,9,Orange_spoiled,391
data/raw/FRUIT-16K/S_Orange/470.jpg,Orange,spoiled,4,1,9,Orange_spoiled,391
data/raw/FRUIT-16K/S_Orange/471.jpg,Orange,spoiled,4,1,9,Orange_spoiled,391
data/raw/FRUIT-16K/S_Orange/472.jpg,Orange,spoiled,4,1,9,Orange_spoiled,391
data/raw/FRUIT-16K/S_Orange/473.jpg,Orange,spoiled,4,1,9,Orange_spoiled,391
data/raw/FRUIT-16K/S_Orange/474.jpg,Orange,spoiled,4,1,9,Orange_spoiled,391
data/raw/FRUIT-16K/S_Orange/475.jpg,Orange,spoiled,4,1,9,Orange_spoiled,391
data/raw/FRUIT-16K/S_Orange/476.jpg,Orange,spoiled,4,1,9,Orange_spoiled,392
data/raw/FRUIT-16K/S_Orange/477.jpg,Orange,spoiled,4,1,9,Orange_spoiled,392
data/raw/FRUIT-16K/S_Orange/478.jpg,Orange,spoiled,4,1,9,Orange_spoiled,392
data/raw/FRUIT-16K/S_Orange/479.jpg,Orange,spoiled,4,1,9,Orange_spoiled,392
data/raw/FRUIT-16K/S_Orange/480.jpg,Orange,spoiled,4,1,9,Orange_spoiled,392
data/raw/FRUIT-16K/S_Orange/481.jpg,Orange,spoiled,4,1,9,Orange_spoiled,392
data/raw/FRUIT-16K/S_Orange/482.jpg,Orange,spoiled,4,1,9,Orange_spoiled,392
data/raw/FRUIT-16K/S_Orange/483.jpg,Orange,spoiled,4,1,9,Orange_spoiled,392
data/raw/FRUIT-16K/S_Orange/484.jpg,Orange,spoiled,4,1,9,Orange_spoiled,392
data/raw/FRUIT-16K/S_Orange/485.jpg,Orange,spoiled,4,1,9,Orange_spoiled,392
data/raw/FRUIT-16K/S_Orange/486.jpg,Orange,spoiled,4,1,9,Orange_spoiled,392
data/raw/FRUIT-16K/S_Orange/487.jpg,Orange,spoiled,4,1,9,Orange_spoiled,392
data/raw/FRUIT-16K/S_Orange/488.jpg,Orange,spoiled,4,1,9,Orange_spoiled,392
data/raw/FRUIT-16K/S_Orange/489.jpg,Orange,spoiled,4,1,9,Orange_spoiled,392
data/raw/FRUIT-16K/S_Orange/490.jpg,Orange,spoiled,4,1,9,Orange_spoiled,392
data/raw/FRUIT-16K/S_Orange/491.jpg,Orange,spoiled,4,1,9,Orange_spoiled,392
data/raw/FRUIT-16K/S_Orange/492.jpg,Orange,spoiled,4,1,9,Orange_spoiled,392
data/raw/FRUIT-16K/S_Orange/493.jpg,Orange,spoiled,4,1,9,Orange_spoiled,392
data/raw/FRUIT-16K/S_Orange/494.jpg,Orange,spoiled,4,1,9,Orange_spoiled,392
data/raw/FRUIT-16K/S_Orange/495.jpg,Orange,spoiled,4,1,9,Orange_spoiled,392
data/raw/FRUIT-16K/S_Orange/496.jpg,Orange,spoiled,4,1,9,Orange_spoiled,392
data/raw/FRUIT-16K/S_Orange/497.jpg,Orange,spoiled,4,1,9,Orange_spoiled,392
data/raw/FRUIT-16K/S_Orange/498.jpg,Orange,spoiled,4,1,9,Orange_spoiled,392
data/raw/FRUIT-16K/S_Orange/499.jpg,Orange,spoiled,4,1,9,Orange_spoiled,392
data/raw/FRUIT-16K/S_Orange/500.jpg,Orange,spoiled,4,1,9,Orange_spoiled,392
data/raw/FRUIT-16K/S_Orange/501.jpg,Orange,spoiled,4,1,9,Orange_spoiled,393
data/raw/FRUIT-16K/S_Orange/502.jpg,Orange,spoiled,4,1,9,Orange_spoiled,393
data/raw/FRUIT-16K/S_Orange/503.jpg,Orange,spoiled,4,1,9,Orange_spoiled,393
data/raw/FRUIT-16K/S_Orange/504.jpg,Orange,spoiled,4,1,9,Orange_spoiled,393
data/raw/FRUIT-16K/S_Orange/505.jpg,Orange,spoiled,4,1,9,Orange_spoiled,393
data/raw/FRUIT-16K/S_Orange/506.jpg,Orange,spoiled,4,1,9,Orange_spoiled,393
data/raw/FRUIT-16K/S_Orange/507.jpg,Orange,spoiled,4,1,9,Orange_spoiled,393
data/raw/FRUIT-16K/S_Orange/508.jpg,Orange,spoiled,4,1,9,Orange_spoiled,393
data/raw/FRUIT-16K/S_Orange/509.jpg,Orange,spoiled,4,1,9,Orange_spoiled,393
data/raw/FRUIT-16K/S_Orange/510.jpg,Orange,spoiled,4,1,9,Orange_spoiled,393
data/raw/FRUIT-16K/S_Orange/511.jpg,Orange,spoiled,4,1,9,Orange_spoiled,393
data/raw/FRUIT-16K/S_Orange/512.jpg,Orange,spoiled,4,1,9,Orange_spoiled,393
data/raw/FRUIT-16K/S_Orange/513.jpg,Orange,spoiled,4,1,9,Orange_spoiled,393
data/raw/FRUIT-16K/S_Orange/514.jpg,Orange,spoiled,4,1,9,Orange_spoiled,393
data/raw/FRUIT-16K/S_Orange/515.jpg,Orange,spoiled,4,1,9,Orange_spoiled,393
data/raw/FRUIT-16K/S_Orange/516.jpg,Orange,spoiled,4,1,9,Orange_spoiled,393
data/raw/FRUIT-16K/S_Orange/517.jpg,Orange,spoiled,4,1,9,Orange_spoiled,393
data/raw/FRUIT-16K/S_Orange/518.jpg,Orange,spoiled,4,1,9,Orange_spoiled,393
data/raw/FRUIT-16K/S_Orange/519.jpg,Orange,spoiled,4,1,9,Orange_spoiled,393
data/raw/FRUIT-16K/S_Orange/520.jpg,Orange,spoiled,4,1,9,Orange_spoiled,393
data/raw/FRUIT-16K/S_Orange/521.jpg,Orange,spoiled,4,1,9,Orange_spoiled,393
data/raw/FRUIT-16K/S_Orange/522.jpg,Orange,spoiled,4,1,9,Orange_spoiled,393
data/raw/FRUIT-16K/S_Orange/523.jpg,Orange,spoiled,4,1,9,Orange_spoiled,393
data/raw/FRUIT-16K/S_Orange/524.jpg,Orange,spoiled,4,1,9,Orange_spoiled,393
data/raw/FRUIT-16K/S_Orange/525.jpg,Orange,spoiled,4,1,9,Orange_spoiled,393
data/raw/FRUIT-16K/S_Orange/526.jpg,Orange,spoiled,4,1,9,Orange_spoiled,394
data/raw/FRUIT-16K/S_Orange/527.jpg,Orange,spoiled,4,1,9,Orange_spoiled,394
data/raw/FRUIT-16K/S_Orange/528.jpg,Orange,spoiled,4,1,9,Orange_spoiled,394
data/raw/FRUIT-16K/S_Orange/529.jpg,Orange,spoiled,4,1,9,Orange_spoiled,394
data/raw/FRUIT-16K/S_Orange/530.jpg,Orange,spoiled,4,1,9,Orange_spoiled,394
data/raw/FRUIT-16K/S_Orange/531.jpg,Orange,spoiled,4,1,9,Orange_spoiled,394
data/raw/FRUIT-16K/S_Orange/532.jpg,Orange,spoiled,4,1,9,Orange_spoiled,394
data/raw/FRUIT-16K/S_Orange/533.jpg,Orange,spoiled,4,1,9,Orange_spoiled,394
data/raw/FRUIT-16K/S_Orange/534.jpg,Orange,spoiled,4,1,9,Orange_spoiled,394
data/raw/FRUIT-16K/S_Orange/535.jpg,Orange,spoiled,4,1,9,Orange_spoiled,394
data/raw/FRUIT-16K/S_Orange/536.jpg,Orange,spoiled,4,1,9,Orange_spoiled,394
data/raw/FRUIT-16K/S_Orange/537.jpg,Orange,spoiled,4,1,9,Orange_spoiled,394
data/raw/FRUIT-16K/S_Orange/538.jpg,Orange,spoiled,4,1,9,Orange_spoiled,394
data/raw/FRUIT-16K/S_Orange/539.jpg,Orange,spoiled,4,1,9,Orange_spoiled,394
data/raw/FRUIT-16K/S_Orange/540.jpg,Orange,spoiled,4,1,9,Orange_spoiled,394
data/raw/FRUIT-16K/S_Orange/541.jpg,Orange,spoiled,4,1,9,Orange_spoiled,394
data/raw/FRUIT-16K/S_Orange/542.jpg,Orange,spoiled,4,1,9,Orange_spoiled,394
data/raw/FRUIT-16K/S_Orange/543.jpg,Orange,spoiled,4,1,9,Orange_spoiled,394
data/raw/FRUIT-16K/S_Orange/544.jpg,Orange,spoiled,4,1,9,Orange_spoiled,394
data/raw/FRUIT-16K/S_Orange/545.jpg,Orange,spoiled,4,1,9,Orange_spoiled,394
data/raw/FRUIT-16K/S_Orange/546.jpg,Orange,spoiled,4,1,9,Orange_spoiled,394
data/raw/FRUIT-16K/S_Orange/547.jpg,Orange,spoiled,4,1,9,Orange_spoiled,394
data/raw/FRUIT-16K/S_Orange/548.jpg,Orange,spoiled,4,1,9,Orange_spoiled,394
data/raw/FRUIT-16K/S_Orange/549.jpg,Orange,spoiled,4,1,9,Orange_spoiled,394
data/raw/FRUIT-16K/S_Orange/550.jpg,Orange,spoiled,4,1,9,Orange_spoiled,394
data/raw/FRUIT-16K/S_Orange/626.jpg,Orange,spoiled,4,1,9,Orange_spoiled,398
data/raw/FRUIT-16K/S_Orange/627.jpg,Orange,spoiled,4,1,9,Orange_spoiled,398
data/raw/FRUIT-16K/S_Orange/628.jpg,Orange,spoiled,4,1,9,Orange_spoiled,398
data/raw/FRUIT-16K/S_Orange/629.jpg,Orange,spoiled,4,1,9,Orange_spoiled,398
data/raw/FRUIT-16K/S_Orange/630.jpg,Orange,spoiled,4,1,9,Orange_spoiled,398
data/raw/FRUIT-16K/S_Orange/631.jpg,Orange,spoiled,4,1,9,Orange_spoiled,398
data/raw/FRUIT-16K/S_Orange/632.jpg,Orange,spoiled,4,1,9,Orange_spoiled,398
data/raw/FRUIT-16K/S_Orange/633.jpg,Orange,spoiled,4,1,9,Orange_spoiled,398
data/raw/FRUIT-16K/S_Orange/634.jpg,Orange,spoiled,4,1,9,Orange_spoiled,398
data/raw/FRUIT-16K/S_Orange/635.jpg,Orange,spoiled,4,1,9,Orange_spoiled,398
data/raw/FRUIT-16K/S_Orange/636.jpg,Orange,spoiled,4,1,9,Orange_spoiled,398
data/raw/FRUIT-16K/S_Orange/637.jpg,Orange,spoiled,4,1,9,Orange_spoiled,398
data/raw/FRUIT-16K/S_Orange/638.jpg,Orange,spoiled,4,1,9,Orange_spoiled,398
data/raw/FRUIT-16K/S_Orange/639.jpg,Orange,spoiled,4,1,9,Orange_spoiled,398
data/raw/FRUIT-16K/S_Orange/640.jpg,Orange,spoiled,4,1,9,Orange_spoiled,398
data/raw/FRUIT-16K/S_Orange/641.jpg,Orange,spoiled,4,1,9,Orange_spoiled,398
data/raw/FRUIT-16K/S_Orange/642.jpg,Orange,spoiled,4,1,9,Orange_spoiled,398
data/raw/FRUIT-16K/S_Orange/643.jpg,Orange,spoiled,4,1,9,Orange_spoiled,398
data/raw/FRUIT-16K/S_Orange/644.jpg,Orange,spoiled,4,1,9,Orange_spoiled,398
data/raw/FRUIT-16K/S_Orange/645.jpg,Orange,spoiled,4,1,9,Orange_spoiled,398
data/raw/FRUIT-16K/S_Orange/646.jpg,Orange,spoiled,4,1,9,Orange_spoiled,398
data/raw/FRUIT-16K/S_Orange/647.jpg,Orange,spoiled,4,1,9,Orange_spoiled,398
data/raw/FRUIT-16K/S_Orange/648.jpg,Orange,spoiled,4,1,9,Orange_spoiled,398
data/raw/FRUIT-16K/S_Orange/649.jpg,Orange,spoiled,4,1,9,Orange_spoiled,398
data/raw/FRUIT-16K/S_Orange/650.jpg,Orange,spoiled,4,1,9,Orange_spoiled,398
data/raw/FRUIT-16K/S_Orange/651.jpg,Orange,spoiled,4,1,9,Orange_spoiled,398
data/raw/FRUIT-16K/S_Orange/652.jpg,Orange,spoiled,4,1,9,Orange_spoiled,398
data/raw/FRUIT-16K/S_Orange/653.jpg,Orange,spoiled,4,1,9,Orange_spoiled,398
data/raw/FRUIT-16K/S_Orange/654.jpg,Orange,spoiled,4,1,9,Orange_spoiled,398
data/raw/FRUIT-16K/S_Orange/655.jpg,Orange,spoiled,4,1,9,Orange_spoiled,398
data/raw/FRUIT-16K/S_Orange/656.jpg,Orange,spoiled,4,1,9,Orange_spoiled,398
data/raw/FRUIT-16K/S_Orange/657.jpg,Orange,spoiled,4,1,9,Orange_spoiled,398
data/raw/FRUIT-16K/S_Orange/658.jpg,Orange,spoiled,4,1,9,Orange_spoiled,398
data/raw/FRUIT-16K/S_Orange/659.jpg,Orange,spoiled,4,1,9,Orange_spoiled,398
data/raw/FRUIT-16K/S_Orange/660.jpg,Orange,spoiled,4,1,9,Orange_spoiled,398
data/raw/FRUIT-16K/S_Orange/661.jpg,Orange,spoiled,4,1,9,Orange_spoiled,398
data/raw/FRUIT-16K/S_Orange/662.jpg,Orange,spoiled,4,1,9,Orange_spoiled,398
data/raw/FRUIT-16K/S_Orange/663.jpg,Orange,spoiled,4,1,9,Orange_spoiled,398
data/raw/FRUIT-16K/S_Orange/664.jpg,Orange,spoiled,4,1,9,Orange_spoiled,398
data/raw/FRUIT-16K/S_Orange/665.jpg,Orange,spoiled,4,1,9,Orange_spoiled,398
data/raw/FRUIT-16K/S_Orange/666.jpg,Orange,spoiled,4,1,9,Orange_spoiled,398
data/raw/FRUIT-16K/S_Orange/667.jpg,Orange,spoiled,4,1,9,Orange_spoiled,398
data/raw/FRUIT-16K/S_Orange/668.jpg,Orange,spoiled,4,1,9,Orange_spoiled,398
data/raw/FRUIT-16K/S_Orange/669.jpg,Orange,spoiled,4,1,9,Orange_spoiled,398
data/raw/FRUIT-16K/S_Orange/670.jpg,Orange,spoiled,4,1,9,Orange_spoiled,398
data/raw/FRUIT-16K/S_Orange/671.jpg,Orange,spoiled,4,1,9,Orange_spoiled,398
data/raw/FRUIT-16K/S_Orange/672.jpg,Orange,spoiled,4,1,9,Orange_spoiled,398
data/raw/FRUIT-16K/S_Orange/673.jpg,Orange,spoiled,4,1,9,Orange_spoiled,398
data/raw/FRUIT-16K/S_Orange/674.jpg,Orange,spoiled,4,1,9,Orange_spoiled,398
data/raw/FRUIT-16K/S_Orange/675.jpg,Orange,spoiled,4,1,9,Orange_spoiled,398
data/raw/FRUIT-16K/S_Orange/676.jpg,Orange,spoiled,4,1,9,Orange_spoiled,398
data/raw/FRUIT-16K/S_Orange/677.jpg,Orange,spoiled,4,1,9,Orange_spoiled,398
data/raw/FRUIT-16K/S_Orange/678.jpg,Orange,spoiled,4,1,9,Orange_spoiled,398
data/raw/FRUIT-16K/S_Orange/679.jpg,Orange,spoiled,4,1,9,Orange_spoiled,398
data/raw/FRUIT-16K/S_Orange/680.jpg,Orange,spoiled,4,1,9,Orange_spoiled,398
data/raw/FRUIT-16K/S_Orange/681.jpg,Orange,spoiled,4,1,9,Orange_spoiled,398
data/raw/FRUIT-16K/S_Orange/682.jpg,Orange,spoiled,4,1,9,Orange_spoiled,398
data/raw/FRUIT-16K/S_Orange/683.jpg,Orange,spoiled,4,1,9,Orange_spoiled,398
data/raw/FRUIT-16K/S_Orange/684.jpg,Orange,spoiled,4,1,9,Orange_spoiled,398
data/raw/FRUIT-16K/S_Orange/685.jpg,Orange,spoiled,4,1,9,Orange_spoiled,398
data/raw/FRUIT-16K/S_Orange/686.jpg,Orange,spoiled,4,1,9,Orange_spoiled,398
data/raw/FRUIT-16K/S_Orange/687.jpg,Orange,spoiled,4,1,9,Orange_spoiled,398
data/raw/FRUIT-16K/S_Orange/688.jpg,Orange,spoiled,4,1,9,Orange_spoiled,398
data/raw/FRUIT-16K/S_Orange/689.jpg,Orange,spoiled,4,1,9,Orange_spoiled,398
data/raw/FRUIT-16K/S_Orange/690.jpg,Orange,spoiled,4,1,9,Orange_spoiled,398
data/raw/FRUIT-16K/S_Orange/691.jpg,Orange,spoiled,4,1,9,Orange_spoiled,398
data/raw/FRUIT-16K/S_Orange/692.jpg,Orange,spoiled,4,1,9,Orange_spoiled,398
data/raw/FRUIT-16K/S_Orange/693.jpg,Orange,spoiled,4,1,9,Orange_spoiled,398
data/raw/FRUIT-16K/S_Orange/694.jpg,Orange,spoiled,4,1,9,Orange_spoiled,398
data/raw/FRUIT-16K/S_Orange/695.jpg,Orange,spoiled,4,1,9,Orange_spoiled,398
data/raw/FRUIT-16K/S_Orange/696.jpg,Orange,spoiled,4,1,9,Orange_spoiled,398
data/raw/FRUIT-16K/S_Orange/697.jpg,Orange,spoiled,4,1,9,Orange_spoiled,398
data/raw/FRUIT-16K/S_Orange/698.jpg,Orange,spoiled,4,1,9,Orange_spoiled,398
data/raw/FRUIT-16K/S_Orange/699.jpg,Orange,spoiled,4,1,9,Orange_spoiled,398
data/raw/FRUIT-16K/S_Orange/700.jpg,Orange,spoiled,4,1,9,Orange_spoiled,398
data/raw/FRUIT-16K/S_Orange/776.jpg,Orange,spoiled,4,1,9,Orange_spoiled,402
data/raw/FRUIT-16K/S_Orange/777.jpg,Orange,spoiled,4,1,9,Orange_spoiled,402
data/raw/FRUIT-16K/S_Orange/778.jpg,Orange,spoiled,4,1,9,Orange_spoiled,402
data/raw/FRUIT-16K/S_Orange/779.jpg,Orange,spoiled,4,1,9,Orange_spoiled,402
data/raw/FRUIT-16K/S_Orange/780.jpg,Orange,spoiled,4,1,9,Orange_spoiled,402
data/raw/FRUIT-16K/S_Orange/781.jpg,Orange,spoiled,4,1,9,Orange_spoiled,402
data/raw/FRUIT-16K/S_Orange/782.jpg,Orange,spoiled,4,1,9,Orange_spoiled,402
data/raw/FRUIT-16K/S_Orange/783.jpg,Orange,spoiled,4,1,9,Orange_spoiled,402
data/raw/FRUIT-16K/S_Orange/784.jpg,Orange,spoiled,4,1,9,Orange_spoiled,402
data/raw/FRUIT-16K/S_Orange/785.jpg,Orange,spoiled,4,1,9,Orange_spoiled,402
data/raw/FRUIT-16K/S_Orange/786.jpg,Orange,spoiled,4,1,9,Orange_spoiled,402
data/raw/FRUIT-16K/S_Orange/787.jpg,Orange,spoiled,4,1,9,Orange_spoiled,402
data/raw/FRUIT-16K/S_Orange/788.jpg,Orange,spoiled,4,1,9,Orange_spoiled,402
data/raw/FRUIT-16K/S_Orange/789.jpg,Orange,spoiled,4,1,9,Orange_spoiled,402
data/raw/FRUIT-16K/S_Orange/790.jpg,Orange,spoiled,4,1,9,Orange_spoiled,402
data/raw/FRUIT-16K/S_Orange/791.jpg,Orange,spoiled,4,1,9,Orange_spoiled,402
data/raw/FRUIT-16K/S_Orange/792.jpg,Orange,spoiled,4,1,9,Orange_spoiled,402
data/raw/FRUIT-16K/S_Orange/793.jpg,Orange,spoiled,4,1,9,Orange_spoiled,402
data/raw/FRUIT-16K/S_Orange/794.jpg,Orange,spoiled,4,1,9,Orange_spoiled,402
data/raw/FRUIT-16K/S_Orange/795.jpg,Orange,spoiled,4,1,9,Orange_spoiled,402
data/raw/FRUIT-16K/S_Orange/796.jpg,Orange,spoiled,4,1,9,Orange_spoiled,402
data/raw/FRUIT-16K/S_Orange/797.jpg,Orange,spoiled,4,1,9,Orange_spoiled,402
data/raw/FRUIT-16K/S_Orange/798.jpg,Orange,spoiled,4,1,9,Orange_spoiled,402
data/raw/FRUIT-16K/S_Orange/799.jpg,Orange,spoiled,4,1,9,Orange_spoiled,402
data/raw/FRUIT-16K/S_Orange/800.jpg,Orange,spoiled,4,1,9,Orange_spoiled,402
data/raw/FRUIT-16K/S_Orange/801.jpg,Orange,spoiled,4,1,9,Orange_spoiled,403
data/raw/FRUIT-16K/S_Orange/802.jpg,Orange,spoiled,4,1,9,Orange_spoiled,403
data/raw/FRUIT-16K/S_Orange/803.jpg,Orange,spoiled,4,1,9,Orange_spoiled,403
data/raw/FRUIT-16K/S_Orange/804.jpg,Orange,spoiled,4,1,9,Orange_spoiled,403
data/raw/FRUIT-16K/S_Orange/805.jpg,Orange,spoiled,4,1,9,Orange_spoiled,403
data/raw/FRUIT-16K/S_Orange/806.jpg,Orange,spoiled,4,1,9,Orange_spoiled,403
data/raw/FRUIT-16K/S_Orange/807.jpg,Orange,spoiled,4,1,9,Orange_spoiled,403
data/raw/FRUIT-16K/S_Orange/808.jpg,Orange,spoiled,4,1,9,Orange_spoiled,403
data/raw/FRUIT-16K/S_Orange/809.jpg,Orange,spoiled,4,1,9,Orange_spoiled,403
data/raw/FRUIT-16K/S_Orange/810.jpg,Orange,spoiled,4,1,9,Orange_spoiled,403
data/raw/FRUIT-16K/S_Orange/811.jpg,Orange,spoiled,4,1,9,Orange_spoiled,403
data/raw/FRUIT-16K/S_Orange/812.jpg,Orange,spoiled,4,1,9,Orange_spoiled,403
data/raw/FRUIT-16K/S_Orange/813.jpg,Orange,spoiled,4,1,9,Orange_spoiled,403
data/raw/FRUIT-16K/S_Orange/814.jpg,Orange,spoiled,4,1,9,Orange_spoiled,403
data/raw/FRUIT-16K/S_Orange/815.jpg,Orange,spoiled,4,1,9,Orange_spoiled,403
data/raw/FRUIT-16K/S_Orange/816.jpg,Orange,spoiled,4,1,9,Orange_spoiled,403
data/raw/FRUIT-16K/S_Orange/817.jpg,Orange,spoiled,4,1,9,Orange_spoiled,403
data/raw/FRUIT-16K/S_Orange/818.jpg,Orange,spoiled,4,1,9,Orange_spoiled,403
data/raw/FRUIT-16K/S_Orange/819.jpg,Orange,spoiled,4,1,9,Orange_spoiled,403
data/raw/FRUIT-16K/S_Orange/820.jpg,Orange,spoiled,4,1,9,Orange_spoiled,403
data/raw/FRUIT-16K/S_Orange/821.jpg,Orange,spoiled,4,1,9,Orange_spoiled,403
data/raw/FRUIT-16K/S_Orange/822.jpg,Orange,spoiled,4,1,9,Orange_spoiled,403
data/raw/FRUIT-16K/S_Orange/823.jpg,Orange,spoiled,4,1,9,Orange_spoiled,403
data/raw/FRUIT-16K/S_Orange/824.jpg,Orange,spoiled,4,1,9,Orange_spoiled,403
data/raw/FRUIT-16K/S_Orange/825.jpg,Orange,spoiled,4,1,9,Orange_spoiled,403
data/raw/FRUIT-16K/S_Orange/826.jpg,Orange,spoiled,4,1,9,Orange_spoiled,403
data/raw/FRUIT-16K/S_Orange/827.jpg,Orange,spoiled,4,1,9,Orange_spoiled,403
data/raw/FRUIT-16K/S_Orange/828.jpg,Orange,spoiled,4,1,9,Orange_spoiled,403
data/raw/FRUIT-16K/S_Orange/829.jpg,Orange,spoiled,4,1,9,Orange_spoiled,403
data/raw/FRUIT-16K/S_Orange/830.jpg,Orange,spoiled,4,1,9,Orange_spoiled,403
data/raw/FRUIT-16K/S_Orange/831.jpg,Orange,spoiled,4,1,9,Orange_spoiled,403
data/raw/FRUIT-16K/S_Orange/832.jpg,Orange,spoiled,4,1,9,Orange_spoiled,403
data/raw/FRUIT-16K/S_Orange/833.jpg,Orange,spoiled,4,1,9,Orange_spoiled,403
data/raw/FRUIT-16K/S_Orange/834.jpg,Orange,spoiled,4,1,9,Orange_spoiled,403
data/raw/FRUIT-16K/S_Orange/835.jpg,Orange,spoiled,4,1,9,Orange_spoiled,403
data/raw/FRUIT-16K/S_Orange/836.jpg,Orange,spoiled,4,1,9,Orange_spoiled,403
data/raw/FRUIT-16K/S_Orange/837.jpg,Orange,spoiled,4,1,9,Orange_spoiled,403
data/raw/FRUIT-16K/S_Orange/838.jpg,Orange,spoiled,4,1,9,Orange_spoiled,403
data/raw/FRUIT-16K/S_Orange/839.jpg,Orange,spoiled,4,1,9,Orange_spoiled,403
data/raw/FRUIT-16K/S_Orange/840.jpg,Orange,spoiled,4,1,9,Orange_spoiled,403
data/raw/FRUIT-16K/S_Orange/841.jpg,Orange,spoiled,4,1,9,Orange_spoiled,403
data/raw/FRUIT-16K/S_Orange/842.jpg,Orange,spoiled,4,1,9,Orange_spoiled,403
data/raw/FRUIT-16K/S_Orange/843.jpg,Orange,spoiled,4,1,9,Orange_spoiled,403
data/raw/FRUIT-16K/S_Orange/844.jpg,Orange,spoiled,4,1,9,Orange_spoiled,403
data/raw/FRUIT-16K/S_Orange/845.jpg,Orange,spoiled,4,1,9,Orange_spoiled,403
data/raw/FRUIT-16K/S_Orange/846.jpg,Orange,spoiled,4,1,9,Orange_spoiled,403
data/raw/FRUIT-16K/S_Orange/847.jpg,Orange,spoiled,4,1,9,Orange_spoiled,403
data/raw/FRUIT-16K/S_Orange/848.jpg,Orange,spoiled,4,1,9,Orange_spoiled,403
data/raw/FRUIT-16K/S_Orange/849.jpg,Orange,spoiled,4,1,9,Orange_spoiled,403
data/raw/FRUIT-16K/S_Orange/850.jpg,Orange,spoiled,4,1,9,Orange_spoiled,403
data/raw/FRUIT-16K/S_Orange/851.jpg,Orange,spoiled,4,1,9,Orange_spoiled,403
data/raw/FRUIT-16K/S_Orange/852.jpg,Orange,spoiled,4,1,9,Orange_spoiled,403
data/raw/FRUIT-16K/S_Orange/853.jpg,Orange,spoiled,4,1,9,Orange_spoiled,403
data/raw/FRUIT-16K/S_Orange/854.jpg,Orange,spoiled,4,1,9,Orange_spoiled,403
data/raw/FRUIT-16K/S_Orange/855.jpg,Orange,spoiled,4,1,9,Orange_spoiled,403
data/raw/FRUIT-16K/S_Orange/856.jpg,Orange,spoiled,4,1,9,Orange_spoiled,403
data/raw/FRUIT-16K/S_Orange/857.jpg,Orange,spoiled,4,1,9,Orange_spoiled,403
data/raw/FRUIT-16K/S_Orange/858.jpg,Orange,spoiled,4,1,9,Orange_spoiled,403
data/raw/FRUIT-16K/S_Orange/859.jpg,Orange,spoiled,4,1,9,Orange_spoiled,403
data/raw/FRUIT-16K/S_Orange/860.jpg,Orange,spoiled,4,1,9,Orange_spoiled,403
data/raw/FRUIT-16K/S_Orange/861.jpg,Orange,spoiled,4,1,9,Orange_spoiled,403
data/raw/FRUIT-16K/S_Orange/862.jpg,Orange,spoiled,4,1,9,Orange_spoiled,403
data/raw/FRUIT-16K/S_Orange/863.jpg,Orange,spoiled,4,1,9,Orange_spoiled,403
data/raw/FRUIT-16K/S_Orange/864.jpg,Orange,spoiled,4,1,9,Orange_spoiled,403
data/raw/FRUIT-16K/S_Orange/865.jpg,Orange,spoiled,4,1,9,Orange_spoiled,403
data/raw/FRUIT-16K/S_Orange/866.jpg,Orange,spoiled,4,1,9,Orange_spoiled,403
data/raw/FRUIT-16K/S_Orange/867.jpg,Orange,spoiled,4,1,9,Orange_spoiled,403
data/raw/FRUIT-16K/S_Orange/868.jpg,Orange,spoiled,4,1,9,Orange_spoiled,403
data/raw/FRUIT-16K/S_Orange/869.jpg,Orange,spoiled,4,1,9,Orange_spoiled,403
data/raw/FRUIT-16K/S_Orange/870.jpg,Orange,spoiled,4,1,9,Orange_spoiled,403
data/raw/FRUIT-16K/S_Orange/871.jpg,Orange,spoiled,4,1,9,Orange_spoiled,403
data/raw/FRUIT-16K/S_Orange/872.jpg,Orange,spoiled,4,1,9,Orange_spoiled,403
data/raw/FRUIT-16K/S_Orange/873.jpg,Orange,spoiled,4,1,9,Orange_spoiled,403
data/raw/FRUIT-16K/S_Orange/874.jpg,Orange,spoiled,4,1,9,Orange_spoiled,403
data/raw/FRUIT-16K/S_Orange/875.jpg,Orange,spoiled,4,1,9,Orange_spoiled,403
data/raw/FRUIT-16K/S_Orange/876.jpg,Orange,spoiled,4,1,9,Orange_spoiled,404
data/raw/FRUIT-16K/S_Orange/877.jpg,Orange,spoiled,4,1,9,Orange_spoiled,404
data/raw/FRUIT-16K/S_Orange/878.jpg,Orange,spoiled,4,1,9,Orange_spoiled,404
data/raw/FRUIT-16K/S_Orange/879.jpg,Orange,spoiled,4,1,9,Orange_spoiled,404
data/raw/FRUIT-16K/S_Orange/880.jpg,Orange,spoiled,4,1,9,Orange_spoiled,404
data/raw/FRUIT-16K/S_Orange/881.jpg,Orange,spoiled,4,1,9,Orange_spoiled,404
data/raw/FRUIT-16K/S_Orange/882.jpg,Orange,spoiled,4,1,9,Orange_spoiled,404
data/raw/FRUIT-16K/S_Orange/883.jpg,Orange,spoiled,4,1,9,Orange_spoiled,404
data/raw/FRUIT-16K/S_Orange/884.jpg,Orange,spoiled,4,1,9,Orange_spoiled,404
data/raw/FRUIT-16K/S_Orange/885.jpg,Orange,spoiled,4,1,9,Orange_spoiled,404
data/raw/FRUIT-16K/S_Orange/886.jpg,Orange,spoiled,4,1,9,Orange_spoiled,404
data/raw/FRUIT-16K/S_Orange/887.jpg,Orange,spoiled,4,1,9,Orange_spoiled,404
data/raw/FRUIT-16K/S_Orange/888.jpg,Orange,spoiled,4,1,9,Orange_spoiled,404
data/raw/FRUIT-16K/S_Orange/889.jpg,Orange,spoiled,4,1,9,Orange_spoiled,404
data/raw/FRUIT-16K/S_Orange/890.jpg,Orange,spoiled,4,1,9,Orange_spoiled,404
data/raw/FRUIT-16K/S_Orange/891.jpg,Orange,spoiled,4,1,9,Orange_spoiled,404
data/raw/FRUIT-16K/S_Orange/892.jpg,Orange,spoiled,4,1,9,Orange_spoiled,404
data/raw/FRUIT-16K/S_Orange/893.jpg,Orange,spoiled,4,1,9,Orange_spoiled,404
data/raw/FRUIT-16K/S_Orange/894.jpg,Orange,spoiled,4,1,9,Orange_spoiled,404
data/raw/FRUIT-16K/S_Orange/895.jpg,Orange,spoiled,4,1,9,Orange_spoiled,404
data/raw/FRUIT-16K/S_Orange/896.jpg,Orange,spoiled,4,1,9,Orange_spoiled,404
data/raw/FRUIT-16K/S_Orange/897.jpg,Orange,spoiled,4,1,9,Orange_spoiled,404
data/raw/FRUIT-16K/S_Orange/898.jpg,Orange,spoiled,4,1,9,Orange_spoiled,404
data/raw/FRUIT-16K/S_Orange/899.jpg,Orange,spoiled,4,1,9,Orange_spoiled,404
data/raw/FRUIT-16K/S_Orange/900.jpg,Orange,spoiled,4,1,9,Orange_spoiled,404
data/raw/FRUIT-16K/S_Orange/901.jpg,Orange,spoiled,4,1,9,Orange_spoiled,404
data/raw/FRUIT-16K/S_Orange/902.jpg,Orange,spoiled,4,1,9,Orange_spoiled,404
data/raw/FRUIT-16K/S_Orange/903.jpg,Orange,spoiled,4,1,9,Orange_spoiled,404
data/raw/FRUIT-16K/S_Orange/904.jpg,Orange,spoiled,4,1,9,Orange_spoiled,404
data/raw/FRUIT-16K/S_Orange/905.jpg,Orange,spoiled,4,1,9,Orange_spoiled,404
data/raw/FRUIT-16K/S_Orange/906.jpg,Orange,spoiled,4,1,9,Orange_spoiled,404
data/raw/FRUIT-16K/S_Orange/907.jpg,Orange,spoiled,4,1,9,Orange_spoiled,404
data/raw/FRUIT-16K/S_Orange/908.jpg,Orange,spoiled,4,1,9,Orange_spoiled,404
data/raw/FRUIT-16K/S_Orange/909.jpg,Orange,spoiled,4,1,9,Orange_spoiled,404
data/raw/FRUIT-16K/S_Orange/910.jpg,Orange,spoiled,4,1,9,Orange_spoiled,404
data/raw/FRUIT-16K/S_Orange/911.jpg,Orange,spoiled,4,1,9,Orange_spoiled,404
data/raw/FRUIT-16K/S_Orange/912.jpg,Orange,spoiled,4,1,9,Orange_spoiled,404
data/raw/FRUIT-16K/S_Orange/913.jpg,Orange,spoiled,4,1,9,Orange_spoiled,404
data/raw/FRUIT-16K/S_Orange/914.jpg,Orange,spoiled,4,1,9,Orange_spoiled,404
data/raw/FRUIT-16K/S_Orange/915.jpg,Orange,spoiled,4,1,9,Orange_spoiled,404
data/raw/FRUIT-16K/S_Orange/916.jpg,Orange,spoiled,4,1,9,Orange_spoiled,404
data/raw/FRUIT-16K/S_Orange/917.jpg,Orange,spoiled,4,1,9,Orange_spoiled,404
data/raw/FRUIT-16K/S_Orange/918.jpg,Orange,spoiled,4,1,9,Orange_spoiled,404
data/raw/FRUIT-16K/S_Orange/919.jpg,Orange,spoiled,4,1,9,Orange_spoiled,404
data/raw/FRUIT-16K/S_Orange/920.jpg,Orange,spoiled,4,1,9,Orange_spoiled,404
data/raw/FRUIT-16K/S_Orange/921.jpg,Orange,spoiled,4,1,9,Orange_spoiled,404
data/raw/FRUIT-16K/S_Orange/922.jpg,Orange,spoiled,4,1,9,Orange_spoiled,404
data/raw/FRUIT-16K/S_Orange/923.jpg,Orange,spoiled,4,1,9,Orange_spoiled,404
data/raw/FRUIT-16K/S_Orange/924.jpg,Orange,spoiled,4,1,9,Orange_spoiled,404
data/raw/FRUIT-16K/S_Orange/925.jpg,Orange,spoiled,4,1,9,Orange_spoiled,404
data/raw/FRUIT-16K/S_Orange/926.jpg,Orange,spoiled,4,1,9,Orange_spoiled,404
data/raw/FRUIT-16K/S_Orange/927.jpg,Orange,spoiled,4,1,9,Orange_spoiled,404
data/raw/FRUIT-16K/S_Orange/928.jpg,Orange,spoiled,4,1,9,Orange_spoiled,404
data/raw/FRUIT-16K/S_Orange/929.jpg,Orange,spoiled,4,1,9,Orange_spoiled,404
data/raw/FRUIT-16K/S_Orange/930.jpg,Orange,spoiled,4,1,9,Orange_spoiled,404
data/raw/FRUIT-16K/S_Orange/931.jpg,Orange,spoiled,4,1,9,Orange_spoiled,404
data/raw/FRUIT-16K/S_Orange/932.jpg,Orange,spoiled,4,1,9,Orange_spoiled,404
data/raw/FRUIT-16K/S_Orange/933.jpg,Orange,spoiled,4,1,9,Orange_spoiled,404
data/raw/FRUIT-16K/S_Orange/934.jpg,Orange,spoiled,4,1,9,Orange_spoiled,404
data/raw/FRUIT-16K/S_Orange/935.jpg,Orange,spoiled,4,1,9,Orange_spoiled,404
data/raw/FRUIT-16K/S_Orange/936.jpg,Orange,spoiled,4,1,9,Orange_spoiled,404
data/raw/FRUIT-16K/S_Orange/937.jpg,Orange,spoiled,4,1,9,Orange_spoiled,404
data/raw/FRUIT-16K/S_Orange/938.jpg,Orange,spoiled,4,1,9,Orange_spoiled,404
data/raw/FRUIT-16K/S_Orange/939.jpg,Orange,spoiled,4,1,9,Orange_spoiled,404
data/raw/FRUIT-16K/S_Orange/940.jpg,Orange,spoiled,4,1,9,Orange_spoiled,404
data/raw/FRUIT-16K/S_Orange/941.jpg,Orange,spoiled,4,1,9,Orange_spoiled,404
data/raw/FRUIT-16K/S_Orange/942.jpg,Orange,spoiled,4,1,9,Orange_spoiled,404
data/raw/FRUIT-16K/S_Orange/943.jpg,Orange,spoiled,4,1,9,Orange_spoiled,404
data/raw/FRUIT-16K/S_Orange/944.jpg,Orange,spoiled,4,1,9,Orange_spoiled,404
data/raw/FRUIT-16K/S_Orange/945.jpg,Orange,spoiled,4,1,9,Orange_spoiled,404
data/raw/FRUIT-16K/S_Orange/946.jpg,Orange,spoiled,4,1,9,Orange_spoiled,404
data/raw/FRUIT-16K/S_Orange/947.jpg,Orange,spoiled,4,1,9,Orange_spoiled,404
data/raw/FRUIT-16K/S_Orange/948.jpg,Orange,spoiled,4,1,9,Orange_spoiled,404
data/raw/FRUIT-16K/S_Orange/949.jpg,Orange,spoiled,4,1,9,Orange_spoiled,404
data/raw/FRUIT-16K/S_Orange/950.jpg,Orange,spoiled,4,1,9,Orange_spoiled,404
data/raw/FRUIT-16K/S_Orange/976.jpg,Orange,spoiled,4,1,9,Orange_spoiled,406
data/raw/FRUIT-16K/S_Orange/977.jpg,Orange,spoiled,4,1,9,Orange_spoiled,406
data/raw/FRUIT-16K/S_Orange/978.jpg,Orange,spoiled,4,1,9,Orange_spoiled,406
data/raw/FRUIT-16K/S_Orange/979.jpg,Orange,spoiled,4,1,9,Orange_spoiled,406
data/raw/FRUIT-16K/S_Orange/980.jpg,Orange,spoiled,4,1,9,Orange_spoiled,406
data/raw/FRUIT-16K/S_Orange/981.jpg,Orange,spoiled,4,1,9,Orange_spoiled,406
data/raw/FRUIT-16K/S_Orange/982.jpg,Orange,spoiled,4,1,9,Orange_spoiled,406
data/raw/FRUIT-16K/S_Orange/983.jpg,Orange,spoiled,4,1,9,Orange_spoiled,406
data/raw/FRUIT-16K/S_Orange/984.jpg,Orange,spoiled,4,1,9,Orange_spoiled,406
data/raw/FRUIT-16K/S_Orange/985.jpg,Orange,spoiled,4,1,9,Orange_spoiled,406
data/raw/FRUIT-16K/S_Orange/986.jpg,Orange,spoiled,4,1,9,Orange_spoiled,406
data/raw/FRUIT-16K/S_Orange/987.jpg,Orange,spoiled,4,1,9,Orange_spoiled,406
data/raw/FRUIT-16K/S_Orange/988.jpg,Orange,spoiled,4,1,9,Orange_spoiled,406
data/raw/FRUIT-16K/S_Orange/989.jpg,Orange,spoiled,4,1,9,Orange_spoiled,406
data/raw/FRUIT-16K/S_Orange/990.jpg,Orange,spoiled,4,1,9,Orange_spoiled,406
data/raw/FRUIT-16K/S_Orange/991.jpg,Orange,spoiled,4,1,9,Orange_spoiled,406
data/raw/FRUIT-16K/S_Orange/992.jpg,Orange,spoiled,4,1,9,Orange_spoiled,406
data/raw/FRUIT-16K/S_Orange/993.jpg,Orange,spoiled,4,1,9,Orange_spoiled,406
data/raw/FRUIT-16K/S_Orange/994.jpg,Orange,spoiled,4,1,9,Orange_spoiled,406
data/raw/FRUIT-16K/S_Orange/995.jpg,Orange,spoiled,4,1,9,Orange_spoiled,406
data/raw/FRUIT-16K/S_Orange/996.jpg,Orange,spoiled,4,1,9,Orange_spoiled,406
data/raw/FRUIT-16K/S_Orange/997.jpg,Orange,spoiled,4,1,9,Orange_spoiled,406
data/raw/FRUIT-16K/S_Orange/998.jpg,Orange,spoiled,4,1,9,Orange_spoiled,406
data/raw/FRUIT-16K/S_Orange/999.jpg,Orange,spoiled,4,1,9,Orange_spoiled,406
data/raw/FRUIT-16K/S_Orange/1000.jpg,Orange,spoiled,4,1,9,Orange_spoiled,406
data/raw/FRUIT-16K/S_Strawberry/26.jpg,Strawberry,spoiled,5,1,11,Strawberry_spoiled,408
data/raw/FRUIT-16K/S_Strawberry/27.jpg,Strawberry,spoiled,5,1,11,Strawberry_spoiled,408
data/raw/FRUIT-16K/S_Strawberry/28.jpg,Strawberry,spoiled,5,1,11,Strawberry_spoiled,408
data/raw/FRUIT-16K/S_Strawberry/29.jpg,Strawberry,spoiled,5,1,11,Strawberry_spoiled,408
data/raw/FRUIT-16K/S_Strawberry/30.jpg,Strawberry,spoiled,5,1,11,Strawberry_spoiled,408
data/raw/FRUIT-16K/S_Strawberry/31.jpg,Strawberry,spoiled,5,1,11,Strawberry_spoiled,408
data/raw/FRUIT-16K/S_Strawberry/32.jpg,Strawberry,spoiled,5,1,11,Strawberry_spoiled,408
data/raw/FRUIT-16K/S_Strawberry/33.jpg,Strawberry,spoiled,5,1,11,Strawberry_spoiled,408
data/raw/FRUIT-16K/S_Strawberry/34.jpg,Strawberry,spoiled,5,1,11,Strawberry_spoiled,408
data/raw/FRUIT-16K/S_Strawberry/35.jpg,Strawberry,spoiled,5,1,11,Strawberry_spoiled,408
data/raw/FRUIT-16K/S_Strawberry/36.jpg,Strawberry,spoiled,5,1,11,Strawberry_spoiled,408
data/raw/FRUIT-16K/S_Strawberry/37.jpg,Strawberry,spoiled,5,1,11,Strawberry_spoiled,408
data/raw/FRUIT-16K/S_Strawberry/38.jpg,Strawberry,spoiled,5,1,11,Strawberry_spoiled,408
data/raw/FRUIT-16K/S_Strawberry/39.jpg,Strawberry,spoiled,5,1,11,Strawberry_spoiled,408
data/raw/FRUIT-16K/S_Strawberry/40.jpg,Strawberry,spoiled,5,1,11,Strawberry_spoiled,408
data/raw/FRUIT-16K/S_Strawberry/41.jpg,Strawberry,spoiled,5,1,11,Strawberry_spoiled,408
data/raw/FRUIT-16K/S_Strawberry/42.jpg,Strawberry,spoiled,5,1,11,Strawberry_spoiled,408
data/raw/FRUIT-16K/S_Strawberry/43.jpg,Strawberry,spoiled,5,1,11,Strawberry_spoiled,408
data/raw/FRUIT-16K/S_Strawberry/44.jpg,Strawberry,spoiled,5,1,11,Strawberry_spoiled,408
data/raw/FRUIT-16K/S_Strawberry/45.jpg,Strawberry,spoiled,5,1,11,Strawberry_spoiled,408
data/raw/FRUIT-16K/S_Strawberry/46.jpg,Strawberry,spoiled,5,1,11,Strawberry_spoiled,408
data/raw/FRUIT-16K/S_Strawberry/47.jpg,Strawberry,spoiled,5,1,11,Strawberry_spoiled,408
data/raw/FRUIT-16K/S_Strawberry/48.jpg,Strawberry,spoiled,5,1,11,Strawberry_spoiled,408
data/raw/FRUIT-16K/S_Strawberry/49.jpg,Strawberry,spoiled,5,1,11,Strawberry_spoiled,408
data/raw/FRUIT-16K/S_Strawberry/50.jpg,Strawberry,spoiled,5,1,11,Strawberry_spoiled,408
data/raw/FRUIT-16K/S_Strawberry/51.jpg,Strawberry,spoiled,5,1,11,Strawberry_spoiled,408
data/raw/FRUIT-16K/S_Strawberry/52.jpg,Strawberry,spoiled,5,1,11,Strawberry_spoiled,408
data/raw/FRUIT-16K/S_Strawberry/53.jpg,Strawberry,spoiled,5,1,11,Strawberry_spoiled,408
data/raw/FRUIT-16K/S_Strawberry/54.jpg,Strawberry,spoiled,5,1,11,Strawberry_spoiled,408
data/raw/FRUIT-16K/S_Strawberry/55.jpg,Strawberry,spoiled,5,1,11,Strawberry_spoiled,408
data/raw/FRUIT-16K/S_Strawberry/56.jpg,Strawberry,spoiled,5,1,11,Strawberry_spoiled,408
data/raw/FRUIT-16K/S_Strawberry/57.jpg,Strawberry,spoiled,5,1,11,Strawberry_spoiled,408
data/raw/FRUIT-16K/S_Strawberry/58.jpg,Strawberry,spoiled,5,1,11,Strawberry_spoiled,408
data/raw/FRUIT-16K/S_Strawberry/59.jpg,Strawberry,spoiled,5,1,11,Strawberry_spoiled,408
data/raw/FRUIT-16K/S_Strawberry/60.jpg,Strawberry,spoiled,5,1,11,Strawberry_spoiled,408
data/raw/FRUIT-16K/S_Strawberry/61.jpg,Strawberry,spoiled,5,1,11,Strawberry_spoiled,408
data/raw/FRUIT-16K/S_Strawberry/62.jpg,Strawberry,spoiled,5,1,11,Strawberry_spoiled,408
data/raw/FRUIT-16K/S_Strawberry/63.jpg,Strawberry,spoiled,5,1,11,Strawberry_spoiled,408
data/raw/FRUIT-16K/S_Strawberry/64.jpg,Strawberry,spoiled,5,1,11,Strawberry_spoiled,408
data/raw/FRUIT-16K/S_Strawberry/65.jpg,Strawberry,spoiled,5,1,11,Strawberry_spoiled,408
data/raw/FRUIT-16K/S_Strawberry/66.jpg,Strawberry,spoiled,5,1,11,Strawberry_spoiled,408
data/raw/FRUIT-16K/S_Strawberry/67.jpg,Strawberry,spoiled,5,1,11,Strawberry_spoiled,408
data/raw/FRUIT-16K/S_Strawberry/68.jpg,Strawberry,spoiled,5,1,11,Strawberry_spoiled,408
data/raw/FRUIT-16K/S_Strawberry/69.jpg,Strawberry,spoiled,5,1,11,Strawberry_spoiled,408
data/raw/FRUIT-16K/S_Strawberry/70.jpg,Strawberry,spoiled,5,1,11,Strawberry_spoiled,408
data/raw/FRUIT-16K/S_Strawberry/71.jpg,Strawberry,spoiled,5,1,11,Strawberry_spoiled,408
data/raw/FRUIT-16K/S_Strawberry/72.jpg,Strawberry,spoiled,5,1,11,Strawberry_spoiled,408
data/raw/FRUIT-16K/S_Strawberry/73.jpg,Strawberry,spoiled,5,1,11,Strawberry_spoiled,408
data/raw/FRUIT-16K/S_Strawberry/74.jpg,Strawberry,spoiled,5,1,11,Strawberry_spoiled,408
data/raw/FRUIT-16K/S_Strawberry/75.jpg,Strawberry,spoiled,5,1,11,Strawberry_spoiled,408
data/raw/FRUIT-16K/S_Strawberry/76.jpg,Strawberry,spoiled,5,1,11,Strawberry_spoiled,408
data/raw/FRUIT-16K/S_Strawberry/77.jpg,Strawberry,spoiled,5,1,11,Strawberry_spoiled,408
data/raw/FRUIT-16K/S_Strawberry/78.jpg,Strawberry,spoiled,5,1,11,Strawberry_spoiled,408
data/raw/FRUIT-16K/S_Strawberry/79.jpg,Strawberry,spoiled,5,1,11,Strawberry_spoiled,408
data/raw/FRUIT-16K/S_Strawberry/80.jpg,Strawberry,spoiled,5,1,11,Strawberry_spoiled,408
data/raw/FRUIT-16K/S_Strawberry/81.jpg,Strawberry,spoiled,5,1,11,Strawberry_spoiled,408
data/raw/FRUIT-16K/S_Strawberry/82.jpg,Strawberry,spoiled,5,1,11,Strawberry_spoiled,408
data/raw/FRUIT-16K/S_Strawberry/83.jpg,Strawberry,spoiled,5,1,11,Strawberry_spoiled,408
data/raw/FRUIT-16K/S_Strawberry/84.jpg,Strawberry,spoiled,5,1,11,Strawberry_spoiled,408
data/raw/FRUIT-16K/S_Strawberry/85.jpg,Strawberry,spoiled,5,1,11,Strawberry_spoiled,408
data/raw/FRUIT-16K/S_Strawberry/86.jpg,Strawberry,spoiled,5,1,11,Strawberry_spoiled,408
data/raw/FRUIT-16K/S_Strawberry/87.jpg,Strawberry,spoiled,5,1,11,Strawberry_spoiled,408
data/raw/FRUIT-16K/S_Strawberry/88.jpg,Strawberry,spoiled,5,1,11,Strawberry_spoiled,408
data/raw/FRUIT-16K/S_Strawberry/89.jpg,Strawberry,spoiled,5,1,11,Strawberry_spoiled,408
data/raw/FRUIT-16K/S_Strawberry/90.jpg,Strawberry,spoiled,5,1,11,Strawberry_spoiled,408
data/raw/FRUIT-16K/S_Strawberry/91.jpg,Strawberry,spoiled,5,1,11,Strawberry_spoiled,408
data/raw/FRUIT-16K/S_Strawberry/92.jpg,Strawberry,spoiled,5,1,11,Strawberry_spoiled,408
data/raw/FRUIT-16K/S_Strawberry/93.jpg,Strawberry,spoiled,5,1,11,Strawberry_spoiled,408
data/raw/FRUIT-16K/S_Strawberry/94.jpg,Strawberry,spoiled,5,1,11,Strawberry_spoiled,408
data/raw/FRUIT-16K/S_Strawberry/95.jpg,Strawberry,spoiled,5,1,11,Strawberry_spoiled,408
data/raw/FRUIT-16K/S_Strawberry/96.jpg,Strawberry,spoiled,5,1,11,Strawberry_spoiled,408
data/raw/FRUIT-16K/S_Strawberry/97.jpg,Strawberry,spoiled,5,1,11,Strawberry_spoiled,408
data/raw/FRUIT-16K/S_Strawberry/98.jpg,Strawberry,spoiled,5,1,11,Strawberry_spoiled,408
data/raw/FRUIT-16K/S_Strawberry/99.jpg,Strawberry,spoiled,5,1,11,Strawberry_spoiled,408
data/raw/FRUIT-16K/S_Strawberry/100.jpg,Strawberry,spoiled,5,1,11,Strawberry_spoiled,408
data/raw/FRUIT-16K/S_Strawberry/126.jpg,Strawberry,spoiled,5,1,11,Strawberry_spoiled,410
data/raw/FRUIT-16K/S_Strawberry/127.jpg,Strawberry,spoiled,5,1,11,Strawberry_spoiled,410
data/raw/FRUIT-16K/S_Strawberry/128.jpg,Strawberry,spoiled,5,1,11,Strawberry_spoiled,410
data/raw/FRUIT-16K/S_Strawberry/129.jpg,Strawberry,spoiled,5,1,11,Strawberry_spoiled,410
data/raw/FRUIT-16K/S_Strawberry/130.jpg,Strawberry,spoiled,5,1,11,Strawberry_spoiled,410
data/raw/FRUIT-16K/S_Strawberry/131.jpg,Strawberry,spoiled,5,1,11,Strawberry_spoiled,410
data/raw/FRUIT-16K/S_Strawberry/132.jpg,Strawberry,spoiled,5,1,11,Strawberry_spoiled,410
data/raw/FRUIT-16K/S_Strawberry/133.jpg,Strawberry,spoiled,5,1,11,Strawberry_spoiled,410
data/raw/FRUIT-16K/S_Strawberry/134.jpg,Strawberry,spoiled,5,1,11,Strawberry_spoiled,410
data/raw/FRUIT-16K/S_Strawberry/135.jpg,Strawberry,spoiled,5,1,11,Strawberry_spoiled,410
data/raw/FRUIT-16K/S_Strawberry/136.jpg,Strawberry,spoiled,5,1,11,Strawberry_spoiled,410
data/raw/FRUIT-16K/S_Strawberry/137.jpg,Strawberry,spoiled,5,1,11,Strawberry_spoiled,410
data/raw/FRUIT-16K/S_Strawberry/138.jpg,Strawberry,spoiled,5,1,11,Strawberry_spoiled,410
data/raw/FRUIT-16K/S_Strawberry/139.jpg,Strawberry,spoiled,5,1,11,Strawberry_spoiled,410
data/raw/FRUIT-16K/S_Strawberry/140.jpg,Strawberry,spoiled,5,1,11,Strawberry_spoiled,410
data/raw/FRUIT-16K/S_Strawberry/141.jpg,Strawberry,spoiled,5,1,11,Strawberry_spoiled,410
data/raw/FRUIT-16K/S_Strawberry/142.jpg,Strawberry,spoiled,5,1,11,Strawberry_spoiled,410
data/raw/FRUIT-16K/S_Strawberry/143.jpg,Strawberry,spoiled,5,1,11,Strawberry_spoiled,410
data/raw/FRUIT-16K/S_Strawberry/144.jpg,Strawberry,spoiled,5,1,11,Strawberry_spoiled,410
data/raw/FRUIT-16K/S_Strawberry/145.jpg,Strawberry,spoiled,5,1,11,Strawberry_spoiled,410
data/raw/FRUIT-16K/S_Strawberry/146.jpg,Strawberry,spoiled,5,1,11,Strawberry_spoiled,410
data/raw/FRUIT-16K/S_Strawberry/147.jpg,Strawberry,spoiled,5,1,11,Strawberry_spoiled,410
data/raw/FRUIT-16K/S_Strawberry/148.jpg,Strawberry,spoiled,5,1,11,Strawberry_spoiled,410
data/raw/FRUIT-16K/S_Strawberry/149.jpg,Strawberry,spoiled,5,1,11,Strawberry_spoiled,410
data/raw/FRUIT-16K/S_Strawberry/150.jpg,Strawberry,spoiled,5,1,11,Strawberry_spoiled,410
data/raw/FRUIT-16K/S_Strawberry/151.jpg,Strawberry,spoiled,5,1,11,Strawberry_spoiled,411
data/raw/FRUIT-16K/S_Strawberry/152.jpg,Strawberry,spoiled,5,1,11,Strawberry_spoiled,411
data/raw/FRUIT-16K/S_Strawberry/153.jpg,Strawberry,spoiled,5,1,11,Strawberry_spoiled,411
data/raw/FRUIT-16K/S_Strawberry/154.jpg,Strawberry,spoiled,5,1,11,Strawberry_spoiled,411
data/raw/FRUIT-16K/S_Strawberry/155.jpg,Strawberry,spoiled,5,1,11,Strawberry_spoiled,411
data/raw/FRUIT-16K/S_Strawberry/156.jpg,Strawberry,spoiled,5,1,11,Strawberry_spoiled,411
data/raw/FRUIT-16K/S_Strawberry/157.jpg,Strawberry,spoiled,5,1,11,Strawberry_spoiled,411
data/raw/FRUIT-16K/S_Strawberry/158.jpg,Strawberry,spoiled,5,1,11,Strawberry_spoiled,411
data/raw/FRUIT-16K/S_Strawberry/159.jpg,Strawberry,spoiled,5,1,11,Strawberry_spoiled,411
data/raw/FRUIT-16K/S_Strawberry/160.jpg,Strawberry,spoiled,5,1,11,Strawberry_spoiled,411
data/raw/FRUIT-16K/S_Strawberry/161.jpg,Strawberry,spoiled,5,1,11,Strawberry_spoiled,411
data/raw/FRUIT-16K/S_Strawberry/162.jpg,Strawberry,spoiled,5,1,11,Strawberry_spoiled,411
data/raw/FRUIT-16K/S_Strawberry/163.jpg,Strawberry,spoiled,5,1,11,Strawberry_spoiled,411
data/raw/FRUIT-16K/S_Strawberry/164.jpg,Strawberry,spoiled,5,1,11,Strawberry_spoiled,411
data/raw/FRUIT-16K/S_Strawberry/165.jpg,Strawberry,spoiled,5,1,11,Strawberry_spoiled,411
data/raw/FRUIT-16K/S_Strawberry/166.jpg,Strawberry,spoiled,5,1,11,Strawberry_spoiled,411
data/raw/FRUIT-16K/S_Strawberry/167.jpg,Strawberry,spoiled,5,1,11,Strawberry_spoiled,411
data/raw/FRUIT-16K/S_Strawberry/168.jpg,Strawberry,spoiled,5,1,11,Strawberry_spoiled,411
data/raw/FRUIT-16K/S_Strawberry/169.jpg,Strawberry,spoiled,5,1,11,Strawberry_spoiled,411
data/raw/FRUIT-16K/S_Strawberry/170.jpg,Strawberry,spoiled,5,1,11,Strawberry_spoiled,411
data/raw/FRUIT-16K/S_Strawberry/171.jpg,Strawberry,spoiled,5,1,11,Strawberry_spoiled,411
data/raw/FRUIT-16K/S_Strawberry/172.jpg,Strawberry,spoiled,5,1,11,Strawberry_spoiled,411
data/raw/FRUIT-16K/S_Strawberry/173.jpg,Strawberry,spoiled,5,1,11,Strawberry_spoiled,411
data/raw/FRUIT-16K/S_Strawberry/174.jpg,Strawberry,spoiled,5,1,11,Strawberry_spoiled,411
data/raw/FRUIT-16K/S_Strawberry/175.jpg,Strawberry,spoiled,5,1,11,Strawberry_spoiled,411
data/raw/FRUIT-16K/S_Strawberry/201.jpg,Strawberry,spoiled,5,1,11,Strawberry_spoiled,413
data/raw/FRUIT-16K/S_Strawberry/202.jpg,Strawberry,spoiled,5,1,11,Strawberry_spoiled,413
data/raw/FRUIT-16K/S_Strawberry/203.jpg,Strawberry,spoiled,5,1,11,Strawberry_spoiled,413
data/raw/FRUIT-16K/S_Strawberry/204.jpg,Strawberry,spoiled,5,1,11,Strawberry_spoiled,413
data/raw/FRUIT-16K/S_Strawberry/205.jpg,Strawberry,spoiled,5,1,11,Strawberry_spoiled,413
data/raw/FRUIT-16K/S_Strawberry/206.jpg,Strawberry,spoiled,5,1,11,Strawberry_spoiled,413
data/raw/FRUIT-16K/S_Strawberry/207.jpg,Strawberry,spoiled,5,1,11,Strawberry_spoiled,413
data/raw/FRUIT-16K/S_Strawberry/208.jpg,Strawberry,spoiled,5,1,11,Strawberry_spoiled,413
data/raw/FRUIT-16K/S_Strawberry/209.jpg,Strawberry,spoiled,5,1,11,Strawberry_spoiled,413
data/raw/FRUIT-16K/S_Strawberry/210.jpg,Strawberry,spoiled,5,1,11,Strawberry_spoiled,413
data/raw/FRUIT-16K/S_Strawberry/211.jpg,Strawberry,spoiled,5,1,11,Strawberry_spoiled,413
data/raw/FRUIT-16K/S_Strawberry/212.jpg,Strawberry,spoiled,5,1,11,Strawberry_spoiled,413
data/raw/FRUIT-16K/S_Strawberry/213.jpg,Strawberry,spoiled,5,1,11,Strawberry_spoiled,413
data/raw/FRUIT-16K/S_Strawberry/214.jpg,Strawberry,spoiled,5,1,11,Strawberry_spoiled,413
data/raw/FRUIT-16K/S_Strawberry/215.jpg,Strawberry,spoiled,5,1,11,Strawberry_spoiled,413
data/raw/FRUIT-16K/S_Strawberry/216.jpg,Strawberry,spoiled,5,1,11,Strawberry_spoiled,413
data/raw/FRUIT-16K/S_Strawberry/217.jpg,Strawberry,spoiled,5,1,11,Strawberry_spoiled,413
data/raw/FRUIT-16K/S_Strawberry/218.jpg,Strawberry,spoiled,5,1,11,Strawberry_spoiled,413
data/raw/FRUIT-16K/S_Strawberry/219.jpg,Strawberry,spoiled,5,1,11,Strawberry_spoiled,413
data/raw/FRUIT-16K/S_Strawberry/220.jpg,Strawberry,spoiled,5,1,11,Strawberry_spoiled,413
data/raw/FRUIT-16K/S_Strawberry/221.jpg,Strawberry,spoiled,5,1,11,Strawberry_spoiled,413
data/raw/FRUIT-16K/S_Strawberry/222.jpg,Strawberry,spoiled,5,1,11,Strawberry_spoiled,413
data/raw/FRUIT-16K/S_Strawberry/223.jpg,Strawberry,spoiled,5,1,11,Strawberry_spoiled,413
data/raw/FRUIT-16K/S_Strawberry/224.jpg,Strawberry,spoiled,5,1,11,Strawberry_spoiled,413
data/raw/FRUIT-16K/S_Strawberry/225.jpg,Strawberry,spoiled,5,1,11,Strawberry_spoiled,413
data/raw/FRUIT-16K/S_Strawberry/226.jpg,Strawberry,spoiled,5,1,11,Strawberry_spoiled,414
data/raw/FRUIT-16K/S_Strawberry/227.jpg,Strawberry,spoiled,5,1,11,Strawberry_spoiled,414
data/raw/FRUIT-16K/S_Strawberry/228.jpg,Strawberry,spoiled,5,1,11,Strawberry_spoiled,414
data/raw/FRUIT-16K/S_Strawberry/229.jpg,Strawberry,spoiled,5,1,11,Strawberry_spoiled,414
data/raw/FRUIT-16K/S_Strawberry/230.jpg,Strawberry,spoiled,5,1,11,Strawberry_spoiled,414
data/raw/FRUIT-16K/S_Strawberry/231.jpg,Strawberry,spoiled,5,1,11,Strawberry_spoiled,414
data/raw/FRUIT-16K/S_Strawberry/232.jpg,Strawberry,spoiled,5,1,11,Strawberry_spoiled,414
data/raw/FRUIT-16K/S_Strawberry/233.jpg,Strawberry,spoiled,5,1,11,Strawberry_spoiled,414
data/raw/FRUIT-16K/S_Strawberry/234.jpg,Strawberry,spoiled,5,1,11,Strawberry_spoiled,414
data/raw/FRUIT-16K/S_Strawberry/235.jpg,Strawberry,spoiled,5,1,11,Strawberry_spoiled,414
data/raw/FRUIT-16K/S_Strawberry/236.jpg,Strawberry,spoiled,5,1,11,Strawberry_spoiled,414
data/raw/FRUIT-16K/S_Strawberry/237.jpg,Strawberry,spoiled,5,1,11,Strawberry_spoiled,414
data/raw/FRUIT-16K/S_Strawberry/238.jpg,Strawberry,spoiled,5,1,11,Strawberry_spoiled,414
data/raw/FRUIT-16K/S_Strawberry/239.jpg,Strawberry,spoiled,5,1,11,Strawberry_spoiled,414
data/raw/FRUIT-16K/S_Strawberry/240.jpg,Strawberry,spoiled,5,1,11,Strawberry_spoiled,414
data/raw/FRUIT-16K/S_Strawberry/241.jpg,Strawberry,spoiled,5,1,11,Strawberry_spoiled,414
data/raw/FRUIT-16K/S_Strawberry/242.jpg,Strawberry,spoiled,5,1,11,Strawberry_spoiled,414
data/raw/FRUIT-16K/S_Strawberry/243.jpg,Strawberry,spoiled,5,1,11,Strawberry_spoiled,414
data/raw/FRUIT-16K/S_Strawberry/244.jpg,Strawberry,spoiled,5,1,11,Strawberry_spoiled,414
data/raw/FRUIT-16K/S_Strawberry/245.jpg,Strawberry,spoiled,5,1,11,Strawberry_spoiled,414
data/raw/FRUIT-16K/S_Strawberry/246.jpg,Strawberry,spoiled,5,1,11,Strawberry_spoiled,414
data/raw/FRUIT-16K/S_Strawberry/247.jpg,Strawberry,spoiled,5,1,11,Strawberry_spoiled,414
data/raw/FRUIT-16K/S_Strawberry/248.jpg,Strawberry,spoiled,5,1,11,Strawberry_spoiled,414
data/raw/FRUIT-16K/S_Strawberry/249.jpg,Strawberry,spoiled,5,1,11,Strawberry_spoiled,414
data/raw/FRUIT-16K/S_Strawberry/250.jpg,Strawberry,spoiled,5,1,11,Strawberry_spoiled,414
data/raw/FRUIT-16K/S_Strawberry/301.jpg,Strawberry,spoiled,5,1,11,Strawberry_spoiled,417
data/raw/FRUIT-16K/S_Strawberry/302.jpg,Strawberry,spoiled,5,1,11,Strawberry_spoiled,417
data/raw/FRUIT-16K/S_Strawberry/303.jpg,Strawberry,spoiled,5,1,11,Strawberry_spoiled,417
data/raw/FRUIT-16K/S_Strawberry/304.jpg,Strawberry,spoiled,5,1,11,Strawberry_spoiled,417
data/raw/FRUIT-16K/S_Strawberry/305.jpg,Strawberry,spoiled,5,1,11,Strawberry_spoiled,417
data/raw/FRUIT-16K/S_Strawberry/306.jpg,Strawberry,spoiled,5,1,11,Strawberry_spoiled,417
data/raw/FRUIT-16K/S_Strawberry/307.jpg,Strawberry,spoiled,5,1,11,Strawberry_spoiled,417
data/raw/FRUIT-16K/S_Strawberry/308.jpg,Strawberry,spoiled,5,1,11,Strawberry_spoiled,417
data/raw/FRUIT-16K/S_Strawberry/309.jpg,Strawberry,spoiled,5,1,11,Strawberry_spoiled,417
data/raw/FRUIT-16K/S_Strawberry/310.jpg,Strawberry,spoiled,5,1,11,Strawberry_spoiled,417
data/raw/FRUIT-16K/S_Strawberry/311.jpg,Strawberry,spoiled,5,1,11,Strawberry_spoiled,417
data/raw/FRUIT-16K/S_Strawberry/312.jpg,Strawberry,spoiled,5,1,11,Strawberry_spoiled,417
data/raw/FRUIT-16K/S_Strawberry/313.jpg,Strawberry,spoiled,5,1,11,Strawberry_spoiled,417
data/raw/FRUIT-16K/S_Strawberry/314.jpg,Strawberry,spoiled,5,1,11,Strawberry_spoiled,417
data/raw/FRUIT-16K/S_Strawberry/315.jpg,Strawberry,spoiled,5,1,11,Strawberry_spoiled,417
data/raw/FRUIT-16K/S_Strawberry/316.jpg,Strawberry,spoiled,5,1,11,Strawberry_spoiled,417
data/raw/FRUIT-16K/S_Strawberry/317.jpg,Strawberry,spoiled,5,1,11,Strawberry_spoiled,417
data/raw/FRUIT-16K/S_Strawberry/318.jpg,Strawberry,spoiled,5,1,11,Strawberry_spoiled,417
data/raw/FRUIT-16K/S_Strawberry/319.jpg,Strawberry,spoiled,5,1,11,Strawberry_spoiled,417
data/raw/FRUIT-16K/S_Strawberry/320.jpg,Strawberry,spoiled,5,1,11,Strawberry_spoiled,417
data/raw/FRUIT-16K/S_Strawberry/321.jpg,Strawberry,spoiled,5,1,11,Strawberry_spoiled,417
data/raw/FRUIT-16K/S_Strawberry/322.jpg,Strawberry,spoiled,5,1,11,Strawberry_spoiled,417
data/raw/FRUIT-16K/S_Strawberry/323.jpg,Strawberry,spoiled,5,1,11,Strawberry_spoiled,417
data/raw/FRUIT-16K/S_Strawberry/324.jpg,Strawberry,spoiled,5,1,11,Strawberry_spoiled,417
data/raw/FRUIT-16K/S_Strawberry/325.jpg,Strawberry,spoiled,5,1,11,Strawberry_spoiled,417
data/raw/FRUIT-16K/S_Strawberry/351.jpg,Strawberry,spoiled,5,1,11,Strawberry_spoiled,419
data/raw/FRUIT-16K/S_Strawberry/352.jpg,Strawberry,spoiled,5,1,11,Strawberry_spoiled,419
data/raw/FRUIT-16K/S_Strawberry/353.jpg,Strawberry,spoiled,5,1,11,Strawberry_spoiled,419
data/raw/FRUIT-16K/S_Strawberry/354.jpg,Strawberry,spoiled,5,1,11,Strawberry_spoiled,419
data/raw/FRUIT-16K/S_Strawberry/355.jpg,Strawberry,spoiled,5,1,11,Strawberry_spoiled,419
data/raw/FRUIT-16K/S_Strawberry/356.jpg,Strawberry,spoiled,5,1,11,Strawberry_spoiled,419
data/raw/FRUIT-16K/S_Strawberry/357.jpg,Strawberry,spoiled,5,1,11,Strawberry_spoiled,419
data/raw/FRUIT-16K/S_Strawberry/358.jpg,Strawberry,spoiled,5,1,11,Strawberry_spoiled,419
data/raw/FRUIT-16K/S_Strawberry/359.jpg,Strawberry,spoiled,5,1,11,Strawberry_spoiled,419
data/raw/FRUIT-16K/S_Strawberry/360.jpg,Strawberry,spoiled,5,1,11,Strawberry_spoiled,419
data/raw/FRUIT-16K/S_Strawberry/361.jpg,Strawberry,spoiled,5,1,11,Strawberry_spoiled,419
data/raw/FRUIT-16K/S_Strawberry/362.jpg,Strawberry,spoiled,5,1,11,Strawberry_spoiled,419
data/raw/FRUIT-16K/S_Strawberry/363.jpg,Strawberry,spoiled,5,1,11,Strawberry_spoiled,419
data/raw/FRUIT-16K/S_Strawberry/364.jpg,Strawberry,spoiled,5,1,11,Strawberry_spoiled,419
data/raw/FRUIT-16K/S_Strawberry/365.jpg,Strawberry,spoiled,5,1,11,Strawberry_spoiled,419
data/raw/FRUIT-16K/S_Strawberry/366.jpg,Strawberry,spoiled,5,1,11,Strawberry_spoiled,419
data/raw/FRUIT-16K/S_Strawberry/367.jpg,Strawberry,spoiled,5,1,11,Strawberry_spoiled,419
data/raw/FRUIT-16K/S_Strawberry/368.jpg,Strawberry,spoiled,5,1,11,Strawberry_spoiled,419
data/raw/FRUIT-16K/S_Strawberry/369.jpg,Strawberry,spoiled,5,1,11,Strawberry_spoiled,419
data/raw/FRUIT-16K/S_Strawberry/370.jpg,Strawberry,spoiled,5,1,11,Strawberry_spoiled,419
data/raw/FRUIT-16K/S_Strawberry/371.jpg,Strawberry,spoiled,5,1,11,Strawberry_spoiled,419
data/raw/FRUIT-16K/S_Strawberry/372.jpg,Strawberry,spoiled,5,1,11,Strawberry_spoiled,419
data/raw/FRUIT-16K/S_Strawberry/373.jpg,Strawberry,spoiled,5,1,11,Strawberry_spoiled,419
data/raw/FRUIT-16K/S_Strawberry/374.jpg,Strawberry,spoiled,5,1,11,Strawberry_spoiled,419
data/raw/FRUIT-16K/S_Strawberry/375.jpg,Strawberry,spoiled,5,1,11,Strawberry_spoiled,419
data/raw/FRUIT-16K/S_Strawberry/376.jpg,Strawberry,spoiled,5,1,11,Strawberry_spoiled,419
data/raw/FRUIT-16K/S_Strawberry/377.jpg,Strawberry,spoiled,5,1,11,Strawberry_spoiled,419
data/raw/FRUIT-16K/S_Strawberry/378.jpg,Strawberry,spoiled,5,1,11,Strawberry_spoiled,419
data/raw/FRUIT-16K/S_Strawberry/379.jpg,Strawberry,spoiled,5,1,11,Strawberry_spoiled,419
data/raw/FRUIT-16K/S_Strawberry/380.jpg,Strawberry,spoiled,5,1,11,Strawberry_spoiled,419
data/raw/FRUIT-16K/S_Strawberry/381.jpg,Strawberry,spoiled,5,1,11,Strawberry_spoiled,419
data/raw/FRUIT-16K/S_Strawberry/382.jpg,Strawberry,spoiled,5,1,11,Strawberry_spoiled,419
data/raw/FRUIT-16K/S_Strawberry/383.jpg,Strawberry,spoiled,5,1,11,Strawberry_spoiled,419
data/raw/FRUIT-16K/S_Strawberry/384.jpg,Strawberry,spoiled,5,1,11,Strawberry_spoiled,419
data/raw/FRUIT-16K/S_Strawberry/385.jpg,Strawberry,spoiled,5,1,11,Strawberry_spoiled,419
data/raw/FRUIT-16K/S_Strawberry/386.jpg,Strawberry,spoiled,5,1,11,Strawberry_spoiled,419
data/raw/FRUIT-16K/S_Strawberry/387.jpg,Strawberry,spoiled,5,1,11,Strawberry_spoiled,419
data/raw/FRUIT-16K/S_Strawberry/388.jpg,Strawberry,spoiled,5,1,11,Strawberry_spoiled,419
data/raw/FRUIT-16K/S_Strawberry/389.jpg,Strawberry,spoiled,5,1,11,Strawberry_spoiled,419
data/raw/FRUIT-16K/S_Strawberry/390.jpg,Strawberry,spoiled,5,1,11,Strawberry_spoiled,419
data/raw/FRUIT-16K/S_Strawberry/391.jpg,Strawberry,spoiled,5,1,11,Strawberry_spoiled,419
data/raw/FRUIT-16K/S_Strawberry/392.jpg,Strawberry,spoiled,5,1,11,Strawberry_spoiled,419
data/raw/FRUIT-16K/S_Strawberry/393.jpg,Strawberry,spoiled,5,1,11,Strawberry_spoiled,419
data/raw/FRUIT-16K/S_Strawberry/394.jpg,Strawberry,spoiled,5,1,11,Strawberry_spoiled,419
data/raw/FRUIT-16K/S_Strawberry/395.jpg,Strawberry,spoiled,5,1,11,Strawberry_spoiled,419
data/raw/FRUIT-16K/S_Strawberry/396.jpg,Strawberry,spoiled,5,1,11,Strawberry_spoiled,419
data/raw/FRUIT-16K/S_Strawberry/397.jpg,Strawberry,spoiled,5,1,11,Strawberry_spoiled,419
data/raw/FRUIT-16K/S_Strawberry/398.jpg,Strawberry,spoiled,5,1,11,Strawberry_spoiled,419
data/raw/FRUIT-16K/S_Strawberry/399.jpg,Strawberry,spoiled,5,1,11,Strawberry_spoiled,419
data/raw/FRUIT-16K/S_Strawberry/400.jpg,Strawberry,spoiled,5,1,11,Strawberry_spoiled,419
data/raw/FRUIT-16K/S_Strawberry/401.jpg,Strawberry,spoiled,5,1,11,Strawberry_spoiled,419
data/raw/FRUIT-16K/S_Strawberry/402.jpg,Strawberry,spoiled,5,1,11,Strawberry_spoiled,419
data/raw/FRUIT-16K/S_Strawberry/403.jpg,Strawberry,spoiled,5,1,11,Strawberry_spoiled,419
data/raw/FRUIT-16K/S_Strawberry/404.jpg,Strawberry,spoiled,5,1,11,Strawberry_spoiled,419
data/raw/FRUIT-16K/S_Strawberry/405.jpg,Strawberry,spoiled,5,1,11,Strawberry_spoiled,419
data/raw/FRUIT-16K/S_Strawberry/406.jpg,Strawberry,spoiled,5,1,11,Strawberry_spoiled,419
data/raw/FRUIT-16K/S_Strawberry/407.jpg,Strawberry,spoiled,5,1,11,Strawberry_spoiled,419
data/raw/FRUIT-16K/S_Strawberry/408.jpg,Strawberry,spoiled,5,1,11,Strawberry_spoiled,419
data/raw/FRUIT-16K/S_Strawberry/409.jpg,Strawberry,spoiled,5,1,11,Strawberry_spoiled,419
data/raw/FRUIT-16K/S_Strawberry/410.jpg,Strawberry,spoiled,5,1,11,Strawberry_spoiled,419
data/raw/FRUIT-16K/S_Strawberry/411.jpg,Strawberry,spoiled,5,1,11,Strawberry_spoiled,419
data/raw/FRUIT-16K/S_Strawberry/412.jpg,Strawberry,spoiled,5,1,11,Strawberry_spoiled,419
data/raw/FRUIT-16K/S_Strawberry/413.jpg,Strawberry,spoiled,5,1,11,Strawberry_spoiled,419
data/raw/FRUIT-16K/S_Strawberry/414.jpg,Strawberry,spoiled,5,1,11,Strawberry_spoiled,419
data/raw/FRUIT-16K/S_Strawberry/415.jpg,Strawberry,spoiled,5,1,11,Strawberry_spoiled,419
data/raw/FRUIT-16K/S_Strawberry/416.jpg,Strawberry,spoiled,5,1,11,Strawberry_spoiled,419
data/raw/FRUIT-16K/S_Strawberry/417.jpg,Strawberry,spoiled,5,1,11,Strawberry_spoiled,419
data/raw/FRUIT-16K/S_Strawberry/418.jpg,Strawberry,spoiled,5,1,11,Strawberry_spoiled,419
data/raw/FRUIT-16K/S_Strawberry/419.jpg,Strawberry,spoiled,5,1,11,Strawberry_spoiled,419
data/raw/FRUIT-16K/S_Strawberry/420.jpg,Strawberry,spoiled,5,1,11,Strawberry_spoiled,419
data/raw/FRUIT-16K/S_Strawberry/421.jpg,Strawberry,spoiled,5,1,11,Strawberry_spoiled,419
data/raw/FRUIT-16K/S_Strawberry/422.jpg,Strawberry,spoiled,5,1,11,Strawberry_spoiled,419
data/raw/FRUIT-16K/S_Strawberry/423.jpg,Strawberry,spoiled,5,1,11,Strawberry_spoiled,419
data/raw/FRUIT-16K/S_Strawberry/424.jpg,Strawberry,spoiled,5,1,11,Strawberry_spoiled,419
data/raw/FRUIT-16K/S_Strawberry/425.jpg,Strawberry,spoiled,5,1,11,Strawberry_spoiled,419
data/raw/FRUIT-16K/S_Strawberry/426.jpg,Strawberry,spoiled,5,1,11,Strawberry_spoiled,419
data/raw/FRUIT-16K/S_Strawberry/427.jpg,Strawberry,spoiled,5,1,11,Strawberry_spoiled,419
data/raw/FRUIT-16K/S_Strawberry/428.jpg,Strawberry,spoiled,5,1,11,Strawberry_spoiled,419
data/raw/FRUIT-16K/S_Strawberry/429.jpg,Strawberry,spoiled,5,1,11,Strawberry_spoiled,419
data/raw/FRUIT-16K/S_Strawberry/430.jpg,Strawberry,spoiled,5,1,11,Strawberry_spoiled,419
data/raw/FRUIT-16K/S_Strawberry/431.jpg,Strawberry,spoiled,5,1,11,Strawberry_spoiled,419
data/raw/FRUIT-16K/S_Strawberry/432.jpg,Strawberry,spoiled,5,1,11,Strawberry_spoiled,419
data/raw/FRUIT-16K/S_Strawberry/433.jpg,Strawberry,spoiled,5,1,11,Strawberry_spoiled,419
data/raw/FRUIT-16K/S_Strawberry/434.jpg,Strawberry,spoiled,5,1,11,Strawberry_spoiled,419
data/raw/FRUIT-16K/S_Strawberry/435.jpg,Strawberry,spoiled,5,1,11,Strawberry_spoiled,419
data/raw/FRUIT-16K/S_Strawberry/436.jpg,Strawberry,spoiled,5,1,11,Strawberry_spoiled,419
data/raw/FRUIT-16K/S_Strawberry/437.jpg,Strawberry,spoiled,5,1,11,Strawberry_spoiled,419
data/raw/FRUIT-16K/S_Strawberry/438.jpg,Strawberry,spoiled,5,1,11,Strawberry_spoiled,419
data/raw/FRUIT-16K/S_Strawberry/439.jpg,Strawberry,spoiled,5,1,11,Strawberry_spoiled,419
data/raw/FRUIT-16K/S_Strawberry/440.jpg,Strawberry,spoiled,5,1,11,Strawberry_spoiled,419
data/raw/FRUIT-16K/S_Strawberry/441.jpg,Strawberry,spoiled,5,1,11,Strawberry_spoiled,419
data/raw/FRUIT-16K/S_Strawberry/442.jpg,Strawberry,spoiled,5,1,11,Strawberry_spoiled,419
data/raw/FRUIT-16K/S_Strawberry/443.jpg,Strawberry,spoiled,5,1,11,Strawberry_spoiled,419
data/raw/FRUIT-16K/S_Strawberry/444.jpg,Strawberry,spoiled,5,1,11,Strawberry_spoiled,419
data/raw/FRUIT-16K/S_Strawberry/445.jpg,Strawberry,spoiled,5,1,11,Strawberry_spoiled,419
data/raw/FRUIT-16K/S_Strawberry/446.jpg,Strawberry,spoiled,5,1,11,Strawberry_spoiled,419
data/raw/FRUIT-16K/S_Strawberry/447.jpg,Strawberry,spoiled,5,1,11,Strawberry_spoiled,419
data/raw/FRUIT-16K/S_Strawberry/448.jpg,Strawberry,spoiled,5,1,11,Strawberry_spoiled,419
data/raw/FRUIT-16K/S_Strawberry/449.jpg,Strawberry,spoiled,5,1,11,Strawberry_spoiled,419
data/raw/FRUIT-16K/S_Strawberry/450.jpg,Strawberry,spoiled,5,1,11,Strawberry_spoiled,419
data/raw/FRUIT-16K/S_Strawberry/451.jpg,Strawberry,spoiled,5,1,11,Strawberry_spoiled,419
data/raw/FRUIT-16K/S_Strawberry/452.jpg,Strawberry,spoiled,5,1,11,Strawberry_spoiled,419
data/raw/FRUIT-16K/S_Strawberry/453.jpg,Strawberry,spoiled,5,1,11,Strawberry_spoiled,419
data/raw/FRUIT-16K/S_Strawberry/454.jpg,Strawberry,spoiled,5,1,11,Strawberry_spoiled,419
data/raw/FRUIT-16K/S_Strawberry/455.jpg,Strawberry,spoiled,5,1,11,Strawberry_spoiled,419
data/raw/FRUIT-16K/S_Strawberry/456.jpg,Strawberry,spoiled,5,1,11,Strawberry_spoiled,419
data/raw/FRUIT-16K/S_Strawberry/457.jpg,Strawberry,spoiled,5,1,11,Strawberry_spoiled,419
data/raw/FRUIT-16K/S_Strawberry/458.jpg,Strawberry,spoiled,5,1,11,Strawberry_spoiled,419
data/raw/FRUIT-16K/S_Strawberry/459.jpg,Strawberry,spoiled,5,1,11,Strawberry_spoiled,419
data/raw/FRUIT-16K/S_Strawberry/460.jpg,Strawberry,spoiled,5,1,11,Strawberry_spoiled,419
data/raw/FRUIT-16K/S_Strawberry/461.jpg,Strawberry,spoiled,5,1,11,Strawberry_spoiled,419
data/raw/FRUIT-16K/S_Strawberry/462.jpg,Strawberry,spoiled,5,1,11,Strawberry_spoiled,419
data/raw/FRUIT-16K/S_Strawberry/463.jpg,Strawberry,spoiled,5,1,11,Strawberry_spoiled,419
data/raw/FRUIT-16K/S_Strawberry/464.jpg,Strawberry,spoiled,5,1,11,Strawberry_spoiled,419
data/raw/FRUIT-16K/S_Strawberry/465.jpg,Strawberry,spoiled,5,1,11,Strawberry_spoiled,419
data/raw/FRUIT-16K/S_Strawberry/466.jpg,Strawberry,spoiled,5,1,11,Strawberry_spoiled,419
data/raw/FRUIT-16K/S_Strawberry/467.jpg,Strawberry,spoiled,5,1,11,Strawberry_spoiled,419
data/raw/FRUIT-16K/S_Strawberry/468.jpg,Strawberry,spoiled,5,1,11,Strawberry_spoiled,419
data/raw/FRUIT-16K/S_Strawberry/469.jpg,Strawberry,spoiled,5,1,11,Strawberry_spoiled,419
data/raw/FRUIT-16K/S_Strawberry/470.jpg,Strawberry,spoiled,5,1,11,Strawberry_spoiled,419
data/raw/FRUIT-16K/S_Strawberry/471.jpg,Strawberry,spoiled,5,1,11,Strawberry_spoiled,419
data/raw/FRUIT-16K/S_Strawberry/472.jpg,Strawberry,spoiled,5,1,11,Strawberry_spoiled,419
data/raw/FRUIT-16K/S_Strawberry/473.jpg,Strawberry,spoiled,5,1,11,Strawberry_spoiled,419
data/raw/FRUIT-16K/S_Strawberry/474.jpg,Strawberry,spoiled,5,1,11,Strawberry_spoiled,419
data/raw/FRUIT-16K/S_Strawberry/475.jpg,Strawberry,spoiled,5,1,11,Strawberry_spoiled,419
data/raw/FRUIT-16K/S_Strawberry/476.jpg,Strawberry,spoiled,5,1,11,Strawberry_spoiled,419
data/raw/FRUIT-16K/S_Strawberry/477.jpg,Strawberry,spoiled,5,1,11,Strawberry_spoiled,419
data/raw/FRUIT-16K/S_Strawberry/478.jpg,Strawberry,spoiled,5,1,11,Strawberry_spoiled,419
data/raw/FRUIT-16K/S_Strawberry/479.jpg,Strawberry,spoiled,5,1,11,Strawberry_spoiled,419
data/raw/FRUIT-16K/S_Strawberry/480.jpg,Strawberry,spoiled,5,1,11,Strawberry_spoiled,419
data/raw/FRUIT-16K/S_Strawberry/481.jpg,Strawberry,spoiled,5,1,11,Strawberry_spoiled,419
data/raw/FRUIT-16K/S_Strawberry/482.jpg,Strawberry,spoiled,5,1,11,Strawberry_spoiled,419
data/raw/FRUIT-16K/S_Strawberry/483.jpg,Strawberry,spoiled,5,1,11,Strawberry_spoiled,419
data/raw/FRUIT-16K/S_Strawberry/484.jpg,Strawberry,spoiled,5,1,11,Strawberry_spoiled,419
data/raw/FRUIT-16K/S_Strawberry/485.jpg,Strawberry,spoiled,5,1,11,Strawberry_spoiled,419
data/raw/FRUIT-16K/S_Strawberry/486.jpg,Strawberry,spoiled,5,1,11,Strawberry_spoiled,419
data/raw/FRUIT-16K/S_Strawberry/487.jpg,Strawberry,spoiled,5,1,11,Strawberry_spoiled,419
data/raw/FRUIT-16K/S_Strawberry/488.jpg,Strawberry,spoiled,5,1,11,Strawberry_spoiled,419
data/raw/FRUIT-16K/S_Strawberry/489.jpg,Strawberry,spoiled,5,1,11,Strawberry_spoiled,419
data/raw/FRUIT-16K/S_Strawberry/490.jpg,Strawberry,spoiled,5,1,11,Strawberry_spoiled,419
data/raw/FRUIT-16K/S_Strawberry/491.jpg,Strawberry,spoiled,5,1,11,Strawberry_spoiled,419
data/raw/FRUIT-16K/S_Strawberry/492.jpg,Strawberry,spoiled,5,1,11,Strawberry_spoiled,419
data/raw/FRUIT-16K/S_Strawberry/493.jpg,Strawberry,spoiled,5,1,11,Strawberry_spoiled,419
data/raw/FRUIT-16K/S_Strawberry/494.jpg,Strawberry,spoiled,5,1,11,Strawberry_spoiled,419
data/raw/FRUIT-16K/S_Strawberry/495.jpg,Strawberry,spoiled,5,1,11,Strawberry_spoiled,419
data/raw/FRUIT-16K/S_Strawberry/496.jpg,Strawberry,spoiled,5,1,11,Strawberry_spoiled,419
data/raw/FRUIT-16K/S_Strawberry/497.jpg,Strawberry,spoiled,5,1,11,Strawberry_spoiled,419
data/raw/FRUIT-16K/S_Strawberry/498.jpg,Strawberry,spoiled,5,1,11,Strawberry_spoiled,419
data/raw/FRUIT-16K/S_Strawberry/499.jpg,Strawberry,spoiled,5,1,11,Strawberry_spoiled,419
data/raw/FRUIT-16K/S_Strawberry/500.jpg,Strawberry,spoiled,5,1,11,Strawberry_spoiled,419
data/raw/FRUIT-16K/S_Strawberry/501.jpg,Strawberry,spoiled,5,1,11,Strawberry_spoiled,420
data/raw/FRUIT-16K/S_Strawberry/502.jpg,Strawberry,spoiled,5,1,11,Strawberry_spoiled,420
data/raw/FRUIT-16K/S_Strawberry/503.jpg,Strawberry,spoiled,5,1,11,Strawberry_spoiled,420
data/raw/FRUIT-16K/S_Strawberry/504.jpg,Strawberry,spoiled,5,1,11,Strawberry_spoiled,420
data/raw/FRUIT-16K/S_Strawberry/505.jpg,Strawberry,spoiled,5,1,11,Strawberry_spoiled,420
data/raw/FRUIT-16K/S_Strawberry/506.jpg,Strawberry,spoiled,5,1,11,Strawberry_spoiled,420
data/raw/FRUIT-16K/S_Strawberry/507.jpg,Strawberry,spoiled,5,1,11,Strawberry_spoiled,420
data/raw/FRUIT-16K/S_Strawberry/508.jpg,Strawberry,spoiled,5,1,11,Strawberry_spoiled,420
data/raw/FRUIT-16K/S_Strawberry/509.jpg,Strawberry,spoiled,5,1,11,Strawberry_spoiled,420
data/raw/FRUIT-16K/S_Strawberry/510.jpg,Strawberry,spoiled,5,1,11,Strawberry_spoiled,420
data/raw/FRUIT-16K/S_Strawberry/511.jpg,Strawberry,spoiled,5,1,11,Strawberry_spoiled,420
data/raw/FRUIT-16K/S_Strawberry/512.jpg,Strawberry,spoiled,5,1,11,Strawberry_spoiled,420
data/raw/FRUIT-16K/S_Strawberry/513.jpg,Strawberry,spoiled,5,1,11,Strawberry_spoiled,420
data/raw/FRUIT-16K/S_Strawberry/514.jpg,Strawberry,spoiled,5,1,11,Strawberry_spoiled,420
data/raw/FRUIT-16K/S_Strawberry/515.jpg,Strawberry,spoiled,5,1,11,Strawberry_spoiled,420
data/raw/FRUIT-16K/S_Strawberry/516.jpg,Strawberry,spoiled,5,1,11,Strawberry_spoiled,420
data/raw/FRUIT-16K/S_Strawberry/517.jpg,Strawberry,spoiled,5,1,11,Strawberry_spoiled,420
data/raw/FRUIT-16K/S_Strawberry/518.jpg,Strawberry,spoiled,5,1,11,Strawberry_spoiled,420
data/raw/FRUIT-16K/S_Strawberry/519.jpg,Strawberry,spoiled,5,1,11,Strawberry_spoiled,420
data/raw/FRUIT-16K/S_Strawberry/520.jpg,Strawberry,spoiled,5,1,11,Strawberry_spoiled,420
data/raw/FRUIT-16K/S_Strawberry/521.jpg,Strawberry,spoiled,5,1,11,Strawberry_spoiled,420
data/raw/FRUIT-16K/S_Strawberry/522.jpg,Strawberry,spoiled,5,1,11,Strawberry_spoiled,420
data/raw/FRUIT-16K/S_Strawberry/523.jpg,Strawberry,spoiled,5,1,11,Strawberry_spoiled,420
data/raw/FRUIT-16K/S_Strawberry/524.jpg,Strawberry,spoiled,5,1,11,Strawberry_spoiled,420
data/raw/FRUIT-16K/S_Strawberry/525.jpg,Strawberry,spoiled,5,1,11,Strawberry_spoiled,420
data/raw/FRUIT-16K/S_Strawberry/526.jpg,Strawberry,spoiled,5,1,11,Strawberry_spoiled,420
data/raw/FRUIT-16K/S_Strawberry/527.jpg,Strawberry,spoiled,5,1,11,Strawberry_spoiled,420
data/raw/FRUIT-16K/S_Strawberry/528.jpg,Strawberry,spoiled,5,1,11,Strawberry_spoiled,420
data/raw/FRUIT-16K/S_Strawberry/529.jpg,Strawberry,spoiled,5,1,11,Strawberry_spoiled,420
data/raw/FRUIT-16K/S_Strawberry/530.jpg,Strawberry,spoiled,5,1,11,Strawberry_spoiled,420
data/raw/FRUIT-16K/S_Strawberry/531.jpg,Strawberry,spoiled,5,1,11,Strawberry_spoiled,420
data/raw/FRUIT-16K/S_Strawberry/532.jpg,Strawberry,spoiled,5,1,11,Strawberry_spoiled,420
data/raw/FRUIT-16K/S_Strawberry/533.jpg,Strawberry,spoiled,5,1,11,Strawberry_spoiled,420
data/raw/FRUIT-16K/S_Strawberry/534.jpg,Strawberry,spoiled,5,1,11,Strawberry_spoiled,420
data/raw/FRUIT-16K/S_Strawberry/535.jpg,Strawberry,spoiled,5,1,11,Strawberry_spoiled,420
data/raw/FRUIT-16K/S_Strawberry/536.jpg,Strawberry,spoiled,5,1,11,Strawberry_spoiled,420
data/raw/FRUIT-16K/S_Strawberry/537.jpg,Strawberry,spoiled,5,1,11,Strawberry_spoiled,420
data/raw/FRUIT-16K/S_Strawberry/538.jpg,Strawberry,spoiled,5,1,11,Strawberry_spoiled,420
data/raw/FRUIT-16K/S_Strawberry/539.jpg,Strawberry,spoiled,5,1,11,Strawberry_spoiled,420
data/raw/FRUIT-16K/S_Strawberry/540.jpg,Strawberry,spoiled,5,1,11,Strawberry_spoiled,420
data/raw/FRUIT-16K/S_Strawberry/541.jpg,Strawberry,spoiled,5,1,11,Strawberry_spoiled,420
data/raw/FRUIT-16K/S_Strawberry/542.jpg,Strawberry,spoiled,5,1,11,Strawberry_spoiled,420
data/raw/FRUIT-16K/S_Strawberry/543.jpg,Strawberry,spoiled,5,1,11,Strawberry_spoiled,420
data/raw/FRUIT-16K/S_Strawberry/544.jpg,Strawberry,spoiled,5,1,11,Strawberry_spoiled,420
data/raw/FRUIT-16K/S_Strawberry/545.jpg,Strawberry,spoiled,5,1,11,Strawberry_spoiled,420
data/raw/FRUIT-16K/S_Strawberry/546.jpg,Strawberry,spoiled,5,1,11,Strawberry_spoiled,420
data/raw/FRUIT-16K/S_Strawberry/547.jpg,Strawberry,spoiled,5,1,11,Strawberry_spoiled,420
data/raw/FRUIT-16K/S_Strawberry/548.jpg,Strawberry,spoiled,5,1,11,Strawberry_spoiled,420
data/raw/FRUIT-16K/S_Strawberry/549.jpg,Strawberry,spoiled,5,1,11,Strawberry_spoiled,420
data/raw/FRUIT-16K/S_Strawberry/550.jpg,Strawberry,spoiled,5,1,11,Strawberry_spoiled,420
data/raw/FRUIT-16K/S_Strawberry/551.jpg,Strawberry,spoiled,5,1,11,Strawberry_spoiled,421
data/raw/FRUIT-16K/S_Strawberry/552.jpg,Strawberry,spoiled,5,1,11,Strawberry_spoiled,421
data/raw/FRUIT-16K/S_Strawberry/553.jpg,Strawberry,spoiled,5,1,11,Strawberry_spoiled,421
data/raw/FRUIT-16K/S_Strawberry/554.jpg,Strawberry,spoiled,5,1,11,Strawberry_spoiled,421
data/raw/FRUIT-16K/S_Strawberry/555.jpg,Strawberry,spoiled,5,1,11,Strawberry_spoiled,421
data/raw/FRUIT-16K/S_Strawberry/556.jpg,Strawberry,spoiled,5,1,11,Strawberry_spoiled,421
data/raw/FRUIT-16K/S_Strawberry/557.jpg,Strawberry,spoiled,5,1,11,Strawberry_spoiled,421
data/raw/FRUIT-16K/S_Strawberry/558.jpg,Strawberry,spoiled,5,1,11,Strawberry_spoiled,421
data/raw/FRUIT-16K/S_Strawberry/559.jpg,Strawberry,spoiled,5,1,11,Strawberry_spoiled,421
data/raw/FRUIT-16K/S_Strawberry/560.jpg,Strawberry,spoiled,5,1,11,Strawberry_spoiled,421
data/raw/FRUIT-16K/S_Strawberry/561.jpg,Strawberry,spoiled,5,1,11,Strawberry_spoiled,421
data/raw/FRUIT-16K/S_Strawberry/562.jpg,Strawberry,spoiled,5,1,11,Strawberry_spoiled,421
data/raw/FRUIT-16K/S_Strawberry/563.jpg,Strawberry,spoiled,5,1,11,Strawberry_spoiled,421
data/raw/FRUIT-16K/S_Strawberry/564.jpg,Strawberry,spoiled,5,1,11,Strawberry_spoiled,421
data/raw/FRUIT-16K/S_Strawberry/565.jpg,Strawberry,spoiled,5,1,11,Strawberry_spoiled,421
data/raw/FRUIT-16K/S_Strawberry/566.jpg,Strawberry,spoiled,5,1,11,Strawberry_spoiled,421
data/raw/FRUIT-16K/S_Strawberry/567.jpg,Strawberry,spoiled,5,1,11,Strawberry_spoiled,421
data/raw/FRUIT-16K/S_Strawberry/568.jpg,Strawberry,spoiled,5,1,11,Strawberry_spoiled,421
data/raw/FRUIT-16K/S_Strawberry/569.jpg,Strawberry,spoiled,5,1,11,Strawberry_spoiled,421
data/raw/FRUIT-16K/S_Strawberry/570.jpg,Strawberry,spoiled,5,1,11,Strawberry_spoiled,421
data/raw/FRUIT-16K/S_Strawberry/571.jpg,Strawberry,spoiled,5,1,11,Strawberry_spoiled,421
data/raw/FRUIT-16K/S_Strawberry/572.jpg,Strawberry,spoiled,5,1,11,Strawberry_spoiled,421
data/raw/FRUIT-16K/S_Strawberry/573.jpg,Strawberry,spoiled,5,1,11,Strawberry_spoiled,421
data/raw/FRUIT-16K/S_Strawberry/574.jpg,Strawberry,spoiled,5,1,11,Strawberry_spoiled,421
data/raw/FRUIT-16K/S_Strawberry/575.jpg,Strawberry,spoiled,5,1,11,Strawberry_spoiled,421
data/raw/FRUIT-16K/S_Strawberry/576.jpg,Strawberry,spoiled,5,1,11,Strawberry_spoiled,421
data/raw/FRUIT-16K/S_Strawberry/577.jpg,Strawberry,spoiled,5,1,11,Strawberry_spoiled,421
data/raw/FRUIT-16K/S_Strawberry/578.jpg,Strawberry,spoiled,5,1,11,Strawberry_spoiled,421
data/raw/FRUIT-16K/S_Strawberry/579.jpg,Strawberry,spoiled,5,1,11,Strawberry_spoiled,421
data/raw/FRUIT-16K/S_Strawberry/580.jpg,Strawberry,spoiled,5,1,11,Strawberry_spoiled,421
data/raw/FRUIT-16K/S_Strawberry/581.jpg,Strawberry,spoiled,5,1,11,Strawberry_spoiled,421
data/raw/FRUIT-16K/S_Strawberry/582.jpg,Strawberry,spoiled,5,1,11,Strawberry_spoiled,421
data/raw/FRUIT-16K/S_Strawberry/583.jpg,Strawberry,spoiled,5,1,11,Strawberry_spoiled,421
data/raw/FRUIT-16K/S_Strawberry/584.jpg,Strawberry,spoiled,5,1,11,Strawberry_spoiled,421
data/raw/FRUIT-16K/S_Strawberry/585.jpg,Strawberry,spoiled,5,1,11,Strawberry_spoiled,421
data/raw/FRUIT-16K/S_Strawberry/586.jpg,Strawberry,spoiled,5,1,11,Strawberry_spoiled,421
data/raw/FRUIT-16K/S_Strawberry/587.jpg,Strawberry,spoiled,5,1,11,Strawberry_spoiled,421
data/raw/FRUIT-16K/S_Strawberry/588.jpg,Strawberry,spoiled,5,1,11,Strawberry_spoiled,421
data/raw/FRUIT-16K/S_Strawberry/589.jpg,Strawberry,spoiled,5,1,11,Strawberry_spoiled,421
data/raw/FRUIT-16K/S_Strawberry/590.jpg,Strawberry,spoiled,5,1,11,Strawberry_spoiled,421
data/raw/FRUIT-16K/S_Strawberry/591.jpg,Strawberry,spoiled,5,1,11,Strawberry_spoiled,421
data/raw/FRUIT-16K/S_Strawberry/592.jpg,Strawberry,spoiled,5,1,11,Strawberry_spoiled,421
data/raw/FRUIT-16K/S_Strawberry/593.jpg,Strawberry,spoiled,5,1,11,Strawberry_spoiled,421
data/raw/FRUIT-16K/S_Strawberry/594.jpg,Strawberry,spoiled,5,1,11,Strawberry_spoiled,421
data/raw/FRUIT-16K/S_Strawberry/595.jpg,Strawberry,spoiled,5,1,11,Strawberry_spoiled,421
data/raw/FRUIT-16K/S_Strawberry/596.jpg,Strawberry,spoiled,5,1,11,Strawberry_spoiled,421
data/raw/FRUIT-16K/S_Strawberry/597.jpg,Strawberry,spoiled,5,1,11,Strawberry_spoiled,421
data/raw/FRUIT-16K/S_Strawberry/598.jpg,Strawberry,spoiled,5,1,11,Strawberry_spoiled,421
data/raw/FRUIT-16K/S_Strawberry/599.jpg,Strawberry,spoiled,5,1,11,Strawberry_spoiled,421
data/raw/FRUIT-16K/S_Strawberry/600.jpg,Strawberry,spoiled,5,1,11,Strawberry_spoiled,421
data/raw/FRUIT-16K/S_Strawberry/601.jpg,Strawberry,spoiled,5,1,11,Strawberry_spoiled,421
data/raw/FRUIT-16K/S_Strawberry/602.jpg,Strawberry,spoiled,5,1,11,Strawberry_spoiled,421
data/raw/FRUIT-16K/S_Strawberry/603.jpg,Strawberry,spoiled,5,1,11,Strawberry_spoiled,421
data/raw/FRUIT-16K/S_Strawberry/604.jpg,Strawberry,spoiled,5,1,11,Strawberry_spoiled,421
data/raw/FRUIT-16K/S_Strawberry/605.jpg,Strawberry,spoiled,5,1,11,Strawberry_spoiled,421
data/raw/FRUIT-16K/S_Strawberry/606.jpg,Strawberry,spoiled,5,1,11,Strawberry_spoiled,421
data/raw/FRUIT-16K/S_Strawberry/607.jpg,Strawberry,spoiled,5,1,11,Strawberry_spoiled,421
data/raw/FRUIT-16K/S_Strawberry/608.jpg,Strawberry,spoiled,5,1,11,Strawberry_spoiled,421
data/raw/FRUIT-16K/S_Strawberry/609.jpg,Strawberry,spoiled,5,1,11,Strawberry_spoiled,421
data/raw/FRUIT-16K/S_Strawberry/610.jpg,Strawberry,spoiled,5,1,11,Strawberry_spoiled,421
data/raw/FRUIT-16K/S_Strawberry/611.jpg,Strawberry,spoiled,5,1,11,Strawberry_spoiled,421
data/raw/FRUIT-16K/S_Strawberry/612.jpg,Strawberry,spoiled,5,1,11,Strawberry_spoiled,421
data/raw/FRUIT-16K/S_Strawberry/613.jpg,Strawberry,spoiled,5,1,11,Strawberry_spoiled,421
data/raw/FRUIT-16K/S_Strawberry/614.jpg,Strawberry,spoiled,5,1,11,Strawberry_spoiled,421
data/raw/FRUIT-16K/S_Strawberry/615.jpg,Strawberry,spoiled,5,1,11,Strawberry_spoiled,421
data/raw/FRUIT-16K/S_Strawberry/616.jpg,Strawberry,spoiled,5,1,11,Strawberry_spoiled,421
data/raw/FRUIT-16K/S_Strawberry/617.jpg,Strawberry,spoiled,5,1,11,Strawberry_spoiled,421
data/raw/FRUIT-16K/S_Strawberry/618.jpg,Strawberry,spoiled,5,1,11,Strawberry_spoiled,421
data/raw/FRUIT-16K/S_Strawberry/619.jpg,Strawberry,spoiled,5,1,11,Strawberry_spoiled,421
data/raw/FRUIT-16K/S_Strawberry/620.jpg,Strawberry,spoiled,5,1,11,Strawberry_spoiled,421
data/raw/FRUIT-16K/S_Strawberry/621.jpg,Strawberry,spoiled,5,1,11,Strawberry_spoiled,421
data/raw/FRUIT-16K/S_Strawberry/622.jpg,Strawberry,spoiled,5,1,11,Strawberry_spoiled,421
data/raw/FRUIT-16K/S_Strawberry/623.jpg,Strawberry,spoiled,5,1,11,Strawberry_spoiled,421
data/raw/FRUIT-16K/S_Strawberry/624.jpg,Strawberry,spoiled,5,1,11,Strawberry_spoiled,421
data/raw/FRUIT-16K/S_Strawberry/625.jpg,Strawberry,spoiled,5,1,11,Strawberry_spoiled,421
data/raw/FRUIT-16K/S_Strawberry/626.jpg,Strawberry,spoiled,5,1,11,Strawberry_spoiled,422
data/raw/FRUIT-16K/S_Strawberry/627.jpg,Strawberry,spoiled,5,1,11,Strawberry_spoiled,422
data/raw/FRUIT-16K/S_Strawberry/628.jpg,Strawberry,spoiled,5,1,11,Strawberry_spoiled,422
data/raw/FRUIT-16K/S_Strawberry/629.jpg,Strawberry,spoiled,5,1,11,Strawberry_spoiled,422
data/raw/FRUIT-16K/S_Strawberry/630.jpg,Strawberry,spoiled,5,1,11,Strawberry_spoiled,422
data/raw/FRUIT-16K/S_Strawberry/631.jpg,Strawberry,spoiled,5,1,11,Strawberry_spoiled,422
data/raw/FRUIT-16K/S_Strawberry/632.jpg,Strawberry,spoiled,5,1,11,Strawberry_spoiled,422
data/raw/FRUIT-16K/S_Strawberry/633.jpg,Strawberry,spoiled,5,1,11,Strawberry_spoiled,422
data/raw/FRUIT-16K/S_Strawberry/634.jpg,Strawberry,spoiled,5,1,11,Strawberry_spoiled,422
data/raw/FRUIT-16K/S_Strawberry/635.jpg,Strawberry,spoiled,5,1,11,Strawberry_spoiled,422
data/raw/FRUIT-16K/S_Strawberry/636.jpg,Strawberry,spoiled,5,1,11,Strawberry_spoiled,422
data/raw/FRUIT-16K/S_Strawberry/637.jpg,Strawberry,spoiled,5,1,11,Strawberry_spoiled,422
data/raw/FRUIT-16K/S_Strawberry/638.jpg,Strawberry,spoiled,5,1,11,Strawberry_spoiled,422
data/raw/FRUIT-16K/S_Strawberry/639.jpg,Strawberry,spoiled,5,1,11,Strawberry_spoiled,422
data/raw/FRUIT-16K/S_Strawberry/640.jpg,Strawberry,spoiled,5,1,11,Strawberry_spoiled,422
data/raw/FRUIT-16K/S_Strawberry/641.jpg,Strawberry,spoiled,5,1,11,Strawberry_spoiled,422
data/raw/FRUIT-16K/S_Strawberry/642.jpg,Strawberry,spoiled,5,1,11,Strawberry_spoiled,422
data/raw/FRUIT-16K/S_Strawberry/643.jpg,Strawberry,spoiled,5,1,11,Strawberry_spoiled,422
data/raw/FRUIT-16K/S_Strawberry/644.jpg,Strawberry,spoiled,5,1,11,Strawberry_spoiled,422
data/raw/FRUIT-16K/S_Strawberry/645.jpg,Strawberry,spoiled,5,1,11,Strawberry_spoiled,422
data/raw/FRUIT-16K/S_Strawberry/646.jpg,Strawberry,spoiled,5,1,11,Strawberry_spoiled,422
data/raw/FRUIT-16K/S_Strawberry/647.jpg,Strawberry,spoiled,5,1,11,Strawberry_spoiled,422
data/raw/FRUIT-16K/S_Strawberry/648.jpg,Strawberry,spoiled,5,1,11,Strawberry_spoiled,422
data/raw/FRUIT-16K/S_Strawberry/649.jpg,Strawberry,spoiled,5,1,11,Strawberry_spoiled,422
data/raw/FRUIT-16K/S_Strawberry/650.jpg,Strawberry,spoiled,5,1,11,Strawberry_spoiled,422
data/raw/FRUIT-16K/S_Strawberry/651.jpg,Strawberry,spoiled,5,1,11,Strawberry_spoiled,421
data/raw/FRUIT-16K/S_Strawberry/652.jpg,Strawberry,spoiled,5,1,11,Strawberry_spoiled,421
data/raw/FRUIT-16K/S_Strawberry/653.jpg,Strawberry,spoiled,5,1,11,Strawberry_spoiled,421
data/raw/FRUIT-16K/S_Strawberry/654.jpg,Strawberry,spoiled,5,1,11,Strawberry_spoiled,421
data/raw/FRUIT-16K/S_Strawberry/655.jpg,Strawberry,spoiled,5,1,11,Strawberry_spoiled,421
data/raw/FRUIT-16K/S_Strawberry/656.jpg,Strawberry,spoiled,5,1,11,Strawberry_spoiled,421
data/raw/FRUIT-16K/S_Strawberry/657.jpg,Strawberry,spoiled,5,1,11,Strawberry_spoiled,421
data/raw/FRUIT-16K/S_Strawberry/658.jpg,Strawberry,spoiled,5,1,11,Strawberry_spoiled,421
data/raw/FRUIT-16K/S_Strawberry/659.jpg,Strawberry,spoiled,5,1,11,Strawberry_spoiled,421
data/raw/FRUIT-16K/S_Strawberry/660.jpg,Strawberry,spoiled,5,1,11,Strawberry_spoiled,421
data/raw/FRUIT-16K/S_Strawberry/661.jpg,Strawberry,spoiled,5,1,11,Strawberry_spoiled,421
data/raw/FRUIT-16K/S_Strawberry/662.jpg,Strawberry,spoiled,5,1,11,Strawberry_spoiled,421
data/raw/FRUIT-16K/S_Strawberry/663.jpg,Strawberry,spoiled,5,1,11,Strawberry_spoiled,421
data/raw/FRUIT-16K/S_Strawberry/664.jpg,Strawberry,spoiled,5,1,11,Strawberry_spoiled,421
data/raw/FRUIT-16K/S_Strawberry/665.jpg,Strawberry,spoiled,5,1,11,Strawberry_spoiled,421
data/raw/FRUIT-16K/S_Strawberry/666.jpg,Strawberry,spoiled,5,1,11,Strawberry_spoiled,421
data/raw/FRUIT-16K/S_Strawberry/667.jpg,Strawberry,spoiled,5,1,11,Strawberry_spoiled,421
data/raw/FRUIT-16K/S_Strawberry/668.jpg,Strawberry,spoiled,5,1,11,Strawberry_spoiled,421
data/raw/FRUIT-16K/S_Strawberry/669.jpg,Strawberry,spoiled,5,1,11,Strawberry_spoiled,421
data/raw/FRUIT-16K/S_Strawberry/670.jpg,Strawberry,spoiled,5,1,11,Strawberry_spoiled,421
data/raw/FRUIT-16K/S_Strawberry/671.jpg,Strawberry,spoiled,5,1,11,Strawberry_spoiled,421
data/raw/FRUIT-16K/S_Strawberry/672.jpg,Strawberry,spoiled,5,1,11,Strawberry_spoiled,421
data/raw/FRUIT-16K/S_Strawberry/673.jpg,Strawberry,spoiled,5,1,11,Strawberry_spoiled,421
data/raw/FRUIT-16K/S_Strawberry/674.jpg,Strawberry,spoiled,5,1,11,Strawberry_spoiled,421
data/raw/FRUIT-16K/S_Strawberry/675.jpg,Strawberry,spoiled,5,1,11,Strawberry_spoiled,421
data/raw/FRUIT-16K/S_Strawberry/676.jpg,Strawberry,spoiled,5,1,11,Strawberry_spoiled,420
data/raw/FRUIT-16K/S_Strawberry/677.jpg,Strawberry,spoiled,5,1,11,Strawberry_spoiled,420
data/raw/FRUIT-16K/S_Strawberry/678.jpg,Strawberry,spoiled,5,1,11,Strawberry_spoiled,420
data/raw/FRUIT-16K/S_Strawberry/679.jpg,Strawberry,spoiled,5,1,11,Strawberry_spoiled,420
data/raw/FRUIT-16K/S_Strawberry/680.jpg,Strawberry,spoiled,5,1,11,Strawberry_spoiled,420
data/raw/FRUIT-16K/S_Strawberry/681.jpg,Strawberry,spoiled,5,1,11,Strawberry_spoiled,420
data/raw/FRUIT-16K/S_Strawberry/682.jpg,Strawberry,spoiled,5,1,11,Strawberry_spoiled,420
data/raw/FRUIT-16K/S_Strawberry/683.jpg,Strawberry,spoiled,5,1,11,Strawberry_spoiled,420
data/raw/FRUIT-16K/S_Strawberry/684.jpg,Strawberry,spoiled,5,1,11,Strawberry_spoiled,420
data/raw/FRUIT-16K/S_Strawberry/685.jpg,Strawberry,spoiled,5,1,11,Strawberry_spoiled,420
data/raw/FRUIT-16K/S_Strawberry/686.jpg,Strawberry,spoiled,5,1,11,Strawberry_spoiled,420
data/raw/FRUIT-16K/S_Strawberry/687.jpg,Strawberry,spoiled,5,1,11,Strawberry_spoiled,420
data/raw/FRUIT-16K/S_Strawberry/688.jpg,Strawberry,spoiled,5,1,11,Strawberry_spoiled,420
data/raw/FRUIT-16K/S_Strawberry/689.jpg,Strawberry,spoiled,5,1,11,Strawberry_spoiled,420
data/raw/FRUIT-16K/S_Strawberry/690.jpg,Strawberry,spoiled,5,1,11,Strawberry_spoiled,420
data/raw/FRUIT-16K/S_Strawberry/691.jpg,Strawberry,spoiled,5,1,11,Strawberry_spoiled,420
data/raw/FRUIT-16K/S_Strawberry/692.jpg,Strawberry,spoiled,5,1,11,Strawberry_spoiled,420
data/raw/FRUIT-16K/S_Strawberry/693.jpg,Strawberry,spoiled,5,1,11,Strawberry_spoiled,420
data/raw/FRUIT-16K/S_Strawberry/694.jpg,Strawberry,spoiled,5,1,11,Strawberry_spoiled,420
data/raw/FRUIT-16K/S_Strawberry/695.jpg,Strawberry,spoiled,5,1,11,Strawberry_spoiled,420
data/raw/FRUIT-16K/S_Strawberry/696.jpg,Strawberry,spoiled,5,1,11,Strawberry_spoiled,420
data/raw/FRUIT-16K/S_Strawberry/697.jpg,Strawberry,spoiled,5,1,11,Strawberry_spoiled,420
data/raw/FRUIT-16K/S_Strawberry/698.jpg,Strawberry,spoiled,5,1,11,Strawberry_spoiled,420
data/raw/FRUIT-16K/S_Strawberry/699.jpg,Strawberry,spoiled,5,1,11,Strawberry_spoiled,420
data/raw/FRUIT-16K/S_Strawberry/700.jpg,Strawberry,spoiled,5,1,11,Strawberry_spoiled,420
data/raw/FRUIT-16K/S_Strawberry/701.jpg,Strawberry,spoiled,5,1,11,Strawberry_spoiled,423
data/raw/FRUIT-16K/S_Strawberry/702.jpg,Strawberry,spoiled,5,1,11,Strawberry_spoiled,423
data/raw/FRUIT-16K/S_Strawberry/703.jpg,Strawberry,spoiled,5,1,11,Strawberry_spoiled,423
data/raw/FRUIT-16K/S_Strawberry/704.jpg,Strawberry,spoiled,5,1,11,Strawberry_spoiled,423
data/raw/FRUIT-16K/S_Strawberry/705.jpg,Strawberry,spoiled,5,1,11,Strawberry_spoiled,423
data/raw/FRUIT-16K/S_Strawberry/706.jpg,Strawberry,spoiled,5,1,11,Strawberry_spoiled,423
data/raw/FRUIT-16K/S_Strawberry/707.jpg,Strawberry,spoiled,5,1,11,Strawberry_spoiled,423
data/raw/FRUIT-16K/S_Strawberry/708.jpg,Strawberry,spoiled,5,1,11,Strawberry_spoiled,423
data/raw/FRUIT-16K/S_Strawberry/709.jpg,Strawberry,spoiled,5,1,11,Strawberry_spoiled,423
data/raw/FRUIT-16K/S_Strawberry/710.jpg,Strawberry,spoiled,5,1,11,Strawberry_spoiled,423
data/raw/FRUIT-16K/S_Strawberry/711.jpg,Strawberry,spoiled,5,1,11,Strawberry_spoiled,423
data/raw/FRUIT-16K/S_Strawberry/712.jpg,Strawberry,spoiled,5,1,11,Strawberry_spoiled,423
data/raw/FRUIT-16K/S_Strawberry/713.jpg,Strawberry,spoiled,5,1,11,Strawberry_spoiled,423
data/raw/FRUIT-16K/S_Strawberry/714.jpg,Strawberry,spoiled,5,1,11,Strawberry_spoiled,423
data/raw/FRUIT-16K/S_Strawberry/715.jpg,Strawberry,spoiled,5,1,11,Strawberry_spoiled,423
data/raw/FRUIT-16K/S_Strawberry/716.jpg,Strawberry,spoiled,5,1,11,Strawberry_spoiled,423
data/raw/FRUIT-16K/S_Strawberry/717.jpg,Strawberry,spoiled,5,1,11,Strawberry_spoiled,423
data/raw/FRUIT-16K/S_Strawberry/718.jpg,Strawberry,spoiled,5,1,11,Strawberry_spoiled,423
data/raw/FRUIT-16K/S_Strawberry/719.jpg,Strawberry,spoiled,5,1,11,Strawberry_spoiled,423
data/raw/FRUIT-16K/S_Strawberry/720.jpg,Strawberry,spoiled,5,1,11,Strawberry_spoiled,423
data/raw/FRUIT-16K/S_Strawberry/721.jpg,Strawberry,spoiled,5,1,11,Strawberry_spoiled,423
data/raw/FRUIT-16K/S_Strawberry/722.jpg,Strawberry,spoiled,5,1,11,Strawberry_spoiled,423
data/raw/FRUIT-16K/S_Strawberry/723.jpg,Strawberry,spoiled,5,1,11,Strawberry_spoiled,423
data/raw/FRUIT-16K/S_Strawberry/724.jpg,Strawberry,spoiled,5,1,11,Strawberry_spoiled,423
data/raw/FRUIT-16K/S_Strawberry/725.jpg,Strawberry,spoiled,5,1,11,Strawberry_spoiled,423
data/raw/FRUIT-16K/S_Strawberry/776.jpg,Strawberry,spoiled,5,1,11,Strawberry_spoiled,426
data/raw/FRUIT-16K/S_Strawberry/777.jpg,Strawberry,spoiled,5,1,11,Strawberry_spoiled,426
data/raw/FRUIT-16K/S_Strawberry/778.jpg,Strawberry,spoiled,5,1,11,Strawberry_spoiled,426
data/raw/FRUIT-16K/S_Strawberry/779.jpg,Strawberry,spoiled,5,1,11,Strawberry_spoiled,426
data/raw/FRUIT-16K/S_Strawberry/780.jpg,Strawberry,spoiled,5,1,11,Strawberry_spoiled,426
data/raw/FRUIT-16K/S_Strawberry/781.jpg,Strawberry,spoiled,5,1,11,Strawberry_spoiled,426
data/raw/FRUIT-16K/S_Strawberry/782.jpg,Strawberry,spoiled,5,1,11,Strawberry_spoiled,426
data/raw/FRUIT-16K/S_Strawberry/783.jpg,Strawberry,spoiled,5,1,11,Strawberry_spoiled,426
data/raw/FRUIT-16K/S_Strawberry/784.jpg,Strawberry,spoiled,5,1,11,Strawberry_spoiled,426
data/raw/FRUIT-16K/S_Strawberry/785.jpg,Strawberry,spoiled,5,1,11,Strawberry_spoiled,426
data/raw/FRUIT-16K/S_Strawberry/786.jpg,Strawberry,spoiled,5,1,11,Strawberry_spoiled,426
data/raw/FRUIT-16K/S_Strawberry/787.jpg,Strawberry,spoiled,5,1,11,Strawberry_spoiled,426
data/raw/FRUIT-16K/S_Strawberry/788.jpg,Strawberry,spoiled,5,1,11,Strawberry_spoiled,426
data/raw/FRUIT-16K/S_Strawberry/789.jpg,Strawberry,spoiled,5,1,11,Strawberry_spoiled,426
data/raw/FRUIT-16K/S_Strawberry/790.jpg,Strawberry,spoiled,5,1,11,Strawberry_spoiled,426
data/raw/FRUIT-16K/S_Strawberry/791.jpg,Strawberry,spoiled,5,1,11,Strawberry_spoiled,426
data/raw/FRUIT-16K/S_Strawberry/792.jpg,Strawberry,spoiled,5,1,11,Strawberry_spoiled,426
data/raw/FRUIT-16K/S_Strawberry/793.jpg,Strawberry,spoiled,5,1,11,Strawberry_spoiled,426
data/raw/FRUIT-16K/S_Strawberry/794.jpg,Strawberry,spoiled,5,1,11,Strawberry_spoiled,426
data/raw/FRUIT-16K/S_Strawberry/795.jpg,Strawberry,spoiled,5,1,11,Strawberry_spoiled,426
data/raw/FRUIT-16K/S_Strawberry/796.jpg,Strawberry,spoiled,5,1,11,Strawberry_spoiled,426
data/raw/FRUIT-16K/S_Strawberry/797.jpg,Strawberry,spoiled,5,1,11,Strawberry_spoiled,426
data/raw/FRUIT-16K/S_Strawberry/798.jpg,Strawberry,spoiled,5,1,11,Strawberry_spoiled,426
data/raw/FRUIT-16K/S_Strawberry/799.jpg,Strawberry,spoiled,5,1,11,Strawberry_spoiled,426
data/raw/FRUIT-16K/S_Strawberry/800.jpg,Strawberry,spoiled,5,1,11,Strawberry_spoiled,426
data/raw/FRUIT-16K/S_Strawberry/801.jpg,Strawberry,spoiled,5,1,11,Strawberry_spoiled,427
data/raw/FRUIT-16K/S_Strawberry/802.jpg,Strawberry,spoiled,5,1,11,Strawberry_spoiled,427
data/raw/FRUIT-16K/S_Strawberry/803.jpg,Strawberry,spoiled,5,1,11,Strawberry_spoiled,427
data/raw/FRUIT-16K/S_Strawberry/804.jpg,Strawberry,spoiled,5,1,11,Strawberry_spoiled,427
data/raw/FRUIT-16K/S_Strawberry/805.jpg,Strawberry,spoiled,5,1,11,Strawberry_spoiled,427
data/raw/FRUIT-16K/S_Strawberry/806.jpg,Strawberry,spoiled,5,1,11,Strawberry_spoiled,427
data/raw/FRUIT-16K/S_Strawberry/807.jpg,Strawberry,spoiled,5,1,11,Strawberry_spoiled,427
data/raw/FRUIT-16K/S_Strawberry/808.jpg,Strawberry,spoiled,5,1,11,Strawberry_spoiled,427
data/raw/FRUIT-16K/S_Strawberry/809.jpg,Strawberry,spoiled,5,1,11,Strawberry_spoiled,427
data/raw/FRUIT-16K/S_Strawberry/810.jpg,Strawberry,spoiled,5,1,11,Strawberry_spoiled,427
data/raw/FRUIT-16K/S_Strawberry/811.jpg,Strawberry,spoiled,5,1,11,Strawberry_spoiled,427
data/raw/FRUIT-16K/S_Strawberry/812.jpg,Strawberry,spoiled,5,1,11,Strawberry_spoiled,427
data/raw/FRUIT-16K/S_Strawberry/813.jpg,Strawberry,spoiled,5,1,11,Strawberry_spoiled,427
data/raw/FRUIT-16K/S_Strawberry/814.jpg,Strawberry,spoiled,5,1,11,Strawberry_spoiled,427
data/raw/FRUIT-16K/S_Strawberry/815.jpg,Strawberry,spoiled,5,1,11,Strawberry_spoiled,427
data/raw/FRUIT-16K/S_Strawberry/816.jpg,Strawberry,spoiled,5,1,11,Strawberry_spoiled,427
data/raw/FRUIT-16K/S_Strawberry/817.jpg,Strawberry,spoiled,5,1,11,Strawberry_spoiled,427
data/raw/FRUIT-16K/S_Strawberry/818.jpg,Strawberry,spoiled,5,1,11,Strawberry_spoiled,427
data/raw/FRUIT-16K/S_Strawberry/819.jpg,Strawberry,spoiled,5,1,11,Strawberry_spoiled,427
data/raw/FRUIT-16K/S_Strawberry/820.jpg,Strawberry,spoiled,5,1,11,Strawberry_spoiled,427
data/raw/FRUIT-16K/S_Strawberry/821.jpg,Strawberry,spoiled,5,1,11,Strawberry_spoiled,427
data/raw/FRUIT-16K/S_Strawberry/822.jpg,Strawberry,spoiled,5,1,11,Strawberry_spoiled,427
data/raw/FRUIT-16K/S_Strawberry/823.jpg,Strawberry,spoiled,5,1,11,Strawberry_spoiled,427
data/raw/FRUIT-16K/S_Strawberry/824.jpg,Strawberry,spoiled,5,1,11,Strawberry_spoiled,427
data/raw/FRUIT-16K/S_Strawberry/825.jpg,Strawberry,spoiled,5,1,11,Strawberry_spoiled,427
data/raw/FRUIT-16K/S_Strawberry/876.jpg,Strawberry,spoiled,5,1,11,Strawberry_spoiled,430
data/raw/FRUIT-16K/S_Strawberry/877.jpg,Strawberry,spoiled,5,1,11,Strawberry_spoiled,430
data/raw/FRUIT-16K/S_Strawberry/878.jpg,Strawberry,spoiled,5,1,11,Strawberry_spoiled,430
data/raw/FRUIT-16K/S_Strawberry/879.jpg,Strawberry,spoiled,5,1,11,Strawberry_spoiled,430
data/raw/FRUIT-16K/S_Strawberry/880.jpg,Strawberry,spoiled,5,1,11,Strawberry_spoiled,430
data/raw/FRUIT-16K/S_Strawberry/881.jpg,Strawberry,spoiled,5,1,11,Strawberry_spoiled,430
data/raw/FRUIT-16K/S_Strawberry/882.jpg,Strawberry,spoiled,5,1,11,Strawberry_spoiled,430
data/raw/FRUIT-16K/S_Strawberry/883.jpg,Strawberry,spoiled,5,1,11,Strawberry_spoiled,430
data/raw/FRUIT-16K/S_Strawberry/884.jpg,Strawberry,spoiled,5,1,11,Strawberry_spoiled,430
data/raw/FRUIT-16K/S_Strawberry/885.jpg,Strawberry,spoiled,5,1,11,Strawberry_spoiled,430
data/raw/FRUIT-16K/S_Strawberry/886.jpg,Strawberry,spoiled,5,1,11,Strawberry_spoiled,430
data/raw/FRUIT-16K/S_Strawberry/887.jpg,Strawberry,spoiled,5,1,11,Strawberry_spoiled,430
data/raw/FRUIT-16K/S_Strawberry/888.jpg,Strawberry,spoiled,5,1,11,Strawberry_spoiled,430
data/raw/FRUIT-16K/S_Strawberry/889.jpg,Strawberry,spoiled,5,1,11,Strawberry_spoiled,430
data/raw/FRUIT-16K/S_Strawberry/890.jpg,Strawberry,spoiled,5,1,11,Strawberry_spoiled,430
data/raw/FRUIT-16K/S_Strawberry/891.jpg,Strawberry,spoiled,5,1,11,Strawberry_spoiled,430
data/raw/FRUIT-16K/S_Strawberry/892.jpg,Strawberry,spoiled,5,1,11,Strawberry_spoiled,430
data/raw/FRUIT-16K/S_Strawberry/893.jpg,Strawberry,spoiled,5,1,11,Strawberry_spoiled,430
data/raw/FRUIT-16K/S_Strawberry/894.jpg,Strawberry,spoiled,5,1,11,Strawberry_spoiled,430
data/raw/FRUIT-16K/S_Strawberry/895.jpg,Strawberry,spoiled,5,1,11,Strawberry_spoiled,430
data/raw/FRUIT-16K/S_Strawberry/896.jpg,Strawberry,spoiled,5,1,11,Strawberry_spoiled,430
data/raw/FRUIT-16K/S_Strawberry/897.jpg,Strawberry,spoiled,5,1,11,Strawberry_spoiled,430
data/raw/FRUIT-16K/S_Strawberry/898.jpg,Strawberry,spoiled,5,1,11,Strawberry_spoiled,430
data/raw/FRUIT-16K/S_Strawberry/899.jpg,Strawberry,spoiled,5,1,11,Strawberry_spoiled,430
data/raw/FRUIT-16K/S_Strawberry/900.jpg,Strawberry,spoiled,5,1,11,Strawberry_spoiled,430
data/raw/FRUIT-16K/S_Strawberry/901.jpg,Strawberry,spoiled,5,1,11,Strawberry_spoiled,431
data/raw/FRUIT-16K/S_Strawberry/902.jpg,Strawberry,spoiled,5,1,11,Strawberry_spoiled,431
data/raw/FRUIT-16K/S_Strawberry/903.jpg,Strawberry,spoiled,5,1,11,Strawberry_spoiled,431
data/raw/FRUIT-16K/S_Strawberry/904.jpg,Strawberry,spoiled,5,1,11,Strawberry_spoiled,431
data/raw/FRUIT-16K/S_Strawberry/905.jpg,Strawberry,spoiled,5,1,11,Strawberry_spoiled,431
data/raw/FRUIT-16K/S_Strawberry/906.jpg,Strawberry,spoiled,5,1,11,Strawberry_spoiled,431
data/raw/FRUIT-16K/S_Strawberry/907.jpg,Strawberry,spoiled,5,1,11,Strawberry_spoiled,431
data/raw/FRUIT-16K/S_Strawberry/908.jpg,Strawberry,spoiled,5,1,11,Strawberry_spoiled,431
data/raw/FRUIT-16K/S_Strawberry/909.jpg,Strawberry,spoiled,5,1,11,Strawberry_spoiled,431
data/raw/FRUIT-16K/S_Strawberry/910.jpg,Strawberry,spoiled,5,1,11,Strawberry_spoiled,431
data/raw/FRUIT-16K/S_Strawberry/911.jpg,Strawberry,spoiled,5,1,11,Strawberry_spoiled,431
data/raw/FRUIT-16K/S_Strawberry/912.jpg,Strawberry,spoiled,5,1,11,Strawberry_spoiled,431
data/raw/FRUIT-16K/S_Strawberry/913.jpg,Strawberry,spoiled,5,1,11,Strawberry_spoiled,431
data/raw/FRUIT-16K/S_Strawberry/914.jpg,Strawberry,spoiled,5,1,11,Strawberry_spoiled,431
data/raw/FRUIT-16K/S_Strawberry/915.jpg,Strawberry,spoiled,5,1,11,Strawberry_spoiled,431
data/raw/FRUIT-16K/S_Strawberry/916.jpg,Strawberry,spoiled,5,1,11,Strawberry_spoiled,431
data/raw/FRUIT-16K/S_Strawberry/917.jpg,Strawberry,spoiled,5,1,11,Strawberry_spoiled,431
data/raw/FRUIT-16K/S_Strawberry/918.jpg,Strawberry,spoiled,5,1,11,Strawberry_spoiled,431
data/raw/FRUIT-16K/S_Strawberry/919.jpg,Strawberry,spoiled,5,1,11,Strawberry_spoiled,431
data/raw/FRUIT-16K/S_Strawberry/920.jpg,Strawberry,spoiled,5,1,11,Strawberry_spoiled,431
data/raw/FRUIT-16K/S_Strawberry/921.jpg,Strawberry,spoiled,5,1,11,Strawberry_spoiled,431
data/raw/FRUIT-16K/S_Strawberry/922.jpg,Strawberry,spoiled,5,1,11,Strawberry_spoiled,431
data/raw/FRUIT-16K/S_Strawberry/923.jpg,Strawberry,spoiled,5,1,11,Strawberry_spoiled,431
data/raw/FRUIT-16K/S_Strawberry/924.jpg,Strawberry,spoiled,5,1,11,Strawberry_spoiled,431
data/raw/FRUIT-16K/S_Strawberry/925.jpg,Strawberry,spoiled,5,1,11,Strawberry_spoiled,431
data/raw/FRUIT-16K/S_Strawberry/976.jpg,Strawberry,spoiled,5,1,11,Strawberry_spoiled,434
data/raw/FRUIT-16K/S_Strawberry/977.jpg,Strawberry,spoiled,5,1,11,Strawberry_spoiled,434
data/raw/FRUIT-16K/S_Strawberry/978.jpg,Strawberry,spoiled,5,1,11,Strawberry_spoiled,434
data/raw/FRUIT-16K/S_Strawberry/979.jpg,Strawberry,spoiled,5,1,11,Strawberry_spoiled,434
data/raw/FRUIT-16K/S_Strawberry/980.jpg,Strawberry,spoiled,5,1,11,Strawberry_spoiled,434
data/raw/FRUIT-16K/S_Strawberry/981.jpg,Strawberry,spoiled,5,1,11,Strawberry_spoiled,434
data/raw/FRUIT-16K/S_Strawberry/982.jpg,Strawberry,spoiled,5,1,11,Strawberry_spoiled,434
data/raw/FRUIT-16K/S_Strawberry/983.jpg,Strawberry,spoiled,5,1,11,Strawberry_spoiled,434
data/raw/FRUIT-16K/S_Strawberry/984.jpg,Strawberry,spoiled,5,1,11,Strawberry_spoiled,434
data/raw/FRUIT-16K/S_Strawberry/985.jpg,Strawberry,spoiled,5,1,11,Strawberry_spoiled,434
data/raw/FRUIT-16K/S_Strawberry/986.jpg,Strawberry,spoiled,5,1,11,Strawberry_spoiled,434
data/raw/FRUIT-16K/S_Strawberry/987.jpg,Strawberry,spoiled,5,1,11,Strawberry_spoiled,434
data/raw/FRUIT-16K/S_Strawberry/988.jpg,Strawberry,spoiled,5,1,11,Strawberry_spoiled,434
data/raw/FRUIT-16K/S_Strawberry/989.jpg,Strawberry,spoiled,5,1,11,Strawberry_spoiled,434
data/raw/FRUIT-16K/S_Strawberry/990.jpg,Strawberry,spoiled,5,1,11,Strawberry_spoiled,434
data/raw/FRUIT-16K/S_Strawberry/991.jpg,Strawberry,spoiled,5,1,11,Strawberry_spoiled,434
data/raw/FRUIT-16K/S_Strawberry/992.jpg,Strawberry,spoiled,5,1,11,Strawberry_spoiled,434
data/raw/FRUIT-16K/S_Strawberry/993.jpg,Strawberry,spoiled,5,1,11,Strawberry_spoiled,434
data/raw/FRUIT-16K/S_Strawberry/994.jpg,Strawberry,spoiled,5,1,11,Strawberry_spoiled,434
data/raw/FRUIT-16K/S_Strawberry/995.jpg,Strawberry,spoiled,5,1,11,Strawberry_spoiled,434
data/raw/FRUIT-16K/S_Strawberry/996.jpg,Strawberry,spoiled,5,1,11,Strawberry_spoiled,434
data/raw/FRUIT-16K/S_Strawberry/997.jpg,Strawberry,spoiled,5,1,11,Strawberry_spoiled,434
data/raw/FRUIT-16K/S_Strawberry/998.jpg,Strawberry,spoiled,5,1,11,Strawberry_spoiled,434
data/raw/FRUIT-16K/S_Strawberry/999.jpg,Strawberry,spoiled,5,1,11,Strawberry_spoiled,434
data/raw/FRUIT-16K/S_Strawberry/1000.jpg,Strawberry,spoiled,5,1,11,Strawberry_spoiled,434
data/raw/FRUIT-16K/S_Tamarillo/1.jpg,Tamarillo,spoiled,6,1,13,Tamarillo_spoiled,435
data/raw/FRUIT-16K/S_Tamarillo/2.jpg,Tamarillo,spoiled,6,1,13,Tamarillo_spoiled,435
data/raw/FRUIT-16K/S_Tamarillo/3.jpg,Tamarillo,spoiled,6,1,13,Tamarillo_spoiled,435
data/raw/FRUIT-16K/S_Tamarillo/4.jpg,Tamarillo,spoiled,6,1,13,Tamarillo_spoiled,435
data/raw/FRUIT-16K/S_Tamarillo/5.jpg,Tamarillo,spoiled,6,1,13,Tamarillo_spoiled,435
data/raw/FRUIT-16K/S_Tamarillo/6.jpg,Tamarillo,spoiled,6,1,13,Tamarillo_spoiled,435
data/raw/FRUIT-16K/S_Tamarillo/7.jpg,Tamarillo,spoiled,6,1,13,Tamarillo_spoiled,435
data/raw/FRUIT-16K/S_Tamarillo/8.jpg,Tamarillo,spoiled,6,1,13,Tamarillo_spoiled,435
data/raw/FRUIT-16K/S_Tamarillo/9.jpg,Tamarillo,spoiled,6,1,13,Tamarillo_spoiled,435
data/raw/FRUIT-16K/S_Tamarillo/10.jpg,Tamarillo,spoiled,6,1,13,Tamarillo_spoiled,435
data/raw/FRUIT-16K/S_Tamarillo/11.jpg,Tamarillo,spoiled,6,1,13,Tamarillo_spoiled,435
data/raw/FRUIT-16K/S_Tamarillo/12.jpg,Tamarillo,spoiled,6,1,13,Tamarillo_spoiled,435
data/raw/FRUIT-16K/S_Tamarillo/13.jpg,Tamarillo,spoiled,6,1,13,Tamarillo_spoiled,435
data/raw/FRUIT-16K/S_Tamarillo/14.jpg,Tamarillo,spoiled,6,1,13,Tamarillo_spoiled,435
data/raw/FRUIT-16K/S_Tamarillo/15.jpg,Tamarillo,spoiled,6,1,13,Tamarillo_spoiled,435
data/raw/FRUIT-16K/S_Tamarillo/16.jpg,Tamarillo,spoiled,6,1,13,Tamarillo_spoiled,435
data/raw/FRUIT-16K/S_Tamarillo/17.jpg,Tamarillo,spoiled,6,1,13,Tamarillo_spoiled,435
data/raw/FRUIT-16K/S_Tamarillo/18.jpg,Tamarillo,spoiled,6,1,13,Tamarillo_spoiled,435
data/raw/FRUIT-16K/S_Tamarillo/19.jpg,Tamarillo,spoiled,6,1,13,Tamarillo_spoiled,435
data/raw/FRUIT-16K/S_Tamarillo/20.jpg,Tamarillo,spoiled,6,1,13,Tamarillo_spoiled,435
data/raw/FRUIT-16K/S_Tamarillo/21.jpg,Tamarillo,spoiled,6,1,13,Tamarillo_spoiled,435
data/raw/FRUIT-16K/S_Tamarillo/22.jpg,Tamarillo,spoiled,6,1,13,Tamarillo_spoiled,435
data/raw/FRUIT-16K/S_Tamarillo/23.jpg,Tamarillo,spoiled,6,1,13,Tamarillo_spoiled,435
data/raw/FRUIT-16K/S_Tamarillo/24.jpg,Tamarillo,spoiled,6,1,13,Tamarillo_spoiled,435
data/raw/FRUIT-16K/S_Tamarillo/25.jpg,Tamarillo,spoiled,6,1,13,Tamarillo_spoiled,435
data/raw/FRUIT-16K/S_Tamarillo/26.jpg,Tamarillo,spoiled,6,1,13,Tamarillo_spoiled,435
data/raw/FRUIT-16K/S_Tamarillo/27.jpg,Tamarillo,spoiled,6,1,13,Tamarillo_spoiled,435
data/raw/FRUIT-16K/S_Tamarillo/28.jpg,Tamarillo,spoiled,6,1,13,Tamarillo_spoiled,435
data/raw/FRUIT-16K/S_Tamarillo/29.jpg,Tamarillo,spoiled,6,1,13,Tamarillo_spoiled,435
data/raw/FRUIT-16K/S_Tamarillo/30.jpg,Tamarillo,spoiled,6,1,13,Tamarillo_spoiled,435
data/raw/FRUIT-16K/S_Tamarillo/31.jpg,Tamarillo,spoiled,6,1,13,Tamarillo_spoiled,435
data/raw/FRUIT-16K/S_Tamarillo/32.jpg,Tamarillo,spoiled,6,1,13,Tamarillo_spoiled,435
data/raw/FRUIT-16K/S_Tamarillo/33.jpg,Tamarillo,spoiled,6,1,13,Tamarillo_spoiled,435
data/raw/FRUIT-16K/S_Tamarillo/34.jpg,Tamarillo,spoiled,6,1,13,Tamarillo_spoiled,435
data/raw/FRUIT-16K/S_Tamarillo/35.jpg,Tamarillo,spoiled,6,1,13,Tamarillo_spoiled,435
data/raw/FRUIT-16K/S_Tamarillo/36.jpg,Tamarillo,spoiled,6,1,13,Tamarillo_spoiled,435
data/raw/FRUIT-16K/S_Tamarillo/37.jpg,Tamarillo,spoiled,6,1,13,Tamarillo_spoiled,435
data/raw/FRUIT-16K/S_Tamarillo/38.jpg,Tamarillo,spoiled,6,1,13,Tamarillo_spoiled,435
data/raw/FRUIT-16K/S_Tamarillo/39.jpg,Tamarillo,spoiled,6,1,13,Tamarillo_spoiled,435
data/raw/FRUIT-16K/S_Tamarillo/40.jpg,Tamarillo,spoiled,6,1,13,Tamarillo_spoiled,435
data/raw/FRUIT-16K/S_Tamarillo/41.jpg,Tamarillo,spoiled,6,1,13,Tamarillo_spoiled,435
data/raw/FRUIT-16K/S_Tamarillo/42.jpg,Tamarillo,spoiled,6,1,13,Tamarillo_spoiled,435
data/raw/FRUIT-16K/S_Tamarillo/43.jpg,Tamarillo,spoiled,6,1,13,Tamarillo_spoiled,435
data/raw/FRUIT-16K/S_Tamarillo/44.jpg,Tamarillo,spoiled,6,1,13,Tamarillo_spoiled,435
data/raw/FRUIT-16K/S_Tamarillo/45.jpg,Tamarillo,spoiled,6,1,13,Tamarillo_spoiled,435
data/raw/FRUIT-16K/S_Tamarillo/46.jpg,Tamarillo,spoiled,6,1,13,Tamarillo_spoiled,435
data/raw/FRUIT-16K/S_Tamarillo/47.jpg,Tamarillo,spoiled,6,1,13,Tamarillo_spoiled,435
data/raw/FRUIT-16K/S_Tamarillo/48.jpg,Tamarillo,spoiled,6,1,13,Tamarillo_spoiled,435
data/raw/FRUIT-16K/S_Tamarillo/49.jpg,Tamarillo,spoiled,6,1,13,Tamarillo_spoiled,435
data/raw/FRUIT-16K/S_Tamarillo/50.jpg,Tamarillo,spoiled,6,1,13,Tamarillo_spoiled,435
data/raw/FRUIT-16K/S_Tamarillo/76.jpg,Tamarillo,spoiled,6,1,13,Tamarillo_spoiled,437
data/raw/FRUIT-16K/S_Tamarillo/77.jpg,Tamarillo,spoiled,6,1,13,Tamarillo_spoiled,437
data/raw/FRUIT-16K/S_Tamarillo/78.jpg,Tamarillo,spoiled,6,1,13,Tamarillo_spoiled,437
data/raw/FRUIT-16K/S_Tamarillo/79.jpg,Tamarillo,spoiled,6,1,13,Tamarillo_spoiled,437
data/raw/FRUIT-16K/S_Tamarillo/80.jpg,Tamarillo,spoiled,6,1,13,Tamarillo_spoiled,437
data/raw/FRUIT-16K/S_Tamarillo/81.jpg,Tamarillo,spoiled,6,1,13,Tamarillo_spoiled,437
data/raw/FRUIT-16K/S_Tamarillo/82.jpg,Tamarillo,spoiled,6,1,13,Tamarillo_spoiled,437
data/raw/FRUIT-16K/S_Tamarillo/83.jpg,Tamarillo,spoiled,6,1,13,Tamarillo_spoiled,437
data/raw/FRUIT-16K/S_Tamarillo/84.jpg,Tamarillo,spoiled,6,1,13,Tamarillo_spoiled,437
data/raw/FRUIT-16K/S_Tamarillo/85.jpg,Tamarillo,spoiled,6,1,13,Tamarillo_spoiled,437
data/raw/FRUIT-16K/S_Tamarillo/86.jpg,Tamarillo,spoiled,6,1,13,Tamarillo_spoiled,437
data/raw/FRUIT-16K/S_Tamarillo/87.jpg,Tamarillo,spoiled,6,1,13,Tamarillo_spoiled,437
data/raw/FRUIT-16K/S_Tamarillo/88.jpg,Tamarillo,spoiled,6,1,13,Tamarillo_spoiled,437
data/raw/FRUIT-16K/S_Tamarillo/89.jpg,Tamarillo,spoiled,6,1,13,Tamarillo_spoiled,437
data/raw/FRUIT-16K/S_Tamarillo/90.jpg,Tamarillo,spoiled,6,1,13,Tamarillo_spoiled,437
data/raw/FRUIT-16K/S_Tamarillo/91.jpg,Tamarillo,spoiled,6,1,13,Tamarillo_spoiled,437
data/raw/FRUIT-16K/S_Tamarillo/92.jpg,Tamarillo,spoiled,6,1,13,Tamarillo_spoiled,437
data/raw/FRUIT-16K/S_Tamarillo/93.jpg,Tamarillo,spoiled,6,1,13,Tamarillo_spoiled,437
data/raw/FRUIT-16K/S_Tamarillo/94.jpg,Tamarillo,spoiled,6,1,13,Tamarillo_spoiled,437
data/raw/FRUIT-16K/S_Tamarillo/95.jpg,Tamarillo,spoiled,6,1,13,Tamarillo_spoiled,437
data/raw/FRUIT-16K/S_Tamarillo/96.jpg,Tamarillo,spoiled,6,1,13,Tamarillo_spoiled,437
data/raw/FRUIT-16K/S_Tamarillo/97.jpg,Tamarillo,spoiled,6,1,13,Tamarillo_spoiled,437
data/raw/FRUIT-16K/S_Tamarillo/98.jpg,Tamarillo,spoiled,6,1,13,Tamarillo_spoiled,437
data/raw/FRUIT-16K/S_Tamarillo/99.jpg,Tamarillo,spoiled,6,1,13,Tamarillo_spoiled,437
data/raw/FRUIT-16K/S_Tamarillo/100.jpg,Tamarillo,spoiled,6,1,13,Tamarillo_spoiled,437
data/raw/FRUIT-16K/S_Tamarillo/101.jpg,Tamarillo,spoiled,6,1,13,Tamarillo_spoiled,438
data/raw/FRUIT-16K/S_Tamarillo/102.jpg,Tamarillo,spoiled,6,1,13,Tamarillo_spoiled,438
data/raw/FRUIT-16K/S_Tamarillo/103.jpg,Tamarillo,spoiled,6,1,13,Tamarillo_spoiled,438
data/raw/FRUIT-16K/S_Tamarillo/104.jpg,Tamarillo,spoiled,6,1,13,Tamarillo_spoiled,438
data/raw/FRUIT-16K/S_Tamarillo/105.jpg,Tamarillo,spoiled,6,1,13,Tamarillo_spoiled,438
data/raw/FRUIT-16K/S_Tamarillo/106.jpg,Tamarillo,spoiled,6,1,13,Tamarillo_spoiled,438
data/raw/FRUIT-16K/S_Tamarillo/107.jpg,Tamarillo,spoiled,6,1,13,Tamarillo_spoiled,438
data/raw/FRUIT-16K/S_Tamarillo/108.jpg,Tamarillo,spoiled,6,1,13,Tamarillo_spoiled,438
data/raw/FRUIT-16K/S_Tamarillo/109.jpg,Tamarillo,spoiled,6,1,13,Tamarillo_spoiled,438
data/raw/FRUIT-16K/S_Tamarillo/110.jpg,Tamarillo,spoiled,6,1,13,Tamarillo_spoiled,438
data/raw/FRUIT-16K/S_Tamarillo/111.jpg,Tamarillo,spoiled,6,1,13,Tamarillo_spoiled,438
data/raw/FRUIT-16K/S_Tamarillo/112.jpg,Tamarillo,spoiled,6,1,13,Tamarillo_spoiled,438
data/raw/FRUIT-16K/S_Tamarillo/113.jpg,Tamarillo,spoiled,6,1,13,Tamarillo_spoiled,438
data/raw/FRUIT-16K/S_Tamarillo/114.jpg,Tamarillo,spoiled,6,1,13,Tamarillo_spoiled,438
data/raw/FRUIT-16K/S_Tamarillo/115.jpg,Tamarillo,spoiled,6,1,13,Tamarillo_spoiled,438
data/raw/FRUIT-16K/S_Tamarillo/116.jpg,Tamarillo,spoiled,6,1,13,Tamarillo_spoiled,438
data/raw/FRUIT-16K/S_Tamarillo/117.jpg,Tamarillo,spoiled,6,1,13,Tamarillo_spoiled,438
data/raw/FRUIT-16K/S_Tamarillo/118.jpg,Tamarillo,spoiled,6,1,13,Tamarillo_spoiled,438
data/raw/FRUIT-16K/S_Tamarillo/119.jpg,Tamarillo,spoiled,6,1,13,Tamarillo_spoiled,438
data/raw/FRUIT-16K/S_Tamarillo/120.jpg,Tamarillo,spoiled,6,1,13,Tamarillo_spoiled,438
data/raw/FRUIT-16K/S_Tamarillo/121.jpg,Tamarillo,spoiled,6,1,13,Tamarillo_spoiled,438
data/raw/FRUIT-16K/S_Tamarillo/122.jpg,Tamarillo,spoiled,6,1,13,Tamarillo_spoiled,438
data/raw/FRUIT-16K/S_Tamarillo/123.jpg,Tamarillo,spoiled,6,1,13,Tamarillo_spoiled,438
data/raw/FRUIT-16K/S_Tamarillo/124.jpg,Tamarillo,spoiled,6,1,13,Tamarillo_spoiled,438
data/raw/FRUIT-16K/S_Tamarillo/125.jpg,Tamarillo,spoiled,6,1,13,Tamarillo_spoiled,438
data/raw/FRUIT-16K/S_Tamarillo/126.jpg,Tamarillo,spoiled,6,1,13,Tamarillo_spoiled,439
data/raw/FRUIT-16K/S_Tamarillo/127.jpg,Tamarillo,spoiled,6,1,13,Tamarillo_spoiled,439
data/raw/FRUIT-16K/S_Tamarillo/128.jpg,Tamarillo,spoiled,6,1,13,Tamarillo_spoiled,439
data/raw/FRUIT-16K/S_Tamarillo/129.jpg,Tamarillo,spoiled,6,1,13,Tamarillo_spoiled,439
data/raw/FRUIT-16K/S_Tamarillo/130.jpg,Tamarillo,spoiled,6,1,13,Tamarillo_spoiled,439
data/raw/FRUIT-16K/S_Tamarillo/131.jpg,Tamarillo,spoiled,6,1,13,Tamarillo_spoiled,439
data/raw/FRUIT-16K/S_Tamarillo/132.jpg,Tamarillo,spoiled,6,1,13,Tamarillo_spoiled,439
data/raw/FRUIT-16K/S_Tamarillo/133.jpg,Tamarillo,spoiled,6,1,13,Tamarillo_spoiled,439
data/raw/FRUIT-16K/S_Tamarillo/134.jpg,Tamarillo,spoiled,6,1,13,Tamarillo_spoiled,439
data/raw/FRUIT-16K/S_Tamarillo/135.jpg,Tamarillo,spoiled,6,1,13,Tamarillo_spoiled,439
data/raw/FRUIT-16K/S_Tamarillo/136.jpg,Tamarillo,spoiled,6,1,13,Tamarillo_spoiled,439
data/raw/FRUIT-16K/S_Tamarillo/137.jpg,Tamarillo,spoiled,6,1,13,Tamarillo_spoiled,439
data/raw/FRUIT-16K/S_Tamarillo/138.jpg,Tamarillo,spoiled,6,1,13,Tamarillo_spoiled,439
data/raw/FRUIT-16K/S_Tamarillo/139.jpg,Tamarillo,spoiled,6,1,13,Tamarillo_spoiled,439
data/raw/FRUIT-16K/S_Tamarillo/140.jpg,Tamarillo,spoiled,6,1,13,Tamarillo_spoiled,439
data/raw/FRUIT-16K/S_Tamarillo/141.jpg,Tamarillo,spoiled,6,1,13,Tamarillo_spoiled,439
data/raw/FRUIT-16K/S_Tamarillo/142.jpg,Tamarillo,spoiled,6,1,13,Tamarillo_spoiled,439
data/raw/FRUIT-16K/S_Tamarillo/143.jpg,Tamarillo,spoiled,6,1,13,Tamarillo_spoiled,439
data/raw/FRUIT-16K/S_Tamarillo/144.jpg,Tamarillo,spoiled,6,1,13,Tamarillo_spoiled,439
data/raw/FRUIT-16K/S_Tamarillo/145.jpg,Tamarillo,spoiled,6,1,13,Tamarillo_spoiled,439
data/raw/FRUIT-16K/S_Tamarillo/146.jpg,Tamarillo,spoiled,6,1,13,Tamarillo_spoiled,439
data/raw/FRUIT-16K/S_Tamarillo/147.jpg,Tamarillo,spoiled,6,1,13,Tamarillo_spoiled,439
data/raw/FRUIT-16K/S_Tamarillo/148.jpg,Tamarillo,spoiled,6,1,13,Tamarillo_spoiled,439
data/raw/FRUIT-16K/S_Tamarillo/149.jpg,Tamarillo,spoiled,6,1,13,Tamarillo_spoiled,439
data/raw/FRUIT-16K/S_Tamarillo/150.jpg,Tamarillo,spoiled,6,1,13,Tamarillo_spoiled,439
data/raw/FRUIT-16K/S_Tamarillo/151.jpg,Tamarillo,spoiled,6,1,13,Tamarillo_spoiled,440
data/raw/FRUIT-16K/S_Tamarillo/152.jpg,Tamarillo,spoiled,6,1,13,Tamarillo_spoiled,440
data/raw/FRUIT-16K/S_Tamarillo/153.jpg,Tamarillo,spoiled,6,1,13,Tamarillo_spoiled,440
data/raw/FRUIT-16K/S_Tamarillo/154.jpg,Tamarillo,spoiled,6,1,13,Tamarillo_spoiled,440
data/raw/FRUIT-16K/S_Tamarillo/155.jpg,Tamarillo,spoiled,6,1,13,Tamarillo_spoiled,440
data/raw/FRUIT-16K/S_Tamarillo/156.jpg,Tamarillo,spoiled,6,1,13,Tamarillo_spoiled,440
data/raw/FRUIT-16K/S_Tamarillo/157.jpg,Tamarillo,spoiled,6,1,13,Tamarillo_spoiled,440
data/raw/FRUIT-16K/S_Tamarillo/158.jpg,Tamarillo,spoiled,6,1,13,Tamarillo_spoiled,440
data/raw/FRUIT-16K/S_Tamarillo/159.jpg,Tamarillo,spoiled,6,1,13,Tamarillo_spoiled,440
data/raw/FRUIT-16K/S_Tamarillo/160.jpg,Tamarillo,spoiled,6,1,13,Tamarillo_spoiled,440
data/raw/FRUIT-16K/S_Tamarillo/161.jpg,Tamarillo,spoiled,6,1,13,Tamarillo_spoiled,440
data/raw/FRUIT-16K/S_Tamarillo/162.jpg,Tamarillo,spoiled,6,1,13,Tamarillo_spoiled,440
data/raw/FRUIT-16K/S_Tamarillo/163.jpg,Tamarillo,spoiled,6,1,13,Tamarillo_spoiled,440
data/raw/FRUIT-16K/S_Tamarillo/164.jpg,Tamarillo,spoiled,6,1,13,Tamarillo_spoiled,440
data/raw/FRUIT-16K/S_Tamarillo/165.jpg,Tamarillo,spoiled,6,1,13,Tamarillo_spoiled,440
data/raw/FRUIT-16K/S_Tamarillo/166.jpg,Tamarillo,spoiled,6,1,13,Tamarillo_spoiled,440
data/raw/FRUIT-16K/S_Tamarillo/167.jpg,Tamarillo,spoiled,6,1,13,Tamarillo_spoiled,440
data/raw/FRUIT-16K/S_Tamarillo/168.jpg,Tamarillo,spoiled,6,1,13,Tamarillo_spoiled,440
data/raw/FRUIT-16K/S_Tamarillo/169.jpg,Tamarillo,spoiled,6,1,13,Tamarillo_spoiled,440
data/raw/FRUIT-16K/S_Tamarillo/170.jpg,Tamarillo,spoiled,6,1,13,Tamarillo_spoiled,440
data/raw/FRUIT-16K/S_Tamarillo/171.jpg,Tamarillo,spoiled,6,1,13,Tamarillo_spoiled,440
data/raw/FRUIT-16K/S_Tamarillo/172.jpg,Tamarillo,spoiled,6,1,13,Tamarillo_spoiled,440
data/raw/FRUIT-16K/S_Tamarillo/173.jpg,Tamarillo,spoiled,6,1,13,Tamarillo_spoiled,440
data/raw/FRUIT-16K/S_Tamarillo/174.jpg,Tamarillo,spoiled,6,1,13,Tamarillo_spoiled,440
data/raw/FRUIT-16K/S_Tamarillo/175.jpg,Tamarillo,spoiled,6,1,13,Tamarillo_spoiled,440
data/raw/FRUIT-16K/S_Tamarillo/176.jpg,Tamarillo,spoiled,6,1,13,Tamarillo_spoiled,441
data/raw/FRUIT-16K/S_Tamarillo/177.jpg,Tamarillo,spoiled,6,1,13,Tamarillo_spoiled,441
data/raw/FRUIT-16K/S_Tamarillo/178.jpg,Tamarillo,spoiled,6,1,13,Tamarillo_spoiled,441
data/raw/FRUIT-16K/S_Tamarillo/179.jpg,Tamarillo,spoiled,6,1,13,Tamarillo_spoiled,441
data/raw/FRUIT-16K/S_Tamarillo/180.jpg,Tamarillo,spoiled,6,1,13,Tamarillo_spoiled,441
data/raw/FRUIT-16K/S_Tamarillo/181.jpg,Tamarillo,spoiled,6,1,13,Tamarillo_spoiled,441
data/raw/FRUIT-16K/S_Tamarillo/182.jpg,Tamarillo,spoiled,6,1,13,Tamarillo_spoiled,441
data/raw/FRUIT-16K/S_Tamarillo/183.jpg,Tamarillo,spoiled,6,1,13,Tamarillo_spoiled,441
data/raw/FRUIT-16K/S_Tamarillo/184.jpg,Tamarillo,spoiled,6,1,13,Tamarillo_spoiled,441
data/raw/FRUIT-16K/S_Tamarillo/185.jpg,Tamarillo,spoiled,6,1,13,Tamarillo_spoiled,441
data/raw/FRUIT-16K/S_Tamarillo/186.jpg,Tamarillo,spoiled,6,1,13,Tamarillo_spoiled,441
data/raw/FRUIT-16K/S_Tamarillo/187.jpg,Tamarillo,spoiled,6,1,13,Tamarillo_spoiled,441
data/raw/FRUIT-16K/S_Tamarillo/188.jpg,Tamarillo,spoiled,6,1,13,Tamarillo_spoiled,441
data/raw/FRUIT-16K/S_Tamarillo/189.jpg,Tamarillo,spoiled,6,1,13,Tamarillo_spoiled,441
data/raw/FRUIT-16K/S_Tamarillo/190.jpg,Tamarillo,spoiled,6,1,13,Tamarillo_spoiled,441
data/raw/FRUIT-16K/S_Tamarillo/191.jpg,Tamarillo,spoiled,6,1,13,Tamarillo_spoiled,441
data/raw/FRUIT-16K/S_Tamarillo/192.jpg,Tamarillo,spoiled,6,1,13,Tamarillo_spoiled,441
data/raw/FRUIT-16K/S_Tamarillo/193.jpg,Tamarillo,spoiled,6,1,13,Tamarillo_spoiled,441
data/raw/FRUIT-16K/S_Tamarillo/194.jpg,Tamarillo,spoiled,6,1,13,Tamarillo_spoiled,441
data/raw/FRUIT-16K/S_Tamarillo/195.jpg,Tamarillo,spoiled,6,1,13,Tamarillo_spoiled,441
data/raw/FRUIT-16K/S_Tamarillo/196.jpg,Tamarillo,spoiled,6,1,13,Tamarillo_spoiled,441
data/raw/FRUIT-16K/S_Tamarillo/197.jpg,Tamarillo,spoiled,6,1,13,Tamarillo_spoiled,441
data/raw/FRUIT-16K/S_Tamarillo/198.jpg,Tamarillo,spoiled,6,1,13,Tamarillo_spoiled,441
data/raw/FRUIT-16K/S_Tamarillo/199.jpg,Tamarillo,spoiled,6,1,13,Tamarillo_spoiled,441
data/raw/FRUIT-16K/S_Tamarillo/200.jpg,Tamarillo,spoiled,6,1,13,Tamarillo_spoiled,441
data/raw/FRUIT-16K/S_Tamarillo/201.jpg,Tamarillo,spoiled,6,1,13,Tamarillo_spoiled,442
data/raw/FRUIT-16K/S_Tamarillo/202.jpg,Tamarillo,spoiled,6,1,13,Tamarillo_spoiled,442
data/raw/FRUIT-16K/S_Tamarillo/203.jpg,Tamarillo,spoiled,6,1,13,Tamarillo_spoiled,442
data/raw/FRUIT-16K/S_Tamarillo/204.jpg,Tamarillo,spoiled,6,1,13,Tamarillo_spoiled,442
data/raw/FRUIT-16K/S_Tamarillo/205.jpg,Tamarillo,spoiled,6,1,13,Tamarillo_spoiled,442
data/raw/FRUIT-16K/S_Tamarillo/206.jpg,Tamarillo,spoiled,6,1,13,Tamarillo_spoiled,442
data/raw/FRUIT-16K/S_Tamarillo/207.jpg,Tamarillo,spoiled,6,1,13,Tamarillo_spoiled,442
data/raw/FRUIT-16K/S_Tamarillo/208.jpg,Tamarillo,spoiled,6,1,13,Tamarillo_spoiled,442
data/raw/FRUIT-16K/S_Tamarillo/209.jpg,Tamarillo,spoiled,6,1,13,Tamarillo_spoiled,442
data/raw/FRUIT-16K/S_Tamarillo/210.jpg,Tamarillo,spoiled,6,1,13,Tamarillo_spoiled,442
data/raw/FRUIT-16K/S_Tamarillo/211.jpg,Tamarillo,spoiled,6,1,13,Tamarillo_spoiled,442
data/raw/FRUIT-16K/S_Tamarillo/212.jpg,Tamarillo,spoiled,6,1,13,Tamarillo_spoiled,442
data/raw/FRUIT-16K/S_Tamarillo/213.jpg,Tamarillo,spoiled,6,1,13,Tamarillo_spoiled,442
data/raw/FRUIT-16K/S_Tamarillo/214.jpg,Tamarillo,spoiled,6,1,13,Tamarillo_spoiled,442
data/raw/FRUIT-16K/S_Tamarillo/215.jpg,Tamarillo,spoiled,6,1,13,Tamarillo_spoiled,442
data/raw/FRUIT-16K/S_Tamarillo/216.jpg,Tamarillo,spoiled,6,1,13,Tamarillo_spoiled,442
data/raw/FRUIT-16K/S_Tamarillo/217.jpg,Tamarillo,spoiled,6,1,13,Tamarillo_spoiled,442
data/raw/FRUIT-16K/S_Tamarillo/218.jpg,Tamarillo,spoiled,6,1,13,Tamarillo_spoiled,442
data/raw/FRUIT-16K/S_Tamarillo/219.jpg,Tamarillo,spoiled,6,1,13,Tamarillo_spoiled,442
data/raw/FRUIT-16K/S_Tamarillo/220.jpg,Tamarillo,spoiled,6,1,13,Tamarillo_spoiled,442
data/raw/FRUIT-16K/S_Tamarillo/221.jpg,Tamarillo,spoiled,6,1,13,Tamarillo_spoiled,442
data/raw/FRUIT-16K/S_Tamarillo/222.jpg,Tamarillo,spoiled,6,1,13,Tamarillo_spoiled,442
data/raw/FRUIT-16K/S_Tamarillo/223.jpg,Tamarillo,spoiled,6,1,13,Tamarillo_spoiled,442
data/raw/FRUIT-16K/S_Tamarillo/224.jpg,Tamarillo,spoiled,6,1,13,Tamarillo_spoiled,442
data/raw/FRUIT-16K/S_Tamarillo/225.jpg,Tamarillo,spoiled,6,1,13,Tamarillo_spoiled,442
data/raw/FRUIT-16K/S_Tamarillo/226.jpg,Tamarillo,spoiled,6,1,13,Tamarillo_spoiled,443
data/raw/FRUIT-16K/S_Tamarillo/227.jpg,Tamarillo,spoiled,6,1,13,Tamarillo_spoiled,443
data/raw/FRUIT-16K/S_Tamarillo/228.jpg,Tamarillo,spoiled,6,1,13,Tamarillo_spoiled,443
data/raw/FRUIT-16K/S_Tamarillo/229.jpg,Tamarillo,spoiled,6,1,13,Tamarillo_spoiled,443
data/raw/FRUIT-16K/S_Tamarillo/230.jpg,Tamarillo,spoiled,6,1,13,Tamarillo_spoiled,443
data/raw/FRUIT-16K/S_Tamarillo/231.jpg,Tamarillo,spoiled,6,1,13,Tamarillo_spoiled,443
data/raw/FRUIT-16K/S_Tamarillo/232.jpg,Tamarillo,spoiled,6,1,13,Tamarillo_spoiled,443
data/raw/FRUIT-16K/S_Tamarillo/233.jpg,Tamarillo,spoiled,6,1,13,Tamarillo_spoiled,443
data/raw/FRUIT-16K/S_Tamarillo/234.jpg,Tamarillo,spoiled,6,1,13,Tamarillo_spoiled,443
data/raw/FRUIT-16K/S_Tamarillo/235.jpg,Tamarillo,spoiled,6,1,13,Tamarillo_spoiled,443
data/raw/FRUIT-16K/S_Tamarillo/236.jpg,Tamarillo,spoiled,6,1,13,Tamarillo_spoiled,443
data/raw/FRUIT-16K/S_Tamarillo/237.jpg,Tamarillo,spoiled,6,1,13,Tamarillo_spoiled,443
data/raw/FRUIT-16K/S_Tamarillo/238.jpg,Tamarillo,spoiled,6,1,13,Tamarillo_spoiled,443
data/raw/FRUIT-16K/S_Tamarillo/239.jpg,Tamarillo,spoiled,6,1,13,Tamarillo_spoiled,443
data/raw/FRUIT-16K/S_Tamarillo/240.jpg,Tamarillo,spoiled,6,1,13,Tamarillo_spoiled,443
data/raw/FRUIT-16K/S_Tamarillo/241.jpg,Tamarillo,spoiled,6,1,13,Tamarillo_spoiled,443
data/raw/FRUIT-16K/S_Tamarillo/242.jpg,Tamarillo,spoiled,6,1,13,Tamarillo_spoiled,443
data/raw/FRUIT-16K/S_Tamarillo/243.jpg,Tamarillo,spoiled,6,1,13,Tamarillo_spoiled,443
data/raw/FRUIT-16K/S_Tamarillo/244.jpg,Tamarillo,spoiled,6,1,13,Tamarillo_spoiled,443
data/raw/FRUIT-16K/S_Tamarillo/245.jpg,Tamarillo,spoiled,6,1,13,Tamarillo_spoiled,443
data/raw/FRUIT-16K/S_Tamarillo/246.jpg,Tamarillo,spoiled,6,1,13,Tamarillo_spoiled,443
data/raw/FRUIT-16K/S_Tamarillo/247.jpg,Tamarillo,spoiled,6,1,13,Tamarillo_spoiled,443
data/raw/FRUIT-16K/S_Tamarillo/248.jpg,Tamarillo,spoiled,6,1,13,Tamarillo_spoiled,443
data/raw/FRUIT-16K/S_Tamarillo/249.jpg,Tamarillo,spoiled,6,1,13,Tamarillo_spoiled,443
data/raw/FRUIT-16K/S_Tamarillo/250.jpg,Tamarillo,spoiled,6,1,13,Tamarillo_spoiled,443
data/raw/FRUIT-16K/S_Tamarillo/251.jpg,Tamarillo,spoiled,6,1,13,Tamarillo_spoiled,442
data/raw/FRUIT-16K/S_Tamarillo/252.jpg,Tamarillo,spoiled,6,1,13,Tamarillo_spoiled,442
data/raw/FRUIT-16K/S_Tamarillo/253.jpg,Tamarillo,spoiled,6,1,13,Tamarillo_spoiled,442
data/raw/FRUIT-16K/S_Tamarillo/254.jpg,Tamarillo,spoiled,6,1,13,Tamarillo_spoiled,442
data/raw/FRUIT-16K/S_Tamarillo/255.jpg,Tamarillo,spoiled,6,1,13,Tamarillo_spoiled,442
data/raw/FRUIT-16K/S_Tamarillo/256.jpg,Tamarillo,spoiled,6,1,13,Tamarillo_spoiled,442
data/raw/FRUIT-16K/S_Tamarillo/257.jpg,Tamarillo,spoiled,6,1,13,Tamarillo_spoiled,442
data/raw/FRUIT-16K/S_Tamarillo/258.jpg,Tamarillo,spoiled,6,1,13,Tamarillo_spoiled,442
data/raw/FRUIT-16K/S_Tamarillo/259.jpg,Tamarillo,spoiled,6,1,13,Tamarillo_spoiled,442
data/raw/FRUIT-16K/S_Tamarillo/260.jpg,Tamarillo,spoiled,6,1,13,Tamarillo_spoiled,442
data/raw/FRUIT-16K/S_Tamarillo/261.jpg,Tamarillo,spoiled,6,1,13,Tamarillo_spoiled,442
data/raw/FRUIT-16K/S_Tamarillo/262.jpg,Tamarillo,spoiled,6,1,13,Tamarillo_spoiled,442
data/raw/FRUIT-16K/S_Tamarillo/263.jpg,Tamarillo,spoiled,6,1,13,Tamarillo_spoiled,442
data/raw/FRUIT-16K/S_Tamarillo/264.jpg,Tamarillo,spoiled,6,1,13,Tamarillo_spoiled,442
data/raw/FRUIT-16K/S_Tamarillo/265.jpg,Tamarillo,spoiled,6,1,13,Tamarillo_spoiled,442
data/raw/FRUIT-16K/S_Tamarillo/266.jpg,Tamarillo,spoiled,6,1,13,Tamarillo_spoiled,442
data/raw/FRUIT-16K/S_Tamarillo/267.jpg,Tamarillo,spoiled,6,1,13,Tamarillo_spoiled,442
data/raw/FRUIT-16K/S_Tamarillo/268.jpg,Tamarillo,spoiled,6,1,13,Tamarillo_spoiled,442
data/raw/FRUIT-16K/S_Tamarillo/269.jpg,Tamarillo,spoiled,6,1,13,Tamarillo_spoiled,442
data/raw/FRUIT-16K/S_Tamarillo/270.jpg,Tamarillo,spoiled,6,1,13,Tamarillo_spoiled,442
data/raw/FRUIT-16K/S_Tamarillo/271.jpg,Tamarillo,spoiled,6,1,13,Tamarillo_spoiled,442
data/raw/FRUIT-16K/S_Tamarillo/272.jpg,Tamarillo,spoiled,6,1,13,Tamarillo_spoiled,442
data/raw/FRUIT-16K/S_Tamarillo/273.jpg,Tamarillo,spoiled,6,1,13,Tamarillo_spoiled,442
data/raw/FRUIT-16K/S_Tamarillo/274.jpg,Tamarillo,spoiled,6,1,13,Tamarillo_spoiled,442
data/raw/FRUIT-16K/S_Tamarillo/275.jpg,Tamarillo,spoiled,6,1,13,Tamarillo_spoiled,442
data/raw/FRUIT-16K/S_Tamarillo/276.jpg,Tamarillo,spoiled,6,1,13,Tamarillo_spoiled,442
data/raw/FRUIT-16K/S_Tamarillo/277.jpg,Tamarillo,spoiled,6,1,13,Tamarillo_spoiled,442
data/raw/FRUIT-16K/S_Tamarillo/278.jpg,Tamarillo,spoiled,6,1,13,Tamarillo_spoiled,442
data/raw/FRUIT-16K/S_Tamarillo/279.jpg,Tamarillo,spoiled,6,1,13,Tamarillo_spoiled,442
data/raw/FRUIT-16K/S_Tamarillo/280.jpg,Tamarillo,spoiled,6,1,13,Tamarillo_spoiled,442
data/raw/FRUIT-16K/S_Tamarillo/281.jpg,Tamarillo,spoiled,6,1,13,Tamarillo_spoiled,442
data/raw/FRUIT-16K/S_Tamarillo/282.jpg,Tamarillo,spoiled,6,1,13,Tamarillo_spoiled,442
data/raw/FRUIT-16K/S_Tamarillo/283.jpg,Tamarillo,spoiled,6,1,13,Tamarillo_spoiled,442
data/raw/FRUIT-16K/S_Tamarillo/284.jpg,Tamarillo,spoiled,6,1,13,Tamarillo_spoiled,442
data/raw/FRUIT-16K/S_Tamarillo/285.jpg,Tamarillo,spoiled,6,1,13,Tamarillo_spoiled,442
data/raw/FRUIT-16K/S_Tamarillo/286.jpg,Tamarillo,spoiled,6,1,13,Tamarillo_spoiled,442
data/raw/FRUIT-16K/S_Tamarillo/287.jpg,Tamarillo,spoiled,6,1,13,Tamarillo_spoiled,442
data/raw/FRUIT-16K/S_Tamarillo/288.jpg,Tamarillo,spoiled,6,1,13,Tamarillo_spoiled,442
data/raw/FRUIT-16K/S_Tamarillo/289.jpg,Tamarillo,spoiled,6,1,13,Tamarillo_spoiled,442
data/raw/FRUIT-16K/S_Tamarillo/290.jpg,Tamarillo,spoiled,6,1,13,Tamarillo_spoiled,442
data/raw/FRUIT-16K/S_Tamarillo/291.jpg,Tamarillo,spoiled,6,1,13,Tamarillo_spoiled,442
data/raw/FRUIT-16K/S_Tamarillo/292.jpg,Tamarillo,spoiled,6,1,13,Tamarillo_spoiled,442
data/raw/FRUIT-16K/S_Tamarillo/293.jpg,Tamarillo,spoiled,6,1,13,Tamarillo_spoiled,442
data/raw/FRUIT-16K/S_Tamarillo/294.jpg,Tamarillo,spoiled,6,1,13,Tamarillo_spoiled,442
data/raw/FRUIT-16K/S_Tamarillo/295.jpg,Tamarillo,spoiled,6,1,13,Tamarillo_spoiled,442
data/raw/FRUIT-16K/S_Tamarillo/296.jpg,Tamarillo,spoiled,6,1,13,Tamarillo_spoiled,442
data/raw/FRUIT-16K/S_Tamarillo/297.jpg,Tamarillo,spoiled,6,1,13,Tamarillo_spoiled,442
data/raw/FRUIT-16K/S_Tamarillo/298.jpg,Tamarillo,spoiled,6,1,13,Tamarillo_spoiled,442
data/raw/FRUIT-16K/S_Tamarillo/299.jpg,Tamarillo,spoiled,6,1,13,Tamarillo_spoiled,442
data/raw/FRUIT-16K/S_Tamarillo/300.jpg,Tamarillo,spoiled,6,1,13,Tamarillo_spoiled,442
data/raw/FRUIT-16K/S_Tamarillo/301.jpg,Tamarillo,spoiled,6,1,13,Tamarillo_spoiled,442
data/raw/FRUIT-16K/S_Tamarillo/302.jpg,Tamarillo,spoiled,6,1,13,Tamarillo_spoiled,442
data/raw/FRUIT-16K/S_Tamarillo/303.jpg,Tamarillo,spoiled,6,1,13,Tamarillo_spoiled,442
data/raw/FRUIT-16K/S_Tamarillo/304.jpg,Tamarillo,spoiled,6,1,13,Tamarillo_spoiled,442
data/raw/FRUIT-16K/S_Tamarillo/305.jpg,Tamarillo,spoiled,6,1,13,Tamarillo_spoiled,442
data/raw/FRUIT-16K/S_Tamarillo/306.jpg,Tamarillo,spoiled,6,1,13,Tamarillo_spoiled,442
data/raw/FRUIT-16K/S_Tamarillo/307.jpg,Tamarillo,spoiled,6,1,13,Tamarillo_spoiled,442
data/raw/FRUIT-16K/S_Tamarillo/308.jpg,Tamarillo,spoiled,6,1,13,Tamarillo_spoiled,442
data/raw/FRUIT-16K/S_Tamarillo/309.jpg,Tamarillo,spoiled,6,1,13,Tamarillo_spoiled,442
data/raw/FRUIT-16K/S_Tamarillo/310.jpg,Tamarillo,spoiled,6,1,13,Tamarillo_spoiled,442
data/raw/FRUIT-16K/S_Tamarillo/311.jpg,Tamarillo,spoiled,6,1,13,Tamarillo_spoiled,442
data/raw/FRUIT-16K/S_Tamarillo/312.jpg,Tamarillo,spoiled,6,1,13,Tamarillo_spoiled,442
data/raw/FRUIT-16K/S_Tamarillo/313.jpg,Tamarillo,spoiled,6,1,13,Tamarillo_spoiled,442
data/raw/FRUIT-16K/S_Tamarillo/314.jpg,Tamarillo,spoiled,6,1,13,Tamarillo_spoiled,442
data/raw/FRUIT-16K/S_Tamarillo/315.jpg,Tamarillo,spoiled,6,1,13,Tamarillo_spoiled,442
data/raw/FRUIT-16K/S_Tamarillo/316.jpg,Tamarillo,spoiled,6,1,13,Tamarillo_spoiled,442
data/raw/FRUIT-16K/S_Tamarillo/317.jpg,Tamarillo,spoiled,6,1,13,Tamarillo_spoiled,442
data/raw/FRUIT-16K/S_Tamarillo/318.jpg,Tamarillo,spoiled,6,1,13,Tamarillo_spoiled,442
data/raw/FRUIT-16K/S_Tamarillo/319.jpg,Tamarillo,spoiled,6,1,13,Tamarillo_spoiled,442
data/raw/FRUIT-16K/S_Tamarillo/320.jpg,Tamarillo,spoiled,6,1,13,Tamarillo_spoiled,442
data/raw/FRUIT-16K/S_Tamarillo/321.jpg,Tamarillo,spoiled,6,1,13,Tamarillo_spoiled,442
data/raw/FRUIT-16K/S_Tamarillo/322.jpg,Tamarillo,spoiled,6,1,13,Tamarillo_spoiled,442
data/raw/FRUIT-16K/S_Tamarillo/323.jpg,Tamarillo,spoiled,6,1,13,Tamarillo_spoiled,442
data/raw/FRUIT-16K/S_Tamarillo/324.jpg,Tamarillo,spoiled,6,1,13,Tamarillo_spoiled,442
data/raw/FRUIT-16K/S_Tamarillo/325.jpg,Tamarillo,spoiled,6,1,13,Tamarillo_spoiled,442
data/raw/FRUIT-16K/S_Tamarillo/326.jpg,Tamarillo,spoiled,6,1,13,Tamarillo_spoiled,444
data/raw/FRUIT-16K/S_Tamarillo/327.jpg,Tamarillo,spoiled,6,1,13,Tamarillo_spoiled,444
data/raw/FRUIT-16K/S_Tamarillo/328.jpg,Tamarillo,spoiled,6,1,13,Tamarillo_spoiled,444
data/raw/FRUIT-16K/S_Tamarillo/329.jpg,Tamarillo,spoiled,6,1,13,Tamarillo_spoiled,444
data/raw/FRUIT-16K/S_Tamarillo/330.jpg,Tamarillo,spoiled,6,1,13,Tamarillo_spoiled,444
data/raw/FRUIT-16K/S_Tamarillo/331.jpg,Tamarillo,spoiled,6,1,13,Tamarillo_spoiled,444
data/raw/FRUIT-16K/S_Tamarillo/332.jpg,Tamarillo,spoiled,6,1,13,Tamarillo_spoiled,444
data/raw/FRUIT-16K/S_Tamarillo/333.jpg,Tamarillo,spoiled,6,1,13,Tamarillo_spoiled,444
data/raw/FRUIT-16K/S_Tamarillo/334.jpg,Tamarillo,spoiled,6,1,13,Tamarillo_spoiled,444
data/raw/FRUIT-16K/S_Tamarillo/335.jpg,Tamarillo,spoiled,6,1,13,Tamarillo_spoiled,444
data/raw/FRUIT-16K/S_Tamarillo/336.jpg,Tamarillo,spoiled,6,1,13,Tamarillo_spoiled,444
data/raw/FRUIT-16K/S_Tamarillo/337.jpg,Tamarillo,spoiled,6,1,13,Tamarillo_spoiled,444
data/raw/FRUIT-16K/S_Tamarillo/338.jpg,Tamarillo,spoiled,6,1,13,Tamarillo_spoiled,444
data/raw/FRUIT-16K/S_Tamarillo/339.jpg,Tamarillo,spoiled,6,1,13,Tamarillo_spoiled,444
data/raw/FRUIT-16K/S_Tamarillo/340.jpg,Tamarillo,spoiled,6,1,13,Tamarillo_spoiled,444
data/raw/FRUIT-16K/S_Tamarillo/341.jpg,Tamarillo,spoiled,6,1,13,Tamarillo_spoiled,444
data/raw/FRUIT-16K/S_Tamarillo/342.jpg,Tamarillo,spoiled,6,1,13,Tamarillo_spoiled,444
data/raw/FRUIT-16K/S_Tamarillo/343.jpg,Tamarillo,spoiled,6,1,13,Tamarillo_spoiled,444
data/raw/FRUIT-16K/S_Tamarillo/344.jpg,Tamarillo,spoiled,6,1,13,Tamarillo_spoiled,444
data/raw/FRUIT-16K/S_Tamarillo/345.jpg,Tamarillo,spoiled,6,1,13,Tamarillo_spoiled,444
data/raw/FRUIT-16K/S_Tamarillo/346.jpg,Tamarillo,spoiled,6,1,13,Tamarillo_spoiled,444
data/raw/FRUIT-16K/S_Tamarillo/347.jpg,Tamarillo,spoiled,6,1,13,Tamarillo_spoiled,444
data/raw/FRUIT-16K/S_Tamarillo/348.jpg,Tamarillo,spoiled,6,1,13,Tamarillo_spoiled,444
data/raw/FRUIT-16K/S_Tamarillo/349.jpg,Tamarillo,spoiled,6,1,13,Tamarillo_spoiled,444
data/raw/FRUIT-16K/S_Tamarillo/350.jpg,Tamarillo,spoiled,6,1,13,Tamarillo_spoiled,444
data/raw/FRUIT-16K/S_Tamarillo/376.jpg,Tamarillo,spoiled,6,1,13,Tamarillo_spoiled,446
data/raw/FRUIT-16K/S_Tamarillo/377.jpg,Tamarillo,spoiled,6,1,13,Tamarillo_spoiled,446
data/raw/FRUIT-16K/S_Tamarillo/378.jpg,Tamarillo,spoiled,6,1,13,Tamarillo_spoiled,446
data/raw/FRUIT-16K/S_Tamarillo/379.jpg,Tamarillo,spoiled,6,1,13,Tamarillo_spoiled,446
data/raw/FRUIT-16K/S_Tamarillo/380.jpg,Tamarillo,spoiled,6,1,13,Tamarillo_spoiled,446
data/raw/FRUIT-16K/S_Tamarillo/381.jpg,Tamarillo,spoiled,6,1,13,Tamarillo_spoiled,446
data/raw/FRUIT-16K/S_Tamarillo/382.jpg,Tamarillo,spoiled,6,1,13,Tamarillo_spoiled,446
data/raw/FRUIT-16K/S_Tamarillo/383.jpg,Tamarillo,spoiled,6,1,13,Tamarillo_spoiled,446
data/raw/FRUIT-16K/S_Tamarillo/384.jpg,Tamarillo,spoiled,6,1,13,Tamarillo_spoiled,446
data/raw/FRUIT-16K/S_Tamarillo/385.jpg,Tamarillo,spoiled,6,1,13,Tamarillo_spoiled,446
data/raw/FRUIT-16K/S_Tamarillo/386.jpg,Tamarillo,spoiled,6,1,13,Tamarillo_spoiled,446
data/raw/FRUIT-16K/S_Tamarillo/387.jpg,Tamarillo,spoiled,6,1,13,Tamarillo_spoiled,446
data/raw/FRUIT-16K/S_Tamarillo/388.jpg,Tamarillo,spoiled,6,1,13,Tamarillo_spoiled,446
data/raw/FRUIT-16K/S_Tamarillo/389.jpg,Tamarillo,spoiled,6,1,13,Tamarillo_spoiled,446
data/raw/FRUIT-16K/S_Tamarillo/390.jpg,Tamarillo,spoiled,6,1,13,Tamarillo_spoiled,446
data/raw/FRUIT-16K/S_Tamarillo/391.jpg,Tamarillo,spoiled,6,1,13,Tamarillo_spoiled,446
data/raw/FRUIT-16K/S_Tamarillo/392.jpg,Tamarillo,spoiled,6,1,13,Tamarillo_spoiled,446
data/raw/FRUIT-16K/S_Tamarillo/393.jpg,Tamarillo,spoiled,6,1,13,Tamarillo_spoiled,446
data/raw/FRUIT-16K/S_Tamarillo/394.jpg,Tamarillo,spoiled,6,1,13,Tamarillo_spoiled,446
data/raw/FRUIT-16K/S_Tamarillo/395.jpg,Tamarillo,spoiled,6,1,13,Tamarillo_spoiled,446
data/raw/FRUIT-16K/S_Tamarillo/396.jpg,Tamarillo,spoiled,6,1,13,Tamarillo_spoiled,446
data/raw/FRUIT-16K/S_Tamarillo/397.jpg,Tamarillo,spoiled,6,1,13,Tamarillo_spoiled,446
data/raw/FRUIT-16K/S_Tamarillo/398.jpg,Tamarillo,spoiled,6,1,13,Tamarillo_spoiled,446
data/raw/FRUIT-16K/S_Tamarillo/399.jpg,Tamarillo,spoiled,6,1,13,Tamarillo_spoiled,446
data/raw/FRUIT-16K/S_Tamarillo/400.jpg,Tamarillo,spoiled,6,1,13,Tamarillo_spoiled,446
data/raw/FRUIT-16K/S_Tamarillo/401.jpg,Tamarillo,spoiled,6,1,13,Tamarillo_spoiled,447
data/raw/FRUIT-16K/S_Tamarillo/402.jpg,Tamarillo,spoiled,6,1,13,Tamarillo_spoiled,447
data/raw/FRUIT-16K/S_Tamarillo/403.jpg,Tamarillo,spoiled,6,1,13,Tamarillo_spoiled,447
data/raw/FRUIT-16K/S_Tamarillo/404.jpg,Tamarillo,spoiled,6,1,13,Tamarillo_spoiled,447
data/raw/FRUIT-16K/S_Tamarillo/405.jpg,Tamarillo,spoiled,6,1,13,Tamarillo_spoiled,447
data/raw/FRUIT-16K/S_Tamarillo/406.jpg,Tamarillo,spoiled,6,1,13,Tamarillo_spoiled,447
data/raw/FRUIT-16K/S_Tamarillo/407.jpg,Tamarillo,spoiled,6,1,13,Tamarillo_spoiled,447
data/raw/FRUIT-16K/S_Tamarillo/408.jpg,Tamarillo,spoiled,6,1,13,Tamarillo_spoiled,447
data/raw/FRUIT-16K/S_Tamarillo/409.jpg,Tamarillo,spoiled,6,1,13,Tamarillo_spoiled,447
data/raw/FRUIT-16K/S_Tamarillo/410.jpg,Tamarillo,spoiled,6,1,13,Tamarillo_spoiled,447
data/raw/FRUIT-16K/S_Tamarillo/411.jpg,Tamarillo,spoiled,6,1,13,Tamarillo_spoiled,447
data/raw/FRUIT-16K/S_Tamarillo/412.jpg,Tamarillo,spoiled,6,1,13,Tamarillo_spoiled,447
data/raw/FRUIT-16K/S_Tamarillo/413.jpg,Tamarillo,spoiled,6,1,13,Tamarillo_spoiled,447
data/raw/FRUIT-16K/S_Tamarillo/414.jpg,Tamarillo,spoiled,6,1,13,Tamarillo_spoiled,447
data/raw/FRUIT-16K/S_Tamarillo/415.jpg,Tamarillo,spoiled,6,1,13,Tamarillo_spoiled,447
data/raw/FRUIT-16K/S_Tamarillo/416.jpg,Tamarillo,spoiled,6,1,13,Tamarillo_spoiled,447
data/raw/FRUIT-16K/S_Tamarillo/417.jpg,Tamarillo,spoiled,6,1,13,Tamarillo_spoiled,447
data/raw/FRUIT-16K/S_Tamarillo/418.jpg,Tamarillo,spoiled,6,1,13,Tamarillo_spoiled,447
data/raw/FRUIT-16K/S_Tamarillo/419.jpg,Tamarillo,spoiled,6,1,13,Tamarillo_spoiled,447
data/raw/FRUIT-16K/S_Tamarillo/420.jpg,Tamarillo,spoiled,6,1,13,Tamarillo_spoiled,447
data/raw/FRUIT-16K/S_Tamarillo/421.jpg,Tamarillo,spoiled,6,1,13,Tamarillo_spoiled,447
data/raw/FRUIT-16K/S_Tamarillo/422.jpg,Tamarillo,spoiled,6,1,13,Tamarillo_spoiled,447
data/raw/FRUIT-16K/S_Tamarillo/423.jpg,Tamarillo,spoiled,6,1,13,Tamarillo_spoiled,447
data/raw/FRUIT-16K/S_Tamarillo/424.jpg,Tamarillo,spoiled,6,1,13,Tamarillo_spoiled,447
data/raw/FRUIT-16K/S_Tamarillo/425.jpg,Tamarillo,spoiled,6,1,13,Tamarillo_spoiled,447
data/raw/FRUIT-16K/S_Tamarillo/426.jpg,Tamarillo,spoiled,6,1,13,Tamarillo_spoiled,448
data/raw/FRUIT-16K/S_Tamarillo/427.jpg,Tamarillo,spoiled,6,1,13,Tamarillo_spoiled,448
data/raw/FRUIT-16K/S_Tamarillo/428.jpg,Tamarillo,spoiled,6,1,13,Tamarillo_spoiled,448
data/raw/FRUIT-16K/S_Tamarillo/429.jpg,Tamarillo,spoiled,6,1,13,Tamarillo_spoiled,448
data/raw/FRUIT-16K/S_Tamarillo/430.jpg,Tamarillo,spoiled,6,1,13,Tamarillo_spoiled,448
data/raw/FRUIT-16K/S_Tamarillo/431.jpg,Tamarillo,spoiled,6,1,13,Tamarillo_spoiled,448
data/raw/FRUIT-16K/S_Tamarillo/432.jpg,Tamarillo,spoiled,6,1,13,Tamarillo_spoiled,448
data/raw/FRUIT-16K/S_Tamarillo/433.jpg,Tamarillo,spoiled,6,1,13,Tamarillo_spoiled,448
data/raw/FRUIT-16K/S_Tamarillo/434.jpg,Tamarillo,spoiled,6,1,13,Tamarillo_spoiled,448
data/raw/FRUIT-16K/S_Tamarillo/435.jpg,Tamarillo,spoiled,6,1,13,Tamarillo_spoiled,448
data/raw/FRUIT-16K/S_Tamarillo/436.jpg,Tamarillo,spoiled,6,1,13,Tamarillo_spoiled,448
data/raw/FRUIT-16K/S_Tamarillo/437.jpg,Tamarillo,spoiled,6,1,13,Tamarillo_spoiled,448
data/raw/FRUIT-16K/S_Tamarillo/438.jpg,Tamarillo,spoiled,6,1,13,Tamarillo_spoiled,448
data/raw/FRUIT-16K/S_Tamarillo/439.jpg,Tamarillo,spoiled,6,1,13,Tamarillo_spoiled,448
data/raw/FRUIT-16K/S_Tamarillo/440.jpg,Tamarillo,spoiled,6,1,13,Tamarillo_spoiled,448
data/raw/FRUIT-16K/S_Tamarillo/441.jpg,Tamarillo,spoiled,6,1,13,Tamarillo_spoiled,448
data/raw/FRUIT-16K/S_Tamarillo/442.jpg,Tamarillo,spoiled,6,1,13,Tamarillo_spoiled,448
data/raw/FRUIT-16K/S_Tamarillo/443.jpg,Tamarillo,spoiled,6,1,13,Tamarillo_spoiled,448
data/raw/FRUIT-16K/S_Tamarillo/444.jpg,Tamarillo,spoiled,6,1,13,Tamarillo_spoiled,448
data/raw/FRUIT-16K/S_Tamarillo/445.jpg,Tamarillo,spoiled,6,1,13,Tamarillo_spoiled,448
data/raw/FRUIT-16K/S_Tamarillo/446.jpg,Tamarillo,spoiled,6,1,13,Tamarillo_spoiled,448
data/raw/FRUIT-16K/S_Tamarillo/447.jpg,Tamarillo,spoiled,6,1,13,Tamarillo_spoiled,448
data/raw/FRUIT-16K/S_Tamarillo/448.jpg,Tamarillo,spoiled,6,1,13,Tamarillo_spoiled,448
data/raw/FRUIT-16K/S_Tamarillo/449.jpg,Tamarillo,spoiled,6,1,13,Tamarillo_spoiled,448
data/raw/FRUIT-16K/S_Tamarillo/450.jpg,Tamarillo,spoiled,6,1,13,Tamarillo_spoiled,448
data/raw/FRUIT-16K/S_Tamarillo/451.jpg,Tamarillo,spoiled,6,1,13,Tamarillo_spoiled,449
data/raw/FRUIT-16K/S_Tamarillo/452.jpg,Tamarillo,spoiled,6,1,13,Tamarillo_spoiled,449
data/raw/FRUIT-16K/S_Tamarillo/453.jpg,Tamarillo,spoiled,6,1,13,Tamarillo_spoiled,449
data/raw/FRUIT-16K/S_Tamarillo/454.jpg,Tamarillo,spoiled,6,1,13,Tamarillo_spoiled,449
data/raw/FRUIT-16K/S_Tamarillo/455.jpg,Tamarillo,spoiled,6,1,13,Tamarillo_spoiled,449
data/raw/FRUIT-16K/S_Tamarillo/456.jpg,Tamarillo,spoiled,6,1,13,Tamarillo_spoiled,449
data/raw/FRUIT-16K/S_Tamarillo/457.jpg,Tamarillo,spoiled,6,1,13,Tamarillo_spoiled,449
data/raw/FRUIT-16K/S_Tamarillo/458.jpg,Tamarillo,spoiled,6,1,13,Tamarillo_spoiled,449
data/raw/FRUIT-16K/S_Tamarillo/459.jpg,Tamarillo,spoiled,6,1,13,Tamarillo_spoiled,449
data/raw/FRUIT-16K/S_Tamarillo/460.jpg,Tamarillo,spoiled,6,1,13,Tamarillo_spoiled,449
data/raw/FRUIT-16K/S_Tamarillo/461.jpg,Tamarillo,spoiled,6,1,13,Tamarillo_spoiled,449
data/raw/FRUIT-16K/S_Tamarillo/462.jpg,Tamarillo,spoiled,6,1,13,Tamarillo_spoiled,449
data/raw/FRUIT-16K/S_Tamarillo/463.jpg,Tamarillo,spoiled,6,1,13,Tamarillo_spoiled,449
data/raw/FRUIT-16K/S_Tamarillo/464.jpg,Tamarillo,spoiled,6,1,13,Tamarillo_spoiled,449
data/raw/FRUIT-16K/S_Tamarillo/465.jpg,Tamarillo,spoiled,6,1,13,Tamarillo_spoiled,449
data/raw/FRUIT-16K/S_Tamarillo/466.jpg,Tamarillo,spoiled,6,1,13,Tamarillo_spoiled,449
data/raw/FRUIT-16K/S_Tamarillo/467.jpg,Tamarillo,spoiled,6,1,13,Tamarillo_spoiled,449
data/raw/FRUIT-16K/S_Tamarillo/468.jpg,Tamarillo,spoiled,6,1,13,Tamarillo_spoiled,449
data/raw/FRUIT-16K/S_Tamarillo/469.jpg,Tamarillo,spoiled,6,1,13,Tamarillo_spoiled,449
data/raw/FRUIT-16K/S_Tamarillo/470.jpg,Tamarillo,spoiled,6,1,13,Tamarillo_spoiled,449
data/raw/FRUIT-16K/S_Tamarillo/471.jpg,Tamarillo,spoiled,6,1,13,Tamarillo_spoiled,449
data/raw/FRUIT-16K/S_Tamarillo/472.jpg,Tamarillo,spoiled,6,1,13,Tamarillo_spoiled,449
data/raw/FRUIT-16K/S_Tamarillo/473.jpg,Tamarillo,spoiled,6,1,13,Tamarillo_spoiled,449
data/raw/FRUIT-16K/S_Tamarillo/474.jpg,Tamarillo,spoiled,6,1,13,Tamarillo_spoiled,449
data/raw/FRUIT-16K/S_Tamarillo/475.jpg,Tamarillo,spoiled,6,1,13,Tamarillo_spoiled,449
data/raw/FRUIT-16K/S_Tamarillo/526.jpg,Tamarillo,spoiled,6,1,13,Tamarillo_spoiled,452
data/raw/FRUIT-16K/S_Tamarillo/527.jpg,Tamarillo,spoiled,6,1,13,Tamarillo_spoiled,452
data/raw/FRUIT-16K/S_Tamarillo/528.jpg,Tamarillo,spoiled,6,1,13,Tamarillo_spoiled,452
data/raw/FRUIT-16K/S_Tamarillo/529.jpg,Tamarillo,spoiled,6,1,13,Tamarillo_spoiled,452
data/raw/FRUIT-16K/S_Tamarillo/530.jpg,Tamarillo,spoiled,6,1,13,Tamarillo_spoiled,452
data/raw/FRUIT-16K/S_Tamarillo/531.jpg,Tamarillo,spoiled,6,1,13,Tamarillo_spoiled,452
data/raw/FRUIT-16K/S_Tamarillo/532.jpg,Tamarillo,spoiled,6,1,13,Tamarillo_spoiled,452
data/raw/FRUIT-16K/S_Tamarillo/533.jpg,Tamarillo,spoiled,6,1,13,Tamarillo_spoiled,452
data/raw/FRUIT-16K/S_Tamarillo/534.jpg,Tamarillo,spoiled,6,1,13,Tamarillo_spoiled,452
data/raw/FRUIT-16K/S_Tamarillo/535.jpg,Tamarillo,spoiled,6,1,13,Tamarillo_spoiled,452
data/raw/FRUIT-16K/S_Tamarillo/536.jpg,Tamarillo,spoiled,6,1,13,Tamarillo_spoiled,452
data/raw/FRUIT-16K/S_Tamarillo/537.jpg,Tamarillo,spoiled,6,1,13,Tamarillo_spoiled,452
data/raw/FRUIT-16K/S_Tamarillo/538.jpg,Tamarillo,spoiled,6,1,13,Tamarillo_spoiled,452
data/raw/FRUIT-16K/S_Tamarillo/539.jpg,Tamarillo,spoiled,6,1,13,Tamarillo_spoiled,452
data/raw/FRUIT-16K/S_Tamarillo/540.jpg,Tamarillo,spoiled,6,1,13,Tamarillo_spoiled,452
data/raw/FRUIT-16K/S_Tamarillo/541.jpg,Tamarillo,spoiled,6,1,13,Tamarillo_spoiled,452
data/raw/FRUIT-16K/S_Tamarillo/542.jpg,Tamarillo,spoiled,6,1,13,Tamarillo_spoiled,452
data/raw/FRUIT-16K/S_Tamarillo/543.jpg,Tamarillo,spoiled,6,1,13,Tamarillo_spoiled,452
data/raw/FRUIT-16K/S_Tamarillo/544.jpg,Tamarillo,spoiled,6,1,13,Tamarillo_spoiled,452
data/raw/FRUIT-16K/S_Tamarillo/545.jpg,Tamarillo,spoiled,6,1,13,Tamarillo_spoiled,452
data/raw/FRUIT-16K/S_Tamarillo/546.jpg,Tamarillo,spoiled,6,1,13,Tamarillo_spoiled,452
data/raw/FRUIT-16K/S_Tamarillo/547.jpg,Tamarillo,spoiled,6,1,13,Tamarillo_spoiled,452
data/raw/FRUIT-16K/S_Tamarillo/548.jpg,Tamarillo,spoiled,6,1,13,Tamarillo_spoiled,452
data/raw/FRUIT-16K/S_Tamarillo/549.jpg,Tamarillo,spoiled,6,1,13,Tamarillo_spoiled,452
data/raw/FRUIT-16K/S_Tamarillo/550.jpg,Tamarillo,spoiled,6,1,13,Tamarillo_spoiled,452
data/raw/FRUIT-16K/S_Tamarillo/576.jpg,Tamarillo,spoiled,6,1,13,Tamarillo_spoiled,454
data/raw/FRUIT-16K/S_Tamarillo/577.jpg,Tamarillo,spoiled,6,1,13,Tamarillo_spoiled,454
data/raw/FRUIT-16K/S_Tamarillo/578.jpg,Tamarillo,spoiled,6,1,13,Tamarillo_spoiled,454
data/raw/FRUIT-16K/S_Tamarillo/579.jpg,Tamarillo,spoiled,6,1,13,Tamarillo_spoiled,454
data/raw/FRUIT-16K/S_Tamarillo/580.jpg,Tamarillo,spoiled,6,1,13,Tamarillo_spoiled,454
data/raw/FRUIT-16K/S_Tamarillo/581.jpg,Tamarillo,spoiled,6,1,13,Tamarillo_spoiled,454
data/raw/FRUIT-16K/S_Tamarillo/582.jpg,Tamarillo,spoiled,6,1,13,Tamarillo_spoiled,454
data/raw/FRUIT-16K/S_Tamarillo/583.jpg,Tamarillo,spoiled,6,1,13,Tamarillo_spoiled,454
data/raw/FRUIT-16K/S_Tamarillo/584.jpg,Tamarillo,spoiled,6,1,13,Tamarillo_spoiled,454
data/raw/FRUIT-16K/S_Tamarillo/585.jpg,Tamarillo,spoiled,6,1,13,Tamarillo_spoiled,454
data/raw/FRUIT-16K/S_Tamarillo/586.jpg,Tamarillo,spoiled,6,1,13,Tamarillo_spoiled,454
data/raw/FRUIT-16K/S_Tamarillo/587.jpg,Tamarillo,spoiled,6,1,13,Tamarillo_spoiled,454
data/raw/FRUIT-16K/S_Tamarillo/588.jpg,Tamarillo,spoiled,6,1,13,Tamarillo_spoiled,454
data/raw/FRUIT-16K/S_Tamarillo/589.jpg,Tamarillo,spoiled,6,1,13,Tamarillo_spoiled,454
data/raw/FRUIT-16K/S_Tamarillo/590.jpg,Tamarillo,spoiled,6,1,13,Tamarillo_spoiled,454
data/raw/FRUIT-16K/S_Tamarillo/591.jpg,Tamarillo,spoiled,6,1,13,Tamarillo_spoiled,454
data/raw/FRUIT-16K/S_Tamarillo/592.jpg,Tamarillo,spoiled,6,1,13,Tamarillo_spoiled,454
data/raw/FRUIT-16K/S_Tamarillo/593.jpg,Tamarillo,spoiled,6,1,13,Tamarillo_spoiled,454
data/raw/FRUIT-16K/S_Tamarillo/594.jpg,Tamarillo,spoiled,6,1,13,Tamarillo_spoiled,454
data/raw/FRUIT-16K/S_Tamarillo/595.jpg,Tamarillo,spoiled,6,1,13,Tamarillo_spoiled,454
data/raw/FRUIT-16K/S_Tamarillo/596.jpg,Tamarillo,spoiled,6,1,13,Tamarillo_spoiled,454
data/raw/FRUIT-16K/S_Tamarillo/597.jpg,Tamarillo,spoiled,6,1,13,Tamarillo_spoiled,454
data/raw/FRUIT-16K/S_Tamarillo/598.jpg,Tamarillo,spoiled,6,1,13,Tamarillo_spoiled,454
data/raw/FRUIT-16K/S_Tamarillo/599.jpg,Tamarillo,spoiled,6,1,13,Tamarillo_spoiled,454
data/raw/FRUIT-16K/S_Tamarillo/600.jpg,Tamarillo,spoiled,6,1,13,Tamarillo_spoiled,454
data/raw/FRUIT-16K/S_Tamarillo/601.jpg,Tamarillo,spoiled,6,1,13,Tamarillo_spoiled,455
data/raw/FRUIT-16K/S_Tamarillo/602.jpg,Tamarillo,spoiled,6,1,13,Tamarillo_spoiled,455
data/raw/FRUIT-16K/S_Tamarillo/603.jpg,Tamarillo,spoiled,6,1,13,Tamarillo_spoiled,455
data/raw/FRUIT-16K/S_Tamarillo/604.jpg,Tamarillo,spoiled,6,1,13,Tamarillo_spoiled,455
data/raw/FRUIT-16K/S_Tamarillo/605.jpg,Tamarillo,spoiled,6,1,13,Tamarillo_spoiled,455
data/raw/FRUIT-16K/S_Tamarillo/606.jpg,Tamarillo,spoiled,6,1,13,Tamarillo_spoiled,455
data/raw/FRUIT-16K/S_Tamarillo/607.jpg,Tamarillo,spoiled,6,1,13,Tamarillo_spoiled,455
data/raw/FRUIT-16K/S_Tamarillo/608.jpg,Tamarillo,spoiled,6,1,13,Tamarillo_spoiled,455
data/raw/FRUIT-16K/S_Tamarillo/609.jpg,Tamarillo,spoiled,6,1,13,Tamarillo_spoiled,455
data/raw/FRUIT-16K/S_Tamarillo/610.jpg,Tamarillo,spoiled,6,1,13,Tamarillo_spoiled,455
data/raw/FRUIT-16K/S_Tamarillo/611.jpg,Tamarillo,spoiled,6,1,13,Tamarillo_spoiled,455
data/raw/FRUIT-16K/S_Tamarillo/612.jpg,Tamarillo,spoiled,6,1,13,Tamarillo_spoiled,455
data/raw/FRUIT-16K/S_Tamarillo/613.jpg,Tamarillo,spoiled,6,1,13,Tamarillo_spoiled,455
data/raw/FRUIT-16K/S_Tamarillo/614.jpg,Tamarillo,spoiled,6,1,13,Tamarillo_spoiled,455
data/raw/FRUIT-16K/S_Tamarillo/615.jpg,Tamarillo,spoiled,6,1,13,Tamarillo_spoiled,455
data/raw/FRUIT-16K/S_Tamarillo/616.jpg,Tamarillo,spoiled,6,1,13,Tamarillo_spoiled,455
data/raw/FRUIT-16K/S_Tamarillo/617.jpg,Tamarillo,spoiled,6,1,13,Tamarillo_spoiled,455
data/raw/FRUIT-16K/S_Tamarillo/618.jpg,Tamarillo,spoiled,6,1,13,Tamarillo_spoiled,455
data/raw/FRUIT-16K/S_Tamarillo/619.jpg,Tamarillo,spoiled,6,1,13,Tamarillo_spoiled,455
data/raw/FRUIT-16K/S_Tamarillo/620.jpg,Tamarillo,spoiled,6,1,13,Tamarillo_spoiled,455
data/raw/FRUIT-16K/S_Tamarillo/621.jpg,Tamarillo,spoiled,6,1,13,Tamarillo_spoiled,455
data/raw/FRUIT-16K/S_Tamarillo/622.jpg,Tamarillo,spoiled,6,1,13,Tamarillo_spoiled,455
data/raw/FRUIT-16K/S_Tamarillo/623.jpg,Tamarillo,spoiled,6,1,13,Tamarillo_spoiled,455
data/raw/FRUIT-16K/S_Tamarillo/624.jpg,Tamarillo,spoiled,6,1,13,Tamarillo_spoiled,455
data/raw/FRUIT-16K/S_Tamarillo/625.jpg,Tamarillo,spoiled,6,1,13,Tamarillo_spoiled,455
data/raw/FRUIT-16K/S_Tamarillo/626.jpg,Tamarillo,spoiled,6,1,13,Tamarillo_spoiled,456
data/raw/FRUIT-16K/S_Tamarillo/627.jpg,Tamarillo,spoiled,6,1,13,Tamarillo_spoiled,456
data/raw/FRUIT-16K/S_Tamarillo/628.jpg,Tamarillo,spoiled,6,1,13,Tamarillo_spoiled,456
data/raw/FRUIT-16K/S_Tamarillo/629.jpg,Tamarillo,spoiled,6,1,13,Tamarillo_spoiled,456
data/raw/FRUIT-16K/S_Tamarillo/630.jpg,Tamarillo,spoiled,6,1,13,Tamarillo_spoiled,456
data/raw/FRUIT-16K/S_Tamarillo/631.jpg,Tamarillo,spoiled,6,1,13,Tamarillo_spoiled,456
data/raw/FRUIT-16K/S_Tamarillo/632.jpg,Tamarillo,spoiled,6,1,13,Tamarillo_spoiled,456
data/raw/FRUIT-16K/S_Tamarillo/633.jpg,Tamarillo,spoiled,6,1,13,Tamarillo_spoiled,456
data/raw/FRUIT-16K/S_Tamarillo/634.jpg,Tamarillo,spoiled,6,1,13,Tamarillo_spoiled,456
data/raw/FRUIT-16K/S_Tamarillo/635.jpg,Tamarillo,spoiled,6,1,13,Tamarillo_spoiled,456
data/raw/FRUIT-16K/S_Tamarillo/636.jpg,Tamarillo,spoiled,6,1,13,Tamarillo_spoiled,456
data/raw/FRUIT-16K/S_Tamarillo/637.jpg,Tamarillo,spoiled,6,1,13,Tamarillo_spoiled,456
data/raw/FRUIT-16K/S_Tamarillo/638.jpg,Tamarillo,spoiled,6,1,13,Tamarillo_spoiled,456
data/raw/FRUIT-16K/S_Tamarillo/639.jpg,Tamarillo,spoiled,6,1,13,Tamarillo_spoiled,456
data/raw/FRUIT-16K/S_Tamarillo/640.jpg,Tamarillo,spoiled,6,1,13,Tamarillo_spoiled,456
data/raw/FRUIT-16K/S_Tamarillo/641.jpg,Tamarillo,spoiled,6,1,13,Tamarillo_spoiled,456
data/raw/FRUIT-16K/S_Tamarillo/642.jpg,Tamarillo,spoiled,6,1,13,Tamarillo_spoiled,456
data/raw/FRUIT-16K/S_Tamarillo/643.jpg,Tamarillo,spoiled,6,1,13,Tamarillo_spoiled,456
data/raw/FRUIT-16K/S_Tamarillo/644.jpg,Tamarillo,spoiled,6,1,13,Tamarillo_spoiled,456
data/raw/FRUIT-16K/S_Tamarillo/645.jpg,Tamarillo,spoiled,6,1,13,Tamarillo_spoiled,456
data/raw/FRUIT-16K/S_Tamarillo/646.jpg,Tamarillo,spoiled,6,1,13,Tamarillo_spoiled,456
data/raw/FRUIT-16K/S_Tamarillo/647.jpg,Tamarillo,spoiled,6,1,13,Tamarillo_spoiled,456
data/raw/FRUIT-16K/S_Tamarillo/648.jpg,Tamarillo,spoiled,6,1,13,Tamarillo_spoiled,456
data/raw/FRUIT-16K/S_Tamarillo/649.jpg,Tamarillo,spoiled,6,1,13,Tamarillo_spoiled,456
data/raw/FRUIT-16K/S_Tamarillo/650.jpg,Tamarillo,spoiled,6,1,13,Tamarillo_spoiled,456
data/raw/FRUIT-16K/S_Tamarillo/676.jpg,Tamarillo,spoiled,6,1,13,Tamarillo_spoiled,458
data/raw/FRUIT-16K/S_Tamarillo/677.jpg,Tamarillo,spoiled,6,1,13,Tamarillo_spoiled,458
data/raw/FRUIT-16K/S_Tamarillo/678.jpg,Tamarillo,spoiled,6,1,13,Tamarillo_spoiled,458
data/raw/FRUIT-16K/S_Tamarillo/679.jpg,Tamarillo,spoiled,6,1,13,Tamarillo_spoiled,458
data/raw/FRUIT-16K/S_Tamarillo/680.jpg,Tamarillo,spoiled,6,1,13,Tamarillo_spoiled,458
data/raw/FRUIT-16K/S_Tamarillo/681.jpg,Tamarillo,spoiled,6,1,13,Tamarillo_spoiled,458
data/raw/FRUIT-16K/S_Tamarillo/682.jpg,Tamarillo,spoiled,6,1,13,Tamarillo_spoiled,458
data/raw/FRUIT-16K/S_Tamarillo/683.jpg,Tamarillo,spoiled,6,1,13,Tamarillo_spoiled,458
data/raw/FRUIT-16K/S_Tamarillo/684.jpg,Tamarillo,spoiled,6,1,13,Tamarillo_spoiled,458
data/raw/FRUIT-16K/S_Tamarillo/685.jpg,Tamarillo,spoiled,6,1,13,Tamarillo_spoiled,458
data/raw/FRUIT-16K/S_Tamarillo/686.jpg,Tamarillo,spoiled,6,1,13,Tamarillo_spoiled,458
data/raw/FRUIT-16K/S_Tamarillo/687.jpg,Tamarillo,spoiled,6,1,13,Tamarillo_spoiled,458
data/raw/FRUIT-16K/S_Tamarillo/688.jpg,Tamarillo,spoiled,6,1,13,Tamarillo_spoiled,458
data/raw/FRUIT-16K/S_Tamarillo/689.jpg,Tamarillo,spoiled,6,1,13,Tamarillo_spoiled,458
data/raw/FRUIT-16K/S_Tamarillo/690.jpg,Tamarillo,spoiled,6,1,13,Tamarillo_spoiled,458
data/raw/FRUIT-16K/S_Tamarillo/691.jpg,Tamarillo,spoiled,6,1,13,Tamarillo_spoiled,458
data/raw/FRUIT-16K/S_Tamarillo/692.jpg,Tamarillo,spoiled,6,1,13,Tamarillo_spoiled,458
data/raw/FRUIT-16K/S_Tamarillo/693.jpg,Tamarillo,spoiled,6,1,13,Tamarillo_spoiled,458
data/raw/FRUIT-16K/S_Tamarillo/694.jpg,Tamarillo,spoiled,6,1,13,Tamarillo_spoiled,458
data/raw/FRUIT-16K/S_Tamarillo/695.jpg,Tamarillo,spoiled,6,1,13,Tamarillo_spoiled,458
data/raw/FRUIT-16K/S_Tamarillo/696.jpg,Tamarillo,spoiled,6,1,13,Tamarillo_spoiled,458
data/raw/FRUIT-16K/S_Tamarillo/697.jpg,Tamarillo,spoiled,6,1,13,Tamarillo_spoiled,458
data/raw/FRUIT-16K/S_Tamarillo/698.jpg,Tamarillo,spoiled,6,1,13,Tamarillo_spoiled,458
data/raw/FRUIT-16K/S_Tamarillo/699.jpg,Tamarillo,spoiled,6,1,13,Tamarillo_spoiled,458
data/raw/FRUIT-16K/S_Tamarillo/700.jpg,Tamarillo,spoiled,6,1,13,Tamarillo_spoiled,458
data/raw/FRUIT-16K/S_Tamarillo/701.jpg,Tamarillo,spoiled,6,1,13,Tamarillo_spoiled,459
data/raw/FRUIT-16K/S_Tamarillo/702.jpg,Tamarillo,spoiled,6,1,13,Tamarillo_spoiled,459
data/raw/FRUIT-16K/S_Tamarillo/703.jpg,Tamarillo,spoiled,6,1,13,Tamarillo_spoiled,459
data/raw/FRUIT-16K/S_Tamarillo/704.jpg,Tamarillo,spoiled,6,1,13,Tamarillo_spoiled,459
data/raw/FRUIT-16K/S_Tamarillo/705.jpg,Tamarillo,spoiled,6,1,13,Tamarillo_spoiled,459
data/raw/FRUIT-16K/S_Tamarillo/706.jpg,Tamarillo,spoiled,6,1,13,Tamarillo_spoiled,459
data/raw/FRUIT-16K/S_Tamarillo/707.jpg,Tamarillo,spoiled,6,1,13,Tamarillo_spoiled,459
data/raw/FRUIT-16K/S_Tamarillo/708.jpg,Tamarillo,spoiled,6,1,13,Tamarillo_spoiled,459
data/raw/FRUIT-16K/S_Tamarillo/709.jpg,Tamarillo,spoiled,6,1,13,Tamarillo_spoiled,459
data/raw/FRUIT-16K/S_Tamarillo/710.jpg,Tamarillo,spoiled,6,1,13,Tamarillo_spoiled,459
data/raw/FRUIT-16K/S_Tamarillo/711.jpg,Tamarillo,spoiled,6,1,13,Tamarillo_spoiled,459
data/raw/FRUIT-16K/S_Tamarillo/712.jpg,Tamarillo,spoiled,6,1,13,Tamarillo_spoiled,459
data/raw/FRUIT-16K/S_Tamarillo/713.jpg,Tamarillo,spoiled,6,1,13,Tamarillo_spoiled,459
data/raw/FRUIT-16K/S_Tamarillo/714.jpg,Tamarillo,spoiled,6,1,13,Tamarillo_spoiled,459
data/raw/FRUIT-16K/S_Tamarillo/715.jpg,Tamarillo,spoiled,6,1,13,Tamarillo_spoiled,459
data/raw/FRUIT-16K/S_Tamarillo/716.jpg,Tamarillo,spoiled,6,1,13,Tamarillo_spoiled,459
data/raw/FRUIT-16K/S_Tamarillo/717.jpg,Tamarillo,spoiled,6,1,13,Tamarillo_spoiled,459
data/raw/FRUIT-16K/S_Tamarillo/718.jpg,Tamarillo,spoiled,6,1,13,Tamarillo_spoiled,459
data/raw/FRUIT-16K/S_Tamarillo/719.jpg,Tamarillo,spoiled,6,1,13,Tamarillo_spoiled,459
data/raw/FRUIT-16K/S_Tamarillo/720.jpg,Tamarillo,spoiled,6,1,13,Tamarillo_spoiled,459
data/raw/FRUIT-16K/S_Tamarillo/721.jpg,Tamarillo,spoiled,6,1,13,Tamarillo_spoiled,459
data/raw/FRUIT-16K/S_Tamarillo/722.jpg,Tamarillo,spoiled,6,1,13,Tamarillo_spoiled,459
data/raw/FRUIT-16K/S_Tamarillo/723.jpg,Tamarillo,spoiled,6,1,13,Tamarillo_spoiled,459
data/raw/FRUIT-16K/S_Tamarillo/724.jpg,Tamarillo,spoiled,6,1,13,Tamarillo_spoiled,459
data/raw/FRUIT-16K/S_Tamarillo/725.jpg,Tamarillo,spoiled,6,1,13,Tamarillo_spoiled,459
data/raw/FRUIT-16K/S_Tamarillo/801.jpg,Tamarillo,spoiled,6,1,13,Tamarillo_spoiled,463
data/raw/FRUIT-16K/S_Tamarillo/802.jpg,Tamarillo,spoiled,6,1,13,Tamarillo_spoiled,463
data/raw/FRUIT-16K/S_Tamarillo/803.jpg,Tamarillo,spoiled,6,1,13,Tamarillo_spoiled,463
data/raw/FRUIT-16K/S_Tamarillo/804.jpg,Tamarillo,spoiled,6,1,13,Tamarillo_spoiled,463
data/raw/FRUIT-16K/S_Tamarillo/805.jpg,Tamarillo,spoiled,6,1,13,Tamarillo_spoiled,463
data/raw/FRUIT-16K/S_Tamarillo/806.jpg,Tamarillo,spoiled,6,1,13,Tamarillo_spoiled,463
data/raw/FRUIT-16K/S_Tamarillo/807.jpg,Tamarillo,spoiled,6,1,13,Tamarillo_spoiled,463
data/raw/FRUIT-16K/S_Tamarillo/808.jpg,Tamarillo,spoiled,6,1,13,Tamarillo_spoiled,463
data/raw/FRUIT-16K/S_Tamarillo/809.jpg,Tamarillo,spoiled,6,1,13,Tamarillo_spoiled,463
data/raw/FRUIT-16K/S_Tamarillo/810.jpg,Tamarillo,spoiled,6,1,13,Tamarillo_spoiled,463
data/raw/FRUIT-16K/S_Tamarillo/811.jpg,Tamarillo,spoiled,6,1,13,Tamarillo_spoiled,463
data/raw/FRUIT-16K/S_Tamarillo/812.jpg,Tamarillo,spoiled,6,1,13,Tamarillo_spoiled,463
data/raw/FRUIT-16K/S_Tamarillo/813.jpg,Tamarillo,spoiled,6,1,13,Tamarillo_spoiled,463
data/raw/FRUIT-16K/S_Tamarillo/814.jpg,Tamarillo,spoiled,6,1,13,Tamarillo_spoiled,463
data/raw/FRUIT-16K/S_Tamarillo/815.jpg,Tamarillo,spoiled,6,1,13,Tamarillo_spoiled,463
data/raw/FRUIT-16K/S_Tamarillo/816.jpg,Tamarillo,spoiled,6,1,13,Tamarillo_spoiled,463
data/raw/FRUIT-16K/S_Tamarillo/817.jpg,Tamarillo,spoiled,6,1,13,Tamarillo_spoiled,463
data/raw/FRUIT-16K/S_Tamarillo/818.jpg,Tamarillo,spoiled,6,1,13,Tamarillo_spoiled,463
data/raw/FRUIT-16K/S_Tamarillo/819.jpg,Tamarillo,spoiled,6,1,13,Tamarillo_spoiled,463
data/raw/FRUIT-16K/S_Tamarillo/820.jpg,Tamarillo,spoiled,6,1,13,Tamarillo_spoiled,463
data/raw/FRUIT-16K/S_Tamarillo/821.jpg,Tamarillo,spoiled,6,1,13,Tamarillo_spoiled,463
data/raw/FRUIT-16K/S_Tamarillo/822.jpg,Tamarillo,spoiled,6,1,13,Tamarillo_spoiled,463
data/raw/FRUIT-16K/S_Tamarillo/823.jpg,Tamarillo,spoiled,6,1,13,Tamarillo_spoiled,463
data/raw/FRUIT-16K/S_Tamarillo/824.jpg,Tamarillo,spoiled,6,1,13,Tamarillo_spoiled,463
data/raw/FRUIT-16K/S_Tamarillo/825.jpg,Tamarillo,spoiled,6,1,13,Tamarillo_spoiled,463
data/raw/FRUIT-16K/S_Tamarillo/876.jpg,Tamarillo,spoiled,6,1,13,Tamarillo_spoiled,466
data/raw/FRUIT-16K/S_Tamarillo/877.jpg,Tamarillo,spoiled,6,1,13,Tamarillo_spoiled,466
data/raw/FRUIT-16K/S_Tamarillo/878.jpg,Tamarillo,spoiled,6,1,13,Tamarillo_spoiled,466
data/raw/FRUIT-16K/S_Tamarillo/879.jpg,Tamarillo,spoiled,6,1,13,Tamarillo_spoiled,466
data/raw/FRUIT-16K/S_Tamarillo/880.jpg,Tamarillo,spoiled,6,1,13,Tamarillo_spoiled,466
data/raw/FRUIT-16K/S_Tamarillo/881.jpg,Tamarillo,spoiled,6,1,13,Tamarillo_spoiled,466
data/raw/FRUIT-16K/S_Tamarillo/882.jpg,Tamarillo,spoiled,6,1,13,Tamarillo_spoiled,466
data/raw/FRUIT-16K/S_Tamarillo/883.jpg,Tamarillo,spoiled,6,1,13,Tamarillo_spoiled,466
data/raw/FRUIT-16K/S_Tamarillo/884.jpg,Tamarillo,spoiled,6,1,13,Tamarillo_spoiled,466
data/raw/FRUIT-16K/S_Tamarillo/885.jpg,Tamarillo,spoiled,6,1,13,Tamarillo_spoiled,466
data/raw/FRUIT-16K/S_Tamarillo/886.jpg,Tamarillo,spoiled,6,1,13,Tamarillo_spoiled,466
data/raw/FRUIT-16K/S_Tamarillo/887.jpg,Tamarillo,spoiled,6,1,13,Tamarillo_spoiled,466
data/raw/FRUIT-16K/S_Tamarillo/888.jpg,Tamarillo,spoiled,6,1,13,Tamarillo_spoiled,466
data/raw/FRUIT-16K/S_Tamarillo/889.jpg,Tamarillo,spoiled,6,1,13,Tamarillo_spoiled,466
data/raw/FRUIT-16K/S_Tamarillo/890.jpg,Tamarillo,spoiled,6,1,13,Tamarillo_spoiled,466
data/raw/FRUIT-16K/S_Tamarillo/891.jpg,Tamarillo,spoiled,6,1,13,Tamarillo_spoiled,466
data/raw/FRUIT-16K/S_Tamarillo/892.jpg,Tamarillo,spoiled,6,1,13,Tamarillo_spoiled,466
data/raw/FRUIT-16K/S_Tamarillo/893.jpg,Tamarillo,spoiled,6,1,13,Tamarillo_spoiled,466
data/raw/FRUIT-16K/S_Tamarillo/894.jpg,Tamarillo,spoiled,6,1,13,Tamarillo_spoiled,466
data/raw/FRUIT-16K/S_Tamarillo/895.jpg,Tamarillo,spoiled,6,1,13,Tamarillo_spoiled,466
data/raw/FRUIT-16K/S_Tamarillo/896.jpg,Tamarillo,spoiled,6,1,13,Tamarillo_spoiled,466
data/raw/FRUIT-16K/S_Tamarillo/897.jpg,Tamarillo,spoiled,6,1,13,Tamarillo_spoiled,466
data/raw/FRUIT-16K/S_Tamarillo/898.jpg,Tamarillo,spoiled,6,1,13,Tamarillo_spoiled,466
data/raw/FRUIT-16K/S_Tamarillo/899.jpg,Tamarillo,spoiled,6,1,13,Tamarillo_spoiled,466
data/raw/FRUIT-16K/S_Tamarillo/900.jpg,Tamarillo,spoiled,6,1,13,Tamarillo_spoiled,466
data/raw/FRUIT-16K/S_Tamarillo/901.jpg,Tamarillo,spoiled,6,1,13,Tamarillo_spoiled,466
data/raw/FRUIT-16K/S_Tamarillo/902.jpg,Tamarillo,spoiled,6,1,13,Tamarillo_spoiled,466
data/raw/FRUIT-16K/S_Tamarillo/903.jpg,Tamarillo,spoiled,6,1,13,Tamarillo_spoiled,466
data/raw/FRUIT-16K/S_Tamarillo/904.jpg,Tamarillo,spoiled,6,1,13,Tamarillo_spoiled,466
data/raw/FRUIT-16K/S_Tamarillo/905.jpg,Tamarillo,spoiled,6,1,13,Tamarillo_spoiled,466
data/raw/FRUIT-16K/S_Tamarillo/906.jpg,Tamarillo,spoiled,6,1,13,Tamarillo_spoiled,466
data/raw/FRUIT-16K/S_Tamarillo/907.jpg,Tamarillo,spoiled,6,1,13,Tamarillo_spoiled,466
data/raw/FRUIT-16K/S_Tamarillo/908.jpg,Tamarillo,spoiled,6,1,13,Tamarillo_spoiled,466
data/raw/FRUIT-16K/S_Tamarillo/909.jpg,Tamarillo,spoiled,6,1,13,Tamarillo_spoiled,466
data/raw/FRUIT-16K/S_Tamarillo/910.jpg,Tamarillo,spoiled,6,1,13,Tamarillo_spoiled,466
data/raw/FRUIT-16K/S_Tamarillo/911.jpg,Tamarillo,spoiled,6,1,13,Tamarillo_spoiled,466
data/raw/FRUIT-16K/S_Tamarillo/912.jpg,Tamarillo,spoiled,6,1,13,Tamarillo_spoiled,466
data/raw/FRUIT-16K/S_Tamarillo/913.jpg,Tamarillo,spoiled,6,1,13,Tamarillo_spoiled,466
data/raw/FRUIT-16K/S_Tamarillo/914.jpg,Tamarillo,spoiled,6,1,13,Tamarillo_spoiled,466
data/raw/FRUIT-16K/S_Tamarillo/915.jpg,Tamarillo,spoiled,6,1,13,Tamarillo_spoiled,466
data/raw/FRUIT-16K/S_Tamarillo/916.jpg,Tamarillo,spoiled,6,1,13,Tamarillo_spoiled,466
data/raw/FRUIT-16K/S_Tamarillo/917.jpg,Tamarillo,spoiled,6,1,13,Tamarillo_spoiled,466
data/raw/FRUIT-16K/S_Tamarillo/918.jpg,Tamarillo,spoiled,6,1,13,Tamarillo_spoiled,466
data/raw/FRUIT-16K/S_Tamarillo/919.jpg,Tamarillo,spoiled,6,1,13,Tamarillo_spoiled,466
data/raw/FRUIT-16K/S_Tamarillo/920.jpg,Tamarillo,spoiled,6,1,13,Tamarillo_spoiled,466
data/raw/FRUIT-16K/S_Tamarillo/921.jpg,Tamarillo,spoiled,6,1,13,Tamarillo_spoiled,466
data/raw/FRUIT-16K/S_Tamarillo/922.jpg,Tamarillo,spoiled,6,1,13,Tamarillo_spoiled,466
data/raw/FRUIT-16K/S_Tamarillo/923.jpg,Tamarillo,spoiled,6,1,13,Tamarillo_spoiled,466
data/raw/FRUIT-16K/S_Tamarillo/924.jpg,Tamarillo,spoiled,6,1,13,Tamarillo_spoiled,466
data/raw/FRUIT-16K/S_Tamarillo/925.jpg,Tamarillo,spoiled,6,1,13,Tamarillo_spoiled,466
data/raw/FRUIT-16K/S_Tamarillo/926.jpg,Tamarillo,spoiled,6,1,13,Tamarillo_spoiled,467
data/raw/FRUIT-16K/S_Tamarillo/927.jpg,Tamarillo,spoiled,6,1,13,Tamarillo_spoiled,467
data/raw/FRUIT-16K/S_Tamarillo/928.jpg,Tamarillo,spoiled,6,1,13,Tamarillo_spoiled,467
data/raw/FRUIT-16K/S_Tamarillo/929.jpg,Tamarillo,spoiled,6,1,13,Tamarillo_spoiled,467
data/raw/FRUIT-16K/S_Tamarillo/930.jpg,Tamarillo,spoiled,6,1,13,Tamarillo_spoiled,467
data/raw/FRUIT-16K/S_Tamarillo/931.jpg,Tamarillo,spoiled,6,1,13,Tamarillo_spoiled,467
data/raw/FRUIT-16K/S_Tamarillo/932.jpg,Tamarillo,spoiled,6,1,13,Tamarillo_spoiled,467
data/raw/FRUIT-16K/S_Tamarillo/933.jpg,Tamarillo,spoiled,6,1,13,Tamarillo_spoiled,467
data/raw/FRUIT-16K/S_Tamarillo/934.jpg,Tamarillo,spoiled,6,1,13,Tamarillo_spoiled,467
data/raw/FRUIT-16K/S_Tamarillo/935.jpg,Tamarillo,spoiled,6,1,13,Tamarillo_spoiled,467
data/raw/FRUIT-16K/S_Tamarillo/936.jpg,Tamarillo,spoiled,6,1,13,Tamarillo_spoiled,467
data/raw/FRUIT-16K/S_Tamarillo/937.jpg,Tamarillo,spoiled,6,1,13,Tamarillo_spoiled,467
data/raw/FRUIT-16K/S_Tamarillo/938.jpg,Tamarillo,spoiled,6,1,13,Tamarillo_spoiled,467
data/raw/FRUIT-16K/S_Tamarillo/939.jpg,Tamarillo,spoiled,6,1,13,Tamarillo_spoiled,467
data/raw/FRUIT-16K/S_Tamarillo/940.jpg,Tamarillo,spoiled,6,1,13,Tamarillo_spoiled,467
data/raw/FRUIT-16K/S_Tamarillo/941.jpg,Tamarillo,spoiled,6,1,13,Tamarillo_spoiled,467
data/raw/FRUIT-16K/S_Tamarillo/942.jpg,Tamarillo,spoiled,6,1,13,Tamarillo_spoiled,467
data/raw/FRUIT-16K/S_Tamarillo/943.jpg,Tamarillo,spoiled,6,1,13,Tamarillo_spoiled,467
data/raw/FRUIT-16K/S_Tamarillo/944.jpg,Tamarillo,spoiled,6,1,13,Tamarillo_spoiled,467
data/raw/FRUIT-16K/S_Tamarillo/945.jpg,Tamarillo,spoiled,6,1,13,Tamarillo_spoiled,467
data/raw/FRUIT-16K/S_Tamarillo/946.jpg,Tamarillo,spoiled,6,1,13,Tamarillo_spoiled,467
data/raw/FRUIT-16K/S_Tamarillo/947.jpg,Tamarillo,spoiled,6,1,13,Tamarillo_spoiled,467
data/raw/FRUIT-16K/S_Tamarillo/948.jpg,Tamarillo,spoiled,6,1,13,Tamarillo_spoiled,467
data/raw/FRUIT-16K/S_Tamarillo/949.jpg,Tamarillo,spoiled,6,1,13,Tamarillo_spoiled,467
data/raw/FRUIT-16K/S_Tamarillo/950.jpg,Tamarillo,spoiled,6,1,13,Tamarillo_spoiled,467
data/raw/FRUIT-16K/S_Tamarillo/951.jpg,Tamarillo,spoiled,6,1,13,Tamarillo_spoiled,468
data/raw/FRUIT-16K/S_Tamarillo/952.jpg,Tamarillo,spoiled,6,1,13,Tamarillo_spoiled,468
data/raw/FRUIT-16K/S_Tamarillo/953.jpg,Tamarillo,spoiled,6,1,13,Tamarillo_spoiled,468
data/raw/FRUIT-16K/S_Tamarillo/954.jpg,Tamarillo,spoiled,6,1,13,Tamarillo_spoiled,468
data/raw/FRUIT-16K/S_Tamarillo/955.jpg,Tamarillo,spoiled,6,1,13,Tamarillo_spoiled,468
data/raw/FRUIT-16K/S_Tamarillo/956.jpg,Tamarillo,spoiled,6,1,13,Tamarillo_spoiled,468
data/raw/FRUIT-16K/S_Tamarillo/957.jpg,Tamarillo,spoiled,6,1,13,Tamarillo_spoiled,468
data/raw/FRUIT-16K/S_Tamarillo/958.jpg,Tamarillo,spoiled,6,1,13,Tamarillo_spoiled,468
data/raw/FRUIT-16K/S_Tamarillo/959.jpg,Tamarillo,spoiled,6,1,13,Tamarillo_spoiled,468
data/raw/FRUIT-16K/S_Tamarillo/960.jpg,Tamarillo,spoiled,6,1,13,Tamarillo_spoiled,468
data/raw/FRUIT-16K/S_Tamarillo/961.jpg,Tamarillo,spoiled,6,1,13,Tamarillo_spoiled,468
data/raw/FRUIT-16K/S_Tamarillo/962.jpg,Tamarillo,spoiled,6,1,13,Tamarillo_spoiled,468
data/raw/FRUIT-16K/S_Tamarillo/963.jpg,Tamarillo,spoiled,6,1,13,Tamarillo_spoiled,468
data/raw/FRUIT-16K/S_Tamarillo/964.jpg,Tamarillo,spoiled,6,1,13,Tamarillo_spoiled,468
data/raw/FRUIT-16K/S_Tamarillo/965.jpg,Tamarillo,spoiled,6,1,13,Tamarillo_spoiled,468
data/raw/FRUIT-16K/S_Tamarillo/966.jpg,Tamarillo,spoiled,6,1,13,Tamarillo_spoiled,468
data/raw/FRUIT-16K/S_Tamarillo/967.jpg,Tamarillo,spoiled,6,1,13,Tamarillo_spoiled,468
data/raw/FRUIT-16K/S_Tamarillo/968.jpg,Tamarillo,spoiled,6,1,13,Tamarillo_spoiled,468
data/raw/FRUIT-16K/S_Tamarillo/969.jpg,Tamarillo,spoiled,6,1,13,Tamarillo_spoiled,468
data/raw/FRUIT-16K/S_Tamarillo/970.jpg,Tamarillo,spoiled,6,1,13,Tamarillo_spoiled,468
data/raw/FRUIT-16K/S_Tamarillo/971.jpg,Tamarillo,spoiled,6,1,13,Tamarillo_spoiled,468
data/raw/FRUIT-16K/S_Tamarillo/972.jpg,Tamarillo,spoiled,6,1,13,Tamarillo_spoiled,468
data/raw/FRUIT-16K/S_Tamarillo/973.jpg,Tamarillo,spoiled,6,1,13,Tamarillo_spoiled,468
data/raw/FRUIT-16K/S_Tamarillo/974.jpg,Tamarillo,spoiled,6,1,13,Tamarillo_spoiled,468
data/raw/FRUIT-16K/S_Tamarillo/975.jpg,Tamarillo,spoiled,6,1,13,Tamarillo_spoiled,468
data/raw/FRUIT-16K/S_Tomato/26.jpg,Tomato,spoiled,7,1,15,Tomato_spoiled,471
data/raw/FRUIT-16K/S_Tomato/27.jpg,Tomato,spoiled,7,1,15,Tomato_spoiled,471
data/raw/FRUIT-16K/S_Tomato/28.jpg,Tomato,spoiled,7,1,15,Tomato_spoiled,471
data/raw/FRUIT-16K/S_Tomato/29.jpg,Tomato,spoiled,7,1,15,Tomato_spoiled,471
data/raw/FRUIT-16K/S_Tomato/30.jpg,Tomato,spoiled,7,1,15,Tomato_spoiled,471
data/raw/FRUIT-16K/S_Tomato/32.jpg,Tomato,spoiled,7,1,15,Tomato_spoiled,471
data/raw/FRUIT-16K/S_Tomato/33.jpg,Tomato,spoiled,7,1,15,Tomato_spoiled,471
data/raw/FRUIT-16K/S_Tomato/34.jpg,Tomato,spoiled,7,1,15,Tomato_spoiled,471
data/raw/FRUIT-16K/S_Tomato/35.jpg,Tomato,spoiled,7,1,15,Tomato_spoiled,471
data/raw/FRUIT-16K/S_Tomato/36.jpg,Tomato,spoiled,7,1,15,Tomato_spoiled,471
data/raw/FRUIT-16K/S_Tomato/37.jpg,Tomato,spoiled,7,1,15,Tomato_spoiled,471
data/raw/FRUIT-16K/S_Tomato/38.jpg,Tomato,spoiled,7,1,15,Tomato_spoiled,471
data/raw/FRUIT-16K/S_Tomato/39.jpg,Tomato,spoiled,7,1,15,Tomato_spoiled,471
data/raw/FRUIT-16K/S_Tomato/40.jpg,Tomato,spoiled,7,1,15,Tomato_spoiled,471
data/raw/FRUIT-16K/S_Tomato/41.jpg,Tomato,spoiled,7,1,15,Tomato_spoiled,471
data/raw/FRUIT-16K/S_Tomato/42.jpg,Tomato,spoiled,7,1,15,Tomato_spoiled,471
data/raw/FRUIT-16K/S_Tomato/43.jpg,Tomato,spoiled,7,1,15,Tomato_spoiled,471
data/raw/FRUIT-16K/S_Tomato/45.jpg,Tomato,spoiled,7,1,15,Tomato_spoiled,471
data/raw/FRUIT-16K/S_Tomato/46.jpg,Tomato,spoiled,7,1,15,Tomato_spoiled,471
data/raw/FRUIT-16K/S_Tomato/47.jpg,Tomato,spoiled,7,1,15,Tomato_spoiled,471
data/raw/FRUIT-16K/S_Tomato/48.jpg,Tomato,spoiled,7,1,15,Tomato_spoiled,471
data/raw/FRUIT-16K/S_Tomato/49.jpg,Tomato,spoiled,7,1,15,Tomato_spoiled,471
data/raw/FRUIT-16K/S_Tomato/50.jpg,Tomato,spoiled,7,1,15,Tomato_spoiled,471
data/raw/FRUIT-16K/S_Tomato/51.jpg,Tomato,spoiled,7,1,15,Tomato_spoiled,471
data/raw/FRUIT-16K/S_Tomato/52.jpg,Tomato,spoiled,7,1,15,Tomato_spoiled,471
data/raw/FRUIT-16K/S_Tomato/53.jpg,Tomato,spoiled,7,1,15,Tomato_spoiled,471
data/raw/FRUIT-16K/S_Tomato/54.jpg,Tomato,spoiled,7,1,15,Tomato_spoiled,471
data/raw/FRUIT-16K/S_Tomato/55.jpg,Tomato,spoiled,7,1,15,Tomato_spoiled,471
data/raw/FRUIT-16K/S_Tomato/56.jpg,Tomato,spoiled,7,1,15,Tomato_spoiled,471
data/raw/FRUIT-16K/S_Tomato/58.jpg,Tomato,spoiled,7,1,15,Tomato_spoiled,471
data/raw/FRUIT-16K/S_Tomato/59.jpg,Tomato,spoiled,7,1,15,Tomato_spoiled,471
data/raw/FRUIT-16K/S_Tomato/60.jpg,Tomato,spoiled,7,1,15,Tomato_spoiled,471
data/raw/FRUIT-16K/S_Tomato/61.jpg,Tomato,spoiled,7,1,15,Tomato_spoiled,471
data/raw/FRUIT-16K/S_Tomato/62.jpg,Tomato,spoiled,7,1,15,Tomato_spoiled,471
data/raw/FRUIT-16K/S_Tomato/63.jpg,Tomato,spoiled,7,1,15,Tomato_spoiled,471
data/raw/FRUIT-16K/S_Tomato/64.jpg,Tomato,spoiled,7,1,15,Tomato_spoiled,471
data/raw/FRUIT-16K/S_Tomato/65.jpg,Tomato,spoiled,7,1,15,Tomato_spoiled,471
data/raw/FRUIT-16K/S_Tomato/66.jpg,Tomato,spoiled,7,1,15,Tomato_spoiled,471
data/raw/FRUIT-16K/S_Tomato/67.jpg,Tomato,spoiled,7,1,15,Tomato_spoiled,471
data/raw/FRUIT-16K/S_Tomato/68.jpg,Tomato,spoiled,7,1,15,Tomato_spoiled,471
data/raw/FRUIT-16K/S_Tomato/69.jpg,Tomato,spoiled,7,1,15,Tomato_spoiled,471
data/raw/FRUIT-16K/S_Tomato/71.jpg,Tomato,spoiled,7,1,15,Tomato_spoiled,471
data/raw/FRUIT-16K/S_Tomato/72.jpg,Tomato,spoiled,7,1,15,Tomato_spoiled,471
data/raw/FRUIT-16K/S_Tomato/73.jpg,Tomato,spoiled,7,1,15,Tomato_spoiled,471
data/raw/FRUIT-16K/S_Tomato/74.jpg,Tomato,spoiled,7,1,15,Tomato_spoiled,471
data/raw/FRUIT-16K/S_Tomato/75.jpg,Tomato,spoiled,7,1,15,Tomato_spoiled,471
data/raw/FRUIT-16K/S_Tomato/101.jpg,Tomato,spoiled,7,1,15,Tomato_spoiled,473
data/raw/FRUIT-16K/S_Tomato/102.jpg,Tomato,spoiled,7,1,15,Tomato_spoiled,473
data/raw/FRUIT-16K/S_Tomato/103.jpg,Tomato,spoiled,7,1,15,Tomato_spoiled,473
data/raw/FRUIT-16K/S_Tomato/104.jpg,Tomato,spoiled,7,1,15,Tomato_spoiled,473
data/raw/FRUIT-16K/S_Tomato/105.jpg,Tomato,spoiled,7,1,15,Tomato_spoiled,473
data/raw/FRUIT-16K/S_Tomato/106.jpg,Tomato,spoiled,7,1,15,Tomato_spoiled,473
data/raw/FRUIT-16K/S_Tomato/107.jpg,Tomato,spoiled,7,1,15,Tomato_spoiled,473
data/raw/FRUIT-16K/S_Tomato/108.jpg,Tomato,spoiled,7,1,15,Tomato_spoiled,473
data/raw/FRUIT-16K/S_Tomato/110.jpg,Tomato,spoiled,7,1,15,Tomato_spoiled,473
data/raw/FRUIT-16K/S_Tomato/111.jpg,Tomato,spoiled,7,1,15,Tomato_spoiled,473
data/raw/FRUIT-16K/S_Tomato/112.jpg,Tomato,spoiled,7,1,15,Tomato_spoiled,473
data/raw/FRUIT-16K/S_Tomato/113.jpg,Tomato,spoiled,7,1,15,Tomato_spoiled,473
data/raw/FRUIT-16K/S_Tomato/114.jpg,Tomato,spoiled,7,1,15,Tomato_spoiled,473
data/raw/FRUIT-16K/S_Tomato/115.jpg,Tomato,spoiled,7,1,15,Tomato_spoiled,473
data/raw/FRUIT-16K/S_Tomato/116.jpg,Tomato,spoiled,7,1,15,Tomato_spoiled,473
data/raw/FRUIT-16K/S_Tomato/117.jpg,Tomato,spoiled,7,1,15,Tomato_spoiled,473
data/raw/FRUIT-16K/S_Tomato/118.jpg,Tomato,spoiled,7,1,15,Tomato_spoiled,473
data/raw/FRUIT-16K/S_Tomato/119.jpg,Tomato,spoiled,7,1,15,Tomato_spoiled,473
data/raw/FRUIT-16K/S_Tomato/120.jpg,Tomato,spoiled,7,1,15,Tomato_spoiled,473
data/raw/FRUIT-16K/S_Tomato/121.jpg,Tomato,spoiled,7,1,15,Tomato_spoiled,473
data/raw/FRUIT-16K/S_Tomato/123.jpg,Tomato,spoiled,7,1,15,Tomato_spoiled,473
data/raw/FRUIT-16K/S_Tomato/124.jpg,Tomato,spoiled,7,1,15,Tomato_spoiled,473
data/raw/FRUIT-16K/S_Tomato/125.jpg,Tomato,spoiled,7,1,15,Tomato_spoiled,473
data/raw/FRUIT-16K/S_Tomato/126.jpg,Tomato,spoiled,7,1,15,Tomato_spoiled,473
data/raw/FRUIT-16K/S_Tomato/127.jpg,Tomato,spoiled,7,1,15,Tomato_spoiled,473
data/raw/FRUIT-16K/S_Tomato/128.jpg,Tomato,spoiled,7,1,15,Tomato_spoiled,473
data/raw/FRUIT-16K/S_Tomato/129.jpg,Tomato,spoiled,7,1,15,Tomato_spoiled,473
data/raw/FRUIT-16K/S_Tomato/130.jpg,Tomato,spoiled,7,1,15,Tomato_spoiled,473
data/raw/FRUIT-16K/S_Tomato/131.jpg,Tomato,spoiled,7,1,15,Tomato_spoiled,473
data/raw/FRUIT-16K/S_Tomato/132.jpg,Tomato,spoiled,7,1,15,Tomato_spoiled,473
data/raw/FRUIT-16K/S_Tomato/133.jpg,Tomato,spoiled,7,1,15,Tomato_spoiled,473
data/raw/FRUIT-16K/S_Tomato/134.jpg,Tomato,spoiled,7,1,15,Tomato_spoiled,473
data/raw/FRUIT-16K/S_Tomato/136.jpg,Tomato,spoiled,7,1,15,Tomato_spoiled,473
data/raw/FRUIT-16K/S_Tomato/137.jpg,Tomato,spoiled,7,1,15,Tomato_spoiled,473
data/raw/FRUIT-16K/S_Tomato/138.jpg,Tomato,spoiled,7,1,15,Tomato_spoiled,473
data/raw/FRUIT-16K/S_Tomato/139.jpg,Tomato,spoiled,7,1,15,Tomato_spoiled,473
data/raw/FRUIT-16K/S_Tomato/140.jpg,Tomato,spoiled,7,1,15,Tomato_spoiled,473
data/raw/FRUIT-16K/S_Tomato/141.jpg,Tomato,spoiled,7,1,15,Tomato_spoiled,473
data/raw/FRUIT-16K/S_Tomato/142.jpg,Tomato,spoiled,7,1,15,Tomato_spoiled,473
data/raw/FRUIT-16K/S_Tomato/143.jpg,Tomato,spoiled,7,1,15,Tomato_spoiled,473
data/raw/FRUIT-16K/S_Tomato/144.jpg,Tomato,spoiled,7,1,15,Tomato_spoiled,473
data/raw/FRUIT-16K/S_Tomato/145.jpg,Tomato,spoiled,7,1,15,Tomato_spoiled,473
data/raw/FRUIT-16K/S_Tomato/146.jpg,Tomato,spoiled,7,1,15,Tomato_spoiled,473
data/raw/FRUIT-16K/S_Tomato/147.jpg,Tomato,spoiled,7,1,15,Tomato_spoiled,473
data/raw/FRUIT-16K/S_Tomato/149.jpg,Tomato,spoiled,7,1,15,Tomato_spoiled,473
data/raw/FRUIT-16K/S_Tomato/150.jpg,Tomato,spoiled,7,1,15,Tomato_spoiled,473
data/raw/FRUIT-16K/S_Tomato/201.jpg,Tomato,spoiled,7,1,15,Tomato_spoiled,476
data/raw/FRUIT-16K/S_Tomato/202.jpg,Tomato,spoiled,7,1,15,Tomato_spoiled,476
data/raw/FRUIT-16K/S_Tomato/203.jpg,Tomato,spoiled,7,1,15,Tomato_spoiled,476
data/raw/FRUIT-16K/S_Tomato/204.jpg,Tomato,spoiled,7,1,15,Tomato_spoiled,476
data/raw/FRUIT-16K/S_Tomato/205.jpg,Tomato,spoiled,7,1,15,Tomato_spoiled,476
data/raw/FRUIT-16K/S_Tomato/206.jpg,Tomato,spoiled,7,1,15,Tomato_spoiled,476
data/raw/FRUIT-16K/S_Tomato/207.jpg,Tomato,spoiled,7,1,15,Tomato_spoiled,476
data/raw/FRUIT-16K/S_Tomato/208.jpg,Tomato,spoiled,7,1,15,Tomato_spoiled,476
data/raw/FRUIT-16K/S_Tomato/209.jpg,Tomato,spoiled,7,1,15,Tomato_spoiled,476
data/raw/FRUIT-16K/S_Tomato/210.jpg,Tomato,spoiled,7,1,15,Tomato_spoiled,476
data/raw/FRUIT-16K/S_Tomato/211.jpg,Tomato,spoiled,7,1,15,Tomato_spoiled,476
data/raw/FRUIT-16K/S_Tomato/212.jpg,Tomato,spoiled,7,1,15,Tomato_spoiled,476
data/raw/FRUIT-16K/S_Tomato/214.jpg,Tomato,spoiled,7,1,15,Tomato_spoiled,476
data/raw/FRUIT-16K/S_Tomato/215.jpg,Tomato,spoiled,7,1,15,Tomato_spoiled,476
data/raw/FRUIT-16K/S_Tomato/216.jpg,Tomato,spoiled,7,1,15,Tomato_spoiled,476
data/raw/FRUIT-16K/S_Tomato/217.jpg,Tomato,spoiled,7,1,15,Tomato_spoiled,476
data/raw/FRUIT-16K/S_Tomato/218.jpg,Tomato,spoiled,7,1,15,Tomato_spoiled,476
data/raw/FRUIT-16K/S_Tomato/219.jpg,Tomato,spoiled,7,1,15,Tomato_spoiled,476
data/raw/FRUIT-16K/S_Tomato/220.jpg,Tomato,spoiled,7,1,15,Tomato_spoiled,476
data/raw/FRUIT-16K/S_Tomato/221.jpg,Tomato,spoiled,7,1,15,Tomato_spoiled,476
data/raw/FRUIT-16K/S_Tomato/222.jpg,Tomato,spoiled,7,1,15,Tomato_spoiled,476
data/raw/FRUIT-16K/S_Tomato/223.jpg,Tomato,spoiled,7,1,15,Tomato_spoiled,476
data/raw/FRUIT-16K/S_Tomato/224.jpg,Tomato,spoiled,7,1,15,Tomato_spoiled,476
data/raw/FRUIT-16K/S_Tomato/225.jpg,Tomato,spoiled,7,1,15,Tomato_spoiled,476
data/raw/FRUIT-16K/S_Tomato/227.jpg,Tomato,spoiled,7,1,15,Tomato_spoiled,476
data/raw/FRUIT-16K/S_Tomato/228.jpg,Tomato,spoiled,7,1,15,Tomato_spoiled,476
data/raw/FRUIT-16K/S_Tomato/229.jpg,Tomato,spoiled,7,1,15,Tomato_spoiled,476
data/raw/FRUIT-16K/S_Tomato/230.jpg,Tomato,spoiled,7,1,15,Tomato_spoiled,476
data/raw/FRUIT-16K/S_Tomato/231.jpg,Tomato,spoiled,7,1,15,Tomato_spoiled,476
data/raw/FRUIT-16K/S_Tomato/232.jpg,Tomato,spoiled,7,1,15,Tomato_spoiled,476
data/raw/FRUIT-16K/S_Tomato/233.jpg,Tomato,spoiled,7,1,15,Tomato_spoiled,476
data/raw/FRUIT-16K/S_Tomato/234.jpg,Tomato,spoiled,7,1,15,Tomato_spoiled,476
data/raw/FRUIT-16K/S_Tomato/235.jpg,Tomato,spoiled,7,1,15,Tomato_spoiled,476
data/raw/FRUIT-16K/S_Tomato/236.jpg,Tomato,spoiled,7,1,15,Tomato_spoiled,476
data/raw/FRUIT-16K/S_Tomato/237.jpg,Tomato,spoiled,7,1,15,Tomato_spoiled,476
data/raw/FRUIT-16K/S_Tomato/238.jpg,Tomato,spoiled,7,1,15,Tomato_spoiled,476
data/raw/FRUIT-16K/S_Tomato/240.jpg,Tomato,spoiled,7,1,15,Tomato_spoiled,476
data/raw/FRUIT-16K/S_Tomato/241.jpg,Tomato,spoiled,7,1,15,Tomato_spoiled,476
data/raw/FRUIT-16K/S_Tomato/242.jpg,Tomato,spoiled,7,1,15,Tomato_spoiled,476
data/raw/FRUIT-16K/S_Tomato/243.jpg,Tomato,spoiled,7,1,15,Tomato_spoiled,476
data/raw/FRUIT-16K/S_Tomato/244.jpg,Tomato,spoiled,7,1,15,Tomato_spoiled,476
data/raw/FRUIT-16K/S_Tomato/245.jpg,Tomato,spoiled,7,1,15,Tomato_spoiled,476
data/raw/FRUIT-16K/S_Tomato/246.jpg,Tomato,spoiled,7,1,15,Tomato_spoiled,476
data/raw/FRUIT-16K/S_Tomato/247.jpg,Tomato,spoiled,7,1,15,Tomato_spoiled,476
data/raw/FRUIT-16K/S_Tomato/248.jpg,Tomato,spoiled,7,1,15,Tomato_spoiled,476
data/raw/FRUIT-16K/S_Tomato/249.jpg,Tomato,spoiled,7,1,15,Tomato_spoiled,476
data/raw/FRUIT-16K/S_Tomato/250.jpg,Tomato,spoiled,7,1,15,Tomato_spoiled,476
data/raw/FRUIT-16K/S_Tomato/276.jpg,Tomato,spoiled,7,1,15,Tomato_spoiled,476
data/raw/FRUIT-16K/S_Tomato/277.jpg,Tomato,spoiled,7,1,15,Tomato_spoiled,476
data/raw/FRUIT-16K/S_Tomato/279.jpg,Tomato,spoiled,7,1,15,Tomato_spoiled,476
data/raw/FRUIT-16K/S_Tomato/280.jpg,Tomato,spoiled,7,1,15,Tomato_spoiled,476
data/raw/FRUIT-16K/S_Tomato/281.jpg,Tomato,spoiled,7,1,15,Tomato_spoiled,476
data/raw/FRUIT-16K/S_Tomato/282.jpg,Tomato,spoiled,7,1,15,Tomato_spoiled,476
data/raw/FRUIT-16K/S_Tomato/283.jpg,Tomato,spoiled,7,1,15,Tomato_spoiled,476
data/raw/FRUIT-16K/S_Tomato/284.jpg,Tomato,spoiled,7,1,15,Tomato_spoiled,476
data/raw/FRUIT-16K/S_Tomato/285.jpg,Tomato,spoiled,7,1,15,Tomato_spoiled,476
data/raw/FRUIT-16K/S_Tomato/286.jpg,Tomato,spoiled,7,1,15,Tomato_spoiled,476
data/raw/FRUIT-16K/S_Tomato/287.jpg,Tomato,spoiled,7,1,15,Tomato_spoiled,476
data/raw/FRUIT-16K/S_Tomato/288.jpg,Tomato,spoiled,7,1,15,Tomato_spoiled,476
data/raw/FRUIT-16K/S_Tomato/289.jpg,Tomato,spoiled,7,1,15,Tomato_spoiled,476
data/raw/FRUIT-16K/S_Tomato/290.jpg,Tomato,spoiled,7,1,15,Tomato_spoiled,476
data/raw/FRUIT-16K/S_Tomato/292.jpg,Tomato,spoiled,7,1,15,Tomato_spoiled,476
data/raw/FRUIT-16K/S_Tomato/293.jpg,Tomato,spoiled,7,1,15,Tomato_spoiled,476
data/raw/FRUIT-16K/S_Tomato/294.jpg,Tomato,spoiled,7,1,15,Tomato_spoiled,476
data/raw/FRUIT-16K/S_Tomato/295.jpg,Tomato,spoiled,7,1,15,Tomato_spoiled,476
data/raw/FRUIT-16K/S_Tomato/296.jpg,Tomato,spoiled,7,1,15,Tomato_spoiled,476
data/raw/FRUIT-16K/S_Tomato/297.jpg,Tomato,spoiled,7,1,15,Tomato_spoiled,476
data/raw/FRUIT-16K/S_Tomato/298.jpg,Tomato,spoiled,7,1,15,Tomato_spoiled,476
data/raw/FRUIT-16K/S_Tomato/299.jpg,Tomato,spoiled,7,1,15,Tomato_spoiled,476
data/raw/FRUIT-16K/S_Tomato/300.jpg,Tomato,spoiled,7,1,15,Tomato_spoiled,476
data/raw/FRUIT-16K/S_Tomato/301.jpg,Tomato,spoiled,7,1,15,Tomato_spoiled,476
data/raw/FRUIT-16K/S_Tomato/302.jpg,Tomato,spoiled,7,1,15,Tomato_spoiled,476
data/raw/FRUIT-16K/S_Tomato/303.jpg,Tomato,spoiled,7,1,15,Tomato_spoiled,476
data/raw/FRUIT-16K/S_Tomato/305.jpg,Tomato,spoiled,7,1,15,Tomato_spoiled,476
data/raw/FRUIT-16K/S_Tomato/306.jpg,Tomato,spoiled,7,1,15,Tomato_spoiled,476
data/raw/FRUIT-16K/S_Tomato/307.jpg,Tomato,spoiled,7,1,15,Tomato_spoiled,476
data/raw/FRUIT-16K/S_Tomato/308.jpg,Tomato,spoiled,7,1,15,Tomato_spoiled,476
data/raw/FRUIT-16K/S_Tomato/309.jpg,Tomato,spoiled,7,1,15,Tomato_spoiled,476
data/raw/FRUIT-16K/S_Tomato/310.jpg,Tomato,spoiled,7,1,15,Tomato_spoiled,476
data/raw/FRUIT-16K/S_Tomato/311.jpg,Tomato,spoiled,7,1,15,Tomato_spoiled,476
data/raw/FRUIT-16K/S_Tomato/312.jpg,Tomato,spoiled,7,1,15,Tomato_spoiled,476
data/raw/FRUIT-16K/S_Tomato/313.jpg,Tomato,spoiled,7,1,15,Tomato_spoiled,476
data/raw/FRUIT-16K/S_Tomato/314.jpg,Tomato,spoiled,7,1,15,Tomato_spoiled,476
data/raw/FRUIT-16K/S_Tomato/315.jpg,Tomato,spoiled,7,1,15,Tomato_spoiled,476
data/raw/FRUIT-16K/S_Tomato/316.jpg,Tomato,spoiled,7,1,15,Tomato_spoiled,476
data/raw/FRUIT-16K/S_Tomato/318.jpg,Tomato,spoiled,7,1,15,Tomato_spoiled,476
data/raw/FRUIT-16K/S_Tomato/319.jpg,Tomato,spoiled,7,1,15,Tomato_spoiled,476
data/raw/FRUIT-16K/S_Tomato/320.jpg,Tomato,spoiled,7,1,15,Tomato_spoiled,476
data/raw/FRUIT-16K/S_Tomato/321.jpg,Tomato,spoiled,7,1,15,Tomato_spoiled,476
data/raw/FRUIT-16K/S_Tomato/322.jpg,Tomato,spoiled,7,1,15,Tomato_spoiled,476
data/raw/FRUIT-16K/S_Tomato/323.jpg,Tomato,spoiled,7,1,15,Tomato_spoiled,476
data/raw/FRUIT-16K/S_Tomato/324.jpg,Tomato,spoiled,7,1,15,Tomato_spoiled,476
data/raw/FRUIT-16K/S_Tomato/325.jpg,Tomato,spoiled,7,1,15,Tomato_spoiled,476
data/raw/FRUIT-16K/S_Tomato/326.jpg,Tomato,spoiled,7,1,15,Tomato_spoiled,476
data/raw/FRUIT-16K/S_Tomato/327.jpg,Tomato,spoiled,7,1,15,Tomato_spoiled,476
data/raw/FRUIT-16K/S_Tomato/328.jpg,Tomato,spoiled,7,1,15,Tomato_spoiled,476
data/raw/FRUIT-16K/S_Tomato/329.jpg,Tomato,spoiled,7,1,15,Tomato_spoiled,476
data/raw/FRUIT-16K/S_Tomato/331.jpg,Tomato,spoiled,7,1,15,Tomato_spoiled,476
data/raw/FRUIT-16K/S_Tomato/332.jpg,Tomato,spoiled,7,1,15,Tomato_spoiled,476
data/raw/FRUIT-16K/S_Tomato/333.jpg,Tomato,spoiled,7,1,15,Tomato_spoiled,476
data/raw/FRUIT-16K/S_Tomato/334.jpg,Tomato,spoiled,7,1,15,Tomato_spoiled,476
data/raw/FRUIT-16K/S_Tomato/335.jpg,Tomato,spoiled,7,1,15,Tomato_spoiled,476
data/raw/FRUIT-16K/S_Tomato/336.jpg,Tomato,spoiled,7,1,15,Tomato_spoiled,476
data/raw/FRUIT-16K/S_Tomato/337.jpg,Tomato,spoiled,7,1,15,Tomato_spoiled,476
data/raw/FRUIT-16K/S_Tomato/338.jpg,Tomato,spoiled,7,1,15,Tomato_spoiled,476
data/raw/FRUIT-16K/S_Tomato/339.jpg,Tomato,spoiled,7,1,15,Tomato_spoiled,476
data/raw/FRUIT-16K/S_Tomato/340.jpg,Tomato,spoiled,7,1,15,Tomato_spoiled,476
data/raw/FRUIT-16K/S_Tomato/341.jpg,Tomato,spoiled,7,1,15,Tomato_spoiled,476
data/raw/FRUIT-16K/S_Tomato/342.jpg,Tomato,spoiled,7,1,15,Tomato_spoiled,476
data/raw/FRUIT-16K/S_Tomato/344.jpg,Tomato,spoiled,7,1,15,Tomato_spoiled,476
data/raw/FRUIT-16K/S_Tomato/345.jpg,Tomato,spoiled,7,1,15,Tomato_spoiled,476
data/raw/FRUIT-16K/S_Tomato/346.jpg,Tomato,spoiled,7,1,15,Tomato_spoiled,476
data/raw/FRUIT-16K/S_Tomato/347.jpg,Tomato,spoiled,7,1,15,Tomato_spoiled,476
data/raw/FRUIT-16K/S_Tomato/348.jpg,Tomato,spoiled,7,1,15,Tomato_spoiled,476
data/raw/FRUIT-16K/S_Tomato/349.jpg,Tomato,spoiled,7,1,15,Tomato_spoiled,476
data/raw/FRUIT-16K/S_Tomato/350.jpg,Tomato,spoiled,7,1,15,Tomato_spoiled,476
data/raw/FRUIT-16K/S_Tomato/351.jpg,Tomato,spoiled,7,1,15,Tomato_spoiled,476
data/raw/FRUIT-16K/S_Tomato/352.jpg,Tomato,spoiled,7,1,15,Tomato_spoiled,476
data/raw/FRUIT-16K/S_Tomato/353.jpg,Tomato,spoiled,7,1,15,Tomato_spoiled,476
data/raw/FRUIT-16K/S_Tomato/354.jpg,Tomato,spoiled,7,1,15,Tomato_spoiled,476
data/raw/FRUIT-16K/S_Tomato/355.jpg,Tomato,spoiled,7,1,15,Tomato_spoiled,476
data/raw/FRUIT-16K/S_Tomato/357.jpg,Tomato,spoiled,7,1,15,Tomato_spoiled,476
data/raw/FRUIT-16K/S_Tomato/358.jpg,Tomato,spoiled,7,1,15,Tomato_spoiled,476
data/raw/FRUIT-16K/S_Tomato/359.jpg,Tomato,spoiled,7,1,15,Tomato_spoiled,476
data/raw/FRUIT-16K/S_Tomato/360.jpg,Tomato,spoiled,7,1,15,Tomato_spoiled,476
data/raw/FRUIT-16K/S_Tomato/361.jpg,Tomato,spoiled,7,1,15,Tomato_spoiled,476
data/raw/FRUIT-16K/S_Tomato/362.jpg,Tomato,spoiled,7,1,15,Tomato_spoiled,476
data/raw/FRUIT-16K/S_Tomato/363.jpg,Tomato,spoiled,7,1,15,Tomato_spoiled,476
data/raw/FRUIT-16K/S_Tomato/364.jpg,Tomato,spoiled,7,1,15,Tomato_spoiled,476
data/raw/FRUIT-16K/S_Tomato/365.jpg,Tomato,spoiled,7,1,15,Tomato_spoiled,476
data/raw/FRUIT-16K/S_Tomato/366.jpg,Tomato,spoiled,7,1,15,Tomato_spoiled,476
data/raw/FRUIT-16K/S_Tomato/367.jpg,Tomato,spoiled,7,1,15,Tomato_spoiled,476
data/raw/FRUIT-16K/S_Tomato/368.jpg,Tomato,spoiled,7,1,15,Tomato_spoiled,476
data/raw/FRUIT-16K/S_Tomato/370.jpg,Tomato,spoiled,7,1,15,Tomato_spoiled,476
data/raw/FRUIT-16K/S_Tomato/371.jpg,Tomato,spoiled,7,1,15,Tomato_spoiled,476
data/raw/FRUIT-16K/S_Tomato/372.jpg,Tomato,spoiled,7,1,15,Tomato_spoiled,476
data/raw/FRUIT-16K/S_Tomato/373.jpg,Tomato,spoiled,7,1,15,Tomato_spoiled,476
data/raw/FRUIT-16K/S_Tomato/374.jpg,Tomato,spoiled,7,1,15,Tomato_spoiled,476
data/raw/FRUIT-16K/S_Tomato/375.jpg,Tomato,spoiled,7,1,15,Tomato_spoiled,476
data/raw/FRUIT-16K/S_Tomato/376.jpg,Tomato,spoiled,7,1,15,Tomato_spoiled,476
data/raw/FRUIT-16K/S_Tomato/377.jpg,Tomato,spoiled,7,1,15,Tomato_spoiled,476
data/raw/FRUIT-16K/S_Tomato/378.jpg,Tomato,spoiled,7,1,15,Tomato_spoiled,476
data/raw/FRUIT-16K/S_Tomato/379.jpg,Tomato,spoiled,7,1,15,Tomato_spoiled,476
data/raw/FRUIT-16K/S_Tomato/380.jpg,Tomato,spoiled,7,1,15,Tomato_spoiled,476
data/raw/FRUIT-16K/S_Tomato/381.jpg,Tomato,spoiled,7,1,15,Tomato_spoiled,476
data/raw/FRUIT-16K/S_Tomato/383.jpg,Tomato,spoiled,7,1,15,Tomato_spoiled,476
data/raw/FRUIT-16K/S_Tomato/384.jpg,Tomato,spoiled,7,1,15,Tomato_spoiled,476
data/raw/FRUIT-16K/S_Tomato/385.jpg,Tomato,spoiled,7,1,15,Tomato_spoiled,476
data/raw/FRUIT-16K/S_Tomato/386.jpg,Tomato,spoiled,7,1,15,Tomato_spoiled,476
data/raw/FRUIT-16K/S_Tomato/387.jpg,Tomato,spoiled,7,1,15,Tomato_spoiled,476
data/raw/FRUIT-16K/S_Tomato/388.jpg,Tomato,spoiled,7,1,15,Tomato_spoiled,476
data/raw/FRUIT-16K/S_Tomato/389.jpg,Tomato,spoiled,7,1,15,Tomato_spoiled,476
data/raw/FRUIT-16K/S_Tomato/390.jpg,Tomato,spoiled,7,1,15,Tomato_spoiled,476
data/raw/FRUIT-16K/S_Tomato/391.jpg,Tomato,spoiled,7,1,15,Tomato_spoiled,476
data/raw/FRUIT-16K/S_Tomato/392.jpg,Tomato,spoiled,7,1,15,Tomato_spoiled,476
data/raw/FRUIT-16K/S_Tomato/393.jpg,Tomato,spoiled,7,1,15,Tomato_spoiled,476
data/raw/FRUIT-16K/S_Tomato/394.jpg,Tomato,spoiled,7,1,15,Tomato_spoiled,476
data/raw/FRUIT-16K/S_Tomato/396.jpg,Tomato,spoiled,7,1,15,Tomato_spoiled,476
data/raw/FRUIT-16K/S_Tomato/397.jpg,Tomato,spoiled,7,1,15,Tomato_spoiled,476
data/raw/FRUIT-16K/S_Tomato/398.jpg,Tomato,spoiled,7,1,15,Tomato_spoiled,476
data/raw/FRUIT-16K/S_Tomato/399.jpg,Tomato,spoiled,7,1,15,Tomato_spoiled,476
data/raw/FRUIT-16K/S_Tomato/400.jpg,Tomato,spoiled,7,1,15,Tomato_spoiled,476
data/raw/FRUIT-16K/S_Tomato/401.jpg,Tomato,spoiled,7,1,15,Tomato_spoiled,476
data/raw/FRUIT-16K/S_Tomato/402.jpg,Tomato,spoiled,7,1,15,Tomato_spoiled,476
data/raw/FRUIT-16K/S_Tomato/403.jpg,Tomato,spoiled,7,1,15,Tomato_spoiled,476
data/raw/FRUIT-16K/S_Tomato/404.jpg,Tomato,spoiled,7,1,15,Tomato_spoiled,476
data/raw/FRUIT-16K/S_Tomato/405.jpg,Tomato,spoiled,7,1,15,Tomato_spoiled,476
data/raw/FRUIT-16K/S_Tomato/406.jpg,Tomato,spoiled,7,1,15,Tomato_spoiled,476
data/raw/FRUIT-16K/S_Tomato/407.jpg,Tomato,spoiled,7,1,15,Tomato_spoiled,476
data/raw/FRUIT-16K/S_Tomato/409.jpg,Tomato,spoiled,7,1,15,Tomato_spoiled,476
data/raw/FRUIT-16K/S_Tomato/410.jpg,Tomato,spoiled,7,1,15,Tomato_spoiled,476
data/raw/FRUIT-16K/S_Tomato/411.jpg,Tomato,spoiled,7,1,15,Tomato_spoiled,476
data/raw/FRUIT-16K/S_Tomato/412.jpg,Tomato,spoiled,7,1,15,Tomato_spoiled,476
data/raw/FRUIT-16K/S_Tomato/413.jpg,Tomato,spoiled,7,1,15,Tomato_spoiled,476
data/raw/FRUIT-16K/S_Tomato/414.jpg,Tomato,spoiled,7,1,15,Tomato_spoiled,476
data/raw/FRUIT-16K/S_Tomato/415.jpg,Tomato,spoiled,7,1,15,Tomato_spoiled,476
data/raw/FRUIT-16K/S_Tomato/416.jpg,Tomato,spoiled,7,1,15,Tomato_spoiled,476
data/raw/FRUIT-16K/S_Tomato/417.jpg,Tomato,spoiled,7,1,15,Tomato_spoiled,476
data/raw/FRUIT-16K/S_Tomato/418.jpg,Tomato,spoiled,7,1,15,Tomato_spoiled,476
data/raw/FRUIT-16K/S_Tomato/419.jpg,Tomato,spoiled,7,1,15,Tomato_spoiled,476
data/raw/FRUIT-16K/S_Tomato/420.jpg,Tomato,spoiled,7,1,15,Tomato_spoiled,476
data/raw/FRUIT-16K/S_Tomato/422.jpg,Tomato,spoiled,7,1,15,Tomato_spoiled,476
data/raw/FRUIT-16K/S_Tomato/423.jpg,Tomato,spoiled,7,1,15,Tomato_spoiled,476
data/raw/FRUIT-16K/S_Tomato/424.jpg,Tomato,spoiled,7,1,15,Tomato_spoiled,476
data/raw/FRUIT-16K/S_Tomato/425.jpg,Tomato,spoiled,7,1,15,Tomato_spoiled,476
data/raw/FRUIT-16K/S_Tomato/426.jpg,Tomato,spoiled,7,1,15,Tomato_spoiled,476
data/raw/FRUIT-16K/S_Tomato/427.jpg,Tomato,spoiled,7,1,15,Tomato_spoiled,476
data/raw/FRUIT-16K/S_Tomato/428.jpg,Tomato,spoiled,7,1,15,Tomato_spoiled,476
data/raw/FRUIT-16K/S_Tomato/429.jpg,Tomato,spoiled,7,1,15,Tomato_spoiled,476
data/raw/FRUIT-16K/S_Tomato/430.jpg,Tomato,spoiled,7,1,15,Tomato_spoiled,476
data/raw/FRUIT-16K/S_Tomato/431.jpg,Tomato,spoiled,7,1,15,Tomato_spoiled,476
data/raw/FRUIT-16K/S_Tomato/432.jpg,Tomato,spoiled,7,1,15,Tomato_spoiled,476
data/raw/FRUIT-16K/S_Tomato/433.jpg,Tomato,spoiled,7,1,15,Tomato_spoiled,476
data/raw/FRUIT-16K/S_Tomato/435.jpg,Tomato,spoiled,7,1,15,Tomato_spoiled,476
data/raw/FRUIT-16K/S_Tomato/436.jpg,Tomato,spoiled,7,1,15,Tomato_spoiled,476
data/raw/FRUIT-16K/S_Tomato/437.jpg,Tomato,spoiled,7,1,15,Tomato_spoiled,476
data/raw/FRUIT-16K/S_Tomato/438.jpg,Tomato,spoiled,7,1,15,Tomato_spoiled,476
data/raw/FRUIT-16K/S_Tomato/439.jpg,Tomato,spoiled,7,1,15,Tomato_spoiled,476
data/raw/FRUIT-16K/S_Tomato/440.jpg,Tomato,spoiled,7,1,15,Tomato_spoiled,476
data/raw/FRUIT-16K/S_Tomato/441.jpg,Tomato,spoiled,7,1,15,Tomato_spoiled,476
data/raw/FRUIT-16K/S_Tomato/442.jpg,Tomato,spoiled,7,1,15,Tomato_spoiled,476
data/raw/FRUIT-16K/S_Tomato/443.jpg,Tomato,spoiled,7,1,15,Tomato_spoiled,476
data/raw/FRUIT-16K/S_Tomato/444.jpg,Tomato,spoiled,7,1,15,Tomato_spoiled,476
data/raw/FRUIT-16K/S_Tomato/445.jpg,Tomato,spoiled,7,1,15,Tomato_spoiled,476
data/raw/FRUIT-16K/S_Tomato/446.jpg,Tomato,spoiled,7,1,15,Tomato_spoiled,476
data/raw/FRUIT-16K/S_Tomato/448.jpg,Tomato,spoiled,7,1,15,Tomato_spoiled,476
data/raw/FRUIT-16K/S_Tomato/449.jpg,Tomato,spoiled,7,1,15,Tomato_spoiled,476
data/raw/FRUIT-16K/S_Tomato/450.jpg,Tomato,spoiled,7,1,15,Tomato_spoiled,476
data/raw/FRUIT-16K/S_Tomato/451.jpg,Tomato,spoiled,7,1,15,Tomato_spoiled,476
data/raw/FRUIT-16K/S_Tomato/452.jpg,Tomato,spoiled,7,1,15,Tomato_spoiled,476
data/raw/FRUIT-16K/S_Tomato/453.jpg,Tomato,spoiled,7,1,15,Tomato_spoiled,476
data/raw/FRUIT-16K/S_Tomato/454.jpg,Tomato,spoiled,7,1,15,Tomato_spoiled,476
data/raw/FRUIT-16K/S_Tomato/455.jpg,Tomato,spoiled,7,1,15,Tomato_spoiled,476
data/raw/FRUIT-16K/S_Tomato/456.jpg,Tomato,spoiled,7,1,15,Tomato_spoiled,476
data/raw/FRUIT-16K/S_Tomato/457.jpg,Tomato,spoiled,7,1,15,Tomato_spoiled,476
data/raw/FRUIT-16K/S_Tomato/458.jpg,Tomato,spoiled,7,1,15,Tomato_spoiled,476
data/raw/FRUIT-16K/S_Tomato/459.jpg,Tomato,spoiled,7,1,15,Tomato_spoiled,476
data/raw/FRUIT-16K/S_Tomato/461.jpg,Tomato,spoiled,7,1,15,Tomato_spoiled,476
data/raw/FRUIT-16K/S_Tomato/462.jpg,Tomato,spoiled,7,1,15,Tomato_spoiled,476
data/raw/FRUIT-16K/S_Tomato/463.jpg,Tomato,spoiled,7,1,15,Tomato_spoiled,476
data/raw/FRUIT-16K/S_Tomato/464.jpg,Tomato,spoiled,7,1,15,Tomato_spoiled,476
data/raw/FRUIT-16K/S_Tomato/465.jpg,Tomato,spoiled,7,1,15,Tomato_spoiled,476
data/raw/FRUIT-16K/S_Tomato/466.jpg,Tomato,spoiled,7,1,15,Tomato_spoiled,476
data/raw/FRUIT-16K/S_Tomato/467.jpg,Tomato,spoiled,7,1,15,Tomato_spoiled,476
data/raw/FRUIT-16K/S_Tomato/468.jpg,Tomato,spoiled,7,1,15,Tomato_spoiled,476
data/raw/FRUIT-16K/S_Tomato/469.jpg,Tomato,spoiled,7,1,15,Tomato_spoiled,476
data/raw/FRUIT-16K/S_Tomato/470.jpg,Tomato,spoiled,7,1,15,Tomato_spoiled,476
data/raw/FRUIT-16K/S_Tomato/471.jpg,Tomato,spoiled,7,1,15,Tomato_spoiled,476
data/raw/FRUIT-16K/S_Tomato/472.jpg,Tomato,spoiled,7,1,15,Tomato_spoiled,476
data/raw/FRUIT-16K/S_Tomato/474.jpg,Tomato,spoiled,7,1,15,Tomato_spoiled,476
data/raw/FRUIT-16K/S_Tomato/475.jpg,Tomato,spoiled,7,1,15,Tomato_spoiled,476
data/raw/FRUIT-16K/S_Tomato/476.jpg,Tomato,spoiled,7,1,15,Tomato_spoiled,476
data/raw/FRUIT-16K/S_Tomato/477.jpg,Tomato,spoiled,7,1,15,Tomato_spoiled,476
data/raw/FRUIT-16K/S_Tomato/478.jpg,Tomato,spoiled,7,1,15,Tomato_spoiled,476
data/raw/FRUIT-16K/S_Tomato/479.jpg,Tomato,spoiled,7,1,15,Tomato_spoiled,476
data/raw/FRUIT-16K/S_Tomato/480.jpg,Tomato,spoiled,7,1,15,Tomato_spoiled,476
data/raw/FRUIT-16K/S_Tomato/481.jpg,Tomato,spoiled,7,1,15,Tomato_spoiled,476
data/raw/FRUIT-16K/S_Tomato/482.jpg,Tomato,spoiled,7,1,15,Tomato_spoiled,476
data/raw/FRUIT-16K/S_Tomato/483.jpg,Tomato,spoiled,7,1,15,Tomato_spoiled,476
data/raw/FRUIT-16K/S_Tomato/484.jpg,Tomato,spoiled,7,1,15,Tomato_spoiled,476
data/raw/FRUIT-16K/S_Tomato/485.jpg,Tomato,spoiled,7,1,15,Tomato_spoiled,476
data/raw/FRUIT-16K/S_Tomato/487.jpg,Tomato,spoiled,7,1,15,Tomato_spoiled,476
data/raw/FRUIT-16K/S_Tomato/488.jpg,Tomato,spoiled,7,1,15,Tomato_spoiled,476
data/raw/FRUIT-16K/S_Tomato/489.jpg,Tomato,spoiled,7,1,15,Tomato_spoiled,476
data/raw/FRUIT-16K/S_Tomato/490.jpg,Tomato,spoiled,7,1,15,Tomato_spoiled,476
data/raw/FRUIT-16K/S_Tomato/491.jpg,Tomato,spoiled,7,1,15,Tomato_spoiled,476
data/raw/FRUIT-16K/S_Tomato/492.jpg,Tomato,spoiled,7,1,15,Tomato_spoiled,476
data/raw/FRUIT-16K/S_Tomato/493.jpg,Tomato,spoiled,7,1,15,Tomato_spoiled,476
data/raw/FRUIT-16K/S_Tomato/494.jpg,Tomato,spoiled,7,1,15,Tomato_spoiled,476
data/raw/FRUIT-16K/S_Tomato/495.jpg,Tomato,spoiled,7,1,15,Tomato_spoiled,476
data/raw/FRUIT-16K/S_Tomato/496.jpg,Tomato,spoiled,7,1,15,Tomato_spoiled,476
data/raw/FRUIT-16K/S_Tomato/497.jpg,Tomato,spoiled,7,1,15,Tomato_spoiled,476
data/raw/FRUIT-16K/S_Tomato/498.jpg,Tomato,spoiled,7,1,15,Tomato_spoiled,476
data/raw/FRUIT-16K/S_Tomato/500.jpg,Tomato,spoiled,7,1,15,Tomato_spoiled,476
data/raw/FRUIT-16K/S_Tomato/526.jpg,Tomato,spoiled,7,1,15,Tomato_spoiled,479
data/raw/FRUIT-16K/S_Tomato/527.jpg,Tomato,spoiled,7,1,15,Tomato_spoiled,479
data/raw/FRUIT-16K/S_Tomato/528.jpg,Tomato,spoiled,7,1,15,Tomato_spoiled,479
data/raw/FRUIT-16K/S_Tomato/529.jpg,Tomato,spoiled,7,1,15,Tomato_spoiled,479
data/raw/FRUIT-16K/S_Tomato/530.jpg,Tomato,spoiled,7,1,15,Tomato_spoiled,479
data/raw/FRUIT-16K/S_Tomato/531.jpg,Tomato,spoiled,7,1,15,Tomato_spoiled,479
data/raw/FRUIT-16K/S_Tomato/532.jpg,Tomato,spoiled,7,1,15,Tomato_spoiled,479
data/raw/FRUIT-16K/S_Tomato/533.jpg,Tomato,spoiled,7,1,15,Tomato_spoiled,479
data/raw/FRUIT-16K/S_Tomato/534.jpg,Tomato,spoiled,7,1,15,Tomato_spoiled,479
data/raw/FRUIT-16K/S_Tomato/535.jpg,Tomato,spoiled,7,1,15,Tomato_spoiled,479
data/raw/FRUIT-16K/S_Tomato/536.jpg,Tomato,spoiled,7,1,15,Tomato_spoiled,479
data/raw/FRUIT-16K/S_Tomato/537.jpg,Tomato,spoiled,7,1,15,Tomato_spoiled,479
data/raw/FRUIT-16K/S_Tomato/539.jpg,Tomato,spoiled,7,1,15,Tomato_spoiled,479
data/raw/FRUIT-16K/S_Tomato/540.jpg,Tomato,spoiled,7,1,15,Tomato_spoiled,479
data/raw/FRUIT-16K/S_Tomato/541.jpg,Tomato,spoiled,7,1,15,Tomato_spoiled,479
data/raw/FRUIT-16K/S_Tomato/542.jpg,Tomato,spoiled,7,1,15,Tomato_spoiled,479
data/raw/FRUIT-16K/S_Tomato/543.jpg,Tomato,spoiled,7,1,15,Tomato_spoiled,479
data/raw/FRUIT-16K/S_Tomato/544.jpg,Tomato,spoiled,7,1,15,Tomato_spoiled,479
data/raw/FRUIT-16K/S_Tomato/545.jpg,Tomato,spoiled,7,1,15,Tomato_spoiled,479
data/raw/FRUIT-16K/S_Tomato/546.jpg,Tomato,spoiled,7,1,15,Tomato_spoiled,479
data/raw/FRUIT-16K/S_Tomato/547.jpg,Tomato,spoiled,7,1,15,Tomato_spoiled,479
data/raw/FRUIT-16K/S_Tomato/548.jpg,Tomato,spoiled,7,1,15,Tomato_spoiled,479
data/raw/FRUIT-16K/S_Tomato/549.jpg,Tomato,spoiled,7,1,15,Tomato_spoiled,479
data/raw/FRUIT-16K/S_Tomato/550.jpg,Tomato,spoiled,7,1,15,Tomato_spoiled,479
data/raw/FRUIT-16K/S_Tomato/552.jpg,Tomato,spoiled,7,1,15,Tomato_spoiled,479
data/raw/FRUIT-16K/S_Tomato/553.jpg,Tomato,spoiled,7,1,15,Tomato_spoiled,479
data/raw/FRUIT-16K/S_Tomato/554.jpg,Tomato,spoiled,7,1,15,Tomato_spoiled,479
data/raw/FRUIT-16K/S_Tomato/555.jpg,Tomato,spoiled,7,1,15,Tomato_spoiled,479
data/raw/FRUIT-16K/S_Tomato/556.jpg,Tomato,spoiled,7,1,15,Tomato_spoiled,479
data/raw/FRUIT-16K/S_Tomato/557.jpg,Tomato,spoiled,7,1,15,Tomato_spoiled,479
data/raw/FRUIT-16K/S_Tomato/558.jpg,Tomato,spoiled,7,1,15,Tomato_spoiled,479
data/raw/FRUIT-16K/S_Tomato/559.jpg,Tomato,spoiled,7,1,15,Tomato_spoiled,479
data/raw/FRUIT-16K/S_Tomato/560.jpg,Tomato,spoiled,7,1,15,Tomato_spoiled,479
data/raw/FRUIT-16K/S_Tomato/561.jpg,Tomato,spoiled,7,1,15,Tomato_spoiled,479
data/raw/FRUIT-16K/S_Tomato/562.jpg,Tomato,spoiled,7,1,15,Tomato_spoiled,479
data/raw/FRUIT-16K/S_Tomato/563.jpg,Tomato,spoiled,7,1,15,Tomato_spoiled,479
data/raw/FRUIT-16K/S_Tomato/565.jpg,Tomato,spoiled,7,1,15,Tomato_spoiled,479
data/raw/FRUIT-16K/S_Tomato/566.jpg,Tomato,spoiled,7,1,15,Tomato_spoiled,479
data/raw/FRUIT-16K/S_Tomato/567.jpg,Tomato,spoiled,7,1,15,Tomato_spoiled,479
data/raw/FRUIT-16K/S_Tomato/568.jpg,Tomato,spoiled,7,1,15,Tomato_spoiled,479
data/raw/FRUIT-16K/S_Tomato/569.jpg,Tomato,spoiled,7,1,15,Tomato_spoiled,479
data/raw/FRUIT-16K/S_Tomato/570.jpg,Tomato,spoiled,7,1,15,Tomato_spoiled,479
data/raw/FRUIT-16K/S_Tomato/571.jpg,Tomato,spoiled,7,1,15,Tomato_spoiled,479
data/raw/FRUIT-16K/S_Tomato/572.jpg,Tomato,spoiled,7,1,15,Tomato_spoiled,479
data/raw/FRUIT-16K/S_Tomato/573.jpg,Tomato,spoiled,7,1,15,Tomato_spoiled,479
data/raw/FRUIT-16K/S_Tomato/574.jpg,Tomato,spoiled,7,1,15,Tomato_spoiled,479
data/raw/FRUIT-16K/S_Tomato/575.jpg,Tomato,spoiled,7,1,15,Tomato_spoiled,479
data/raw/FRUIT-16K/S_Tomato/601.jpg,Tomato,spoiled,7,1,15,Tomato_spoiled,479
data/raw/FRUIT-16K/S_Tomato/602.jpg,Tomato,spoiled,7,1,15,Tomato_spoiled,479
data/raw/FRUIT-16K/S_Tomato/604.jpg,Tomato,spoiled,7,1,15,Tomato_spoiled,479
data/raw/FRUIT-16K/S_Tomato/605.jpg,Tomato,spoiled,7,1,15,Tomato_spoiled,479
data/raw/FRUIT-16K/S_Tomato/606.jpg,Tomato,spoiled,7,1,15,Tomato_spoiled,479
data/raw/FRUIT-16K/S_Tomato/607.jpg,Tomato,spoiled,7,1,15,Tomato_spoiled,479
data/raw/FRUIT-16K/S_Tomato/608.jpg,Tomato,spoiled,7,1,15,Tomato_spoiled,479
data/raw/FRUIT-16K/S_Tomato/609.jpg,Tomato,spoiled,7,1,15,Tomato_spoiled,479
data/raw/FRUIT-16K/S_Tomato/610.jpg,Tomato,spoiled,7,1,15,Tomato_spoiled,479
data/raw/FRUIT-16K/S_Tomato/611.jpg,Tomato,spoiled,7,1,15,Tomato_spoiled,479
data/raw/FRUIT-16K/S_Tomato/612.jpg,Tomato,spoiled,7,1,15,Tomato_spoiled,479
data/raw/FRUIT-16K/S_Tomato/613.jpg,Tomato,spoiled,7,1,15,Tomato_spoiled,479
data/raw/FRUIT-16K/S_Tomato/614.jpg,Tomato,spoiled,7,1,15,Tomato_spoiled,479
data/raw/FRUIT-16K/S_Tomato/615.jpg,Tomato,spoiled,7,1,15,Tomato_spoiled,479
data/raw/FRUIT-16K/S_Tomato/617.jpg,Tomato,spoiled,7,1,15,Tomato_spoiled,479
data/raw/FRUIT-16K/S_Tomato/618.jpg,Tomato,spoiled,7,1,15,Tomato_spoiled,479
data/raw/FRUIT-16K/S_Tomato/619.jpg,Tomato,spoiled,7,1,15,Tomato_spoiled,479
data/raw/FRUIT-16K/S_Tomato/620.jpg,Tomato,spoiled,7,1,15,Tomato_spoiled,479
data/raw/FRUIT-16K/S_Tomato/621.jpg,Tomato,spoiled,7,1,15,Tomato_spoiled,479
data/raw/FRUIT-16K/S_Tomato/622.jpg,Tomato,spoiled,7,1,15,Tomato_spoiled,479
data/raw/FRUIT-16K/S_Tomato/623.jpg,Tomato,spoiled,7,1,15,Tomato_spoiled,479
data/raw/FRUIT-16K/S_Tomato/624.jpg,Tomato,spoiled,7,1,15,Tomato_spoiled,479
data/raw/FRUIT-16K/S_Tomato/625.jpg,Tomato,spoiled,7,1,15,Tomato_spoiled,479
data/raw/FRUIT-16K/S_Tomato/626.jpg,Tomato,spoiled,7,1,15,Tomato_spoiled,479
data/raw/FRUIT-16K/S_Tomato/627.jpg,Tomato,spoiled,7,1,15,Tomato_spoiled,479
data/raw/FRUIT-16K/S_Tomato/628.jpg,Tomato,spoiled,7,1,15,Tomato_spoiled,479
data/raw/FRUIT-16K/S_Tomato/630.jpg,Tomato,spoiled,7,1,15,Tomato_spoiled,479
data/raw/FRUIT-16K/S_Tomato/631.jpg,Tomato,spoiled,7,1,15,Tomato_spoiled,479
data/raw/FRUIT-16K/S_Tomato/632.jpg,Tomato,spoiled,7,1,15,Tomato_spoiled,479
data/raw/FRUIT-16K/S_Tomato/633.jpg,Tomato,spoiled,7,1,15,Tomato_spoiled,479
data/raw/FRUIT-16K/S_Tomato/634.jpg,Tomato,spoiled,7,1,15,Tomato_spoiled,479
data/raw/FRUIT-16K/S_Tomato/635.jpg,Tomato,spoiled,7,1,15,Tomato_spoiled,479
data/raw/FRUIT-16K/S_Tomato/636.jpg,Tomato,spoiled,7,1,15,Tomato_spoiled,479
data/raw/FRUIT-16K/S_Tomato/637.jpg,Tomato,spoiled,7,1,15,Tomato_spoiled,479
data/raw/FRUIT-16K/S_Tomato/638.jpg,Tomato,spoiled,7,1,15,Tomato_spoiled,479
data/raw/FRUIT-16K/S_Tomato/639.jpg,Tomato,spoiled,7,1,15,Tomato_spoiled,479
data/raw/FRUIT-16K/S_Tomato/640.jpg,Tomato,spoiled,7,1,15,Tomato_spoiled,479
data/raw/FRUIT-16K/S_Tomato/641.jpg,Tomato,spoiled,7,1,15,Tomato_spoiled,479
data/raw/FRUIT-16K/S_Tomato/643.jpg,Tomato,spoiled,7,1,15,Tomato_spoiled,479
data/raw/FRUIT-16K/S_Tomato/644.jpg,Tomato,spoiled,7,1,15,Tomato_spoiled,479
data/raw/FRUIT-16K/S_Tomato/645.jpg,Tomato,spoiled,7,1,15,Tomato_spoiled,479
data/raw/FRUIT-16K/S_Tomato/646.jpg,Tomato,spoiled,7,1,15,Tomato_spoiled,479
data/raw/FRUIT-16K/S_Tomato/647.jpg,Tomato,spoiled,7,1,15,Tomato_spoiled,479
data/raw/FRUIT-16K/S_Tomato/648.jpg,Tomato,spoiled,7,1,15,Tomato_spoiled,479
data/raw/FRUIT-16K/S_Tomato/649.jpg,Tomato,spoiled,7,1,15,Tomato_spoiled,479
data/raw/FRUIT-16K/S_Tomato/650.jpg,Tomato,spoiled,7,1,15,Tomato_spoiled,479
data/raw/FRUIT-16K/S_Tomato/651.jpg,Tomato,spoiled,7,1,15,Tomato_spoiled,476
data/raw/FRUIT-16K/S_Tomato/652.jpg,Tomato,spoiled,7,1,15,Tomato_spoiled,476
data/raw/FRUIT-16K/S_Tomato/653.jpg,Tomato,spoiled,7,1,15,Tomato_spoiled,476
data/raw/FRUIT-16K/S_Tomato/654.jpg,Tomato,spoiled,7,1,15,Tomato_spoiled,476
data/raw/FRUIT-16K/S_Tomato/656.jpg,Tomato,spoiled,7,1,15,Tomato_spoiled,476
data/raw/FRUIT-16K/S_Tomato/657.jpg,Tomato,spoiled,7,1,15,Tomato_spoiled,476
data/raw/FRUIT-16K/S_Tomato/658.jpg,Tomato,spoiled,7,1,15,Tomato_spoiled,476
data/raw/FRUIT-16K/S_Tomato/659.jpg,Tomato,spoiled,7,1,15,Tomato_spoiled,476
data/raw/FRUIT-16K/S_Tomato/660.jpg,Tomato,spoiled,7,1,15,Tomato_spoiled,476
data/raw/FRUIT-16K/S_Tomato/661.jpg,Tomato,spoiled,7,1,15,Tomato_spoiled,476
data/raw/FRUIT-16K/S_Tomato/662.jpg,Tomato,spoiled,7,1,15,Tomato_spoiled,476
data/raw/FRUIT-16K/S_Tomato/663.jpg,Tomato,spoiled,7,1,15,Tomato_spoiled,476
data/raw/FRUIT-16K/S_Tomato/664.jpg,Tomato,spoiled,7,1,15,Tomato_spoiled,476
data/raw/FRUIT-16K/S_Tomato/665.jpg,Tomato,spoiled,7,1,15,Tomato_spoiled,476
data/raw/FRUIT-16K/S_Tomato/666.jpg,Tomato,spoiled,7,1,15,Tomato_spoiled,476
data/raw/FRUIT-16K/S_Tomato/667.jpg,Tomato,spoiled,7,1,15,Tomato_spoiled,476
data/raw/FRUIT-16K/S_Tomato/669.jpg,Tomato,spoiled,7,1,15,Tomato_spoiled,476
data/raw/FRUIT-16K/S_Tomato/670.jpg,Tomato,spoiled,7,1,15,Tomato_spoiled,476
data/raw/FRUIT-16K/S_Tomato/671.jpg,Tomato,spoiled,7,1,15,Tomato_spoiled,476
data/raw/FRUIT-16K/S_Tomato/672.jpg,Tomato,spoiled,7,1,15,Tomato_spoiled,476
data/raw/FRUIT-16K/S_Tomato/673.jpg,Tomato,spoiled,7,1,15,Tomato_spoiled,476
data/raw/FRUIT-16K/S_Tomato/674.jpg,Tomato,spoiled,7,1,15,Tomato_spoiled,476
data/raw/FRUIT-16K/S_Tomato/675.jpg,Tomato,spoiled,7,1,15,Tomato_spoiled,476
data/raw/FRUIT-16K/S_Tomato/676.jpg,Tomato,spoiled,7,1,15,Tomato_spoiled,476
data/raw/FRUIT-16K/S_Tomato/677.jpg,Tomato,spoiled,7,1,15,Tomato_spoiled,476
data/raw/FRUIT-16K/S_Tomato/678.jpg,Tomato,spoiled,7,1,15,Tomato_spoiled,476
data/raw/FRUIT-16K/S_Tomato/679.jpg,Tomato,spoiled,7,1,15,Tomato_spoiled,476
data/raw/FRUIT-16K/S_Tomato/680.jpg,Tomato,spoiled,7,1,15,Tomato_spoiled,476
data/raw/FRUIT-16K/S_Tomato/682.jpg,Tomato,spoiled,7,1,15,Tomato_spoiled,476
data/raw/FRUIT-16K/S_Tomato/683.jpg,Tomato,spoiled,7,1,15,Tomato_spoiled,476
data/raw/FRUIT-16K/S_Tomato/684.jpg,Tomato,spoiled,7,1,15,Tomato_spoiled,476
data/raw/FRUIT-16K/S_Tomato/685.jpg,Tomato,spoiled,7,1,15,Tomato_spoiled,476
data/raw/FRUIT-16K/S_Tomato/686.jpg,Tomato,spoiled,7,1,15,Tomato_spoiled,476
data/raw/FRUIT-16K/S_Tomato/687.jpg,Tomato,spoiled,7,1,15,Tomato_spoiled,476
data/raw/FRUIT-16K/S_Tomato/688.jpg,Tomato,spoiled,7,1,15,Tomato_spoiled,476
data/raw/FRUIT-16K/S_Tomato/689.jpg,Tomato,spoiled,7,1,15,Tomato_spoiled,476
data/raw/FRUIT-16K/S_Tomato/690.jpg,Tomato,spoiled,7,1,15,Tomato_spoiled,476
data/raw/FRUIT-16K/S_Tomato/691.jpg,Tomato,spoiled,7,1,15,Tomato_spoiled,476
data/raw/FRUIT-16K/S_Tomato/692.jpg,Tomato,spoiled,7,1,15,Tomato_spoiled,476
data/raw/FRUIT-16K/S_Tomato/693.jpg,Tomato,spoiled,7,1,15,Tomato_spoiled,476
data/raw/FRUIT-16K/S_Tomato/695.jpg,Tomato,spoiled,7,1,15,Tomato_spoiled,476
data/raw/FRUIT-16K/S_Tomato/696.jpg,Tomato,spoiled,7,1,15,Tomato_spoiled,476
data/raw/FRUIT-16K/S_Tomato/697.jpg,Tomato,spoiled,7,1,15,Tomato_spoiled,476
data/raw/FRUIT-16K/S_Tomato/698.jpg,Tomato,spoiled,7,1,15,Tomato_spoiled,476
data/raw/FRUIT-16K/S_Tomato/699.jpg,Tomato,spoiled,7,1,15,Tomato_spoiled,476
data/raw/FRUIT-16K/S_Tomato/700.jpg,Tomato,spoiled,7,1,15,Tomato_spoiled,476
data/raw/FRUIT-16K/S_Tomato/701.jpg,Tomato,spoiled,7,1,15,Tomato_spoiled,476
data/raw/FRUIT-16K/S_Tomato/702.jpg,Tomato,spoiled,7,1,15,Tomato_spoiled,476
data/raw/FRUIT-16K/S_Tomato/703.jpg,Tomato,spoiled,7,1,15,Tomato_spoiled,476
data/raw/FRUIT-16K/S_Tomato/704.jpg,Tomato,spoiled,7,1,15,Tomato_spoiled,476
data/raw/FRUIT-16K/S_Tomato/705.jpg,Tomato,spoiled,7,1,15,Tomato_spoiled,476
data/raw/FRUIT-16K/S_Tomato/706.jpg,Tomato,spoiled,7,1,15,Tomato_spoiled,476
data/raw/FRUIT-16K/S_Tomato/708.jpg,Tomato,spoiled,7,1,15,Tomato_spoiled,476
data/raw/FRUIT-16K/S_Tomato/709.jpg,Tomato,spoiled,7,1,15,Tomato_spoiled,476
data/raw/FRUIT-16K/S_Tomato/710.jpg,Tomato,spoiled,7,1,15,Tomato_spoiled,476
data/raw/FRUIT-16K/S_Tomato/711.jpg,Tomato,spoiled,7,1,15,Tomato_spoiled,476
data/raw/FRUIT-16K/S_Tomato/712.jpg,Tomato,spoiled,7,1,15,Tomato_spoiled,476
data/raw/FRUIT-16K/S_Tomato/713.jpg,Tomato,spoiled,7,1,15,Tomato_spoiled,476
data/raw/FRUIT-16K/S_Tomato/714.jpg,Tomato,spoiled,7,1,15,Tomato_spoiled,476
data/raw/FRUIT-16K/S_Tomato/715.jpg,Tomato,spoiled,7,1,15,Tomato_spoiled,476
data/raw/FRUIT-16K/S_Tomato/716.jpg,Tomato,spoiled,7,1,15,Tomato_spoiled,476
data/raw/FRUIT-16K/S_Tomato/717.jpg,Tomato,spoiled,7,1,15,Tomato_spoiled,476
data/raw/FRUIT-16K/S_Tomato/718.jpg,Tomato,spoiled,7,1,15,Tomato_spoiled,476
data/raw/FRUIT-16K/S_Tomato/719.jpg,Tomato,spoiled,7,1,15,Tomato_spoiled,476
data/raw/FRUIT-16K/S_Tomato/721.jpg,Tomato,spoiled,7,1,15,Tomato_spoiled,476
data/raw/FRUIT-16K/S_Tomato/722.jpg,Tomato,spoiled,7,1,15,Tomato_spoiled,476
data/raw/FRUIT-16K/S_Tomato/723.jpg,Tomato,spoiled,7,1,15,Tomato_spoiled,476
data/raw/FRUIT-16K/S_Tomato/724.jpg,Tomato,spoiled,7,1,15,Tomato_spoiled,476
data/raw/FRUIT-16K/S_Tomato/725.jpg,Tomato,spoiled,7,1,15,Tomato_spoiled,476
data/raw/FRUIT-16K/S_Tomato/726.jpg,Tomato,spoiled,7,1,15,Tomato_spoiled,481
data/raw/FRUIT-16K/S_Tomato/727.jpg,Tomato,spoiled,7,1,15,Tomato_spoiled,481
data/raw/FRUIT-16K/S_Tomato/728.jpg,Tomato,spoiled,7,1,15,Tomato_spoiled,481
data/raw/FRUIT-16K/S_Tomato/729.jpg,Tomato,spoiled,7,1,15,Tomato_spoiled,481
data/raw/FRUIT-16K/S_Tomato/730.jpg,Tomato,spoiled,7,1,15,Tomato_spoiled,481
data/raw/FRUIT-16K/S_Tomato/731.jpg,Tomato,spoiled,7,1,15,Tomato_spoiled,481
data/raw/FRUIT-16K/S_Tomato/732.jpg,Tomato,spoiled,7,1,15,Tomato_spoiled,481
data/raw/FRUIT-16K/S_Tomato/734.jpg,Tomato,spoiled,7,1,15,Tomato_spoiled,481
data/raw/FRUIT-16K/S_Tomato/735.jpg,Tomato,spoiled,7,1,15,Tomato_spoiled,481
data/raw/FRUIT-16K/S_Tomato/736.jpg,Tomato,spoiled,7,1,15,Tomato_spoiled,481
data/raw/FRUIT-16K/S_Tomato/737.jpg,Tomato,spoiled,7,1,15,Tomato_spoiled,481
data/raw/FRUIT-16K/S_Tomato/738.jpg,Tomato,spoiled,7,1,15,Tomato_spoiled,481
data/raw/FRUIT-16K/S_Tomato/739.jpg,Tomato,spoiled,7,1,15,Tomato_spoiled,481
data/raw/FRUIT-16K/S_Tomato/740.jpg,Tomato,spoiled,7,1,15,Tomato_spoiled,481
data/raw/FRUIT-16K/S_Tomato/741.jpg,Tomato,spoiled,7,1,15,Tomato_spoiled,481
data/raw/FRUIT-16K/S_Tomato/742.jpg,Tomato,spoiled,7,1,15,Tomato_spoiled,481
data/raw/FRUIT-16K/S_Tomato/743.jpg,Tomato,spoiled,7,1,15,Tomato_spoiled,481
data/raw/FRUIT-16K/S_Tomato/744.jpg,Tomato,spoiled,7,1,15,Tomato_spoiled,481
data/raw/FRUIT-16K/S_Tomato/745.jpg,Tomato,spoiled,7,1,15,Tomato_spoiled,481
data/raw/FRUIT-16K/S_Tomato/747.jpg,Tomato,spoiled,7,1,15,Tomato_spoiled,481
data/raw/FRUIT-16K/S_Tomato/748.jpg,Tomato,spoiled,7,1,15,Tomato_spoiled,481
data/raw/FRUIT-16K/S_Tomato/749.jpg,Tomato,spoiled,7,1,15,Tomato_spoiled,481
data/raw/FRUIT-16K/S_Tomato/750.jpg,Tomato,spoiled,7,1,15,Tomato_spoiled,481
data/raw/FRUIT-16K/S_Tomato/751.jpg,Tomato,spoiled,7,1,15,Tomato_spoiled,482
data/raw/FRUIT-16K/S_Tomato/752.jpg,Tomato,spoiled,7,1,15,Tomato_spoiled,482
data/raw/FRUIT-16K/S_Tomato/753.jpg,Tomato,spoiled,7,1,15,Tomato_spoiled,482
data/raw/FRUIT-16K/S_Tomato/754.jpg,Tomato,spoiled,7,1,15,Tomato_spoiled,482
data/raw/FRUIT-16K/S_Tomato/755.jpg,Tomato,spoiled,7,1,15,Tomato_spoiled,482
data/raw/FRUIT-16K/S_Tomato/756.jpg,Tomato,spoiled,7,1,15,Tomato_spoiled,482
data/raw/FRUIT-16K/S_Tomato/757.jpg,Tomato,spoiled,7,1,15,Tomato_spoiled,482
data/raw/FRUIT-16K/S_Tomato/758.jpg,Tomato,spoiled,7,1,15,Tomato_spoiled,482
data/raw/FRUIT-16K/S_Tomato/760.jpg,Tomato,spoiled,7,1,15,Tomato_spoiled,482
data/raw/FRUIT-16K/S_Tomato/761.jpg,Tomato,spoiled,7,1,15,Tomato_spoiled,482
data/raw/FRUIT-16K/S_Tomato/762.jpg,Tomato,spoiled,7,1,15,Tomato_spoiled,482
data/raw/FRUIT-16K/S_Tomato/763.jpg,Tomato,spoiled,7,1,15,Tomato_spoiled,482
data/raw/FRUIT-16K/S_Tomato/764.jpg,Tomato,spoiled,7,1,15,Tomato_spoiled,482
data/raw/FRUIT-16K/S_Tomato/765.jpg,Tomato,spoiled,7,1,15,Tomato_spoiled,482
data/raw/FRUIT-16K/S_Tomato/766.jpg,Tomato,spoiled,7,1,15,Tomato_spoiled,482
data/raw/FRUIT-16K/S_Tomato/767.jpg,Tomato,spoiled,7,1,15,Tomato_spoiled,482
data/raw/FRUIT-16K/S_Tomato/768.jpg,Tomato,spoiled,7,1,15,Tomato_spoiled,482
data/raw/FRUIT-16K/S_Tomato/769.jpg,Tomato,spoiled,7,1,15,Tomato_spoiled,482
data/raw/FRUIT-16K/S_Tomato/770.jpg,Tomato,spoiled,7,1,15,Tomato_spoiled,482
data/raw/FRUIT-16K/S_Tomato/771.jpg,Tomato,spoiled,7,1,15,Tomato_spoiled,482
data/raw/FRUIT-16K/S_Tomato/773.jpg,Tomato,spoiled,7,1,15,Tomato_spoiled,482
data/raw/FRUIT-16K/S_Tomato/774.jpg,Tomato,spoiled,7,1,15,Tomato_spoiled,482
data/raw/FRUIT-16K/S_Tomato/775.jpg,Tomato,spoiled,7,1,15,Tomato_spoiled,482
data/raw/FRUIT-16K/S_Tomato/776.jpg,Tomato,spoiled,7,1,15,Tomato_spoiled,483
data/raw/FRUIT-16K/S_Tomato/777.jpg,Tomato,spoiled,7,1,15,Tomato_spoiled,483
data/raw/FRUIT-16K/S_Tomato/778.jpg,Tomato,spoiled,7,1,15,Tomato_spoiled,483
data/raw/FRUIT-16K/S_Tomato/779.jpg,Tomato,spoiled,7,1,15,Tomato_spoiled,483
data/raw/FRUIT-16K/S_Tomato/780.jpg,Tomato,spoiled,7,1,15,Tomato_spoiled,483
data/raw/FRUIT-16K/S_Tomato/781.jpg,Tomato,spoiled,7,1,15,Tomato_spoiled,483
data/raw/FRUIT-16K/S_Tomato/782.jpg,Tomato,spoiled,7,1,15,Tomato_spoiled,483
data/raw/FRUIT-16K/S_Tomato/783.jpg,Tomato,spoiled,7,1,15,Tomato_spoiled,483
data/raw/FRUIT-16K/S_Tomato/784.jpg,Tomato,spoiled,7,1,15,Tomato_spoiled,483
data/raw/FRUIT-16K/S_Tomato/786.jpg,Tomato,spoiled,7,1,15,Tomato_spoiled,483
data/raw/FRUIT-16K/S_Tomato/787.jpg,Tomato,spoiled,7,1,15,Tomato_spoiled,483
data/raw/FRUIT-16K/S_Tomato/788.jpg,Tomato,spoiled,7,1,15,Tomato_spoiled,483
data/raw/FRUIT-16K/S_Tomato/789.jpg,Tomato,spoiled,7,1,15,Tomato_spoiled,483
data/raw/FRUIT-16K/S_Tomato/790.jpg,Tomato,spoiled,7,1,15,Tomato_spoiled,483
data/raw/FRUIT-16K/S_Tomato/791.jpg,Tomato,spoiled,7,1,15,Tomato_spoiled,483
data/raw/FRUIT-16K/S_Tomato/792.jpg,Tomato,spoiled,7,1,15,Tomato_spoiled,483
data/raw/FRUIT-16K/S_Tomato/793.jpg,Tomato,spoiled,7,1,15,Tomato_spoiled,483
data/raw/FRUIT-16K/S_Tomato/794.jpg,Tomato,spoiled,7,1,15,Tomato_spoiled,483
data/raw/FRUIT-16K/S_Tomato/795.jpg,Tomato,spoiled,7,1,15,Tomato_spoiled,483
data/raw/FRUIT-16K/S_Tomato/796.jpg,Tomato,spoiled,7,1,15,Tomato_spoiled,483
data/raw/FRUIT-16K/S_Tomato/797.jpg,Tomato,spoiled,7,1,15,Tomato_spoiled,483
data/raw/FRUIT-16K/S_Tomato/799.jpg,Tomato,spoiled,7,1,15,Tomato_spoiled,483
data/raw/FRUIT-16K/S_Tomato/800.jpg,Tomato,spoiled,7,1,15,Tomato_spoiled,483
data/raw/FRUIT-16K/S_Tomato/826.jpg,Tomato,spoiled,7,1,15,Tomato_spoiled,485
data/raw/FRUIT-16K/S_Tomato/827.jpg,Tomato,spoiled,7,1,15,Tomato_spoiled,485
data/raw/FRUIT-16K/S_Tomato/828.jpg,Tomato,spoiled,7,1,15,Tomato_spoiled,485
data/raw/FRUIT-16K/S_Tomato/829.jpg,Tomato,spoiled,7,1,15,Tomato_spoiled,485
data/raw/FRUIT-16K/S_Tomato/830.jpg,Tomato,spoiled,7,1,15,Tomato_spoiled,485
data/raw/FRUIT-16K/S_Tomato/831.jpg,Tomato,spoiled,7,1,15,Tomato_spoiled,485
data/raw/FRUIT-16K/S_Tomato/832.jpg,Tomato,spoiled,7,1,15,Tomato_spoiled,485
data/raw/FRUIT-16K/S_Tomato/833.jpg,Tomato,spoiled,7,1,15,Tomato_spoiled,485
data/raw/FRUIT-16K/S_Tomato/834.jpg,Tomato,spoiled,7,1,15,Tomato_spoiled,485
data/raw/FRUIT-16K/S_Tomato/835.jpg,Tomato,spoiled,7,1,15,Tomato_spoiled,485
data/raw/FRUIT-16K/S_Tomato/836.jpg,Tomato,spoiled,7,1,15,Tomato_spoiled,485
data/raw/FRUIT-16K/S_Tomato/838.jpg,Tomato,spoiled,7,1,15,Tomato_spoiled,485
data/raw/FRUIT-16K/S_Tomato/839.jpg,Tomato,spoiled,7,1,15,Tomato_spoiled,485
data/raw/FRUIT-16K/S_Tomato/840.jpg,Tomato,spoiled,7,1,15,Tomato_spoiled,485
data/raw/FRUIT-16K/S_Tomato/841.jpg,Tomato,spoiled,7,1,15,Tomato_spoiled,485
data/raw/FRUIT-16K/S_Tomato/842.jpg,Tomato,spoiled,7,1,15,Tomato_spoiled,485
data/raw/FRUIT-16K/S_Tomato/843.jpg,Tomato,spoiled,7,1,15,Tomato_spoiled,485
data/raw/FRUIT-16K/S_Tomato/844.jpg,Tomato,spoiled,7,1,15,Tomato_spoiled,485
data/raw/FRUIT-16K/S_Tomato/845.jpg,Tomato,spoiled,7,1,15,Tomato_spoiled,485
data/raw/FRUIT-16K/S_Tomato/846.jpg,Tomato,spoiled,7,1,15,Tomato_spoiled,485
data/raw/FRUIT-16K/S_Tomato/847.jpg,Tomato,spoiled,7,1,15,Tomato_spoiled,485
data/raw/FRUIT-16K/S_Tomato/848.jpg,Tomato,spoiled,7,1,15,Tomato_spoiled,485
data/raw/FRUIT-16K/S_Tomato/849.jpg,Tomato,spoiled,7,1,15,Tomato_spoiled,485
data/raw/FRUIT-16K/S_Tomato/926.jpg,Tomato,spoiled,7,1,15,Tomato_spoiled,489
data/raw/FRUIT-16K/S_Tomato/927.jpg,Tomato,spoiled,7,1,15,Tomato_spoiled,489
data/raw/FRUIT-16K/S_Tomato/928.jpg,Tomato,spoiled,7,1,15,Tomato_spoiled,489
data/raw/FRUIT-16K/S_Tomato/929.jpg,Tomato,spoiled,7,1,15,Tomato_spoiled,489
data/raw/FRUIT-16K/S_Tomato/930.jpg,Tomato,spoiled,7,1,15,Tomato_spoiled,489
data/raw/FRUIT-16K/S_Tomato/931.jpg,Tomato,spoiled,7,1,15,Tomato_spoiled,489
data/raw/FRUIT-16K/S_Tomato/932.jpg,Tomato,spoiled,7,1,15,Tomato_spoiled,489
data/raw/FRUIT-16K/S_Tomato/933.jpg,Tomato,spoiled,7,1,15,Tomato_spoiled,489
data/raw/FRUIT-16K/S_Tomato/934.jpg,Tomato,spoiled,7,1,15,Tomato_spoiled,489
data/raw/FRUIT-16K/S_Tomato/935.jpg,Tomato,spoiled,7,1,15,Tomato_spoiled,489
data/raw/FRUIT-16K/S_Tomato/936.jpg,Tomato,spoiled,7,1,15,Tomato_spoiled,489
data/raw/FRUIT-16K/S_Tomato/937.jpg,Tomato,spoiled,7,1,15,Tomato_spoiled,489
data/raw/FRUIT-16K/S_Tomato/938.jpg,Tomato,spoiled,7,1,15,Tomato_spoiled,489
data/raw/FRUIT-16K/S_Tomato/939.jpg,Tomato,spoiled,7,1,15,Tomato_spoiled,489
data/raw/FRUIT-16K/S_Tomato/940.jpg,Tomato,spoiled,7,1,15,Tomato_spoiled,489
data/raw/FRUIT-16K/S_Tomato/941.jpg,Tomato,spoiled,7,1,15,Tomato_spoiled,489
data/raw/FRUIT-16K/S_Tomato/942.jpg,Tomato,spoiled,7,1,15,Tomato_spoiled,489
data/raw/FRUIT-16K/S_Tomato/943.jpg,Tomato,spoiled,7,1,15,Tomato_spoiled,489
data/raw/FRUIT-16K/S_Tomato/944.jpg,Tomato,spoiled,7,1,15,Tomato_spoiled,489
data/raw/FRUIT-16K/S_Tomato/945.jpg,Tomato,spoiled,7,1,15,Tomato_spoiled,489
data/raw/FRUIT-16K/S_Tomato/946.jpg,Tomato,spoiled,7,1,15,Tomato_spoiled,489
data/raw/FRUIT-16K/S_Tomato/947.jpg,Tomato,spoiled,7,1,15,Tomato_spoiled,489
data/raw/FRUIT-16K/S_Tomato/948.jpg,Tomato,spoiled,7,1,15,Tomato_spoiled,489
data/raw/FRUIT-16K/S_Tomato/949.jpg,Tomato,spoiled,7,1,15,Tomato_spoiled,489
data/raw/FRUIT-16K/S_Tomato/950.jpg,Tomato,spoiled,7,1,15,Tomato_spoiled,489
data/raw/FRUIT-16K/S_Tomato/951.jpg,Tomato,spoiled,7,1,15,Tomato_spoiled,490
data/raw/FRUIT-16K/S_Tomato/952.jpg,Tomato,spoiled,7,1,15,Tomato_spoiled,490
data/raw/FRUIT-16K/S_Tomato/953.jpg,Tomato,spoiled,7,1,15,Tomato_spoiled,490
data/raw/FRUIT-16K/S_Tomato/954.jpg,Tomato,spoiled,7,1,15,Tomato_spoiled,490
data/raw/FRUIT-16K/S_Tomato/955.jpg,Tomato,spoiled,7,1,15,Tomato_spoiled,490
data/raw/FRUIT-16K/S_Tomato/956.jpg,Tomato,spoiled,7,1,15,Tomato_spoiled,490
data/raw/FRUIT-16K/S_Tomato/957.jpg,Tomato,spoiled,7,1,15,Tomato_spoiled,490
data/raw/FRUIT-16K/S_Tomato/958.jpg,Tomato,spoiled,7,1,15,Tomato_spoiled,490
data/raw/FRUIT-16K/S_Tomato/959.jpg,Tomato,spoiled,7,1,15,Tomato_spoiled,490
data/raw/FRUIT-16K/S_Tomato/960.jpg,Tomato,spoiled,7,1,15,Tomato_spoiled,490
data/raw/FRUIT-16K/S_Tomato/961.jpg,Tomato,spoiled,7,1,15,Tomato_spoiled,490
data/raw/FRUIT-16K/S_Tomato/962.jpg,Tomato,spoiled,7,1,15,Tomato_spoiled,490
data/raw/FRUIT-16K/S_Tomato/963.jpg,Tomato,spoiled,7,1,15,Tomato_spoiled,490
data/raw/FRUIT-16K/S_Tomato/964.jpg,Tomato,spoiled,7,1,15,Tomato_spoiled,490
data/raw/FRUIT-16K/S_Tomato/965.jpg,Tomato,spoiled,7,1,15,Tomato_spoiled,490
data/raw/FRUIT-16K/S_Tomato/966.jpg,Tomato,spoiled,7,1,15,Tomato_spoiled,490
data/raw/FRUIT-16K/S_Tomato/967.jpg,Tomato,spoiled,7,1,15,Tomato_spoiled,490
data/raw/FRUIT-16K/S_Tomato/968.jpg,Tomato,spoiled,7,1,15,Tomato_spoiled,490
data/raw/FRUIT-16K/S_Tomato/969.jpg,Tomato,spoiled,7,1,15,Tomato_spoiled,490
data/raw/FRUIT-16K/S_Tomato/970.jpg,Tomato,spoiled,7,1,15,Tomato_spoiled,490
data/raw/FRUIT-16K/S_Tomato/971.jpg,Tomato,spoiled,7,1,15,Tomato_spoiled,490
data/raw/FRUIT-16K/S_Tomato/972.jpg,Tomato,spoiled,7,1,15,Tomato_spoiled,490
data/raw/FRUIT-16K/S_Tomato/973.jpg,Tomato,spoiled,7,1,15,Tomato_spoiled,490
data/raw/FRUIT-16K/S_Tomato/974.jpg,Tomato,spoiled,7,1,15,Tomato_spoiled,490
data/raw/FRUIT-16K/S_Tomato/975.jpg,Tomato,spoiled,7,1,15,Tomato_spoiled,490
