path,issue,details,action
data/raw/FRUIT-16K/F_Lemon/2.jpg,exact_duplicate,identical to data/raw/FRUIT-16K/F_Lemon/1.jpg,excluded (copy)
data/raw/FRUIT-16K/F_Lemon/4.jpg,exact_duplicate,identical to data/raw/FRUIT-16K/F_Lemon/3.jpg,excluded (copy)
data/raw/FRUIT-16K/F_Lemon/6.jpg,exact_duplicate,identical to data/raw/FRUIT-16K/F_Lemon/5.jpg,excluded (copy)
data/raw/FRUIT-16K/F_Lemon/8.jpg,exact_duplicate,identical to data/raw/FRUIT-16K/F_Lemon/7.jpg,excluded (copy)
data/raw/FRUIT-16K/F_Lemon/10.jpg,exact_duplicate,identical to data/raw/FRUIT-16K/F_Lemon/9.jpg,excluded (copy)
data/raw/FRUIT-16K/F_Lemon/12.jpg,exact_duplicate,identical to data/raw/FRUIT-16K/F_Lemon/11.jpg,excluded (copy)
data/raw/FRUIT-16K/F_Lemon/14.jpg,exact_duplicate,identical to data/raw/FRUIT-16K/F_Lemon/13.jpg,excluded (copy)
data/raw/FRUIT-16K/F_Lemon/16.jpg,exact_duplicate,identical to data/raw/FRUIT-16K/F_Lemon/15.jpg,excluded (copy)
data/raw/FRUIT-16K/F_Lemon/18.jpg,exact_duplicate,identical to data/raw/FRUIT-16K/F_Lemon/17.jpg,excluded (copy)
data/raw/FRUIT-16K/F_Lemon/20.jpg,exact_duplicate,identical to data/raw/FRUIT-16K/F_Lemon/19.jpg,excluded (copy)
data/raw/FRUIT-16K/F_Lemon/24.jpg,exact_duplicate,identical to data/raw/FRUIT-16K/F_Lemon/23.jpg,excluded (copy)
data/raw/FRUIT-16K/F_Lemon/26.jpg,exact_duplicate,identical to data/raw/FRUIT-16K/F_Lemon/25.jpg,excluded (copy)
data/raw/FRUIT-16K/F_Lemon/28.jpg,exact_duplicate,identical to data/raw/FRUIT-16K/F_Lemon/27.jpg,excluded (copy)
data/raw/FRUIT-16K/F_Lemon/30.jpg,exact_duplicate,identical to data/raw/FRUIT-16K/F_Lemon/29.jpg,excluded (copy)
data/raw/FRUIT-16K/F_Lemon/32.jpg,exact_duplicate,identical to data/raw/FRUIT-16K/F_Lemon/31.jpg,excluded (copy)
data/raw/FRUIT-16K/F_Lemon/34.jpg,exact_duplicate,identical to data/raw/FRUIT-16K/F_Lemon/33.jpg,excluded (copy)
data/raw/FRUIT-16K/F_Lemon/36.jpg,exact_duplicate,identical to data/raw/FRUIT-16K/F_Lemon/35.jpg,excluded (copy)
data/raw/FRUIT-16K/F_Lemon/38.jpg,exact_duplicate,identical to data/raw/FRUIT-16K/F_Lemon/37.jpg,excluded (copy)
data/raw/FRUIT-16K/F_Lemon/40.jpg,exact_duplicate,identical to data/raw/FRUIT-16K/F_Lemon/39.jpg,excluded (copy)
data/raw/FRUIT-16K/F_Lemon/42.jpg,exact_duplicate,identical to data/raw/FRUIT-16K/F_Lemon/41.jpg,excluded (copy)
data/raw/FRUIT-16K/F_Lemon/46.jpg,exact_duplicate,identical to data/raw/FRUIT-16K/F_Lemon/45.jpg,excluded (copy)
data/raw/FRUIT-16K/F_Lemon/48.jpg,exact_duplicate,identical to data/raw/FRUIT-16K/F_Lemon/47.jpg,excluded (copy)
data/raw/FRUIT-16K/F_Lemon/50.jpg,exact_duplicate,identical to data/raw/FRUIT-16K/F_Lemon/49.jpg,excluded (copy)
data/raw/FRUIT-16K/F_Lemon/52.jpg,exact_duplicate,identical to data/raw/FRUIT-16K/F_Lemon/51.jpg,excluded (copy)
data/raw/FRUIT-16K/F_Lemon/54.jpg,exact_duplicate,identical to data/raw/FRUIT-16K/F_Lemon/53.jpg,excluded (copy)
data/raw/FRUIT-16K/F_Lemon/56.jpg,exact_duplicate,identical to data/raw/FRUIT-16K/F_Lemon/55.jpg,excluded (copy)
data/raw/FRUIT-16K/F_Lemon/58.jpg,exact_duplicate,identical to data/raw/FRUIT-16K/F_Lemon/57.jpg,excluded (copy)
data/raw/FRUIT-16K/F_Lemon/60.jpg,exact_duplicate,identical to data/raw/FRUIT-16K/F_Lemon/59.jpg,excluded (copy)
data/raw/FRUIT-16K/F_Lemon/62.jpg,exact_duplicate,identical to data/raw/FRUIT-16K/F_Lemon/61.jpg,excluded (copy)
data/raw/FRUIT-16K/F_Lemon/64.jpg,exact_duplicate,identical to data/raw/FRUIT-16K/F_Lemon/63.jpg,excluded (copy)
data/raw/FRUIT-16K/F_Lemon/68.jpg,exact_duplicate,identical to data/raw/FRUIT-16K/F_Lemon/67.jpg,excluded (copy)
data/raw/FRUIT-16K/F_Lemon/70.jpg,exact_duplicate,identical to data/raw/FRUIT-16K/F_Lemon/69.jpg,excluded (copy)
data/raw/FRUIT-16K/F_Lemon/72.jpg,exact_duplicate,identical to data/raw/FRUIT-16K/F_Lemon/71.jpg,excluded (copy)
data/raw/FRUIT-16K/F_Lemon/74.jpg,exact_duplicate,identical to data/raw/FRUIT-16K/F_Lemon/73.jpg,excluded (copy)
data/raw/FRUIT-16K/F_Lemon/76.jpg,exact_duplicate,identical to data/raw/FRUIT-16K/F_Lemon/75.jpg,excluded (copy)
data/raw/FRUIT-16K/F_Lemon/78.jpg,exact_duplicate,identical to data/raw/FRUIT-16K/F_Lemon/77.jpg,excluded (copy)
data/raw/FRUIT-16K/F_Lemon/80.jpg,exact_duplicate,identical to data/raw/FRUIT-16K/F_Lemon/79.jpg,excluded (copy)
data/raw/FRUIT-16K/F_Lemon/82.jpg,exact_duplicate,identical to data/raw/FRUIT-16K/F_Lemon/81.jpg,excluded (copy)
data/raw/FRUIT-16K/F_Lemon/84.jpg,exact_duplicate,identical to data/raw/FRUIT-16K/F_Lemon/83.jpg,excluded (copy)
data/raw/FRUIT-16K/F_Lemon/86.jpg,exact_duplicate,identical to data/raw/FRUIT-16K/F_Lemon/85.jpg,excluded (copy)
data/raw/FRUIT-16K/F_Lemon/90.jpg,exact_duplicate,identical to data/raw/FRUIT-16K/F_Lemon/89.jpg,excluded (copy)
data/raw/FRUIT-16K/F_Lemon/92.jpg,exact_duplicate,identical to data/raw/FRUIT-16K/F_Lemon/91.jpg,excluded (copy)
data/raw/FRUIT-16K/F_Lemon/94.jpg,exact_duplicate,identical to data/raw/FRUIT-16K/F_Lemon/93.jpg,excluded (copy)
data/raw/FRUIT-16K/F_Lemon/96.jpg,exact_duplicate,identical to data/raw/FRUIT-16K/F_Lemon/95.jpg,excluded (copy)
data/raw/FRUIT-16K/F_Lemon/98.jpg,exact_duplicate,identical to data/raw/FRUIT-16K/F_Lemon/97.jpg,excluded (copy)
data/raw/FRUIT-16K/F_Lemon/100.jpg,exact_duplicate,identical to data/raw/FRUIT-16K/F_Lemon/99.jpg,excluded (copy)
data/raw/FRUIT-16K/F_Lemon/102.jpg,exact_duplicate,identical to data/raw/FRUIT-16K/F_Lemon/101.jpg,excluded (copy)
data/raw/FRUIT-16K/F_Lemon/104.jpg,exact_duplicate,identical to data/raw/FRUIT-16K/F_Lemon/103.jpg,excluded (copy)
data/raw/FRUIT-16K/F_Lemon/106.jpg,exact_duplicate,identical to data/raw/FRUIT-16K/F_Lemon/105.jpg,excluded (copy)
data/raw/FRUIT-16K/F_Lemon/108.jpg,exact_duplicate,identical to data/raw/FRUIT-16K/F_Lemon/107.jpg,excluded (copy)
data/raw/FRUIT-16K/F_Lemon/112.jpg,exact_duplicate,identical to data/raw/FRUIT-16K/F_Lemon/111.jpg,excluded (copy)
data/raw/FRUIT-16K/F_Lemon/114.jpg,exact_duplicate,identical to data/raw/FRUIT-16K/F_Lemon/113.jpg,excluded (copy)
data/raw/FRUIT-16K/F_Lemon/116.jpg,exact_duplicate,identical to data/raw/FRUIT-16K/F_Lemon/115.jpg,excluded (copy)
data/raw/FRUIT-16K/F_Lemon/118.jpg,exact_duplicate,identical to data/raw/FRUIT-16K/F_Lemon/117.jpg,excluded (copy)
data/raw/FRUIT-16K/F_Lemon/120.jpg,exact_duplicate,identical to data/raw/FRUIT-16K/F_Lemon/119.jpg,excluded (copy)
data/raw/FRUIT-16K/F_Lemon/122.jpg,exact_duplicate,identical to data/raw/FRUIT-16K/F_Lemon/121.jpg,excluded (copy)
data/raw/FRUIT-16K/F_Lemon/124.jpg,exact_duplicate,identical to data/raw/FRUIT-16K/F_Lemon/123.jpg,excluded (copy)
data/raw/FRUIT-16K/F_Lemon/126.jpg,exact_duplicate,identical to data/raw/FRUIT-16K/F_Lemon/125.jpg,excluded (copy)
data/raw/FRUIT-16K/F_Lemon/128.jpg,exact_duplicate,identical to data/raw/FRUIT-16K/F_Lemon/127.jpg,excluded (copy)
data/raw/FRUIT-16K/F_Lemon/130.jpg,exact_duplicate,identical to data/raw/FRUIT-16K/F_Lemon/129.jpg,excluded (copy)
data/raw/FRUIT-16K/F_Lemon/134.jpg,exact_duplicate,identical to data/raw/FRUIT-16K/F_Lemon/133.jpg,excluded (copy)
data/raw/FRUIT-16K/F_Lemon/136.jpg,exact_duplicate,identical to data/raw/FRUIT-16K/F_Lemon/135.jpg,excluded (copy)
data/raw/FRUIT-16K/F_Lemon/138.jpg,exact_duplicate,identical to data/raw/FRUIT-16K/F_Lemon/137.jpg,excluded (copy)
data/raw/FRUIT-16K/F_Lemon/140.jpg,exact_duplicate,identical to data/raw/FRUIT-16K/F_Lemon/139.jpg,excluded (copy)
data/raw/FRUIT-16K/F_Lemon/142.jpg,exact_duplicate,identical to data/raw/FRUIT-16K/F_Lemon/141.jpg,excluded (copy)
data/raw/FRUIT-16K/F_Lemon/144.jpg,exact_duplicate,identical to data/raw/FRUIT-16K/F_Lemon/143.jpg,excluded (copy)
data/raw/FRUIT-16K/F_Lemon/146.jpg,exact_duplicate,identical to data/raw/FRUIT-16K/F_Lemon/145.jpg,excluded (copy)
data/raw/FRUIT-16K/F_Lemon/148.jpg,exact_duplicate,identical to data/raw/FRUIT-16K/F_Lemon/147.jpg,excluded (copy)
data/raw/FRUIT-16K/F_Lemon/150.jpg,exact_duplicate,identical to data/raw/FRUIT-16K/F_Lemon/149.jpg,excluded (copy)
data/raw/FRUIT-16K/F_Lemon/152.jpg,exact_duplicate,identical to data/raw/FRUIT-16K/F_Lemon/151.jpg,excluded (copy)
data/raw/FRUIT-16K/F_Lemon/156.jpg,exact_duplicate,identical to data/raw/FRUIT-16K/F_Lemon/155.jpg,excluded (copy)
data/raw/FRUIT-16K/F_Lemon/158.jpg,exact_duplicate,identical to data/raw/FRUIT-16K/F_Lemon/157.jpg,excluded (copy)
data/raw/FRUIT-16K/F_Lemon/160.jpg,exact_duplicate,identical to data/raw/FRUIT-16K/F_Lemon/159.jpg,excluded (copy)
data/raw/FRUIT-16K/F_Lemon/162.jpg,exact_duplicate,identical to data/raw/FRUIT-16K/F_Lemon/161.jpg,excluded (copy)
data/raw/FRUIT-16K/F_Lemon/164.jpg,exact_duplicate,identical to data/raw/FRUIT-16K/F_Lemon/163.jpg,excluded (copy)
data/raw/FRUIT-16K/F_Lemon/166.jpg,exact_duplicate,identical to data/raw/FRUIT-16K/F_Lemon/165.jpg,excluded (copy)
data/raw/FRUIT-16K/F_Lemon/168.jpg,exact_duplicate,identical to data/raw/FRUIT-16K/F_Lemon/167.jpg,excluded (copy)
data/raw/FRUIT-16K/F_Lemon/170.jpg,exact_duplicate,identical to data/raw/FRUIT-16K/F_Lemon/169.jpg,excluded (copy)
data/raw/FRUIT-16K/F_Lemon/172.jpg,exact_duplicate,identical to data/raw/FRUIT-16K/F_Lemon/171.jpg,excluded (copy)
data/raw/FRUIT-16K/F_Lemon/174.jpg,exact_duplicate,identical to data/raw/FRUIT-16K/F_Lemon/173.jpg,excluded (copy)
data/raw/FRUIT-16K/F_Lemon/178.jpg,exact_duplicate,identical to data/raw/FRUIT-16K/F_Lemon/177.jpg,excluded (copy)
data/raw/FRUIT-16K/F_Lemon/180.jpg,exact_duplicate,identical to data/raw/FRUIT-16K/F_Lemon/179.jpg,excluded (copy)
data/raw/FRUIT-16K/F_Lemon/182.jpg,exact_duplicate,identical to data/raw/FRUIT-16K/F_Lemon/181.jpg,excluded (copy)
data/raw/FRUIT-16K/F_Lemon/184.jpg,exact_duplicate,identical to data/raw/FRUIT-16K/F_Lemon/183.jpg,excluded (copy)
data/raw/FRUIT-16K/F_Lemon/186.jpg,exact_duplicate,identical to data/raw/FRUIT-16K/F_Lemon/185.jpg,excluded (copy)
data/raw/FRUIT-16K/F_Lemon/188.jpg,exact_duplicate,identical to data/raw/FRUIT-16K/F_Lemon/187.jpg,excluded (copy)
data/raw/FRUIT-16K/F_Lemon/190.jpg,exact_duplicate,identical to data/raw/FRUIT-16K/F_Lemon/189.jpg,excluded (copy)
data/raw/FRUIT-16K/F_Lemon/192.jpg,exact_duplicate,identical to data/raw/FRUIT-16K/F_Lemon/191.jpg,excluded (copy)
data/raw/FRUIT-16K/F_Lemon/194.jpg,exact_duplicate,identical to data/raw/FRUIT-16K/F_Lemon/193.jpg,excluded (copy)
data/raw/FRUIT-16K/F_Lemon/196.jpg,exact_duplicate,identical to data/raw/FRUIT-16K/F_Lemon/195.jpg,excluded (copy)
data/raw/FRUIT-16K/F_Lemon/200.jpg,exact_duplicate,identical to data/raw/FRUIT-16K/F_Lemon/199.jpg,excluded (copy)
data/raw/FRUIT-16K/F_Lemon/202.jpg,exact_duplicate,identical to data/raw/FRUIT-16K/F_Lemon/201.jpg,excluded (copy)
data/raw/FRUIT-16K/F_Lemon/204.jpg,exact_duplicate,identical to data/raw/FRUIT-16K/F_Lemon/203.jpg,excluded (copy)
data/raw/FRUIT-16K/F_Lemon/206.jpg,exact_duplicate,identical to data/raw/FRUIT-16K/F_Lemon/205.jpg,excluded (copy)
data/raw/FRUIT-16K/F_Lemon/208.jpg,exact_duplicate,identical to data/raw/FRUIT-16K/F_Lemon/207.jpg,excluded (copy)
data/raw/FRUIT-16K/F_Lemon/210.jpg,exact_duplicate,identical to data/raw/FRUIT-16K/F_Lemon/209.jpg,excluded (copy)
data/raw/FRUIT-16K/F_Lemon/212.jpg,exact_duplicate,identical to data/raw/FRUIT-16K/F_Lemon/211.jpg,excluded (copy)
data/raw/FRUIT-16K/F_Lemon/214.jpg,exact_duplicate,identical to data/raw/FRUIT-16K/F_Lemon/213.jpg,excluded (copy)
data/raw/FRUIT-16K/F_Lemon/216.jpg,exact_duplicate,identical to data/raw/FRUIT-16K/F_Lemon/215.jpg,excluded (copy)
data/raw/FRUIT-16K/F_Lemon/218.jpg,exact_duplicate,identical to data/raw/FRUIT-16K/F_Lemon/217.jpg,excluded (copy)
data/raw/FRUIT-16K/F_Lemon/222.jpg,exact_duplicate,identical to data/raw/FRUIT-16K/F_Lemon/221.jpg,excluded (copy)
data/raw/FRUIT-16K/F_Lemon/224.jpg,exact_duplicate,identical to data/raw/FRUIT-16K/F_Lemon/223.jpg,excluded (copy)
data/raw/FRUIT-16K/F_Lemon/226.jpg,exact_duplicate,identical to data/raw/FRUIT-16K/F_Lemon/225.jpg,excluded (copy)
data/raw/FRUIT-16K/F_Lemon/228.jpg,exact_duplicate,identical to data/raw/FRUIT-16K/F_Lemon/227.jpg,excluded (copy)
data/raw/FRUIT-16K/F_Lemon/230.jpg,exact_duplicate,identical to data/raw/FRUIT-16K/F_Lemon/229.jpg,excluded (copy)
data/raw/FRUIT-16K/F_Lemon/232.jpg,exact_duplicate,identical to data/raw/FRUIT-16K/F_Lemon/231.jpg,excluded (copy)
data/raw/FRUIT-16K/F_Lemon/234.jpg,exact_duplicate,identical to data/raw/FRUIT-16K/F_Lemon/233.jpg,excluded (copy)
data/raw/FRUIT-16K/F_Lemon/236.jpg,exact_duplicate,identical to data/raw/FRUIT-16K/F_Lemon/235.jpg,excluded (copy)
data/raw/FRUIT-16K/F_Lemon/238.jpg,exact_duplicate,identical to data/raw/FRUIT-16K/F_Lemon/237.jpg,excluded (copy)
data/raw/FRUIT-16K/F_Lemon/240.jpg,exact_duplicate,identical to data/raw/FRUIT-16K/F_Lemon/239.jpg,excluded (copy)
data/raw/FRUIT-16K/F_Lemon/244.jpg,exact_duplicate,identical to data/raw/FRUIT-16K/F_Lemon/243.jpg,excluded (copy)
data/raw/FRUIT-16K/F_Lemon/246.jpg,exact_duplicate,identical to data/raw/FRUIT-16K/F_Lemon/245.jpg,excluded (copy)
data/raw/FRUIT-16K/F_Lemon/248.jpg,exact_duplicate,identical to data/raw/FRUIT-16K/F_Lemon/247.jpg,excluded (copy)
data/raw/FRUIT-16K/F_Lemon/250.jpg,exact_duplicate,identical to data/raw/FRUIT-16K/F_Lemon/249.jpg,excluded (copy)
data/raw/FRUIT-16K/F_Lemon/252.jpg,exact_duplicate,identical to data/raw/FRUIT-16K/F_Lemon/251.jpg,excluded (copy)
data/raw/FRUIT-16K/F_Lemon/254.jpg,exact_duplicate,identical to data/raw/FRUIT-16K/F_Lemon/253.jpg,excluded (copy)
data/raw/FRUIT-16K/F_Lemon/256.jpg,exact_duplicate,identical to data/raw/FRUIT-16K/F_Lemon/255.jpg,excluded (copy)
data/raw/FRUIT-16K/F_Lemon/258.jpg,exact_duplicate,identical to data/raw/FRUIT-16K/F_Lemon/257.jpg,excluded (copy)
data/raw/FRUIT-16K/F_Lemon/260.jpg,exact_duplicate,identical to data/raw/FRUIT-16K/F_Lemon/259.jpg,excluded (copy)
data/raw/FRUIT-16K/F_Lemon/262.jpg,exact_duplicate,identical to data/raw/FRUIT-16K/F_Lemon/261.jpg,excluded (copy)
data/raw/FRUIT-16K/F_Lemon/266.jpg,exact_duplicate,identical to data/raw/FRUIT-16K/F_Lemon/265.jpg,excluded (copy)
data/raw/FRUIT-16K/F_Lemon/268.jpg,exact_duplicate,identical to data/raw/FRUIT-16K/F_Lemon/267.jpg,excluded (copy)
data/raw/FRUIT-16K/F_Lemon/270.jpg,exact_duplicate,identical to data/raw/FRUIT-16K/F_Lemon/269.jpg,excluded (copy)
data/raw/FRUIT-16K/F_Lemon/272.jpg,exact_duplicate,identical to data/raw/FRUIT-16K/F_Lemon/271.jpg,excluded (copy)
data/raw/FRUIT-16K/F_Lemon/274.jpg,exact_duplicate,identical to data/raw/FRUIT-16K/F_Lemon/273.jpg,excluded (copy)
data/raw/FRUIT-16K/F_Lemon/276.jpg,exact_duplicate,identical to data/raw/FRUIT-16K/F_Lemon/275.jpg,excluded (copy)
data/raw/FRUIT-16K/F_Lemon/278.jpg,exact_duplicate,identical to data/raw/FRUIT-16K/F_Lemon/277.jpg,excluded (copy)
data/raw/FRUIT-16K/F_Lemon/280.jpg,exact_duplicate,identical to data/raw/FRUIT-16K/F_Lemon/279.jpg,excluded (copy)
data/raw/FRUIT-16K/F_Lemon/282.jpg,exact_duplicate,identical to data/raw/FRUIT-16K/F_Lemon/281.jpg,excluded (copy)
data/raw/FRUIT-16K/F_Lemon/284.jpg,exact_duplicate,identical to data/raw/FRUIT-16K/F_Lemon/283.jpg,excluded (copy)
data/raw/FRUIT-16K/F_Lemon/288.jpg,exact_duplicate,identical to data/raw/FRUIT-16K/F_Lemon/287.jpg,excluded (copy)
data/raw/FRUIT-16K/F_Lemon/290.jpg,exact_duplicate,identical to data/raw/FRUIT-16K/F_Lemon/289.jpg,excluded (copy)
data/raw/FRUIT-16K/F_Lemon/292.jpg,exact_duplicate,identical to data/raw/FRUIT-16K/F_Lemon/291.jpg,excluded (copy)
data/raw/FRUIT-16K/F_Lemon/294.jpg,exact_duplicate,identical to data/raw/FRUIT-16K/F_Lemon/293.jpg,excluded (copy)
data/raw/FRUIT-16K/F_Lemon/296.jpg,exact_duplicate,identical to data/raw/FRUIT-16K/F_Lemon/295.jpg,excluded (copy)
data/raw/FRUIT-16K/F_Lemon/298.jpg,exact_duplicate,identical to data/raw/FRUIT-16K/F_Lemon/297.jpg,excluded (copy)
data/raw/FRUIT-16K/F_Lemon/300.jpg,exact_duplicate,identical to data/raw/FRUIT-16K/F_Lemon/299.jpg,excluded (copy)
data/raw/FRUIT-16K/F_Lemon/302.jpg,exact_duplicate,identical to data/raw/FRUIT-16K/F_Lemon/301.jpg,excluded (copy)
data/raw/FRUIT-16K/F_Lemon/304.jpg,exact_duplicate,identical to data/raw/FRUIT-16K/F_Lemon/303.jpg,excluded (copy)
data/raw/FRUIT-16K/F_Lemon/306.jpg,exact_duplicate,identical to data/raw/FRUIT-16K/F_Lemon/305.jpg,excluded (copy)
data/raw/FRUIT-16K/F_Lemon/310.jpg,exact_duplicate,identical to data/raw/FRUIT-16K/F_Lemon/309.jpg,excluded (copy)
data/raw/FRUIT-16K/F_Lemon/312.jpg,exact_duplicate,identical to data/raw/FRUIT-16K/F_Lemon/311.jpg,excluded (copy)
data/raw/FRUIT-16K/F_Lemon/314.jpg,exact_duplicate,identical to data/raw/FRUIT-16K/F_Lemon/313.jpg,excluded (copy)
data/raw/FRUIT-16K/F_Lemon/316.jpg,exact_duplicate,identical to data/raw/FRUIT-16K/F_Lemon/315.jpg,excluded (copy)
data/raw/FRUIT-16K/F_Lemon/318.jpg,exact_duplicate,identical to data/raw/FRUIT-16K/F_Lemon/317.jpg,excluded (copy)
data/raw/FRUIT-16K/F_Lemon/320.jpg,exact_duplicate,identical to data/raw/FRUIT-16K/F_Lemon/319.jpg,excluded (copy)
data/raw/FRUIT-16K/F_Lemon/322.jpg,exact_duplicate,identical to data/raw/FRUIT-16K/F_Lemon/321.jpg,excluded (copy)
data/raw/FRUIT-16K/F_Lemon/324.jpg,exact_duplicate,identical to data/raw/FRUIT-16K/F_Lemon/323.jpg,excluded (copy)
data/raw/FRUIT-16K/F_Lemon/326.jpg,exact_duplicate,identical to data/raw/FRUIT-16K/F_Lemon/325.jpg,excluded (copy)
data/raw/FRUIT-16K/F_Lemon/328.jpg,exact_duplicate,identical to data/raw/FRUIT-16K/F_Lemon/327.jpg,excluded (copy)
data/raw/FRUIT-16K/F_Lemon/332.jpg,exact_duplicate,identical to data/raw/FRUIT-16K/F_Lemon/331.jpg,excluded (copy)
data/raw/FRUIT-16K/F_Lemon/334.jpg,exact_duplicate,identical to data/raw/FRUIT-16K/F_Lemon/333.jpg,excluded (copy)
data/raw/FRUIT-16K/F_Lemon/336.jpg,exact_duplicate,identical to data/raw/FRUIT-16K/F_Lemon/335.jpg,excluded (copy)
data/raw/FRUIT-16K/F_Lemon/338.jpg,exact_duplicate,identical to data/raw/FRUIT-16K/F_Lemon/337.jpg,excluded (copy)
data/raw/FRUIT-16K/F_Lemon/340.jpg,exact_duplicate,identical to data/raw/FRUIT-16K/F_Lemon/339.jpg,excluded (copy)
data/raw/FRUIT-16K/F_Lemon/342.jpg,exact_duplicate,identical to data/raw/FRUIT-16K/F_Lemon/341.jpg,excluded (copy)
data/raw/FRUIT-16K/F_Lemon/344.jpg,exact_duplicate,identical to data/raw/FRUIT-16K/F_Lemon/343.jpg,excluded (copy)
data/raw/FRUIT-16K/F_Lemon/346.jpg,exact_duplicate,identical to data/raw/FRUIT-16K/F_Lemon/345.jpg,excluded (copy)
data/raw/FRUIT-16K/F_Lemon/348.jpg,exact_duplicate,identical to data/raw/FRUIT-16K/F_Lemon/347.jpg,excluded (copy)
data/raw/FRUIT-16K/F_Lemon/350.jpg,exact_duplicate,identical to data/raw/FRUIT-16K/F_Lemon/349.jpg,excluded (copy)
data/raw/FRUIT-16K/F_Lemon/354.jpg,exact_duplicate,identical to data/raw/FRUIT-16K/F_Lemon/353.jpg,excluded (copy)
data/raw/FRUIT-16K/F_Lemon/356.jpg,exact_duplicate,identical to data/raw/FRUIT-16K/F_Lemon/355.jpg,excluded (copy)
data/raw/FRUIT-16K/F_Lemon/358.jpg,exact_duplicate,identical to data/raw/FRUIT-16K/F_Lemon/357.jpg,excluded (copy)
data/raw/FRUIT-16K/F_Lemon/360.jpg,exact_duplicate,identical to data/raw/FRUIT-16K/F_Lemon/359.jpg,excluded (copy)
data/raw/FRUIT-16K/F_Lemon/362.jpg,exact_duplicate,identical to data/raw/FRUIT-16K/F_Lemon/361.jpg,excluded (copy)
data/raw/FRUIT-16K/F_Lemon/364.jpg,exact_duplicate,identical to data/raw/FRUIT-16K/F_Lemon/363.jpg,excluded (copy)
data/raw/FRUIT-16K/F_Lemon/366.jpg,exact_duplicate,identical to data/raw/FRUIT-16K/F_Lemon/365.jpg,excluded (copy)
data/raw/FRUIT-16K/F_Lemon/368.jpg,exact_duplicate,identical to data/raw/FRUIT-16K/F_Lemon/367.jpg,excluded (copy)
data/raw/FRUIT-16K/F_Lemon/370.jpg,exact_duplicate,identical to data/raw/FRUIT-16K/F_Lemon/369.jpg,excluded (copy)
data/raw/FRUIT-16K/F_Lemon/372.jpg,exact_duplicate,identical to data/raw/FRUIT-16K/F_Lemon/371.jpg,excluded (copy)
data/raw/FRUIT-16K/F_Lemon/376.jpg,exact_duplicate,identical to data/raw/FRUIT-16K/F_Lemon/375.jpg,excluded (copy)
data/raw/FRUIT-16K/F_Lemon/378.jpg,exact_duplicate,identical to data/raw/FRUIT-16K/F_Lemon/377.jpg,excluded (copy)
data/raw/FRUIT-16K/F_Lemon/380.jpg,exact_duplicate,identical to data/raw/FRUIT-16K/F_Lemon/379.jpg,excluded (copy)
data/raw/FRUIT-16K/F_Lemon/382.jpg,exact_duplicate,identical to data/raw/FRUIT-16K/F_Lemon/381.jpg,excluded (copy)
data/raw/FRUIT-16K/F_Lemon/384.jpg,exact_duplicate,identical to data/raw/FRUIT-16K/F_Lemon/383.jpg,excluded (copy)
data/raw/FRUIT-16K/F_Lemon/386.jpg,exact_duplicate,identical to data/raw/FRUIT-16K/F_Lemon/385.jpg,excluded (copy)
data/raw/FRUIT-16K/F_Lemon/388.jpg,exact_duplicate,identical to data/raw/FRUIT-16K/F_Lemon/387.jpg,excluded (copy)
data/raw/FRUIT-16K/F_Lemon/390.jpg,exact_duplicate,identical to data/raw/FRUIT-16K/F_Lemon/389.jpg,excluded (copy)
data/raw/FRUIT-16K/F_Lemon/392.jpg,exact_duplicate,identical to data/raw/FRUIT-16K/F_Lemon/391.jpg,excluded (copy)
data/raw/FRUIT-16K/F_Lemon/394.jpg,exact_duplicate,identical to data/raw/FRUIT-16K/F_Lemon/393.jpg,excluded (copy)
data/raw/FRUIT-16K/F_Lemon/398.jpg,exact_duplicate,identical to data/raw/FRUIT-16K/F_Lemon/397.jpg,excluded (copy)
data/raw/FRUIT-16K/F_Lemon/400.jpg,exact_duplicate,identical to data/raw/FRUIT-16K/F_Lemon/399.jpg,excluded (copy)
data/raw/FRUIT-16K/F_Lemon/402.jpg,exact_duplicate,identical to data/raw/FRUIT-16K/F_Lemon/401.jpg,excluded (copy)
data/raw/FRUIT-16K/F_Lemon/404.jpg,exact_duplicate,identical to data/raw/FRUIT-16K/F_Lemon/403.jpg,excluded (copy)
data/raw/FRUIT-16K/F_Lemon/406.jpg,exact_duplicate,identical to data/raw/FRUIT-16K/F_Lemon/405.jpg,excluded (copy)
data/raw/FRUIT-16K/F_Lemon/408.jpg,exact_duplicate,identical to data/raw/FRUIT-16K/F_Lemon/407.jpg,excluded (copy)
data/raw/FRUIT-16K/F_Lemon/410.jpg,exact_duplicate,identical to data/raw/FRUIT-16K/F_Lemon/409.jpg,excluded (copy)
data/raw/FRUIT-16K/F_Lemon/412.jpg,exact_duplicate,identical to data/raw/FRUIT-16K/F_Lemon/411.jpg,excluded (copy)
data/raw/FRUIT-16K/F_Lemon/414.jpg,exact_duplicate,identical to data/raw/FRUIT-16K/F_Lemon/413.jpg,excluded (copy)
data/raw/FRUIT-16K/F_Lemon/416.jpg,exact_duplicate,identical to data/raw/FRUIT-16K/F_Lemon/415.jpg,excluded (copy)
data/raw/FRUIT-16K/F_Lemon/420.jpg,exact_duplicate,identical to data/raw/FRUIT-16K/F_Lemon/419.jpg,excluded (copy)
data/raw/FRUIT-16K/F_Lemon/422.jpg,exact_duplicate,identical to data/raw/FRUIT-16K/F_Lemon/421.jpg,excluded (copy)
data/raw/FRUIT-16K/F_Lemon/424.jpg,exact_duplicate,identical to data/raw/FRUIT-16K/F_Lemon/423.jpg,excluded (copy)
data/raw/FRUIT-16K/F_Lemon/426.jpg,exact_duplicate,identical to data/raw/FRUIT-16K/F_Lemon/425.jpg,excluded (copy)
data/raw/FRUIT-16K/F_Lemon/428.jpg,exact_duplicate,identical to data/raw/FRUIT-16K/F_Lemon/427.jpg,excluded (copy)
data/raw/FRUIT-16K/F_Lemon/430.jpg,exact_duplicate,identical to data/raw/FRUIT-16K/F_Lemon/429.jpg,excluded (copy)
data/raw/FRUIT-16K/F_Lemon/432.jpg,exact_duplicate,identical to data/raw/FRUIT-16K/F_Lemon/431.jpg,excluded (copy)
data/raw/FRUIT-16K/F_Lemon/434.jpg,exact_duplicate,identical to data/raw/FRUIT-16K/F_Lemon/433.jpg,excluded (copy)
data/raw/FRUIT-16K/F_Lemon/436.jpg,exact_duplicate,identical to data/raw/FRUIT-16K/F_Lemon/435.jpg,excluded (copy)
data/raw/FRUIT-16K/F_Lemon/438.jpg,exact_duplicate,identical to data/raw/FRUIT-16K/F_Lemon/437.jpg,excluded (copy)
data/raw/FRUIT-16K/F_Lemon/442.jpg,exact_duplicate,identical to data/raw/FRUIT-16K/F_Lemon/441.jpg,excluded (copy)
data/raw/FRUIT-16K/F_Lemon/444.jpg,exact_duplicate,identical to data/raw/FRUIT-16K/F_Lemon/443.jpg,excluded (copy)
data/raw/FRUIT-16K/F_Lemon/446.jpg,exact_duplicate,identical to data/raw/FRUIT-16K/F_Lemon/445.jpg,excluded (copy)
data/raw/FRUIT-16K/F_Lemon/448.jpg,exact_duplicate,identical to data/raw/FRUIT-16K/F_Lemon/447.jpg,excluded (copy)
data/raw/FRUIT-16K/F_Lemon/450.jpg,exact_duplicate,identical to data/raw/FRUIT-16K/F_Lemon/449.jpg,excluded (copy)
data/raw/FRUIT-16K/F_Lemon/452.jpg,exact_duplicate,identical to data/raw/FRUIT-16K/F_Lemon/451.jpg,excluded (copy)
data/raw/FRUIT-16K/F_Lemon/454.jpg,exact_duplicate,identical to data/raw/FRUIT-16K/F_Lemon/453.jpg,excluded (copy)
data/raw/FRUIT-16K/F_Lemon/456.jpg,exact_duplicate,identical to data/raw/FRUIT-16K/F_Lemon/455.jpg,excluded (copy)
data/raw/FRUIT-16K/F_Lemon/458.jpg,exact_duplicate,identical to data/raw/FRUIT-16K/F_Lemon/457.jpg,excluded (copy)
data/raw/FRUIT-16K/F_Lemon/460.jpg,exact_duplicate,identical to data/raw/FRUIT-16K/F_Lemon/459.jpg,excluded (copy)
data/raw/FRUIT-16K/F_Lemon/464.jpg,exact_duplicate,identical to data/raw/FRUIT-16K/F_Lemon/463.jpg,excluded (copy)
data/raw/FRUIT-16K/F_Lemon/466.jpg,exact_duplicate,identical to data/raw/FRUIT-16K/F_Lemon/465.jpg,excluded (copy)
data/raw/FRUIT-16K/F_Lemon/468.jpg,exact_duplicate,identical to data/raw/FRUIT-16K/F_Lemon/467.jpg,excluded (copy)
data/raw/FRUIT-16K/F_Lemon/470.jpg,exact_duplicate,identical to data/raw/FRUIT-16K/F_Lemon/469.jpg,excluded (copy)
data/raw/FRUIT-16K/F_Lemon/472.jpg,exact_duplicate,identical to data/raw/FRUIT-16K/F_Lemon/471.jpg,excluded (copy)
data/raw/FRUIT-16K/F_Lemon/474.jpg,exact_duplicate,identical to data/raw/FRUIT-16K/F_Lemon/473.jpg,excluded (copy)
data/raw/FRUIT-16K/F_Lemon/476.jpg,exact_duplicate,identical to data/raw/FRUIT-16K/F_Lemon/475.jpg,excluded (copy)
data/raw/FRUIT-16K/F_Lemon/478.jpg,exact_duplicate,identical to data/raw/FRUIT-16K/F_Lemon/477.jpg,excluded (copy)
data/raw/FRUIT-16K/F_Lemon/480.jpg,exact_duplicate,identical to data/raw/FRUIT-16K/F_Lemon/479.jpg,excluded (copy)
data/raw/FRUIT-16K/F_Lemon/482.jpg,exact_duplicate,identical to data/raw/FRUIT-16K/F_Lemon/481.jpg,excluded (copy)
data/raw/FRUIT-16K/F_Lemon/486.jpg,exact_duplicate,identical to data/raw/FRUIT-16K/F_Lemon/485.jpg,excluded (copy)
data/raw/FRUIT-16K/F_Lemon/488.jpg,exact_duplicate,identical to data/raw/FRUIT-16K/F_Lemon/487.jpg,excluded (copy)
data/raw/FRUIT-16K/F_Lemon/490.jpg,exact_duplicate,identical to data/raw/FRUIT-16K/F_Lemon/489.jpg,excluded (copy)
data/raw/FRUIT-16K/F_Lemon/492.jpg,exact_duplicate,identical to data/raw/FRUIT-16K/F_Lemon/491.jpg,excluded (copy)
data/raw/FRUIT-16K/F_Lemon/494.jpg,exact_duplicate,identical to data/raw/FRUIT-16K/F_Lemon/493.jpg,excluded (copy)
data/raw/FRUIT-16K/F_Lemon/496.jpg,exact_duplicate,identical to data/raw/FRUIT-16K/F_Lemon/495.jpg,excluded (copy)
data/raw/FRUIT-16K/F_Lemon/498.jpg,exact_duplicate,identical to data/raw/FRUIT-16K/F_Lemon/497.jpg,excluded (copy)
data/raw/FRUIT-16K/F_Lemon/500.jpg,exact_duplicate,identical to data/raw/FRUIT-16K/F_Lemon/499.jpg,excluded (copy)
data/raw/FRUIT-16K/F_Lemon/502.jpg,exact_duplicate,identical to data/raw/FRUIT-16K/F_Lemon/501.jpg,excluded (copy)
data/raw/FRUIT-16K/F_Lemon/504.jpg,exact_duplicate,identical to data/raw/FRUIT-16K/F_Lemon/503.jpg,excluded (copy)
data/raw/FRUIT-16K/F_Lemon/508.jpg,exact_duplicate,identical to data/raw/FRUIT-16K/F_Lemon/507.jpg,excluded (copy)
data/raw/FRUIT-16K/F_Lemon/510.jpg,exact_duplicate,identical to data/raw/FRUIT-16K/F_Lemon/509.jpg,excluded (copy)
data/raw/FRUIT-16K/F_Lemon/512.jpg,exact_duplicate,identical to data/raw/FRUIT-16K/F_Lemon/511.jpg,excluded (copy)
data/raw/FRUIT-16K/F_Lemon/514.jpg,exact_duplicate,identical to data/raw/FRUIT-16K/F_Lemon/513.jpg,excluded (copy)
data/raw/FRUIT-16K/F_Lemon/516.jpg,exact_duplicate,identical to data/raw/FRUIT-16K/F_Lemon/515.jpg,excluded (copy)
data/raw/FRUIT-16K/F_Lemon/518.jpg,exact_duplicate,identical to data/raw/FRUIT-16K/F_Lemon/517.jpg,excluded (copy)
data/raw/FRUIT-16K/F_Lemon/520.jpg,exact_duplicate,identical to data/raw/FRUIT-16K/F_Lemon/519.jpg,excluded (copy)
data/raw/FRUIT-16K/F_Lemon/522.jpg,exact_duplicate,identical to data/raw/FRUIT-16K/F_Lemon/521.jpg,excluded (copy)
data/raw/FRUIT-16K/F_Lemon/524.jpg,exact_duplicate,identical to data/raw/FRUIT-16K/F_Lemon/523.jpg,excluded (copy)
data/raw/FRUIT-16K/F_Lemon/526.jpg,exact_duplicate,identical to data/raw/FRUIT-16K/F_Lemon/525.jpg,excluded (copy)
data/raw/FRUIT-16K/F_Lemon/530.jpg,exact_duplicate,identical to data/raw/FRUIT-16K/F_Lemon/529.jpg,excluded (copy)
data/raw/FRUIT-16K/F_Lemon/532.jpg,exact_duplicate,identical to data/raw/FRUIT-16K/F_Lemon/531.jpg,excluded (copy)
data/raw/FRUIT-16K/F_Lemon/534.jpg,exact_duplicate,identical to data/raw/FRUIT-16K/F_Lemon/533.jpg,excluded (copy)
data/raw/FRUIT-16K/F_Lemon/536.jpg,exact_duplicate,identical to data/raw/FRUIT-16K/F_Lemon/535.jpg,excluded (copy)
data/raw/FRUIT-16K/F_Lemon/538.jpg,exact_duplicate,identical to data/raw/FRUIT-16K/F_Lemon/537.jpg,excluded (copy)
data/raw/FRUIT-16K/F_Lemon/540.jpg,exact_duplicate,identical to data/raw/FRUIT-16K/F_Lemon/539.jpg,excluded (copy)
data/raw/FRUIT-16K/F_Lemon/542.jpg,exact_duplicate,identical to data/raw/FRUIT-16K/F_Lemon/541.jpg,excluded (copy)
data/raw/FRUIT-16K/F_Lemon/544.jpg,exact_duplicate,identical to data/raw/FRUIT-16K/F_Lemon/543.jpg,excluded (copy)
data/raw/FRUIT-16K/F_Lemon/546.jpg,exact_duplicate,identical to data/raw/FRUIT-16K/F_Lemon/545.jpg,excluded (copy)
data/raw/FRUIT-16K/F_Lemon/548.jpg,exact_duplicate,identical to data/raw/FRUIT-16K/F_Lemon/547.jpg,excluded (copy)
data/raw/FRUIT-16K/F_Lemon/552.jpg,exact_duplicate,identical to data/raw/FRUIT-16K/F_Lemon/551.jpg,excluded (copy)
data/raw/FRUIT-16K/F_Lemon/554.jpg,exact_duplicate,identical to data/raw/FRUIT-16K/F_Lemon/553.jpg,excluded (copy)
data/raw/FRUIT-16K/F_Lemon/556.jpg,exact_duplicate,identical to data/raw/FRUIT-16K/F_Lemon/555.jpg,excluded (copy)
data/raw/FRUIT-16K/F_Lemon/558.jpg,exact_duplicate,identical to data/raw/FRUIT-16K/F_Lemon/557.jpg,excluded (copy)
data/raw/FRUIT-16K/F_Lemon/560.jpg,exact_duplicate,identical to data/raw/FRUIT-16K/F_Lemon/559.jpg,excluded (copy)
data/raw/FRUIT-16K/F_Lemon/562.jpg,exact_duplicate,identical to data/raw/FRUIT-16K/F_Lemon/561.jpg,excluded (copy)
data/raw/FRUIT-16K/F_Lemon/564.jpg,exact_duplicate,identical to data/raw/FRUIT-16K/F_Lemon/563.jpg,excluded (copy)
data/raw/FRUIT-16K/F_Lemon/566.jpg,exact_duplicate,identical to data/raw/FRUIT-16K/F_Lemon/565.jpg,excluded (copy)
data/raw/FRUIT-16K/F_Lemon/568.jpg,exact_duplicate,identical to data/raw/FRUIT-16K/F_Lemon/567.jpg,excluded (copy)
data/raw/FRUIT-16K/F_Lemon/570.jpg,exact_duplicate,identical to data/raw/FRUIT-16K/F_Lemon/569.jpg,excluded (copy)
data/raw/FRUIT-16K/F_Lemon/574.jpg,exact_duplicate,identical to data/raw/FRUIT-16K/F_Lemon/573.jpg,excluded (copy)
data/raw/FRUIT-16K/F_Lemon/576.jpg,exact_duplicate,identical to data/raw/FRUIT-16K/F_Lemon/575.jpg,excluded (copy)
data/raw/FRUIT-16K/F_Lemon/578.jpg,exact_duplicate,identical to data/raw/FRUIT-16K/F_Lemon/577.jpg,excluded (copy)
data/raw/FRUIT-16K/F_Lemon/580.jpg,exact_duplicate,identical to data/raw/FRUIT-16K/F_Lemon/579.jpg,excluded (copy)
data/raw/FRUIT-16K/F_Lemon/582.jpg,exact_duplicate,identical to data/raw/FRUIT-16K/F_Lemon/581.jpg,excluded (copy)
data/raw/FRUIT-16K/F_Lemon/584.jpg,exact_duplicate,identical to data/raw/FRUIT-16K/F_Lemon/583.jpg,excluded (copy)
data/raw/FRUIT-16K/F_Lemon/586.jpg,exact_duplicate,identical to data/raw/FRUIT-16K/F_Lemon/585.jpg,excluded (copy)
data/raw/FRUIT-16K/F_Lemon/588.jpg,exact_duplicate,identical to data/raw/FRUIT-16K/F_Lemon/587.jpg,excluded (copy)
data/raw/FRUIT-16K/F_Lemon/590.jpg,exact_duplicate,identical to data/raw/FRUIT-16K/F_Lemon/589.jpg,excluded (copy)
data/raw/FRUIT-16K/F_Lemon/592.jpg,exact_duplicate,identical to data/raw/FRUIT-16K/F_Lemon/591.jpg,excluded (copy)
data/raw/FRUIT-16K/F_Lemon/596.jpg,exact_duplicate,identical to data/raw/FRUIT-16K/F_Lemon/595.jpg,excluded (copy)
data/raw/FRUIT-16K/F_Lemon/598.jpg,exact_duplicate,identical to data/raw/FRUIT-16K/F_Lemon/597.jpg,excluded (copy)
data/raw/FRUIT-16K/F_Lemon/600.jpg,exact_duplicate,identical to data/raw/FRUIT-16K/F_Lemon/599.jpg,excluded (copy)
data/raw/FRUIT-16K/F_Lemon/602.jpg,exact_duplicate,identical to data/raw/FRUIT-16K/F_Lemon/601.jpg,excluded (copy)
data/raw/FRUIT-16K/F_Lemon/604.jpg,exact_duplicate,identical to data/raw/FRUIT-16K/F_Lemon/603.jpg,excluded (copy)
data/raw/FRUIT-16K/F_Lemon/606.jpg,exact_duplicate,identical to data/raw/FRUIT-16K/F_Lemon/605.jpg,excluded (copy)
data/raw/FRUIT-16K/F_Lemon/608.jpg,exact_duplicate,identical to data/raw/FRUIT-16K/F_Lemon/607.jpg,excluded (copy)
data/raw/FRUIT-16K/F_Lemon/610.jpg,exact_duplicate,identical to data/raw/FRUIT-16K/F_Lemon/609.jpg,excluded (copy)
data/raw/FRUIT-16K/F_Lemon/612.jpg,exact_duplicate,identical to data/raw/FRUIT-16K/F_Lemon/611.jpg,excluded (copy)
data/raw/FRUIT-16K/F_Lemon/614.jpg,exact_duplicate,identical to data/raw/FRUIT-16K/F_Lemon/613.jpg,excluded (copy)
data/raw/FRUIT-16K/F_Lemon/618.jpg,exact_duplicate,identical to data/raw/FRUIT-16K/F_Lemon/617.jpg,excluded (copy)
data/raw/FRUIT-16K/F_Lemon/620.jpg,exact_duplicate,identical to data/raw/FRUIT-16K/F_Lemon/619.jpg,excluded (copy)
data/raw/FRUIT-16K/F_Lemon/622.jpg,exact_duplicate,identical to data/raw/FRUIT-16K/F_Lemon/621.jpg,excluded (copy)
data/raw/FRUIT-16K/F_Lemon/624.jpg,exact_duplicate,identical to data/raw/FRUIT-16K/F_Lemon/623.jpg,excluded (copy)
data/raw/FRUIT-16K/F_Lemon/626.jpg,exact_duplicate,identical to data/raw/FRUIT-16K/F_Lemon/625.jpg,excluded (copy)
data/raw/FRUIT-16K/F_Lemon/628.jpg,exact_duplicate,identical to data/raw/FRUIT-16K/F_Lemon/627.jpg,excluded (copy)
data/raw/FRUIT-16K/F_Lemon/630.jpg,exact_duplicate,identical to data/raw/FRUIT-16K/F_Lemon/629.jpg,excluded (copy)
data/raw/FRUIT-16K/F_Lemon/632.jpg,exact_duplicate,identical to data/raw/FRUIT-16K/F_Lemon/631.jpg,excluded (copy)
data/raw/FRUIT-16K/F_Lemon/634.jpg,exact_duplicate,identical to data/raw/FRUIT-16K/F_Lemon/633.jpg,excluded (copy)
data/raw/FRUIT-16K/F_Lemon/636.jpg,exact_duplicate,identical to data/raw/FRUIT-16K/F_Lemon/635.jpg,excluded (copy)
data/raw/FRUIT-16K/F_Lemon/640.jpg,exact_duplicate,identical to data/raw/FRUIT-16K/F_Lemon/639.jpg,excluded (copy)
data/raw/FRUIT-16K/F_Lemon/642.jpg,exact_duplicate,identical to data/raw/FRUIT-16K/F_Lemon/641.jpg,excluded (copy)
data/raw/FRUIT-16K/F_Lemon/644.jpg,exact_duplicate,identical to data/raw/FRUIT-16K/F_Lemon/643.jpg,excluded (copy)
data/raw/FRUIT-16K/F_Lemon/646.jpg,exact_duplicate,identical to data/raw/FRUIT-16K/F_Lemon/645.jpg,excluded (copy)
data/raw/FRUIT-16K/F_Lemon/648.jpg,exact_duplicate,identical to data/raw/FRUIT-16K/F_Lemon/647.jpg,excluded (copy)
data/raw/FRUIT-16K/F_Lemon/650.jpg,exact_duplicate,identical to data/raw/FRUIT-16K/F_Lemon/649.jpg,excluded (copy)
data/raw/FRUIT-16K/F_Lemon/652.jpg,exact_duplicate,identical to data/raw/FRUIT-16K/F_Lemon/651.jpg,excluded (copy)
data/raw/FRUIT-16K/F_Lemon/654.jpg,exact_duplicate,identical to data/raw/FRUIT-16K/F_Lemon/653.jpg,excluded (copy)
data/raw/FRUIT-16K/F_Lemon/656.jpg,exact_duplicate,identical to data/raw/FRUIT-16K/F_Lemon/655.jpg,excluded (copy)
data/raw/FRUIT-16K/F_Lemon/658.jpg,exact_duplicate,identical to data/raw/FRUIT-16K/F_Lemon/657.jpg,excluded (copy)
data/raw/FRUIT-16K/F_Lemon/662.jpg,exact_duplicate,identical to data/raw/FRUIT-16K/F_Lemon/661.jpg,excluded (copy)
data/raw/FRUIT-16K/F_Lemon/664.jpg,exact_duplicate,identical to data/raw/FRUIT-16K/F_Lemon/663.jpg,excluded (copy)
data/raw/FRUIT-16K/F_Lemon/666.jpg,exact_duplicate,identical to data/raw/FRUIT-16K/F_Lemon/665.jpg,excluded (copy)
data/raw/FRUIT-16K/F_Lemon/668.jpg,exact_duplicate,identical to data/raw/FRUIT-16K/F_Lemon/667.jpg,excluded (copy)
data/raw/FRUIT-16K/F_Lemon/670.jpg,exact_duplicate,identical to data/raw/FRUIT-16K/F_Lemon/669.jpg,excluded (copy)
data/raw/FRUIT-16K/F_Lemon/672.jpg,exact_duplicate,identical to data/raw/FRUIT-16K/F_Lemon/671.jpg,excluded (copy)
data/raw/FRUIT-16K/F_Lemon/674.jpg,exact_duplicate,identical to data/raw/FRUIT-16K/F_Lemon/673.jpg,excluded (copy)
data/raw/FRUIT-16K/F_Lemon/676.jpg,exact_duplicate,identical to data/raw/FRUIT-16K/F_Lemon/675.jpg,excluded (copy)
data/raw/FRUIT-16K/F_Lemon/678.jpg,exact_duplicate,identical to data/raw/FRUIT-16K/F_Lemon/677.jpg,excluded (copy)
data/raw/FRUIT-16K/F_Lemon/680.jpg,exact_duplicate,identical to data/raw/FRUIT-16K/F_Lemon/679.jpg,excluded (copy)
data/raw/FRUIT-16K/F_Lemon/684.jpg,exact_duplicate,identical to data/raw/FRUIT-16K/F_Lemon/683.jpg,excluded (copy)
data/raw/FRUIT-16K/F_Lemon/686.jpg,exact_duplicate,identical to data/raw/FRUIT-16K/F_Lemon/685.jpg,excluded (copy)
data/raw/FRUIT-16K/F_Lemon/688.jpg,exact_duplicate,identical to data/raw/FRUIT-16K/F_Lemon/687.jpg,excluded (copy)
data/raw/FRUIT-16K/F_Lemon/690.jpg,exact_duplicate,identical to data/raw/FRUIT-16K/F_Lemon/689.jpg,excluded (copy)
data/raw/FRUIT-16K/F_Lemon/692.jpg,exact_duplicate,identical to data/raw/FRUIT-16K/F_Lemon/691.jpg,excluded (copy)
data/raw/FRUIT-16K/F_Lemon/694.jpg,exact_duplicate,identical to data/raw/FRUIT-16K/F_Lemon/693.jpg,excluded (copy)
data/raw/FRUIT-16K/F_Lemon/696.jpg,exact_duplicate,identical to data/raw/FRUIT-16K/F_Lemon/695.jpg,excluded (copy)
data/raw/FRUIT-16K/F_Lemon/698.jpg,exact_duplicate,identical to data/raw/FRUIT-16K/F_Lemon/697.jpg,excluded (copy)
data/raw/FRUIT-16K/F_Lemon/700.jpg,exact_duplicate,identical to data/raw/FRUIT-16K/F_Lemon/699.jpg,excluded (copy)
data/raw/FRUIT-16K/F_Lemon/705.jpg,exact_duplicate,identical to data/raw/FRUIT-16K/F_Lemon/704.jpg,excluded (copy)
data/raw/FRUIT-16K/F_Lemon/707.jpg,exact_duplicate,identical to data/raw/FRUIT-16K/F_Lemon/706.jpg,excluded (copy)
data/raw/FRUIT-16K/F_Lemon/709.jpg,exact_duplicate,identical to data/raw/FRUIT-16K/F_Lemon/708.jpg,excluded (copy)
data/raw/FRUIT-16K/F_Lemon/711.jpg,exact_duplicate,identical to data/raw/FRUIT-16K/F_Lemon/710.jpg,excluded (copy)
data/raw/FRUIT-16K/F_Lemon/713.jpg,exact_duplicate,identical to data/raw/FRUIT-16K/F_Lemon/712.jpg,excluded (copy)
data/raw/FRUIT-16K/F_Lemon/715.jpg,exact_duplicate,identical to data/raw/FRUIT-16K/F_Lemon/714.jpg,excluded (copy)
data/raw/FRUIT-16K/F_Lemon/717.jpg,exact_duplicate,identical to data/raw/FRUIT-16K/F_Lemon/716.jpg,excluded (copy)
data/raw/FRUIT-16K/F_Lemon/719.jpg,exact_duplicate,identical to data/raw/FRUIT-16K/F_Lemon/718.jpg,excluded (copy)
data/raw/FRUIT-16K/F_Lemon/721.jpg,exact_duplicate,identical to data/raw/FRUIT-16K/F_Lemon/720.jpg,excluded (copy)
data/raw/FRUIT-16K/F_Lemon/726.jpg,exact_duplicate,identical to data/raw/FRUIT-16K/F_Lemon/725.jpg,excluded (copy)
data/raw/FRUIT-16K/F_Lemon/728.jpg,exact_duplicate,identical to data/raw/FRUIT-16K/F_Lemon/727.jpg,excluded (copy)
data/raw/FRUIT-16K/F_Lemon/730.jpg,exact_duplicate,identical to data/raw/FRUIT-16K/F_Lemon/729.jpg,excluded (copy)
data/raw/FRUIT-16K/F_Lemon/732.jpg,exact_duplicate,identical to data/raw/FRUIT-16K/F_Lemon/731.jpg,excluded (copy)
data/raw/FRUIT-16K/F_Lemon/734.jpg,exact_duplicate,identical to data/raw/FRUIT-16K/F_Lemon/733.jpg,excluded (copy)
data/raw/FRUIT-16K/F_Lemon/736.jpg,exact_duplicate,identical to data/raw/FRUIT-16K/F_Lemon/735.jpg,excluded (copy)
data/raw/FRUIT-16K/F_Lemon/738.jpg,exact_duplicate,identical to data/raw/FRUIT-16K/F_Lemon/737.jpg,excluded (copy)
data/raw/FRUIT-16K/F_Lemon/740.jpg,exact_duplicate,identical to data/raw/FRUIT-16K/F_Lemon/739.jpg,excluded (copy)
data/raw/FRUIT-16K/F_Lemon/742.jpg,exact_duplicate,identical to data/raw/FRUIT-16K/F_Lemon/741.jpg,excluded (copy)
data/raw/FRUIT-16K/F_Lemon/747.jpg,exact_duplicate,identical to data/raw/FRUIT-16K/F_Lemon/746.jpg,excluded (copy)
data/raw/FRUIT-16K/F_Lemon/749.jpg,exact_duplicate,identical to data/raw/FRUIT-16K/F_Lemon/748.jpg,excluded (copy)
data/raw/FRUIT-16K/F_Lemon/751.jpg,exact_duplicate,identical to data/raw/FRUIT-16K/F_Lemon/750.jpg,excluded (copy)
data/raw/FRUIT-16K/F_Lemon/753.jpg,exact_duplicate,identical to data/raw/FRUIT-16K/F_Lemon/752.jpg,excluded (copy)
data/raw/FRUIT-16K/F_Lemon/755.jpg,exact_duplicate,identical to data/raw/FRUIT-16K/F_Lemon/754.jpg,excluded (copy)
data/raw/FRUIT-16K/F_Lemon/757.jpg,exact_duplicate,identical to data/raw/FRUIT-16K/F_Lemon/756.jpg,excluded (copy)
data/raw/FRUIT-16K/F_Lemon/759.jpg,exact_duplicate,identical to data/raw/FRUIT-16K/F_Lemon/758.jpg,excluded (copy)
data/raw/FRUIT-16K/F_Lemon/761.jpg,exact_duplicate,identical to data/raw/FRUIT-16K/F_Lemon/760.jpg,excluded (copy)
data/raw/FRUIT-16K/F_Lemon/763.jpg,exact_duplicate,identical to data/raw/FRUIT-16K/F_Lemon/762.jpg,excluded (copy)
data/raw/FRUIT-16K/F_Lemon/768.jpg,exact_duplicate,identical to data/raw/FRUIT-16K/F_Lemon/767.jpg,excluded (copy)
data/raw/FRUIT-16K/F_Lemon/770.jpg,exact_duplicate,identical to data/raw/FRUIT-16K/F_Lemon/769.jpg,excluded (copy)
data/raw/FRUIT-16K/F_Lemon/772.jpg,exact_duplicate,identical to data/raw/FRUIT-16K/F_Lemon/771.jpg,excluded (copy)
data/raw/FRUIT-16K/F_Lemon/774.jpg,exact_duplicate,identical to data/raw/FRUIT-16K/F_Lemon/773.jpg,excluded (copy)
data/raw/FRUIT-16K/F_Lemon/776.jpg,exact_duplicate,identical to data/raw/FRUIT-16K/F_Lemon/775.jpg,excluded (copy)
data/raw/FRUIT-16K/F_Lemon/778.jpg,exact_duplicate,identical to data/raw/FRUIT-16K/F_Lemon/777.jpg,excluded (copy)
data/raw/FRUIT-16K/F_Lemon/780.jpg,exact_duplicate,identical to data/raw/FRUIT-16K/F_Lemon/779.jpg,excluded (copy)
data/raw/FRUIT-16K/F_Lemon/782.jpg,exact_duplicate,identical to data/raw/FRUIT-16K/F_Lemon/781.jpg,excluded (copy)
data/raw/FRUIT-16K/F_Lemon/784.jpg,exact_duplicate,identical to data/raw/FRUIT-16K/F_Lemon/783.jpg,excluded (copy)
data/raw/FRUIT-16K/F_Lemon/789.jpg,exact_duplicate,identical to data/raw/FRUIT-16K/F_Lemon/788.jpg,excluded (copy)
data/raw/FRUIT-16K/F_Lemon/791.jpg,exact_duplicate,identical to data/raw/FRUIT-16K/F_Lemon/790.jpg,excluded (copy)
data/raw/FRUIT-16K/F_Lemon/793.jpg,exact_duplicate,identical to data/raw/FRUIT-16K/F_Lemon/792.jpg,excluded (copy)
data/raw/FRUIT-16K/F_Lemon/795.jpg,exact_duplicate,identical to data/raw/FRUIT-16K/F_Lemon/794.jpg,excluded (copy)
data/raw/FRUIT-16K/F_Lemon/797.jpg,exact_duplicate,identical to data/raw/FRUIT-16K/F_Lemon/796.jpg,excluded (copy)
data/raw/FRUIT-16K/F_Lemon/799.jpg,exact_duplicate,identical to data/raw/FRUIT-16K/F_Lemon/798.jpg,excluded (copy)
data/raw/FRUIT-16K/F_Lemon/801.jpg,exact_duplicate,identical to data/raw/FRUIT-16K/F_Lemon/800.jpg,excluded (copy)
data/raw/FRUIT-16K/F_Lemon/803.jpg,exact_duplicate,identical to data/raw/FRUIT-16K/F_Lemon/802.jpg,excluded (copy)
data/raw/FRUIT-16K/F_Lemon/805.jpg,exact_duplicate,identical to data/raw/FRUIT-16K/F_Lemon/804.jpg,excluded (copy)
data/raw/FRUIT-16K/F_Lemon/810.jpg,exact_duplicate,identical to data/raw/FRUIT-16K/F_Lemon/809.jpg,excluded (copy)
data/raw/FRUIT-16K/F_Lemon/812.jpg,exact_duplicate,identical to data/raw/FRUIT-16K/F_Lemon/811.jpg,excluded (copy)
data/raw/FRUIT-16K/F_Lemon/814.jpg,exact_duplicate,identical to data/raw/FRUIT-16K/F_Lemon/813.jpg,excluded (copy)
data/raw/FRUIT-16K/F_Lemon/816.jpg,exact_duplicate,identical to data/raw/FRUIT-16K/F_Lemon/815.jpg,excluded (copy)
data/raw/FRUIT-16K/F_Lemon/818.jpg,exact_duplicate,identical to data/raw/FRUIT-16K/F_Lemon/817.jpg,excluded (copy)
data/raw/FRUIT-16K/F_Lemon/820.jpg,exact_duplicate,identical to data/raw/FRUIT-16K/F_Lemon/819.jpg,excluded (copy)
data/raw/FRUIT-16K/F_Lemon/822.jpg,exact_duplicate,identical to data/raw/FRUIT-16K/F_Lemon/821.jpg,excluded (copy)
data/raw/FRUIT-16K/F_Lemon/824.jpg,exact_duplicate,identical to data/raw/FRUIT-16K/F_Lemon/823.jpg,excluded (copy)
data/raw/FRUIT-16K/F_Lemon/826.jpg,exact_duplicate,identical to data/raw/FRUIT-16K/F_Lemon/825.jpg,excluded (copy)
data/raw/FRUIT-16K/F_Lemon/831.jpg,exact_duplicate,identical to data/raw/FRUIT-16K/F_Lemon/830.jpg,excluded (copy)
data/raw/FRUIT-16K/F_Lemon/833.jpg,exact_duplicate,identical to data/raw/FRUIT-16K/F_Lemon/832.jpg,excluded (copy)
data/raw/FRUIT-16K/F_Lemon/835.jpg,exact_duplicate,identical to data/raw/FRUIT-16K/F_Lemon/834.jpg,excluded (copy)
data/raw/FRUIT-16K/F_Lemon/837.jpg,exact_duplicate,identical to data/raw/FRUIT-16K/F_Lemon/836.jpg,excluded (copy)
data/raw/FRUIT-16K/F_Lemon/839.jpg,exact_duplicate,identical to data/raw/FRUIT-16K/F_Lemon/838.jpg,excluded (copy)
data/raw/FRUIT-16K/F_Lemon/841.jpg,exact_duplicate,identical to data/raw/FRUIT-16K/F_Lemon/840.jpg,excluded (copy)
data/raw/FRUIT-16K/F_Lemon/843.jpg,exact_duplicate,identical to data/raw/FRUIT-16K/F_Lemon/842.jpg,excluded (copy)
data/raw/FRUIT-16K/F_Lemon/845.jpg,exact_duplicate,identical to data/raw/FRUIT-16K/F_Lemon/844.jpg,excluded (copy)
data/raw/FRUIT-16K/F_Lemon/847.jpg,exact_duplicate,identical to data/raw/FRUIT-16K/F_Lemon/846.jpg,excluded (copy)
data/raw/FRUIT-16K/F_Lemon/852.jpg,exact_duplicate,identical to data/raw/FRUIT-16K/F_Lemon/851.jpg,excluded (copy)
data/raw/FRUIT-16K/F_Lemon/854.jpg,exact_duplicate,identical to data/raw/FRUIT-16K/F_Lemon/853.jpg,excluded (copy)
data/raw/FRUIT-16K/F_Lemon/856.jpg,exact_duplicate,identical to data/raw/FRUIT-16K/F_Lemon/855.jpg,excluded (copy)
data/raw/FRUIT-16K/F_Lemon/858.jpg,exact_duplicate,identical to data/raw/FRUIT-16K/F_Lemon/857.jpg,excluded (copy)
data/raw/FRUIT-16K/F_Lemon/860.jpg,exact_duplicate,identical to data/raw/FRUIT-16K/F_Lemon/859.jpg,excluded (copy)
data/raw/FRUIT-16K/F_Lemon/862.jpg,exact_duplicate,identical to data/raw/FRUIT-16K/F_Lemon/861.jpg,excluded (copy)
data/raw/FRUIT-16K/F_Lemon/864.jpg,exact_duplicate,identical to data/raw/FRUIT-16K/F_Lemon/863.jpg,excluded (copy)
data/raw/FRUIT-16K/F_Lemon/866.jpg,exact_duplicate,identical to data/raw/FRUIT-16K/F_Lemon/865.jpg,excluded (copy)
data/raw/FRUIT-16K/F_Lemon/868.jpg,exact_duplicate,identical to data/raw/FRUIT-16K/F_Lemon/867.jpg,excluded (copy)
data/raw/FRUIT-16K/F_Lemon/873.jpg,exact_duplicate,identical to data/raw/FRUIT-16K/F_Lemon/872.jpg,excluded (copy)
data/raw/FRUIT-16K/F_Lemon/875.jpg,exact_duplicate,identical to data/raw/FRUIT-16K/F_Lemon/874.jpg,excluded (copy)
data/raw/FRUIT-16K/F_Lemon/877.jpg,exact_duplicate,identical to data/raw/FRUIT-16K/F_Lemon/876.jpg,excluded (copy)
data/raw/FRUIT-16K/F_Lemon/879.jpg,exact_duplicate,identical to data/raw/FRUIT-16K/F_Lemon/878.jpg,excluded (copy)
data/raw/FRUIT-16K/F_Lemon/881.jpg,exact_duplicate,identical to data/raw/FRUIT-16K/F_Lemon/880.jpg,excluded (copy)
data/raw/FRUIT-16K/F_Lemon/883.jpg,exact_duplicate,identical to data/raw/FRUIT-16K/F_Lemon/882.jpg,excluded (copy)
data/raw/FRUIT-16K/F_Lemon/885.jpg,exact_duplicate,identical to data/raw/FRUIT-16K/F_Lemon/884.jpg,excluded (copy)
data/raw/FRUIT-16K/F_Lemon/887.jpg,exact_duplicate,identical to data/raw/FRUIT-16K/F_Lemon/886.jpg,excluded (copy)
data/raw/FRUIT-16K/F_Lemon/889.jpg,exact_duplicate,identical to data/raw/FRUIT-16K/F_Lemon/888.jpg,excluded (copy)
data/raw/FRUIT-16K/F_Lemon/894.jpg,exact_duplicate,identical to data/raw/FRUIT-16K/F_Lemon/893.jpg,excluded (copy)
data/raw/FRUIT-16K/F_Lemon/896.jpg,exact_duplicate,identical to data/raw/FRUIT-16K/F_Lemon/895.jpg,excluded (copy)
data/raw/FRUIT-16K/F_Lemon/898.jpg,exact_duplicate,identical to data/raw/FRUIT-16K/F_Lemon/897.jpg,excluded (copy)
data/raw/FRUIT-16K/F_Lemon/900.jpg,exact_duplicate,identical to data/raw/FRUIT-16K/F_Lemon/899.jpg,excluded (copy)
data/raw/FRUIT-16K/F_Lemon/902.jpg,exact_duplicate,identical to data/raw/FRUIT-16K/F_Lemon/901.jpg,excluded (copy)
data/raw/FRUIT-16K/F_Lemon/904.jpg,exact_duplicate,identical to data/raw/FRUIT-16K/F_Lemon/903.jpg,excluded (copy)
data/raw/FRUIT-16K/F_Lemon/906.jpg,exact_duplicate,identical to data/raw/FRUIT-16K/F_Lemon/905.jpg,excluded (copy)
data/raw/FRUIT-16K/F_Lemon/908.jpg,exact_duplicate,identical to data/raw/FRUIT-16K/F_Lemon/907.jpg,excluded (copy)
data/raw/FRUIT-16K/F_Lemon/910.jpg,exact_duplicate,identical to data/raw/FRUIT-16K/F_Lemon/909.jpg,excluded (copy)
data/raw/FRUIT-16K/F_Lemon/915.jpg,exact_duplicate,identical to data/raw/FRUIT-16K/F_Lemon/914.jpg,excluded (copy)
data/raw/FRUIT-16K/F_Lemon/917.jpg,exact_duplicate,identical to data/raw/FRUIT-16K/F_Lemon/916.jpg,excluded (copy)
data/raw/FRUIT-16K/F_Lemon/919.jpg,exact_duplicate,identical to data/raw/FRUIT-16K/F_Lemon/918.jpg,excluded (copy)
data/raw/FRUIT-16K/F_Lemon/921.jpg,exact_duplicate,identical to data/raw/FRUIT-16K/F_Lemon/920.jpg,excluded (copy)
data/raw/FRUIT-16K/F_Lemon/923.jpg,exact_duplicate,identical to data/raw/FRUIT-16K/F_Lemon/922.jpg,excluded (copy)
data/raw/FRUIT-16K/F_Lemon/925.jpg,exact_duplicate,identical to data/raw/FRUIT-16K/F_Lemon/924.jpg,excluded (copy)
data/raw/FRUIT-16K/F_Lemon/927.jpg,exact_duplicate,identical to data/raw/FRUIT-16K/F_Lemon/926.jpg,excluded (copy)
data/raw/FRUIT-16K/F_Lemon/929.jpg,exact_duplicate,identical to data/raw/FRUIT-16K/F_Lemon/928.jpg,excluded (copy)
data/raw/FRUIT-16K/F_Lemon/931.jpg,exact_duplicate,identical to data/raw/FRUIT-16K/F_Lemon/930.jpg,excluded (copy)
data/raw/FRUIT-16K/F_Lemon/936.jpg,exact_duplicate,identical to data/raw/FRUIT-16K/F_Lemon/935.jpg,excluded (copy)
data/raw/FRUIT-16K/F_Lemon/938.jpg,exact_duplicate,identical to data/raw/FRUIT-16K/F_Lemon/937.jpg,excluded (copy)
data/raw/FRUIT-16K/F_Lemon/940.jpg,exact_duplicate,identical to data/raw/FRUIT-16K/F_Lemon/939.jpg,excluded (copy)
data/raw/FRUIT-16K/F_Lemon/942.jpg,exact_duplicate,identical to data/raw/FRUIT-16K/F_Lemon/941.jpg,excluded (copy)
data/raw/FRUIT-16K/F_Lemon/944.jpg,exact_duplicate,identical to data/raw/FRUIT-16K/F_Lemon/943.jpg,excluded (copy)
data/raw/FRUIT-16K/F_Lemon/946.jpg,exact_duplicate,identical to data/raw/FRUIT-16K/F_Lemon/945.jpg,excluded (copy)
data/raw/FRUIT-16K/F_Lemon/948.jpg,exact_duplicate,identical to data/raw/FRUIT-16K/F_Lemon/947.jpg,excluded (copy)
data/raw/FRUIT-16K/F_Lemon/950.jpg,exact_duplicate,identical to data/raw/FRUIT-16K/F_Lemon/949.jpg,excluded (copy)
data/raw/FRUIT-16K/F_Lemon/952.jpg,exact_duplicate,identical to data/raw/FRUIT-16K/F_Lemon/951.jpg,excluded (copy)
data/raw/FRUIT-16K/F_Lemon/957.jpg,exact_duplicate,identical to data/raw/FRUIT-16K/F_Lemon/956.jpg,excluded (copy)
data/raw/FRUIT-16K/F_Lemon/959.jpg,exact_duplicate,identical to data/raw/FRUIT-16K/F_Lemon/958.jpg,excluded (copy)
data/raw/FRUIT-16K/F_Lemon/961.jpg,exact_duplicate,identical to data/raw/FRUIT-16K/F_Lemon/960.jpg,excluded (copy)
data/raw/FRUIT-16K/F_Lemon/963.jpg,exact_duplicate,identical to data/raw/FRUIT-16K/F_Lemon/962.jpg,excluded (copy)
data/raw/FRUIT-16K/F_Lemon/965.jpg,exact_duplicate,identical to data/raw/FRUIT-16K/F_Lemon/964.jpg,excluded (copy)
data/raw/FRUIT-16K/F_Lemon/967.jpg,exact_duplicate,identical to data/raw/FRUIT-16K/F_Lemon/966.jpg,excluded (copy)
data/raw/FRUIT-16K/F_Lemon/969.jpg,exact_duplicate,identical to data/raw/FRUIT-16K/F_Lemon/968.jpg,excluded (copy)
data/raw/FRUIT-16K/F_Lemon/971.jpg,exact_duplicate,identical to data/raw/FRUIT-16K/F_Lemon/970.jpg,excluded (copy)
data/raw/FRUIT-16K/F_Lemon/973.jpg,exact_duplicate,identical to data/raw/FRUIT-16K/F_Lemon/972.jpg,excluded (copy)
data/raw/FRUIT-16K/F_Lemon/978.jpg,exact_duplicate,identical to data/raw/FRUIT-16K/F_Lemon/977.jpg,excluded (copy)
data/raw/FRUIT-16K/F_Lemon/980.jpg,exact_duplicate,identical to data/raw/FRUIT-16K/F_Lemon/979.jpg,excluded (copy)
data/raw/FRUIT-16K/F_Lemon/982.jpg,exact_duplicate,identical to data/raw/FRUIT-16K/F_Lemon/981.jpg,excluded (copy)
data/raw/FRUIT-16K/F_Lemon/984.jpg,exact_duplicate,identical to data/raw/FRUIT-16K/F_Lemon/983.jpg,excluded (copy)
data/raw/FRUIT-16K/F_Lemon/986.jpg,exact_duplicate,identical to data/raw/FRUIT-16K/F_Lemon/985.jpg,excluded (copy)
data/raw/FRUIT-16K/F_Lemon/988.jpg,exact_duplicate,identical to data/raw/FRUIT-16K/F_Lemon/987.jpg,excluded (copy)
data/raw/FRUIT-16K/F_Lemon/990.jpg,exact_duplicate,identical to data/raw/FRUIT-16K/F_Lemon/989.jpg,excluded (copy)
data/raw/FRUIT-16K/F_Lemon/992.jpg,exact_duplicate,identical to data/raw/FRUIT-16K/F_Lemon/991.jpg,excluded (copy)
data/raw/FRUIT-16K/F_Lemon/994.jpg,exact_duplicate,identical to data/raw/FRUIT-16K/F_Lemon/993.jpg,excluded (copy)
data/raw/FRUIT-16K/F_Lulo/2.jpg,exact_duplicate,identical to data/raw/FRUIT-16K/F_Lulo/1.jpg,excluded (copy)
data/raw/FRUIT-16K/F_Lulo/4.jpg,exact_duplicate,identical to data/raw/FRUIT-16K/F_Lulo/3.jpg,excluded (copy)
data/raw/FRUIT-16K/F_Lulo/6.jpg,exact_duplicate,identical to data/raw/FRUIT-16K/F_Lulo/5.jpg,excluded (copy)
data/raw/FRUIT-16K/F_Lulo/8.jpg,exact_duplicate,identical to data/raw/FRUIT-16K/F_Lulo/7.jpg,excluded (copy)
data/raw/FRUIT-16K/F_Lulo/10.jpg,exact_duplicate,identical to data/raw/FRUIT-16K/F_Lulo/9.jpg,excluded (copy)
data/raw/FRUIT-16K/F_Lulo/12.jpg,exact_duplicate,identical to data/raw/FRUIT-16K/F_Lulo/11.jpg,excluded (copy)
data/raw/FRUIT-16K/F_Lulo/14.jpg,exact_duplicate,identical to data/raw/FRUIT-16K/F_Lulo/13.jpg,excluded (copy)
data/raw/FRUIT-16K/F_Lulo/16.jpg,exact_duplicate,identical to data/raw/FRUIT-16K/F_Lulo/15.jpg,excluded (copy)
data/raw/FRUIT-16K/F_Lulo/18.jpg,exact_duplicate,identical to data/raw/FRUIT-16K/F_Lulo/17.jpg,excluded (copy)
data/raw/FRUIT-16K/F_Lulo/23.jpg,exact_duplicate,identical to data/raw/FRUIT-16K/F_Lulo/22.jpg,excluded (copy)
data/raw/FRUIT-16K/F_Lulo/25.jpg,exact_duplicate,identical to data/raw/FRUIT-16K/F_Lulo/24.jpg,excluded (copy)
data/raw/FRUIT-16K/F_Lulo/27.jpg,exact_duplicate,identical to data/raw/FRUIT-16K/F_Lulo/26.jpg,excluded (copy)
data/raw/FRUIT-16K/F_Lulo/29.jpg,exact_duplicate,identical to data/raw/FRUIT-16K/F_Lulo/28.jpg,excluded (copy)
data/raw/FRUIT-16K/F_Lulo/31.jpg,exact_duplicate,identical to data/raw/FRUIT-16K/F_Lulo/30.jpg,excluded (copy)
data/raw/FRUIT-16K/F_Lulo/33.jpg,exact_duplicate,identical to data/raw/FRUIT-16K/F_Lulo/32.jpg,excluded (copy)
data/raw/FRUIT-16K/F_Lulo/35.jpg,exact_duplicate,identical to data/raw/FRUIT-16K/F_Lulo/34.jpg,excluded (copy)
data/raw/FRUIT-16K/F_Lulo/37.jpg,exact_duplicate,identical to data/raw/FRUIT-16K/F_Lulo/36.jpg,excluded (copy)
data/raw/FRUIT-16K/F_Lulo/39.jpg,exact_duplicate,identical to data/raw/FRUIT-16K/F_Lulo/38.jpg,excluded (copy)
data/raw/FRUIT-16K/F_Lulo/44.jpg,exact_duplicate,identical to data/raw/FRUIT-16K/F_Lulo/43.jpg,excluded (copy)
data/raw/FRUIT-16K/F_Lulo/46.jpg,exact_duplicate,identical to data/raw/FRUIT-16K/F_Lulo/45.jpg,excluded (copy)
data/raw/FRUIT-16K/F_Lulo/48.jpg,exact_duplicate,identical to data/raw/FRUIT-16K/F_Lulo/47.jpg,excluded (copy)
data/raw/FRUIT-16K/F_Lulo/50.jpg,exact_duplicate,identical to data/raw/FRUIT-16K/F_Lulo/49.jpg,excluded (copy)
data/raw/FRUIT-16K/F_Lulo/52.jpg,exact_duplicate,identical to data/raw/FRUIT-16K/F_Lulo/51.jpg,excluded (copy)
data/raw/FRUIT-16K/F_Lulo/54.jpg,exact_duplicate,identical to data/raw/FRUIT-16K/F_Lulo/53.jpg,excluded (copy)
data/raw/FRUIT-16K/F_Lulo/56.jpg,exact_duplicate,identical to data/raw/FRUIT-16K/F_Lulo/55.jpg,excluded (copy)
data/raw/FRUIT-16K/F_Lulo/58.jpg,exact_duplicate,identical to data/raw/FRUIT-16K/F_Lulo/57.jpg,excluded (copy)
data/raw/FRUIT-16K/F_Lulo/60.jpg,exact_duplicate,identical to data/raw/FRUIT-16K/F_Lulo/59.jpg,excluded (copy)
data/raw/FRUIT-16K/F_Lulo/65.jpg,exact_duplicate,identical to data/raw/FRUIT-16K/F_Lulo/64.jpg,excluded (copy)
data/raw/FRUIT-16K/F_Lulo/67.jpg,exact_duplicate,identical to data/raw/FRUIT-16K/F_Lulo/66.jpg,excluded (copy)
data/raw/FRUIT-16K/F_Lulo/69.jpg,exact_duplicate,identical to data/raw/FRUIT-16K/F_Lulo/68.jpg,excluded (copy)
data/raw/FRUIT-16K/F_Lulo/71.jpg,exact_duplicate,identical to data/raw/FRUIT-16K/F_Lulo/70.jpg,excluded (copy)
data/raw/FRUIT-16K/F_Lulo/73.jpg,exact_duplicate,identical to data/raw/FRUIT-16K/F_Lulo/72.jpg,excluded (copy)
data/raw/FRUIT-16K/F_Lulo/75.jpg,exact_duplicate,identical to data/raw/FRUIT-16K/F_Lulo/74.jpg,excluded (copy)
data/raw/FRUIT-16K/F_Lulo/77.jpg,exact_duplicate,identical to data/raw/FRUIT-16K/F_Lulo/76.jpg,excluded (copy)
data/raw/FRUIT-16K/F_Lulo/79.jpg,exact_duplicate,identical to data/raw/FRUIT-16K/F_Lulo/78.jpg,excluded (copy)
data/raw/FRUIT-16K/F_Lulo/81.jpg,exact_duplicate,identical to data/raw/FRUIT-16K/F_Lulo/80.jpg,excluded (copy)
data/raw/FRUIT-16K/F_Lulo/86.jpg,exact_duplicate,identical to data/raw/FRUIT-16K/F_Lulo/85.jpg,excluded (copy)
data/raw/FRUIT-16K/F_Lulo/88.jpg,exact_duplicate,identical to data/raw/FRUIT-16K/F_Lulo/87.jpg,excluded (copy)
data/raw/FRUIT-16K/F_Lulo/90.jpg,exact_duplicate,identical to data/raw/FRUIT-16K/F_Lulo/89.jpg,excluded (copy)
data/raw/FRUIT-16K/F_Lulo/92.jpg,exact_duplicate,identical to data/raw/FRUIT-16K/F_Lulo/91.jpg,excluded (copy)
data/raw/FRUIT-16K/F_Lulo/94.jpg,exact_duplicate,identical to data/raw/FRUIT-16K/F_Lulo/93.jpg,excluded (copy)
data/raw/FRUIT-16K/F_Lulo/96.jpg,exact_duplicate,identical to data/raw/FRUIT-16K/F_Lulo/95.jpg,excluded (copy)
data/raw/FRUIT-16K/F_Lulo/98.jpg,exact_duplicate,identical to data/raw/FRUIT-16K/F_Lulo/97.jpg,excluded (copy)
data/raw/FRUIT-16K/F_Lulo/100.jpg,exact_duplicate,identical to data/raw/FRUIT-16K/F_Lulo/99.jpg,excluded (copy)
data/raw/FRUIT-16K/F_Lulo/102.jpg,exact_duplicate,identical to data/raw/FRUIT-16K/F_Lulo/101.jpg,excluded (copy)
data/raw/FRUIT-16K/F_Lulo/107.jpg,exact_duplicate,identical to data/raw/FRUIT-16K/F_Lulo/106.jpg,excluded (copy)
data/raw/FRUIT-16K/F_Lulo/109.jpg,exact_duplicate,identical to data/raw/FRUIT-16K/F_Lulo/108.jpg,excluded (copy)
data/raw/FRUIT-16K/F_Lulo/111.jpg,exact_duplicate,identical to data/raw/FRUIT-16K/F_Lulo/110.jpg,excluded (copy)
data/raw/FRUIT-16K/F_Lulo/113.jpg,exact_duplicate,identical to data/raw/FRUIT-16K/F_Lulo/112.jpg,excluded (copy)
data/raw/FRUIT-16K/F_Lulo/115.jpg,exact_duplicate,identical to data/raw/FRUIT-16K/F_Lulo/114.jpg,excluded (copy)
data/raw/FRUIT-16K/F_Lulo/117.jpg,exact_duplicate,identical to data/raw/FRUIT-16K/F_Lulo/116.jpg,excluded (copy)
data/raw/FRUIT-16K/F_Lulo/119.jpg,exact_duplicate,identical to data/raw/FRUIT-16K/F_Lulo/118.jpg,excluded (copy)
data/raw/FRUIT-16K/F_Lulo/121.jpg,exact_duplicate,identical to data/raw/FRUIT-16K/F_Lulo/120.jpg,excluded (copy)
data/raw/FRUIT-16K/F_Lulo/123.jpg,exact_duplicate,identical to data/raw/FRUIT-16K/F_Lulo/122.jpg,excluded (copy)
data/raw/FRUIT-16K/F_Lulo/128.jpg,exact_duplicate,identical to data/raw/FRUIT-16K/F_Lulo/127.jpg,excluded (copy)
data/raw/FRUIT-16K/F_Lulo/130.jpg,exact_duplicate,identical to data/raw/FRUIT-16K/F_Lulo/129.jpg,excluded (copy)
data/raw/FRUIT-16K/F_Lulo/132.jpg,exact_duplicate,identical to data/raw/FRUIT-16K/F_Lulo/131.jpg,excluded (copy)
data/raw/FRUIT-16K/F_Lulo/134.jpg,exact_duplicate,identical to data/raw/FRUIT-16K/F_Lulo/133.jpg,excluded (copy)
data/raw/FRUIT-16K/F_Lulo/136.jpg,exact_duplicate,identical to data/raw/FRUIT-16K/F_Lulo/135.jpg,excluded (copy)
data/raw/FRUIT-16K/F_Lulo/138.jpg,exact_duplicate,identical to data/raw/FRUIT-16K/F_Lulo/137.jpg,excluded (copy)
data/raw/FRUIT-16K/F_Lulo/140.jpg,exact_duplicate,identical to data/raw/FRUIT-16K/F_Lulo/139.jpg,excluded (copy)
data/raw/FRUIT-16K/F_Lulo/142.jpg,exact_duplicate,identical to data/raw/FRUIT-16K/F_Lulo/141.jpg,excluded (copy)
data/raw/FRUIT-16K/F_Lulo/144.jpg,exact_duplicate,identical to data/raw/FRUIT-16K/F_Lulo/143.jpg,excluded (copy)
data/raw/FRUIT-16K/F_Lulo/149.jpg,exact_duplicate,identical to data/raw/FRUIT-16K/F_Lulo/148.jpg,excluded (copy)
data/raw/FRUIT-16K/F_Lulo/151.jpg,exact_duplicate,identical to data/raw/FRUIT-16K/F_Lulo/150.jpg,excluded (copy)
data/raw/FRUIT-16K/F_Lulo/153.jpg,exact_duplicate,identical to data/raw/FRUIT-16K/F_Lulo/152.jpg,excluded (copy)
data/raw/FRUIT-16K/F_Lulo/155.jpg,exact_duplicate,identical to data/raw/FRUIT-16K/F_Lulo/154.jpg,excluded (copy)
data/raw/FRUIT-16K/F_Lulo/157.jpg,exact_duplicate,identical to data/raw/FRUIT-16K/F_Lulo/156.jpg,excluded (copy)
data/raw/FRUIT-16K/F_Lulo/159.jpg,exact_duplicate,identical to data/raw/FRUIT-16K/F_Lulo/158.jpg,excluded (copy)
data/raw/FRUIT-16K/F_Lulo/161.jpg,exact_duplicate,identical to data/raw/FRUIT-16K/F_Lulo/160.jpg,excluded (copy)
data/raw/FRUIT-16K/F_Lulo/163.jpg,exact_duplicate,identical to data/raw/FRUIT-16K/F_Lulo/162.jpg,excluded (copy)
data/raw/FRUIT-16K/F_Lulo/165.jpg,exact_duplicate,identical to data/raw/FRUIT-16K/F_Lulo/164.jpg,excluded (copy)
data/raw/FRUIT-16K/F_Lulo/170.jpg,exact_duplicate,identical to data/raw/FRUIT-16K/F_Lulo/169.jpg,excluded (copy)
data/raw/FRUIT-16K/F_Lulo/172.jpg,exact_duplicate,identical to data/raw/FRUIT-16K/F_Lulo/171.jpg,excluded (copy)
data/raw/FRUIT-16K/F_Lulo/174.jpg,exact_duplicate,identical to data/raw/FRUIT-16K/F_Lulo/173.jpg,excluded (copy)
data/raw/FRUIT-16K/F_Lulo/176.jpg,exact_duplicate,identical to data/raw/FRUIT-16K/F_Lulo/175.jpg,excluded (copy)
data/raw/FRUIT-16K/F_Lulo/178.jpg,exact_duplicate,identical to data/raw/FRUIT-16K/F_Lulo/177.jpg,excluded (copy)
data/raw/FRUIT-16K/F_Lulo/180.jpg,exact_duplicate,identical to data/raw/FRUIT-16K/F_Lulo/179.jpg,excluded (copy)
data/raw/FRUIT-16K/F_Lulo/182.jpg,exact_duplicate,identical to data/raw/FRUIT-16K/F_Lulo/181.jpg,excluded (copy)
data/raw/FRUIT-16K/F_Lulo/184.jpg,exact_duplicate,identical to data/raw/FRUIT-16K/F_Lulo/183.jpg,excluded (copy)
data/raw/FRUIT-16K/F_Lulo/186.jpg,exact_duplicate,identical to data/raw/FRUIT-16K/F_Lulo/185.jpg,excluded (copy)
data/raw/FRUIT-16K/F_Lulo/191.jpg,exact_duplicate,identical to data/raw/FRUIT-16K/F_Lulo/190.jpg,excluded (copy)
data/raw/FRUIT-16K/F_Lulo/193.jpg,exact_duplicate,identical to data/raw/FRUIT-16K/F_Lulo/192.jpg,excluded (copy)
data/raw/FRUIT-16K/F_Lulo/195.jpg,exact_duplicate,identical to data/raw/FRUIT-16K/F_Lulo/194.jpg,excluded (copy)
data/raw/FRUIT-16K/F_Lulo/197.jpg,exact_duplicate,identical to data/raw/FRUIT-16K/F_Lulo/196.jpg,excluded (copy)
data/raw/FRUIT-16K/F_Lulo/199.jpg,exact_duplicate,identical to data/raw/FRUIT-16K/F_Lulo/198.jpg,excluded (copy)
data/raw/FRUIT-16K/F_Lulo/201.jpg,exact_duplicate,identical to data/raw/FRUIT-16K/F_Lulo/200.jpg,excluded (copy)
data/raw/FRUIT-16K/F_Lulo/203.jpg,exact_duplicate,identical to data/raw/FRUIT-16K/F_Lulo/202.jpg,excluded (copy)
data/raw/FRUIT-16K/F_Lulo/205.jpg,exact_duplicate,identical to data/raw/FRUIT-16K/F_Lulo/204.jpg,excluded (copy)
data/raw/FRUIT-16K/F_Lulo/207.jpg,exact_duplicate,identical to data/raw/FRUIT-16K/F_Lulo/206.jpg,excluded (copy)
data/raw/FRUIT-16K/F_Lulo/212.jpg,exact_duplicate,identical to data/raw/FRUIT-16K/F_Lulo/211.jpg,excluded (copy)
data/raw/FRUIT-16K/F_Lulo/214.jpg,exact_duplicate,identical to data/raw/FRUIT-16K/F_Lulo/213.jpg,excluded (copy)
data/raw/FRUIT-16K/F_Lulo/216.jpg,exact_duplicate,identical to data/raw/FRUIT-16K/F_Lulo/215.jpg,excluded (copy)
data/raw/FRUIT-16K/F_Lulo/218.jpg,exact_duplicate,identical to data/raw/FRUIT-16K/F_Lulo/217.jpg,excluded (copy)
data/raw/FRUIT-16K/F_Lulo/220.jpg,exact_duplicate,identical to data/raw/FRUIT-16K/F_Lulo/219.jpg,excluded (copy)
data/raw/FRUIT-16K/F_Lulo/222.jpg,exact_duplicate,identical to data/raw/FRUIT-16K/F_Lulo/221.jpg,excluded (copy)
data/raw/FRUIT-16K/F_Lulo/224.jpg,exact_duplicate,identical to data/raw/FRUIT-16K/F_Lulo/223.jpg,excluded (copy)
data/raw/FRUIT-16K/F_Lulo/226.jpg,exact_duplicate,identical to data/raw/FRUIT-16K/F_Lulo/225.jpg,excluded (copy)
data/raw/FRUIT-16K/F_Lulo/228.jpg,exact_duplicate,identical to data/raw/FRUIT-16K/F_Lulo/227.jpg,excluded (copy)
data/raw/FRUIT-16K/F_Lulo/233.jpg,exact_duplicate,identical to data/raw/FRUIT-16K/F_Lulo/232.jpg,excluded (copy)
data/raw/FRUIT-16K/F_Lulo/235.jpg,exact_duplicate,identical to data/raw/FRUIT-16K/F_Lulo/234.jpg,excluded (copy)
data/raw/FRUIT-16K/F_Lulo/237.jpg,exact_duplicate,identical to data/raw/FRUIT-16K/F_Lulo/236.jpg,excluded (copy)
data/raw/FRUIT-16K/F_Lulo/239.jpg,exact_duplicate,identical to data/raw/FRUIT-16K/F_Lulo/238.jpg,excluded (copy)
data/raw/FRUIT-16K/F_Lulo/241.jpg,exact_duplicate,identical to data/raw/FRUIT-16K/F_Lulo/240.jpg,excluded (copy)
data/raw/FRUIT-16K/F_Lulo/243.jpg,exact_duplicate,identical to data/raw/FRUIT-16K/F_Lulo/242.jpg,excluded (copy)
data/raw/FRUIT-16K/F_Lulo/245.jpg,exact_duplicate,identical to data/raw/FRUIT-16K/F_Lulo/244.jpg,excluded (copy)
data/raw/FRUIT-16K/F_Lulo/247.jpg,exact_duplicate,identical to data/raw/FRUIT-16K/F_Lulo/246.jpg,excluded (copy)
data/raw/FRUIT-16K/F_Lulo/249.jpg,exact_duplicate,identical to data/raw/FRUIT-16K/F_Lulo/248.jpg,excluded (copy)
data/raw/FRUIT-16K/F_Lulo/254.jpg,exact_duplicate,identical to data/raw/FRUIT-16K/F_Lulo/253.jpg,excluded (copy)
data/raw/FRUIT-16K/F_Lulo/256.jpg,exact_duplicate,identical to data/raw/FRUIT-16K/F_Lulo/255.jpg,excluded (copy)
data/raw/FRUIT-16K/F_Lulo/258.jpg,exact_duplicate,identical to data/raw/FRUIT-16K/F_Lulo/257.jpg,excluded (copy)
data/raw/FRUIT-16K/F_Lulo/260.jpg,exact_duplicate,identical to data/raw/FRUIT-16K/F_Lulo/259.jpg,excluded (copy)
data/raw/FRUIT-16K/F_Lulo/262.jpg,exact_duplicate,identical to data/raw/FRUIT-16K/F_Lulo/261.jpg,excluded (copy)
data/raw/FRUIT-16K/F_Lulo/264.jpg,exact_duplicate,identical to data/raw/FRUIT-16K/F_Lulo/263.jpg,excluded (copy)
data/raw/FRUIT-16K/F_Lulo/266.jpg,exact_duplicate,identical to data/raw/FRUIT-16K/F_Lulo/265.jpg,excluded (copy)
data/raw/FRUIT-16K/F_Lulo/268.jpg,exact_duplicate,identical to data/raw/FRUIT-16K/F_Lulo/267.jpg,excluded (copy)
data/raw/FRUIT-16K/F_Lulo/270.jpg,exact_duplicate,identical to data/raw/FRUIT-16K/F_Lulo/269.jpg,excluded (copy)
data/raw/FRUIT-16K/F_Lulo/275.jpg,exact_duplicate,identical to data/raw/FRUIT-16K/F_Lulo/274.jpg,excluded (copy)
data/raw/FRUIT-16K/F_Lulo/277.jpg,exact_duplicate,identical to data/raw/FRUIT-16K/F_Lulo/276.jpg,excluded (copy)
data/raw/FRUIT-16K/F_Lulo/279.jpg,exact_duplicate,identical to data/raw/FRUIT-16K/F_Lulo/278.jpg,excluded (copy)
data/raw/FRUIT-16K/F_Lulo/281.jpg,exact_duplicate,identical to data/raw/FRUIT-16K/F_Lulo/280.jpg,excluded (copy)
data/raw/FRUIT-16K/F_Lulo/283.jpg,exact_duplicate,identical to data/raw/FRUIT-16K/F_Lulo/282.jpg,excluded (copy)
data/raw/FRUIT-16K/F_Lulo/285.jpg,exact_duplicate,identical to data/raw/FRUIT-16K/F_Lulo/284.jpg,excluded (copy)
data/raw/FRUIT-16K/F_Lulo/287.jpg,exact_duplicate,identical to data/raw/FRUIT-16K/F_Lulo/286.jpg,excluded (copy)
data/raw/FRUIT-16K/F_Lulo/289.jpg,exact_duplicate,identical to data/raw/FRUIT-16K/F_Lulo/288.jpg,excluded (copy)
data/raw/FRUIT-16K/F_Lulo/291.jpg,exact_duplicate,identical to data/raw/FRUIT-16K/F_Lulo/290.jpg,excluded (copy)
data/raw/FRUIT-16K/F_Lulo/296.jpg,exact_duplicate,identical to data/raw/FRUIT-16K/F_Lulo/295.jpg,excluded (copy)
data/raw/FRUIT-16K/F_Lulo/298.jpg,exact_duplicate,identical to data/raw/FRUIT-16K/F_Lulo/297.jpg,excluded (copy)
data/raw/FRUIT-16K/F_Lulo/300.jpg,exact_duplicate,identical to data/raw/FRUIT-16K/F_Lulo/299.jpg,excluded (copy)
data/raw/FRUIT-16K/F_Lulo/302.jpg,exact_duplicate,identical to data/raw/FRUIT-16K/F_Lulo/301.jpg,excluded (copy)
data/raw/FRUIT-16K/F_Lulo/304.jpg,exact_duplicate,identical to data/raw/FRUIT-16K/F_Lulo/303.jpg,excluded (copy)
data/raw/FRUIT-16K/F_Lulo/306.jpg,exact_duplicate,identical to data/raw/FRUIT-16K/F_Lulo/305.jpg,excluded (copy)
data/raw/FRUIT-16K/F_Lulo/308.jpg,exact_duplicate,identical to data/raw/FRUIT-16K/F_Lulo/307.jpg,excluded (copy)
data/raw/FRUIT-16K/F_Lulo/310.jpg,exact_duplicate,identical to data/raw/FRUIT-16K/F_Lulo/309.jpg,excluded (copy)
data/raw/FRUIT-16K/F_Lulo/312.jpg,exact_duplicate,identical to data/raw/FRUIT-16K/F_Lulo/311.jpg,excluded (copy)
data/raw/FRUIT-16K/F_Lulo/317.jpg,exact_duplicate,identical to data/raw/FRUIT-16K/F_Lulo/316.jpg,excluded (copy)
data/raw/FRUIT-16K/F_Lulo/319.jpg,exact_duplicate,identical to data/raw/FRUIT-16K/F_Lulo/318.jpg,excluded (copy)
data/raw/FRUIT-16K/F_Lulo/321.jpg,exact_duplicate,identical to data/raw/FRUIT-16K/F_Lulo/320.jpg,excluded (copy)
data/raw/FRUIT-16K/F_Lulo/323.jpg,exact_duplicate,identical to data/raw/FRUIT-16K/F_Lulo/322.jpg,excluded (copy)
data/raw/FRUIT-16K/F_Lulo/325.jpg,exact_duplicate,identical to data/raw/FRUIT-16K/F_Lulo/324.jpg,excluded (copy)
data/raw/FRUIT-16K/F_Lulo/327.jpg,exact_duplicate,identical to data/raw/FRUIT-16K/F_Lulo/326.jpg,excluded (copy)
data/raw/FRUIT-16K/F_Lulo/329.jpg,exact_duplicate,identical to data/raw/FRUIT-16K/F_Lulo/328.jpg,excluded (copy)
data/raw/FRUIT-16K/F_Lulo/331.jpg,exact_duplicate,identical to data/raw/FRUIT-16K/F_Lulo/330.jpg,excluded (copy)
data/raw/FRUIT-16K/F_Lulo/333.jpg,exact_duplicate,identical to data/raw/FRUIT-16K/F_Lulo/332.jpg,excluded (copy)
data/raw/FRUIT-16K/F_Lulo/338.jpg,exact_duplicate,identical to data/raw/FRUIT-16K/F_Lulo/337.jpg,excluded (copy)
data/raw/FRUIT-16K/F_Lulo/340.jpg,exact_duplicate,identical to data/raw/FRUIT-16K/F_Lulo/339.jpg,excluded (copy)
data/raw/FRUIT-16K/F_Lulo/342.jpg,exact_duplicate,identical to data/raw/FRUIT-16K/F_Lulo/341.jpg,excluded (copy)
data/raw/FRUIT-16K/F_Lulo/344.jpg,exact_duplicate,identical to data/raw/FRUIT-16K/F_Lulo/343.jpg,excluded (copy)
data/raw/FRUIT-16K/F_Lulo/346.jpg,exact_duplicate,identical to data/raw/FRUIT-16K/F_Lulo/345.jpg,excluded (copy)
data/raw/FRUIT-16K/F_Lulo/348.jpg,exact_duplicate,identical to data/raw/FRUIT-16K/F_Lulo/347.jpg,excluded (copy)
data/raw/FRUIT-16K/F_Lulo/350.jpg,exact_duplicate,identical to data/raw/FRUIT-16K/F_Lulo/349.jpg,excluded (copy)
data/raw/FRUIT-16K/F_Lulo/352.jpg,exact_duplicate,identical to data/raw/FRUIT-16K/F_Lulo/351.jpg,excluded (copy)
data/raw/FRUIT-16K/F_Lulo/354.jpg,exact_duplicate,identical to data/raw/FRUIT-16K/F_Lulo/353.jpg,excluded (copy)
data/raw/FRUIT-16K/F_Lulo/359.jpg,exact_duplicate,identical to data/raw/FRUIT-16K/F_Lulo/358.jpg,excluded (copy)
data/raw/FRUIT-16K/F_Lulo/361.jpg,exact_duplicate,identical to data/raw/FRUIT-16K/F_Lulo/360.jpg,excluded (copy)
data/raw/FRUIT-16K/F_Lulo/363.jpg,exact_duplicate,identical to data/raw/FRUIT-16K/F_Lulo/362.jpg,excluded (copy)
data/raw/FRUIT-16K/F_Lulo/365.jpg,exact_duplicate,identical to data/raw/FRUIT-16K/F_Lulo/364.jpg,excluded (copy)
data/raw/FRUIT-16K/F_Lulo/367.jpg,exact_duplicate,identical to data/raw/FRUIT-16K/F_Lulo/366.jpg,excluded (copy)
data/raw/FRUIT-16K/F_Lulo/369.jpg,exact_duplicate,identical to data/raw/FRUIT-16K/F_Lulo/368.jpg,excluded (copy)
data/raw/FRUIT-16K/F_Lulo/371.jpg,exact_duplicate,identical to data/raw/FRUIT-16K/F_Lulo/370.jpg,excluded (copy)
data/raw/FRUIT-16K/F_Lulo/373.jpg,exact_duplicate,identical to data/raw/FRUIT-16K/F_Lulo/372.jpg,excluded (copy)
data/raw/FRUIT-16K/F_Lulo/375.jpg,exact_duplicate,identical to data/raw/FRUIT-16K/F_Lulo/374.jpg,excluded (copy)
data/raw/FRUIT-16K/F_Lulo/380.jpg,exact_duplicate,identical to data/raw/FRUIT-16K/F_Lulo/379.jpg,excluded (copy)
data/raw/FRUIT-16K/F_Lulo/382.jpg,exact_duplicate,identical to data/raw/FRUIT-16K/F_Lulo/381.jpg,excluded (copy)
data/raw/FRUIT-16K/F_Lulo/384.jpg,exact_duplicate,identical to data/raw/FRUIT-16K/F_Lulo/383.jpg,excluded (copy)
data/raw/FRUIT-16K/F_Lulo/386.jpg,exact_duplicate,identical to data/raw/FRUIT-16K/F_Lulo/385.jpg,excluded (copy)
data/raw/FRUIT-16K/F_Lulo/388.jpg,exact_duplicate,identical to data/raw/FRUIT-16K/F_Lulo/387.jpg,excluded (copy)
data/raw/FRUIT-16K/F_Lulo/390.jpg,exact_duplicate,identical to data/raw/FRUIT-16K/F_Lulo/389.jpg,excluded (copy)
data/raw/FRUIT-16K/F_Lulo/392.jpg,exact_duplicate,identical to data/raw/FRUIT-16K/F_Lulo/391.jpg,excluded (copy)
data/raw/FRUIT-16K/F_Lulo/394.jpg,exact_duplicate,identical to data/raw/FRUIT-16K/F_Lulo/393.jpg,excluded (copy)
data/raw/FRUIT-16K/F_Lulo/396.jpg,exact_duplicate,identical to data/raw/FRUIT-16K/F_Lulo/395.jpg,excluded (copy)
data/raw/FRUIT-16K/F_Lulo/401.jpg,exact_duplicate,identical to data/raw/FRUIT-16K/F_Lulo/400.jpg,excluded (copy)
data/raw/FRUIT-16K/F_Lulo/403.jpg,exact_duplicate,identical to data/raw/FRUIT-16K/F_Lulo/402.jpg,excluded (copy)
data/raw/FRUIT-16K/F_Lulo/405.jpg,exact_duplicate,identical to data/raw/FRUIT-16K/F_Lulo/404.jpg,excluded (copy)
data/raw/FRUIT-16K/F_Lulo/407.jpg,exact_duplicate,identical to data/raw/FRUIT-16K/F_Lulo/406.jpg,excluded (copy)
data/raw/FRUIT-16K/F_Lulo/409.jpg,exact_duplicate,identical to data/raw/FRUIT-16K/F_Lulo/408.jpg,excluded (copy)
data/raw/FRUIT-16K/F_Lulo/411.jpg,exact_duplicate,identical to data/raw/FRUIT-16K/F_Lulo/410.jpg,excluded (copy)
data/raw/FRUIT-16K/F_Lulo/413.jpg,exact_duplicate,identical to data/raw/FRUIT-16K/F_Lulo/412.jpg,excluded (copy)
data/raw/FRUIT-16K/F_Lulo/415.jpg,exact_duplicate,identical to data/raw/FRUIT-16K/F_Lulo/414.jpg,excluded (copy)
data/raw/FRUIT-16K/F_Lulo/417.jpg,exact_duplicate,identical to data/raw/FRUIT-16K/F_Lulo/416.jpg,excluded (copy)
data/raw/FRUIT-16K/F_Lulo/422.jpg,exact_duplicate,identical to data/raw/FRUIT-16K/F_Lulo/421.jpg,excluded (copy)
data/raw/FRUIT-16K/F_Lulo/424.jpg,exact_duplicate,identical to data/raw/FRUIT-16K/F_Lulo/423.jpg,excluded (copy)
data/raw/FRUIT-16K/F_Lulo/426.jpg,exact_duplicate,identical to data/raw/FRUIT-16K/F_Lulo/425.jpg,excluded (copy)
data/raw/FRUIT-16K/F_Lulo/428.jpg,exact_duplicate,identical to data/raw/FRUIT-16K/F_Lulo/427.jpg,excluded (copy)
data/raw/FRUIT-16K/F_Lulo/430.jpg,exact_duplicate,identical to data/raw/FRUIT-16K/F_Lulo/429.jpg,excluded (copy)
data/raw/FRUIT-16K/F_Lulo/432.jpg,exact_duplicate,identical to data/raw/FRUIT-16K/F_Lulo/431.jpg,excluded (copy)
data/raw/FRUIT-16K/F_Lulo/434.jpg,exact_duplicate,identical to data/raw/FRUIT-16K/F_Lulo/433.jpg,excluded (copy)
data/raw/FRUIT-16K/F_Lulo/436.jpg,exact_duplicate,identical to data/raw/FRUIT-16K/F_Lulo/435.jpg,excluded (copy)
data/raw/FRUIT-16K/F_Lulo/438.jpg,exact_duplicate,identical to data/raw/FRUIT-16K/F_Lulo/437.jpg,excluded (copy)
data/raw/FRUIT-16K/F_Lulo/443.jpg,exact_duplicate,identical to data/raw/FRUIT-16K/F_Lulo/442.jpg,excluded (copy)
data/raw/FRUIT-16K/F_Lulo/445.jpg,exact_duplicate,identical to data/raw/FRUIT-16K/F_Lulo/444.jpg,excluded (copy)
data/raw/FRUIT-16K/F_Lulo/447.jpg,exact_duplicate,identical to data/raw/FRUIT-16K/F_Lulo/446.jpg,excluded (copy)
data/raw/FRUIT-16K/F_Lulo/449.jpg,exact_duplicate,identical to data/raw/FRUIT-16K/F_Lulo/448.jpg,excluded (copy)
data/raw/FRUIT-16K/F_Lulo/451.jpg,exact_duplicate,identical to data/raw/FRUIT-16K/F_Lulo/450.jpg,excluded (copy)
data/raw/FRUIT-16K/F_Lulo/453.jpg,exact_duplicate,identical to data/raw/FRUIT-16K/F_Lulo/452.jpg,excluded (copy)
data/raw/FRUIT-16K/F_Lulo/455.jpg,exact_duplicate,identical to data/raw/FRUIT-16K/F_Lulo/454.jpg,excluded (copy)
data/raw/FRUIT-16K/F_Lulo/457.jpg,exact_duplicate,identical to data/raw/FRUIT-16K/F_Lulo/456.jpg,excluded (copy)
data/raw/FRUIT-16K/F_Lulo/459.jpg,exact_duplicate,identical to data/raw/FRUIT-16K/F_Lulo/458.jpg,excluded (copy)
data/raw/FRUIT-16K/F_Lulo/464.jpg,exact_duplicate,identical to data/raw/FRUIT-16K/F_Lulo/463.jpg,excluded (copy)
data/raw/FRUIT-16K/F_Lulo/466.jpg,exact_duplicate,identical to data/raw/FRUIT-16K/F_Lulo/465.jpg,excluded (copy)
data/raw/FRUIT-16K/F_Lulo/468.jpg,exact_duplicate,identical to data/raw/FRUIT-16K/F_Lulo/467.jpg,excluded (copy)
data/raw/FRUIT-16K/F_Lulo/470.jpg,exact_duplicate,identical to data/raw/FRUIT-16K/F_Lulo/469.jpg,excluded (copy)
data/raw/FRUIT-16K/F_Lulo/472.jpg,exact_duplicate,identical to data/raw/FRUIT-16K/F_Lulo/471.jpg,excluded (copy)
data/raw/FRUIT-16K/F_Lulo/474.jpg,exact_duplicate,identical to data/raw/FRUIT-16K/F_Lulo/473.jpg,excluded (copy)
data/raw/FRUIT-16K/F_Lulo/476.jpg,exact_duplicate,identical to data/raw/FRUIT-16K/F_Lulo/475.jpg,excluded (copy)
data/raw/FRUIT-16K/F_Lulo/478.jpg,exact_duplicate,identical to data/raw/FRUIT-16K/F_Lulo/477.jpg,excluded (copy)
data/raw/FRUIT-16K/F_Lulo/480.jpg,exact_duplicate,identical to data/raw/FRUIT-16K/F_Lulo/479.jpg,excluded (copy)
data/raw/FRUIT-16K/F_Lulo/485.jpg,exact_duplicate,identical to data/raw/FRUIT-16K/F_Lulo/484.jpg,excluded (copy)
data/raw/FRUIT-16K/F_Lulo/487.jpg,exact_duplicate,identical to data/raw/FRUIT-16K/F_Lulo/486.jpg,excluded (copy)
data/raw/FRUIT-16K/F_Lulo/489.jpg,exact_duplicate,identical to data/raw/FRUIT-16K/F_Lulo/488.jpg,excluded (copy)
data/raw/FRUIT-16K/F_Lulo/491.jpg,exact_duplicate,identical to data/raw/FRUIT-16K/F_Lulo/490.jpg,excluded (copy)
data/raw/FRUIT-16K/F_Lulo/493.jpg,exact_duplicate,identical to data/raw/FRUIT-16K/F_Lulo/492.jpg,excluded (copy)
data/raw/FRUIT-16K/F_Lulo/495.jpg,exact_duplicate,identical to data/raw/FRUIT-16K/F_Lulo/494.jpg,excluded (copy)
data/raw/FRUIT-16K/F_Lulo/497.jpg,exact_duplicate,identical to data/raw/FRUIT-16K/F_Lulo/496.jpg,excluded (copy)
data/raw/FRUIT-16K/F_Lulo/499.jpg,exact_duplicate,identical to data/raw/FRUIT-16K/F_Lulo/498.jpg,excluded (copy)
data/raw/FRUIT-16K/F_Lulo/501.jpg,exact_duplicate,identical to data/raw/FRUIT-16K/F_Lulo/500.jpg,excluded (copy)
data/raw/FRUIT-16K/F_Lulo/506.jpg,exact_duplicate,identical to data/raw/FRUIT-16K/F_Lulo/505.jpg,excluded (copy)
data/raw/FRUIT-16K/F_Lulo/508.jpg,exact_duplicate,identical to data/raw/FRUIT-16K/F_Lulo/507.jpg,excluded (copy)
data/raw/FRUIT-16K/F_Lulo/510.jpg,exact_duplicate,identical to data/raw/FRUIT-16K/F_Lulo/509.jpg,excluded (copy)
data/raw/FRUIT-16K/F_Lulo/512.jpg,exact_duplicate,identical to data/raw/FRUIT-16K/F_Lulo/511.jpg,excluded (copy)
data/raw/FRUIT-16K/F_Lulo/514.jpg,exact_duplicate,identical to data/raw/FRUIT-16K/F_Lulo/513.jpg,excluded (copy)
data/raw/FRUIT-16K/F_Lulo/516.jpg,exact_duplicate,identical to data/raw/FRUIT-16K/F_Lulo/515.jpg,excluded (copy)
data/raw/FRUIT-16K/F_Lulo/518.jpg,exact_duplicate,identical to data/raw/FRUIT-16K/F_Lulo/517.jpg,excluded (copy)
data/raw/FRUIT-16K/F_Lulo/520.jpg,exact_duplicate,identical to data/raw/FRUIT-16K/F_Lulo/519.jpg,excluded (copy)
data/raw/FRUIT-16K/F_Lulo/522.jpg,exact_duplicate,identical to data/raw/FRUIT-16K/F_Lulo/521.jpg,excluded (copy)
data/raw/FRUIT-16K/F_Lulo/524.jpg,exact_duplicate,identical to data/raw/FRUIT-16K/F_Lulo/523.jpg,excluded (copy)
data/raw/FRUIT-16K/F_Lulo/528.jpg,exact_duplicate,identical to data/raw/FRUIT-16K/F_Lulo/527.jpg,excluded (copy)
data/raw/FRUIT-16K/F_Lulo/530.jpg,exact_duplicate,identical to data/raw/FRUIT-16K/F_Lulo/529.jpg,excluded (copy)
data/raw/FRUIT-16K/F_Lulo/532.jpg,exact_duplicate,identical to data/raw/FRUIT-16K/F_Lulo/531.jpg,excluded (copy)
data/raw/FRUIT-16K/F_Lulo/534.jpg,exact_duplicate,identical to data/raw/FRUIT-16K/F_Lulo/533.jpg,excluded (copy)
data/raw/FRUIT-16K/F_Lulo/536.jpg,exact_duplicate,identical to data/raw/FRUIT-16K/F_Lulo/535.jpg,excluded (copy)
data/raw/FRUIT-16K/F_Lulo/538.jpg,exact_duplicate,identical to data/raw/FRUIT-16K/F_Lulo/537.jpg,excluded (copy)
data/raw/FRUIT-16K/F_Lulo/540.jpg,exact_duplicate,identical to data/raw/FRUIT-16K/F_Lulo/539.jpg,excluded (copy)
data/raw/FRUIT-16K/F_Lulo/542.jpg,exact_duplicate,identical to data/raw/FRUIT-16K/F_Lulo/541.jpg,excluded (copy)
data/raw/FRUIT-16K/F_Lulo/544.jpg,exact_duplicate,identical to data/raw/FRUIT-16K/F_Lulo/543.jpg,excluded (copy)
data/raw/FRUIT-16K/F_Lulo/546.jpg,exact_duplicate,identical to data/raw/FRUIT-16K/F_Lulo/545.jpg,excluded (copy)
data/raw/FRUIT-16K/F_Lulo/550.jpg,exact_duplicate,identical to data/raw/FRUIT-16K/F_Lulo/549.jpg,excluded (copy)
data/raw/FRUIT-16K/F_Lulo/552.jpg,exact_duplicate,identical to data/raw/FRUIT-16K/F_Lulo/551.jpg,excluded (copy)
data/raw/FRUIT-16K/F_Lulo/554.jpg,exact_duplicate,identical to data/raw/FRUIT-16K/F_Lulo/553.jpg,excluded (copy)
data/raw/FRUIT-16K/F_Lulo/556.jpg,exact_duplicate,identical to data/raw/FRUIT-16K/F_Lulo/555.jpg,excluded (copy)
data/raw/FRUIT-16K/F_Lulo/558.jpg,exact_duplicate,identical to data/raw/FRUIT-16K/F_Lulo/557.jpg,excluded (copy)
data/raw/FRUIT-16K/F_Lulo/560.jpg,exact_duplicate,identical to data/raw/FRUIT-16K/F_Lulo/559.jpg,excluded (copy)
data/raw/FRUIT-16K/F_Lulo/562.jpg,exact_duplicate,identical to data/raw/FRUIT-16K/F_Lulo/561.jpg,excluded (copy)
data/raw/FRUIT-16K/F_Lulo/564.jpg,exact_duplicate,identical to data/raw/FRUIT-16K/F_Lulo/563.jpg,excluded (copy)
data/raw/FRUIT-16K/F_Lulo/566.jpg,exact_duplicate,identical to data/raw/FRUIT-16K/F_Lulo/565.jpg,excluded (copy)
data/raw/FRUIT-16K/F_Lulo/568.jpg,exact_duplicate,identical to data/raw/FRUIT-16K/F_Lulo/567.jpg,excluded (copy)
data/raw/FRUIT-16K/F_Lulo/572.jpg,exact_duplicate,identical to data/raw/FRUIT-16K/F_Lulo/571.jpg,excluded (copy)
data/raw/FRUIT-16K/F_Lulo/574.jpg,exact_duplicate,identical to data/raw/FRUIT-16K/F_Lulo/573.jpg,excluded (copy)
data/raw/FRUIT-16K/F_Lulo/576.jpg,exact_duplicate,identical to data/raw/FRUIT-16K/F_Lulo/575.jpg,excluded (copy)
data/raw/FRUIT-16K/F_Lulo/578.jpg,exact_duplicate,identical to data/raw/FRUIT-16K/F_Lulo/577.jpg,excluded (copy)
data/raw/FRUIT-16K/F_Lulo/580.jpg,exact_duplicate,identical to data/raw/FRUIT-16K/F_Lulo/579.jpg,excluded (copy)
data/raw/FRUIT-16K/F_Lulo/582.jpg,exact_duplicate,identical to data/raw/FRUIT-16K/F_Lulo/581.jpg,excluded (copy)
data/raw/FRUIT-16K/F_Lulo/584.jpg,exact_duplicate,identical to data/raw/FRUIT-16K/F_Lulo/583.jpg,excluded (copy)
data/raw/FRUIT-16K/F_Lulo/586.jpg,exact_duplicate,identical to data/raw/FRUIT-16K/F_Lulo/585.jpg,excluded (copy)
data/raw/FRUIT-16K/F_Lulo/588.jpg,exact_duplicate,identical to data/raw/FRUIT-16K/F_Lulo/587.jpg,excluded (copy)
data/raw/FRUIT-16K/F_Lulo/590.jpg,exact_duplicate,identical to data/raw/FRUIT-16K/F_Lulo/589.jpg,excluded (copy)
data/raw/FRUIT-16K/F_Lulo/594.jpg,exact_duplicate,identical to data/raw/FRUIT-16K/F_Lulo/593.jpg,excluded (copy)
data/raw/FRUIT-16K/F_Lulo/596.jpg,exact_duplicate,identical to data/raw/FRUIT-16K/F_Lulo/595.jpg,excluded (copy)
data/raw/FRUIT-16K/F_Lulo/598.jpg,exact_duplicate,identical to data/raw/FRUIT-16K/F_Lulo/597.jpg,excluded (copy)
data/raw/FRUIT-16K/F_Lulo/600.jpg,exact_duplicate,identical to data/raw/FRUIT-16K/F_Lulo/599.jpg,excluded (copy)
data/raw/FRUIT-16K/F_Lulo/602.jpg,exact_duplicate,identical to data/raw/FRUIT-16K/F_Lulo/601.jpg,excluded (copy)
data/raw/FRUIT-16K/F_Lulo/604.jpg,exact_duplicate,identical to data/raw/FRUIT-16K/F_Lulo/603.jpg,excluded (copy)
data/raw/FRUIT-16K/F_Lulo/606.jpg,exact_duplicate,identical to data/raw/FRUIT-16K/F_Lulo/605.jpg,excluded (copy)
data/raw/FRUIT-16K/F_Lulo/608.jpg,exact_duplicate,identical to data/raw/FRUIT-16K/F_Lulo/607.jpg,excluded (copy)
data/raw/FRUIT-16K/F_Lulo/610.jpg,exact_duplicate,identical to data/raw/FRUIT-16K/F_Lulo/609.jpg,excluded (copy)
data/raw/FRUIT-16K/F_Lulo/612.jpg,exact_duplicate,identical to data/raw/FRUIT-16K/F_Lulo/611.jpg,excluded (copy)
data/raw/FRUIT-16K/F_Lulo/616.jpg,exact_duplicate,identical to data/raw/FRUIT-16K/F_Lulo/615.jpg,excluded (copy)
data/raw/FRUIT-16K/F_Lulo/618.jpg,exact_duplicate,identical to data/raw/FRUIT-16K/F_Lulo/617.jpg,excluded (copy)
data/raw/FRUIT-16K/F_Lulo/620.jpg,exact_duplicate,identical to data/raw/FRUIT-16K/F_Lulo/619.jpg,excluded (copy)
data/raw/FRUIT-16K/F_Lulo/622.jpg,exact_duplicate,identical to data/raw/FRUIT-16K/F_Lulo/621.jpg,excluded (copy)
data/raw/FRUIT-16K/F_Lulo/624.jpg,exact_duplicate,identical to data/raw/FRUIT-16K/F_Lulo/623.jpg,excluded (copy)
data/raw/FRUIT-16K/F_Lulo/626.jpg,exact_duplicate,identical to data/raw/FRUIT-16K/F_Lulo/625.jpg,excluded (copy)
data/raw/FRUIT-16K/F_Lulo/628.jpg,exact_duplicate,identical to data/raw/FRUIT-16K/F_Lulo/627.jpg,excluded (copy)
data/raw/FRUIT-16K/F_Lulo/630.jpg,exact_duplicate,identical to data/raw/FRUIT-16K/F_Lulo/629.jpg,excluded (copy)
data/raw/FRUIT-16K/F_Lulo/632.jpg,exact_duplicate,identical to data/raw/FRUIT-16K/F_Lulo/631.jpg,excluded (copy)
data/raw/FRUIT-16K/F_Lulo/634.jpg,exact_duplicate,identical to data/raw/FRUIT-16K/F_Lulo/633.jpg,excluded (copy)
data/raw/FRUIT-16K/F_Lulo/638.jpg,exact_duplicate,identical to data/raw/FRUIT-16K/F_Lulo/637.jpg,excluded (copy)
data/raw/FRUIT-16K/F_Lulo/640.jpg,exact_duplicate,identical to data/raw/FRUIT-16K/F_Lulo/639.jpg,excluded (copy)
data/raw/FRUIT-16K/F_Lulo/642.jpg,exact_duplicate,identical to data/raw/FRUIT-16K/F_Lulo/641.jpg,excluded (copy)
data/raw/FRUIT-16K/F_Lulo/644.jpg,exact_duplicate,identical to data/raw/FRUIT-16K/F_Lulo/643.jpg,excluded (copy)
data/raw/FRUIT-16K/F_Lulo/646.jpg,exact_duplicate,identical to data/raw/FRUIT-16K/F_Lulo/645.jpg,excluded (copy)
data/raw/FRUIT-16K/F_Lulo/648.jpg,exact_duplicate,identical to data/raw/FRUIT-16K/F_Lulo/647.jpg,excluded (copy)
data/raw/FRUIT-16K/F_Lulo/650.jpg,exact_duplicate,identical to data/raw/FRUIT-16K/F_Lulo/649.jpg,excluded (copy)
data/raw/FRUIT-16K/F_Lulo/652.jpg,exact_duplicate,identical to data/raw/FRUIT-16K/F_Lulo/651.jpg,excluded (copy)
data/raw/FRUIT-16K/F_Lulo/654.jpg,exact_duplicate,identical to data/raw/FRUIT-16K/F_Lulo/653.jpg,excluded (copy)
data/raw/FRUIT-16K/F_Lulo/656.jpg,exact_duplicate,identical to data/raw/FRUIT-16K/F_Lulo/655.jpg,excluded (copy)
data/raw/FRUIT-16K/F_Lulo/660.jpg,exact_duplicate,identical to data/raw/FRUIT-16K/F_Lulo/659.jpg,excluded (copy)
data/raw/FRUIT-16K/F_Lulo/662.jpg,exact_duplicate,identical to data/raw/FRUIT-16K/F_Lulo/661.jpg,excluded (copy)
data/raw/FRUIT-16K/F_Lulo/664.jpg,exact_duplicate,identical to data/raw/FRUIT-16K/F_Lulo/663.jpg,excluded (copy)
data/raw/FRUIT-16K/F_Lulo/666.jpg,exact_duplicate,identical to data/raw/FRUIT-16K/F_Lulo/665.jpg,excluded (copy)
data/raw/FRUIT-16K/F_Lulo/668.jpg,exact_duplicate,identical to data/raw/FRUIT-16K/F_Lulo/667.jpg,excluded (copy)
data/raw/FRUIT-16K/F_Lulo/670.jpg,exact_duplicate,identical to data/raw/FRUIT-16K/F_Lulo/669.jpg,excluded (copy)
data/raw/FRUIT-16K/F_Lulo/672.jpg,exact_duplicate,identical to data/raw/FRUIT-16K/F_Lulo/671.jpg,excluded (copy)
data/raw/FRUIT-16K/F_Lulo/674.jpg,exact_duplicate,identical to data/raw/FRUIT-16K/F_Lulo/673.jpg,excluded (copy)
data/raw/FRUIT-16K/F_Lulo/676.jpg,exact_duplicate,identical to data/raw/FRUIT-16K/F_Lulo/675.jpg,excluded (copy)
data/raw/FRUIT-16K/F_Lulo/678.jpg,exact_duplicate,identical to data/raw/FRUIT-16K/F_Lulo/677.jpg,excluded (copy)
data/raw/FRUIT-16K/F_Lulo/682.jpg,exact_duplicate,identical to data/raw/FRUIT-16K/F_Lulo/681.jpg,excluded (copy)
data/raw/FRUIT-16K/F_Lulo/684.jpg,exact_duplicate,identical to data/raw/FRUIT-16K/F_Lulo/683.jpg,excluded (copy)
data/raw/FRUIT-16K/F_Lulo/686.jpg,exact_duplicate,identical to data/raw/FRUIT-16K/F_Lulo/685.jpg,excluded (copy)
data/raw/FRUIT-16K/F_Lulo/688.jpg,exact_duplicate,identical to data/raw/FRUIT-16K/F_Lulo/687.jpg,excluded (copy)
data/raw/FRUIT-16K/F_Lulo/690.jpg,exact_duplicate,identical to data/raw/FRUIT-16K/F_Lulo/689.jpg,excluded (copy)
data/raw/FRUIT-16K/F_Lulo/692.jpg,exact_duplicate,identical to data/raw/FRUIT-16K/F_Lulo/691.jpg,excluded (copy)
data/raw/FRUIT-16K/F_Lulo/694.jpg,exact_duplicate,identical to data/raw/FRUIT-16K/F_Lulo/693.jpg,excluded (copy)
data/raw/FRUIT-16K/F_Lulo/696.jpg,exact_duplicate,identical to data/raw/FRUIT-16K/F_Lulo/695.jpg,excluded (copy)
data/raw/FRUIT-16K/F_Lulo/698.jpg,exact_duplicate,identical to data/raw/FRUIT-16K/F_Lulo/697.jpg,excluded (copy)
data/raw/FRUIT-16K/F_Lulo/700.jpg,exact_duplicate,identical to data/raw/FRUIT-16K/F_Lulo/699.jpg,excluded (copy)
data/raw/FRUIT-16K/F_Lulo/704.jpg,exact_duplicate,identical to data/raw/FRUIT-16K/F_Lulo/703.jpg,excluded (copy)
data/raw/FRUIT-16K/F_Lulo/706.jpg,exact_duplicate,identical to data/raw/FRUIT-16K/F_Lulo/705.jpg,excluded (copy)
data/raw/FRUIT-16K/F_Lulo/708.jpg,exact_duplicate,identical to data/raw/FRUIT-16K/F_Lulo/707.jpg,excluded (copy)
data/raw/FRUIT-16K/F_Lulo/710.jpg,exact_duplicate,identical to data/raw/FRUIT-16K/F_Lulo/709.jpg,excluded (copy)
data/raw/FRUIT-16K/F_Lulo/712.jpg,exact_duplicate,identical to data/raw/FRUIT-16K/F_Lulo/711.jpg,excluded (copy)
data/raw/FRUIT-16K/F_Lulo/714.jpg,exact_duplicate,identical to data/raw/FRUIT-16K/F_Lulo/713.jpg,excluded (copy)
data/raw/FRUIT-16K/F_Lulo/716.jpg,exact_duplicate,identical to data/raw/FRUIT-16K/F_Lulo/715.jpg,excluded (copy)
data/raw/FRUIT-16K/F_Lulo/718.jpg,exact_duplicate,identical to data/raw/FRUIT-16K/F_Lulo/717.jpg,excluded (copy)
data/raw/FRUIT-16K/F_Lulo/720.jpg,exact_duplicate,identical to data/raw/FRUIT-16K/F_Lulo/719.jpg,excluded (copy)
data/raw/FRUIT-16K/F_Lulo/722.jpg,exact_duplicate,identical to data/raw/FRUIT-16K/F_Lulo/721.jpg,excluded (copy)
data/raw/FRUIT-16K/F_Lulo/726.jpg,exact_duplicate,identical to data/raw/FRUIT-16K/F_Lulo/725.jpg,excluded (copy)
data/raw/FRUIT-16K/F_Lulo/728.jpg,exact_duplicate,identical to data/raw/FRUIT-16K/F_Lulo/727.jpg,excluded (copy)
data/raw/FRUIT-16K/F_Lulo/730.jpg,exact_duplicate,identical to data/raw/FRUIT-16K/F_Lulo/729.jpg,excluded (copy)
data/raw/FRUIT-16K/F_Lulo/732.jpg,exact_duplicate,identical to data/raw/FRUIT-16K/F_Lulo/731.jpg,excluded (copy)
data/raw/FRUIT-16K/F_Lulo/734.jpg,exact_duplicate,identical to data/raw/FRUIT-16K/F_Lulo/733.jpg,excluded (copy)
data/raw/FRUIT-16K/F_Lulo/736.jpg,exact_duplicate,identical to data/raw/FRUIT-16K/F_Lulo/735.jpg,excluded (copy)
data/raw/FRUIT-16K/F_Lulo/738.jpg,exact_duplicate,identical to data/raw/FRUIT-16K/F_Lulo/737.jpg,excluded (copy)
data/raw/FRUIT-16K/F_Lulo/740.jpg,exact_duplicate,identical to data/raw/FRUIT-16K/F_Lulo/739.jpg,excluded (copy)
data/raw/FRUIT-16K/F_Lulo/742.jpg,exact_duplicate,identical to data/raw/FRUIT-16K/F_Lulo/741.jpg,excluded (copy)
data/raw/FRUIT-16K/F_Lulo/744.jpg,exact_duplicate,identical to data/raw/FRUIT-16K/F_Lulo/743.jpg,excluded (copy)
data/raw/FRUIT-16K/F_Lulo/748.jpg,exact_duplicate,identical to data/raw/FRUIT-16K/F_Lulo/747.jpg,excluded (copy)
data/raw/FRUIT-16K/F_Lulo/750.jpg,exact_duplicate,identical to data/raw/FRUIT-16K/F_Lulo/749.jpg,excluded (copy)
data/raw/FRUIT-16K/F_Lulo/752.jpg,exact_duplicate,identical to data/raw/FRUIT-16K/F_Lulo/751.jpg,excluded (copy)
data/raw/FRUIT-16K/F_Lulo/754.jpg,exact_duplicate,identical to data/raw/FRUIT-16K/F_Lulo/753.jpg,excluded (copy)
data/raw/FRUIT-16K/F_Lulo/756.jpg,exact_duplicate,identical to data/raw/FRUIT-16K/F_Lulo/755.jpg,excluded (copy)
data/raw/FRUIT-16K/F_Lulo/758.jpg,exact_duplicate,identical to data/raw/FRUIT-16K/F_Lulo/757.jpg,excluded (copy)
data/raw/FRUIT-16K/F_Lulo/760.jpg,exact_duplicate,identical to data/raw/FRUIT-16K/F_Lulo/759.jpg,excluded (copy)
data/raw/FRUIT-16K/F_Lulo/762.jpg,exact_duplicate,identical to data/raw/FRUIT-16K/F_Lulo/761.jpg,excluded (copy)
data/raw/FRUIT-16K/F_Lulo/764.jpg,exact_duplicate,identical to data/raw/FRUIT-16K/F_Lulo/763.jpg,excluded (copy)
data/raw/FRUIT-16K/F_Lulo/766.jpg,exact_duplicate,identical to data/raw/FRUIT-16K/F_Lulo/765.jpg,excluded (copy)
data/raw/FRUIT-16K/F_Lulo/770.jpg,exact_duplicate,identical to data/raw/FRUIT-16K/F_Lulo/769.jpg,excluded (copy)
data/raw/FRUIT-16K/F_Lulo/772.jpg,exact_duplicate,identical to data/raw/FRUIT-16K/F_Lulo/771.jpg,excluded (copy)
data/raw/FRUIT-16K/F_Lulo/774.jpg,exact_duplicate,identical to data/raw/FRUIT-16K/F_Lulo/773.jpg,excluded (copy)
data/raw/FRUIT-16K/F_Lulo/776.jpg,exact_duplicate,identical to data/raw/FRUIT-16K/F_Lulo/775.jpg,excluded (copy)
data/raw/FRUIT-16K/F_Lulo/778.jpg,exact_duplicate,identical to data/raw/FRUIT-16K/F_Lulo/777.jpg,excluded (copy)
data/raw/FRUIT-16K/F_Lulo/780.jpg,exact_duplicate,identical to data/raw/FRUIT-16K/F_Lulo/779.jpg,excluded (copy)
data/raw/FRUIT-16K/F_Lulo/782.jpg,exact_duplicate,identical to data/raw/FRUIT-16K/F_Lulo/781.jpg,excluded (copy)
data/raw/FRUIT-16K/F_Lulo/784.jpg,exact_duplicate,identical to data/raw/FRUIT-16K/F_Lulo/783.jpg,excluded (copy)
data/raw/FRUIT-16K/F_Lulo/786.jpg,exact_duplicate,identical to data/raw/FRUIT-16K/F_Lulo/785.jpg,excluded (copy)
data/raw/FRUIT-16K/F_Lulo/788.jpg,exact_duplicate,identical to data/raw/FRUIT-16K/F_Lulo/787.jpg,excluded (copy)
data/raw/FRUIT-16K/F_Lulo/792.jpg,exact_duplicate,identical to data/raw/FRUIT-16K/F_Lulo/791.jpg,excluded (copy)
data/raw/FRUIT-16K/F_Lulo/794.jpg,exact_duplicate,identical to data/raw/FRUIT-16K/F_Lulo/793.jpg,excluded (copy)
data/raw/FRUIT-16K/F_Lulo/796.jpg,exact_duplicate,identical to data/raw/FRUIT-16K/F_Lulo/795.jpg,excluded (copy)
data/raw/FRUIT-16K/F_Lulo/798.jpg,exact_duplicate,identical to data/raw/FRUIT-16K/F_Lulo/797.jpg,excluded (copy)
data/raw/FRUIT-16K/F_Lulo/800.jpg,exact_duplicate,identical to data/raw/FRUIT-16K/F_Lulo/799.jpg,excluded (copy)
data/raw/FRUIT-16K/F_Lulo/802.jpg,exact_duplicate,identical to data/raw/FRUIT-16K/F_Lulo/801.jpg,excluded (copy)
data/raw/FRUIT-16K/F_Lulo/804.jpg,exact_duplicate,identical to data/raw/FRUIT-16K/F_Lulo/803.jpg,excluded (copy)
data/raw/FRUIT-16K/F_Lulo/806.jpg,exact_duplicate,identical to data/raw/FRUIT-16K/F_Lulo/805.jpg,excluded (copy)
data/raw/FRUIT-16K/F_Lulo/808.jpg,exact_duplicate,identical to data/raw/FRUIT-16K/F_Lulo/807.jpg,excluded (copy)
data/raw/FRUIT-16K/F_Lulo/810.jpg,exact_duplicate,identical to data/raw/FRUIT-16K/F_Lulo/809.jpg,excluded (copy)
data/raw/FRUIT-16K/F_Lulo/814.jpg,exact_duplicate,identical to data/raw/FRUIT-16K/F_Lulo/813.jpg,excluded (copy)
data/raw/FRUIT-16K/F_Lulo/816.jpg,exact_duplicate,identical to data/raw/FRUIT-16K/F_Lulo/815.jpg,excluded (copy)
data/raw/FRUIT-16K/F_Lulo/818.jpg,exact_duplicate,identical to data/raw/FRUIT-16K/F_Lulo/817.jpg,excluded (copy)
data/raw/FRUIT-16K/F_Lulo/820.jpg,exact_duplicate,identical to data/raw/FRUIT-16K/F_Lulo/819.jpg,excluded (copy)
data/raw/FRUIT-16K/F_Lulo/822.jpg,exact_duplicate,identical to data/raw/FRUIT-16K/F_Lulo/821.jpg,excluded (copy)
data/raw/FRUIT-16K/F_Lulo/824.jpg,exact_duplicate,identical to data/raw/FRUIT-16K/F_Lulo/823.jpg,excluded (copy)
data/raw/FRUIT-16K/F_Lulo/826.jpg,exact_duplicate,identical to data/raw/FRUIT-16K/F_Lulo/825.jpg,excluded (copy)
data/raw/FRUIT-16K/F_Lulo/828.jpg,exact_duplicate,identical to data/raw/FRUIT-16K/F_Lulo/827.jpg,excluded (copy)
data/raw/FRUIT-16K/F_Lulo/830.jpg,exact_duplicate,identical to data/raw/FRUIT-16K/F_Lulo/829.jpg,excluded (copy)
data/raw/FRUIT-16K/F_Lulo/832.jpg,exact_duplicate,identical to data/raw/FRUIT-16K/F_Lulo/831.jpg,excluded (copy)
data/raw/FRUIT-16K/F_Lulo/836.jpg,exact_duplicate,identical to data/raw/FRUIT-16K/F_Lulo/835.jpg,excluded (copy)
data/raw/FRUIT-16K/F_Lulo/838.jpg,exact_duplicate,identical to data/raw/FRUIT-16K/F_Lulo/837.jpg,excluded (copy)
data/raw/FRUIT-16K/F_Lulo/840.jpg,exact_duplicate,identical to data/raw/FRUIT-16K/F_Lulo/839.jpg,excluded (copy)
data/raw/FRUIT-16K/F_Lulo/842.jpg,exact_duplicate,identical to data/raw/FRUIT-16K/F_Lulo/841.jpg,excluded (copy)
data/raw/FRUIT-16K/F_Lulo/844.jpg,exact_duplicate,identical to data/raw/FRUIT-16K/F_Lulo/843.jpg,excluded (copy)
data/raw/FRUIT-16K/F_Lulo/846.jpg,exact_duplicate,identical to data/raw/FRUIT-16K/F_Lulo/845.jpg,excluded (copy)
data/raw/FRUIT-16K/F_Lulo/848.jpg,exact_duplicate,identical to data/raw/FRUIT-16K/F_Lulo/847.jpg,excluded (copy)
data/raw/FRUIT-16K/F_Lulo/850.jpg,exact_duplicate,identical to data/raw/FRUIT-16K/F_Lulo/849.jpg,excluded (copy)
data/raw/FRUIT-16K/F_Lulo/852.jpg,exact_duplicate,identical to data/raw/FRUIT-16K/F_Lulo/851.jpg,excluded (copy)
data/raw/FRUIT-16K/F_Lulo/854.jpg,exact_duplicate,identical to data/raw/FRUIT-16K/F_Lulo/853.jpg,excluded (copy)
data/raw/FRUIT-16K/F_Lulo/858.jpg,exact_duplicate,identical to data/raw/FRUIT-16K/F_Lulo/857.jpg,excluded (copy)
data/raw/FRUIT-16K/F_Lulo/860.jpg,exact_duplicate,identical to data/raw/FRUIT-16K/F_Lulo/859.jpg,excluded (copy)
data/raw/FRUIT-16K/F_Lulo/862.jpg,exact_duplicate,identical to data/raw/FRUIT-16K/F_Lulo/861.jpg,excluded (copy)
data/raw/FRUIT-16K/F_Lulo/864.jpg,exact_duplicate,identical to data/raw/FRUIT-16K/F_Lulo/863.jpg,excluded (copy)
data/raw/FRUIT-16K/F_Lulo/866.jpg,exact_duplicate,identical to data/raw/FRUIT-16K/F_Lulo/865.jpg,excluded (copy)
data/raw/FRUIT-16K/F_Lulo/868.jpg,exact_duplicate,identical to data/raw/FRUIT-16K/F_Lulo/867.jpg,excluded (copy)
data/raw/FRUIT-16K/F_Lulo/870.jpg,exact_duplicate,identical to data/raw/FRUIT-16K/F_Lulo/869.jpg,excluded (copy)
data/raw/FRUIT-16K/F_Lulo/872.jpg,exact_duplicate,identical to data/raw/FRUIT-16K/F_Lulo/871.jpg,excluded (copy)
data/raw/FRUIT-16K/F_Lulo/874.jpg,exact_duplicate,identical to data/raw/FRUIT-16K/F_Lulo/873.jpg,excluded (copy)
data/raw/FRUIT-16K/F_Lulo/876.jpg,exact_duplicate,identical to data/raw/FRUIT-16K/F_Lulo/875.jpg,excluded (copy)
data/raw/FRUIT-16K/F_Lulo/880.jpg,exact_duplicate,identical to data/raw/FRUIT-16K/F_Lulo/879.jpg,excluded (copy)
data/raw/FRUIT-16K/F_Lulo/882.jpg,exact_duplicate,identical to data/raw/FRUIT-16K/F_Lulo/881.jpg,excluded (copy)
data/raw/FRUIT-16K/F_Lulo/884.jpg,exact_duplicate,identical to data/raw/FRUIT-16K/F_Lulo/883.jpg,excluded (copy)
data/raw/FRUIT-16K/F_Lulo/886.jpg,exact_duplicate,identical to data/raw/FRUIT-16K/F_Lulo/885.jpg,excluded (copy)
data/raw/FRUIT-16K/F_Lulo/888.jpg,exact_duplicate,identical to data/raw/FRUIT-16K/F_Lulo/887.jpg,excluded (copy)
data/raw/FRUIT-16K/F_Lulo/890.jpg,exact_duplicate,identical to data/raw/FRUIT-16K/F_Lulo/889.jpg,excluded (copy)
data/raw/FRUIT-16K/F_Lulo/892.jpg,exact_duplicate,identical to data/raw/FRUIT-16K/F_Lulo/891.jpg,excluded (copy)
data/raw/FRUIT-16K/F_Lulo/894.jpg,exact_duplicate,identical to data/raw/FRUIT-16K/F_Lulo/893.jpg,excluded (copy)
data/raw/FRUIT-16K/F_Lulo/896.jpg,exact_duplicate,identical to data/raw/FRUIT-16K/F_Lulo/895.jpg,excluded (copy)
data/raw/FRUIT-16K/F_Lulo/898.jpg,exact_duplicate,identical to data/raw/FRUIT-16K/F_Lulo/897.jpg,excluded (copy)
data/raw/FRUIT-16K/F_Lulo/902.jpg,exact_duplicate,identical to data/raw/FRUIT-16K/F_Lulo/901.jpg,excluded (copy)
data/raw/FRUIT-16K/F_Lulo/904.jpg,exact_duplicate,identical to data/raw/FRUIT-16K/F_Lulo/903.jpg,excluded (copy)
data/raw/FRUIT-16K/F_Lulo/906.jpg,exact_duplicate,identical to data/raw/FRUIT-16K/F_Lulo/905.jpg,excluded (copy)
data/raw/FRUIT-16K/F_Lulo/908.jpg,exact_duplicate,identical to data/raw/FRUIT-16K/F_Lulo/907.jpg,excluded (copy)
data/raw/FRUIT-16K/F_Lulo/910.jpg,exact_duplicate,identical to data/raw/FRUIT-16K/F_Lulo/909.jpg,excluded (copy)
data/raw/FRUIT-16K/F_Lulo/912.jpg,exact_duplicate,identical to data/raw/FRUIT-16K/F_Lulo/911.jpg,excluded (copy)
data/raw/FRUIT-16K/F_Lulo/914.jpg,exact_duplicate,identical to data/raw/FRUIT-16K/F_Lulo/913.jpg,excluded (copy)
data/raw/FRUIT-16K/F_Lulo/916.jpg,exact_duplicate,identical to data/raw/FRUIT-16K/F_Lulo/915.jpg,excluded (copy)
data/raw/FRUIT-16K/F_Lulo/918.jpg,exact_duplicate,identical to data/raw/FRUIT-16K/F_Lulo/917.jpg,excluded (copy)
data/raw/FRUIT-16K/F_Lulo/920.jpg,exact_duplicate,identical to data/raw/FRUIT-16K/F_Lulo/919.jpg,excluded (copy)
data/raw/FRUIT-16K/F_Lulo/924.jpg,exact_duplicate,identical to data/raw/FRUIT-16K/F_Lulo/923.jpg,excluded (copy)
data/raw/FRUIT-16K/F_Lulo/926.jpg,exact_duplicate,identical to data/raw/FRUIT-16K/F_Lulo/925.jpg,excluded (copy)
data/raw/FRUIT-16K/F_Lulo/928.jpg,exact_duplicate,identical to data/raw/FRUIT-16K/F_Lulo/927.jpg,excluded (copy)
data/raw/FRUIT-16K/F_Lulo/930.jpg,exact_duplicate,identical to data/raw/FRUIT-16K/F_Lulo/929.jpg,excluded (copy)
data/raw/FRUIT-16K/F_Lulo/932.jpg,exact_duplicate,identical to data/raw/FRUIT-16K/F_Lulo/931.jpg,excluded (copy)
data/raw/FRUIT-16K/F_Lulo/934.jpg,exact_duplicate,identical to data/raw/FRUIT-16K/F_Lulo/933.jpg,excluded (copy)
data/raw/FRUIT-16K/F_Lulo/936.jpg,exact_duplicate,identical to data/raw/FRUIT-16K/F_Lulo/935.jpg,excluded (copy)
data/raw/FRUIT-16K/F_Lulo/938.jpg,exact_duplicate,identical to data/raw/FRUIT-16K/F_Lulo/937.jpg,excluded (copy)
data/raw/FRUIT-16K/F_Lulo/940.jpg,exact_duplicate,identical to data/raw/FRUIT-16K/F_Lulo/939.jpg,excluded (copy)
data/raw/FRUIT-16K/F_Lulo/942.jpg,exact_duplicate,identical to data/raw/FRUIT-16K/F_Lulo/941.jpg,excluded (copy)
data/raw/FRUIT-16K/F_Lulo/946.jpg,exact_duplicate,identical to data/raw/FRUIT-16K/F_Lulo/945.jpg,excluded (copy)
data/raw/FRUIT-16K/F_Lulo/948.jpg,exact_duplicate,identical to data/raw/FRUIT-16K/F_Lulo/947.jpg,excluded (copy)
data/raw/FRUIT-16K/F_Lulo/950.jpg,exact_duplicate,identical to data/raw/FRUIT-16K/F_Lulo/949.jpg,excluded (copy)
data/raw/FRUIT-16K/F_Lulo/952.jpg,exact_duplicate,identical to data/raw/FRUIT-16K/F_Lulo/951.jpg,excluded (copy)
data/raw/FRUIT-16K/F_Lulo/954.jpg,exact_duplicate,identical to data/raw/FRUIT-16K/F_Lulo/953.jpg,excluded (copy)
data/raw/FRUIT-16K/F_Lulo/956.jpg,exact_duplicate,identical to data/raw/FRUIT-16K/F_Lulo/955.jpg,excluded (copy)
data/raw/FRUIT-16K/F_Lulo/958.jpg,exact_duplicate,identical to data/raw/FRUIT-16K/F_Lulo/957.jpg,excluded (copy)
data/raw/FRUIT-16K/F_Lulo/960.jpg,exact_duplicate,identical to data/raw/FRUIT-16K/F_Lulo/959.jpg,excluded (copy)
data/raw/FRUIT-16K/F_Lulo/962.jpg,exact_duplicate,identical to data/raw/FRUIT-16K/F_Lulo/961.jpg,excluded (copy)
data/raw/FRUIT-16K/F_Lulo/964.jpg,exact_duplicate,identical to data/raw/FRUIT-16K/F_Lulo/963.jpg,excluded (copy)
data/raw/FRUIT-16K/F_Lulo/968.jpg,exact_duplicate,identical to data/raw/FRUIT-16K/F_Lulo/967.jpg,excluded (copy)
data/raw/FRUIT-16K/F_Lulo/970.jpg,exact_duplicate,identical to data/raw/FRUIT-16K/F_Lulo/969.jpg,excluded (copy)
data/raw/FRUIT-16K/F_Lulo/972.jpg,exact_duplicate,identical to data/raw/FRUIT-16K/F_Lulo/971.jpg,excluded (copy)
data/raw/FRUIT-16K/F_Lulo/974.jpg,exact_duplicate,identical to data/raw/FRUIT-16K/F_Lulo/973.jpg,excluded (copy)
data/raw/FRUIT-16K/F_Lulo/976.jpg,exact_duplicate,identical to data/raw/FRUIT-16K/F_Lulo/975.jpg,excluded (copy)
data/raw/FRUIT-16K/F_Lulo/978.jpg,exact_duplicate,identical to data/raw/FRUIT-16K/F_Lulo/977.jpg,excluded (copy)
data/raw/FRUIT-16K/F_Lulo/980.jpg,exact_duplicate,identical to data/raw/FRUIT-16K/F_Lulo/979.jpg,excluded (copy)
data/raw/FRUIT-16K/F_Lulo/982.jpg,exact_duplicate,identical to data/raw/FRUIT-16K/F_Lulo/981.jpg,excluded (copy)
data/raw/FRUIT-16K/F_Lulo/984.jpg,exact_duplicate,identical to data/raw/FRUIT-16K/F_Lulo/983.jpg,excluded (copy)
data/raw/FRUIT-16K/F_Lulo/986.jpg,exact_duplicate,identical to data/raw/FRUIT-16K/F_Lulo/985.jpg,excluded (copy)
data/raw/FRUIT-16K/F_Lulo/990.jpg,exact_duplicate,identical to data/raw/FRUIT-16K/F_Lulo/989.jpg,excluded (copy)
data/raw/FRUIT-16K/F_Lulo/992.jpg,exact_duplicate,identical to data/raw/FRUIT-16K/F_Lulo/991.jpg,excluded (copy)
data/raw/FRUIT-16K/F_Lulo/994.jpg,exact_duplicate,identical to data/raw/FRUIT-16K/F_Lulo/993.jpg,excluded (copy)
data/raw/FRUIT-16K/F_Lulo/996.jpg,exact_duplicate,identical to data/raw/FRUIT-16K/F_Lulo/995.jpg,excluded (copy)
data/raw/FRUIT-16K/F_Lulo/998.jpg,exact_duplicate,identical to data/raw/FRUIT-16K/F_Lulo/997.jpg,excluded (copy)
data/raw/FRUIT-16K/F_Lulo/1000.jpg,exact_duplicate,identical to data/raw/FRUIT-16K/F_Lulo/999.jpg,excluded (copy)
data/raw/FRUIT-16K/F_Tamarillo/5.jpg,exact_duplicate,identical to data/raw/FRUIT-16K/F_Tamarillo/4.jpg,excluded (copy)
data/raw/FRUIT-16K/F_Tamarillo/7.jpg,exact_duplicate,identical to data/raw/FRUIT-16K/F_Tamarillo/6.jpg,excluded (copy)
data/raw/FRUIT-16K/F_Tamarillo/9.jpg,exact_duplicate,identical to data/raw/FRUIT-16K/F_Tamarillo/8.jpg,excluded (copy)
data/raw/FRUIT-16K/F_Tamarillo/11.jpg,exact_duplicate,identical to data/raw/FRUIT-16K/F_Tamarillo/10.jpg,excluded (copy)
data/raw/FRUIT-16K/F_Tamarillo/14.jpg,exact_duplicate,identical to data/raw/FRUIT-16K/F_Tamarillo/13.jpg,excluded (copy)
data/raw/FRUIT-16K/F_Tamarillo/22.jpg,exact_duplicate,identical to data/raw/FRUIT-16K/F_Tamarillo/21.jpg,excluded (copy)
data/raw/FRUIT-16K/F_Tamarillo/24.jpg,exact_duplicate,identical to data/raw/FRUIT-16K/F_Tamarillo/23.jpg,excluded (copy)
data/raw/FRUIT-16K/F_Tamarillo/26.jpg,exact_duplicate,identical to data/raw/FRUIT-16K/F_Tamarillo/25.jpg,excluded (copy)
data/raw/FRUIT-16K/F_Tamarillo/28.jpg,exact_duplicate,identical to data/raw/FRUIT-16K/F_Tamarillo/27.jpg,excluded (copy)
data/raw/FRUIT-16K/F_Tamarillo/31.jpg,exact_duplicate,identical to data/raw/FRUIT-16K/F_Tamarillo/30.jpg,excluded (copy)
data/raw/FRUIT-16K/F_Tamarillo/39.jpg,exact_duplicate,identical to data/raw/FRUIT-16K/F_Tamarillo/38.jpg,excluded (copy)
data/raw/FRUIT-16K/F_Tamarillo/41.jpg,exact_duplicate,identical to data/raw/FRUIT-16K/F_Tamarillo/40.jpg,excluded (copy)
data/raw/FRUIT-16K/F_Tamarillo/43.jpg,exact_duplicate,identical to data/raw/FRUIT-16K/F_Tamarillo/42.jpg,excluded (copy)
data/raw/FRUIT-16K/F_Tamarillo/45.jpg,exact_duplicate,identical to data/raw/FRUIT-16K/F_Tamarillo/44.jpg,excluded (copy)
data/raw/FRUIT-16K/F_Tamarillo/48.jpg,exact_duplicate,identical to data/raw/FRUIT-16K/F_Tamarillo/47.jpg,excluded (copy)
data/raw/FRUIT-16K/F_Tamarillo/56.jpg,exact_duplicate,identical to data/raw/FRUIT-16K/F_Tamarillo/55.jpg,excluded (copy)
data/raw/FRUIT-16K/F_Tamarillo/58.jpg,exact_duplicate,identical to data/raw/FRUIT-16K/F_Tamarillo/57.jpg,excluded (copy)
data/raw/FRUIT-16K/F_Tamarillo/60.jpg,exact_duplicate,identical to data/raw/FRUIT-16K/F_Tamarillo/59.jpg,excluded (copy)
data/raw/FRUIT-16K/F_Tamarillo/62.jpg,exact_duplicate,identical to data/raw/FRUIT-16K/F_Tamarillo/61.jpg,excluded (copy)
data/raw/FRUIT-16K/F_Tamarillo/65.jpg,exact_duplicate,identical to data/raw/FRUIT-16K/F_Tamarillo/64.jpg,excluded (copy)
data/raw/FRUIT-16K/F_Tamarillo/73.jpg,exact_duplicate,identical to data/raw/FRUIT-16K/F_Tamarillo/72.jpg,excluded (copy)
data/raw/FRUIT-16K/F_Tamarillo/75.jpg,exact_duplicate,identical to data/raw/FRUIT-16K/F_Tamarillo/74.jpg,excluded (copy)
data/raw/FRUIT-16K/F_Tamarillo/77.jpg,exact_duplicate,identical to data/raw/FRUIT-16K/F_Tamarillo/76.jpg,excluded (copy)
data/raw/FRUIT-16K/F_Tamarillo/79.jpg,exact_duplicate,identical to data/raw/FRUIT-16K/F_Tamarillo/78.jpg,excluded (copy)
data/raw/FRUIT-16K/F_Tamarillo/82.jpg,exact_duplicate,identical to data/raw/FRUIT-16K/F_Tamarillo/81.jpg,excluded (copy)
data/raw/FRUIT-16K/F_Tamarillo/90.jpg,exact_duplicate,identical to data/raw/FRUIT-16K/F_Tamarillo/89.jpg,excluded (copy)
data/raw/FRUIT-16K/F_Tamarillo/92.jpg,exact_duplicate,identical to data/raw/FRUIT-16K/F_Tamarillo/91.jpg,excluded (copy)
data/raw/FRUIT-16K/F_Tamarillo/94.jpg,exact_duplicate,identical to data/raw/FRUIT-16K/F_Tamarillo/93.jpg,excluded (copy)
data/raw/FRUIT-16K/F_Tamarillo/96.jpg,exact_duplicate,identical to data/raw/FRUIT-16K/F_Tamarillo/95.jpg,excluded (copy)
data/raw/FRUIT-16K/F_Tamarillo/99.jpg,exact_duplicate,identical to data/raw/FRUIT-16K/F_Tamarillo/98.jpg,excluded (copy)
data/raw/FRUIT-16K/F_Tamarillo/107.jpg,exact_duplicate,identical to data/raw/FRUIT-16K/F_Tamarillo/106.jpg,excluded (copy)
data/raw/FRUIT-16K/F_Tamarillo/109.jpg,exact_duplicate,identical to data/raw/FRUIT-16K/F_Tamarillo/108.jpg,excluded (copy)
data/raw/FRUIT-16K/F_Tamarillo/111.jpg,exact_duplicate,identical to data/raw/FRUIT-16K/F_Tamarillo/110.jpg,excluded (copy)
data/raw/FRUIT-16K/F_Tamarillo/113.jpg,exact_duplicate,identical to data/raw/FRUIT-16K/F_Tamarillo/112.jpg,excluded (copy)
data/raw/FRUIT-16K/F_Tamarillo/116.jpg,exact_duplicate,identical to data/raw/FRUIT-16K/F_Tamarillo/115.jpg,excluded (copy)
data/raw/FRUIT-16K/F_Tamarillo/124.jpg,exact_duplicate,identical to data/raw/FRUIT-16K/F_Tamarillo/123.jpg,excluded (copy)
data/raw/FRUIT-16K/F_Tamarillo/126.jpg,exact_duplicate,identical to data/raw/FRUIT-16K/F_Tamarillo/125.jpg,excluded (copy)
data/raw/FRUIT-16K/F_Tamarillo/128.jpg,exact_duplicate,identical to data/raw/FRUIT-16K/F_Tamarillo/127.jpg,excluded (copy)
data/raw/FRUIT-16K/F_Tamarillo/130.jpg,exact_duplicate,identical to data/raw/FRUIT-16K/F_Tamarillo/129.jpg,excluded (copy)
data/raw/FRUIT-16K/F_Tamarillo/133.jpg,exact_duplicate,identical to data/raw/FRUIT-16K/F_Tamarillo/132.jpg,excluded (copy)
data/raw/FRUIT-16K/F_Tamarillo/141.jpg,exact_duplicate,identical to data/raw/FRUIT-16K/F_Tamarillo/140.jpg,excluded (copy)
data/raw/FRUIT-16K/F_Tamarillo/143.jpg,exact_duplicate,identical to data/raw/FRUIT-16K/F_Tamarillo/142.jpg,excluded (copy)
data/raw/FRUIT-16K/F_Tamarillo/145.jpg,exact_duplicate,identical to data/raw/FRUIT-16K/F_Tamarillo/144.jpg,excluded (copy)
data/raw/FRUIT-16K/F_Tamarillo/147.jpg,exact_duplicate,identical to data/raw/FRUIT-16K/F_Tamarillo/146.jpg,excluded (copy)
data/raw/FRUIT-16K/F_Tamarillo/150.jpg,exact_duplicate,identical to data/raw/FRUIT-16K/F_Tamarillo/149.jpg,excluded (copy)
data/raw/FRUIT-16K/F_Tamarillo/158.jpg,exact_duplicate,identical to data/raw/FRUIT-16K/F_Tamarillo/157.jpg,excluded (copy)
data/raw/FRUIT-16K/F_Tamarillo/160.jpg,exact_duplicate,identical to data/raw/FRUIT-16K/F_Tamarillo/159.jpg,excluded (copy)
data/raw/FRUIT-16K/F_Tamarillo/162.jpg,exact_duplicate,identical to data/raw/FRUIT-16K/F_Tamarillo/161.jpg,excluded (copy)
data/raw/FRUIT-16K/F_Tamarillo/164.jpg,exact_duplicate,identical to data/raw/FRUIT-16K/F_Tamarillo/163.jpg,excluded (copy)
data/raw/FRUIT-16K/F_Tamarillo/167.jpg,exact_duplicate,identical to data/raw/FRUIT-16K/F_Tamarillo/166.jpg,excluded (copy)
data/raw/FRUIT-16K/F_Tamarillo/175.jpg,exact_duplicate,identical to data/raw/FRUIT-16K/F_Tamarillo/174.jpg,excluded (copy)
data/raw/FRUIT-16K/F_Tamarillo/177.jpg,exact_duplicate,identical to data/raw/FRUIT-16K/F_Tamarillo/176.jpg,excluded (copy)
data/raw/FRUIT-16K/F_Tamarillo/179.jpg,exact_duplicate,identical to data/raw/FRUIT-16K/F_Tamarillo/178.jpg,excluded (copy)
data/raw/FRUIT-16K/F_Tamarillo/181.jpg,exact_duplicate,identical to data/raw/FRUIT-16K/F_Tamarillo/180.jpg,excluded (copy)
data/raw/FRUIT-16K/F_Tamarillo/184.jpg,exact_duplicate,identical to data/raw/FRUIT-16K/F_Tamarillo/183.jpg,excluded (copy)
data/raw/FRUIT-16K/F_Tamarillo/192.jpg,exact_duplicate,identical to data/raw/FRUIT-16K/F_Tamarillo/191.jpg,excluded (copy)
data/raw/FRUIT-16K/F_Tamarillo/194.jpg,exact_duplicate,identical to data/raw/FRUIT-16K/F_Tamarillo/193.jpg,excluded (copy)
data/raw/FRUIT-16K/F_Tamarillo/196.jpg,exact_duplicate,identical to data/raw/FRUIT-16K/F_Tamarillo/195.jpg,excluded (copy)
data/raw/FRUIT-16K/F_Tamarillo/198.jpg,exact_duplicate,identical to data/raw/FRUIT-16K/F_Tamarillo/197.jpg,excluded (copy)
data/raw/FRUIT-16K/F_Tamarillo/201.jpg,exact_duplicate,identical to data/raw/FRUIT-16K/F_Tamarillo/200.jpg,excluded (copy)
data/raw/FRUIT-16K/F_Tamarillo/209.jpg,exact_duplicate,identical to data/raw/FRUIT-16K/F_Tamarillo/208.jpg,excluded (copy)
data/raw/FRUIT-16K/F_Tamarillo/211.jpg,exact_duplicate,identical to data/raw/FRUIT-16K/F_Tamarillo/210.jpg,excluded (copy)
data/raw/FRUIT-16K/F_Tamarillo/213.jpg,exact_duplicate,identical to data/raw/FRUIT-16K/F_Tamarillo/212.jpg,excluded (copy)
data/raw/FRUIT-16K/F_Tamarillo/215.jpg,exact_duplicate,identical to data/raw/FRUIT-16K/F_Tamarillo/214.jpg,excluded (copy)
data/raw/FRUIT-16K/F_Tamarillo/218.jpg,exact_duplicate,identical to data/raw/FRUIT-16K/F_Tamarillo/217.jpg,excluded (copy)
data/raw/FRUIT-16K/F_Tamarillo/226.jpg,exact_duplicate,identical to data/raw/FRUIT-16K/F_Tamarillo/225.jpg,excluded (copy)
data/raw/FRUIT-16K/F_Tamarillo/228.jpg,exact_duplicate,identical to data/raw/FRUIT-16K/F_Tamarillo/227.jpg,excluded (copy)
data/raw/FRUIT-16K/F_Tamarillo/230.jpg,exact_duplicate,identical to data/raw/FRUIT-16K/F_Tamarillo/229.jpg,excluded (copy)
data/raw/FRUIT-16K/F_Tamarillo/232.jpg,exact_duplicate,identical to data/raw/FRUIT-16K/F_Tamarillo/231.jpg,excluded (copy)
data/raw/FRUIT-16K/F_Tamarillo/235.jpg,exact_duplicate,identical to data/raw/FRUIT-16K/F_Tamarillo/234.jpg,excluded (copy)
data/raw/FRUIT-16K/F_Tamarillo/243.jpg,exact_duplicate,identical to data/raw/FRUIT-16K/F_Tamarillo/242.jpg,excluded (copy)
data/raw/FRUIT-16K/F_Tamarillo/245.jpg,exact_duplicate,identical to data/raw/FRUIT-16K/F_Tamarillo/244.jpg,excluded (copy)
data/raw/FRUIT-16K/F_Tamarillo/247.jpg,exact_duplicate,identical to data/raw/FRUIT-16K/F_Tamarillo/246.jpg,excluded (copy)
data/raw/FRUIT-16K/F_Tamarillo/249.jpg,exact_duplicate,identical to data/raw/FRUIT-16K/F_Tamarillo/248.jpg,excluded (copy)
data/raw/FRUIT-16K/F_Tamarillo/252.jpg,exact_duplicate,identical to data/raw/FRUIT-16K/F_Tamarillo/251.jpg,excluded (copy)
data/raw/FRUIT-16K/F_Tamarillo/260.jpg,exact_duplicate,identical to data/raw/FRUIT-16K/F_Tamarillo/259.jpg,excluded (copy)
data/raw/FRUIT-16K/F_Tamarillo/262.jpg,exact_duplicate,identical to data/raw/FRUIT-16K/F_Tamarillo/261.jpg,excluded (copy)
data/raw/FRUIT-16K/F_Tamarillo/264.jpg,exact_duplicate,identical to data/raw/FRUIT-16K/F_Tamarillo/263.jpg,excluded (copy)
data/raw/FRUIT-16K/F_Tamarillo/266.jpg,exact_duplicate,identical to data/raw/FRUIT-16K/F_Tamarillo/265.jpg,excluded (copy)
data/raw/FRUIT-16K/F_Tamarillo/269.jpg,exact_duplicate,identical to data/raw/FRUIT-16K/F_Tamarillo/268.jpg,excluded (copy)
data/raw/FRUIT-16K/F_Tamarillo/277.jpg,exact_duplicate,identical to data/raw/FRUIT-16K/F_Tamarillo/276.jpg,excluded (copy)
data/raw/FRUIT-16K/F_Tamarillo/279.jpg,exact_duplicate,identical to data/raw/FRUIT-16K/F_Tamarillo/278.jpg,excluded (copy)
data/raw/FRUIT-16K/F_Tamarillo/281.jpg,exact_duplicate,identical to data/raw/FRUIT-16K/F_Tamarillo/280.jpg,excluded (copy)
data/raw/FRUIT-16K/F_Tamarillo/283.jpg,exact_duplicate,identical to data/raw/FRUIT-16K/F_Tamarillo/282.jpg,excluded (copy)
data/raw/FRUIT-16K/F_Tamarillo/286.jpg,exact_duplicate,identical to data/raw/FRUIT-16K/F_Tamarillo/285.jpg,excluded (copy)
data/raw/FRUIT-16K/F_Tamarillo/294.jpg,exact_duplicate,identical to data/raw/FRUIT-16K/F_Tamarillo/293.jpg,excluded (copy)
data/raw/FRUIT-16K/F_Tamarillo/296.jpg,exact_duplicate,identical to data/raw/FRUIT-16K/F_Tamarillo/295.jpg,excluded (copy)
data/raw/FRUIT-16K/F_Tamarillo/298.jpg,exact_duplicate,identical to data/raw/FRUIT-16K/F_Tamarillo/297.jpg,excluded (copy)
data/raw/FRUIT-16K/F_Tamarillo/300.jpg,exact_duplicate,identical to data/raw/FRUIT-16K/F_Tamarillo/299.jpg,excluded (copy)
data/raw/FRUIT-16K/F_Tamarillo/303.jpg,exact_duplicate,identical to data/raw/FRUIT-16K/F_Tamarillo/302.jpg,excluded (copy)
data/raw/FRUIT-16K/F_Tamarillo/311.jpg,exact_duplicate,identical to data/raw/FRUIT-16K/F_Tamarillo/310.jpg,excluded (copy)
data/raw/FRUIT-16K/F_Tamarillo/313.jpg,exact_duplicate,identical to data/raw/FRUIT-16K/F_Tamarillo/312.jpg,excluded (copy)
data/raw/FRUIT-16K/F_Tamarillo/315.jpg,exact_duplicate,identical to data/raw/FRUIT-16K/F_Tamarillo/314.jpg,excluded (copy)
data/raw/FRUIT-16K/F_Tamarillo/317.jpg,exact_duplicate,identical to data/raw/FRUIT-16K/F_Tamarillo/316.jpg,excluded (copy)
data/raw/FRUIT-16K/F_Tamarillo/320.jpg,exact_duplicate,identical to data/raw/FRUIT-16K/F_Tamarillo/319.jpg,excluded (copy)
data/raw/FRUIT-16K/F_Tamarillo/328.jpg,exact_duplicate,identical to data/raw/FRUIT-16K/F_Tamarillo/327.jpg,excluded (copy)
data/raw/FRUIT-16K/F_Tamarillo/330.jpg,exact_duplicate,identical to data/raw/FRUIT-16K/F_Tamarillo/329.jpg,excluded (copy)
data/raw/FRUIT-16K/F_Tamarillo/332.jpg,exact_duplicate,identical to data/raw/FRUIT-16K/F_Tamarillo/331.jpg,excluded (copy)
data/raw/FRUIT-16K/F_Tamarillo/334.jpg,exact_duplicate,identical to data/raw/FRUIT-16K/F_Tamarillo/333.jpg,excluded (copy)
data/raw/FRUIT-16K/F_Tamarillo/337.jpg,exact_duplicate,identical to data/raw/FRUIT-16K/F_Tamarillo/336.jpg,excluded (copy)
data/raw/FRUIT-16K/F_Tamarillo/345.jpg,exact_duplicate,identical to data/raw/FRUIT-16K/F_Tamarillo/344.jpg,excluded (copy)
data/raw/FRUIT-16K/F_Tamarillo/347.jpg,exact_duplicate,identical to data/raw/FRUIT-16K/F_Tamarillo/346.jpg,excluded (copy)
data/raw/FRUIT-16K/F_Tamarillo/349.jpg,exact_duplicate,identical to data/raw/FRUIT-16K/F_Tamarillo/348.jpg,excluded (copy)
data/raw/FRUIT-16K/F_Tamarillo/351.jpg,exact_duplicate,identical to data/raw/FRUIT-16K/F_Tamarillo/350.jpg,excluded (copy)
data/raw/FRUIT-16K/F_Tamarillo/354.jpg,exact_duplicate,identical to data/raw/FRUIT-16K/F_Tamarillo/353.jpg,excluded (copy)
data/raw/FRUIT-16K/F_Tamarillo/362.jpg,exact_duplicate,identical to data/raw/FRUIT-16K/F_Tamarillo/361.jpg,excluded (copy)
data/raw/FRUIT-16K/F_Tamarillo/364.jpg,exact_duplicate,identical to data/raw/FRUIT-16K/F_Tamarillo/363.jpg,excluded (copy)
data/raw/FRUIT-16K/F_Tamarillo/366.jpg,exact_duplicate,identical to data/raw/FRUIT-16K/F_Tamarillo/365.jpg,excluded (copy)
data/raw/FRUIT-16K/F_Tamarillo/368.jpg,exact_duplicate,identical to data/raw/FRUIT-16K/F_Tamarillo/367.jpg,excluded (copy)
data/raw/FRUIT-16K/F_Tamarillo/371.jpg,exact_duplicate,identical to data/raw/FRUIT-16K/F_Tamarillo/370.jpg,excluded (copy)
data/raw/FRUIT-16K/F_Tamarillo/379.jpg,exact_duplicate,identical to data/raw/FRUIT-16K/F_Tamarillo/378.jpg,excluded (copy)
data/raw/FRUIT-16K/F_Tamarillo/381.jpg,exact_duplicate,identical to data/raw/FRUIT-16K/F_Tamarillo/380.jpg,excluded (copy)
data/raw/FRUIT-16K/F_Tamarillo/383.jpg,exact_duplicate,identical to data/raw/FRUIT-16K/F_Tamarillo/382.jpg,excluded (copy)
data/raw/FRUIT-16K/F_Tamarillo/385.jpg,exact_duplicate,identical to data/raw/FRUIT-16K/F_Tamarillo/384.jpg,excluded (copy)
data/raw/FRUIT-16K/F_Tamarillo/388.jpg,exact_duplicate,identical to data/raw/FRUIT-16K/F_Tamarillo/387.jpg,excluded (copy)
data/raw/FRUIT-16K/F_Tamarillo/396.jpg,exact_duplicate,identical to data/raw/FRUIT-16K/F_Tamarillo/395.jpg,excluded (copy)
data/raw/FRUIT-16K/F_Tamarillo/398.jpg,exact_duplicate,identical to data/raw/FRUIT-16K/F_Tamarillo/397.jpg,excluded (copy)
data/raw/FRUIT-16K/F_Tamarillo/400.jpg,exact_duplicate,identical to data/raw/FRUIT-16K/F_Tamarillo/399.jpg,excluded (copy)
data/raw/FRUIT-16K/F_Tamarillo/402.jpg,exact_duplicate,identical to data/raw/FRUIT-16K/F_Tamarillo/401.jpg,excluded (copy)
data/raw/FRUIT-16K/F_Tamarillo/405.jpg,exact_duplicate,identical to data/raw/FRUIT-16K/F_Tamarillo/404.jpg,excluded (copy)
data/raw/FRUIT-16K/F_Tamarillo/408.jpg,exact_duplicate,identical to data/raw/FRUIT-16K/F_Tamarillo/407.jpg,excluded (copy)
data/raw/FRUIT-16K/F_Tamarillo/414.jpg,exact_duplicate,identical to data/raw/FRUIT-16K/F_Tamarillo/413.jpg,excluded (copy)
data/raw/FRUIT-16K/F_Tamarillo/416.jpg,exact_duplicate,identical to data/raw/FRUIT-16K/F_Tamarillo/415.jpg,excluded (copy)
data/raw/FRUIT-16K/F_Tamarillo/418.jpg,exact_duplicate,identical to data/raw/FRUIT-16K/F_Tamarillo/417.jpg,excluded (copy)
data/raw/FRUIT-16K/F_Tamarillo/420.jpg,exact_duplicate,identical to data/raw/FRUIT-16K/F_Tamarillo/419.jpg,excluded (copy)
data/raw/FRUIT-16K/F_Tamarillo/423.jpg,exact_duplicate,identical to data/raw/FRUIT-16K/F_Tamarillo/422.jpg,excluded (copy)
data/raw/FRUIT-16K/F_Tamarillo/426.jpg,exact_duplicate,identical to data/raw/FRUIT-16K/F_Tamarillo/425.jpg,excluded (copy)
data/raw/FRUIT-16K/F_Tamarillo/432.jpg,exact_duplicate,identical to data/raw/FRUIT-16K/F_Tamarillo/431.jpg,excluded (copy)
data/raw/FRUIT-16K/F_Tamarillo/434.jpg,exact_duplicate,identical to data/raw/FRUIT-16K/F_Tamarillo/433.jpg,excluded (copy)
data/raw/FRUIT-16K/F_Tamarillo/436.jpg,exact_duplicate,identical to data/raw/FRUIT-16K/F_Tamarillo/435.jpg,excluded (copy)
data/raw/FRUIT-16K/F_Tamarillo/438.jpg,exact_duplicate,identical to data/raw/FRUIT-16K/F_Tamarillo/437.jpg,excluded (copy)
data/raw/FRUIT-16K/F_Tamarillo/441.jpg,exact_duplicate,identical to data/raw/FRUIT-16K/F_Tamarillo/440.jpg,excluded (copy)
data/raw/FRUIT-16K/F_Tamarillo/444.jpg,exact_duplicate,identical to data/raw/FRUIT-16K/F_Tamarillo/443.jpg,excluded (copy)
data/raw/FRUIT-16K/F_Tamarillo/450.jpg,exact_duplicate,identical to data/raw/FRUIT-16K/F_Tamarillo/449.jpg,excluded (copy)
data/raw/FRUIT-16K/F_Tamarillo/452.jpg,exact_duplicate,identical to data/raw/FRUIT-16K/F_Tamarillo/451.jpg,excluded (copy)
data/raw/FRUIT-16K/F_Tamarillo/454.jpg,exact_duplicate,identical to data/raw/FRUIT-16K/F_Tamarillo/453.jpg,excluded (copy)
data/raw/FRUIT-16K/F_Tamarillo/456.jpg,exact_duplicate,identical to data/raw/FRUIT-16K/F_Tamarillo/455.jpg,excluded (copy)
data/raw/FRUIT-16K/F_Tamarillo/459.jpg,exact_duplicate,identical to data/raw/FRUIT-16K/F_Tamarillo/458.jpg,excluded (copy)
data/raw/FRUIT-16K/F_Tamarillo/462.jpg,exact_duplicate,identical to data/raw/FRUIT-16K/F_Tamarillo/461.jpg,excluded (copy)
data/raw/FRUIT-16K/F_Tamarillo/468.jpg,exact_duplicate,identical to data/raw/FRUIT-16K/F_Tamarillo/467.jpg,excluded (copy)
data/raw/FRUIT-16K/F_Tamarillo/470.jpg,exact_duplicate,identical to data/raw/FRUIT-16K/F_Tamarillo/469.jpg,excluded (copy)
data/raw/FRUIT-16K/F_Tamarillo/472.jpg,exact_duplicate,identical to data/raw/FRUIT-16K/F_Tamarillo/471.jpg,excluded (copy)
data/raw/FRUIT-16K/F_Tamarillo/474.jpg,exact_duplicate,identical to data/raw/FRUIT-16K/F_Tamarillo/473.jpg,excluded (copy)
data/raw/FRUIT-16K/F_Tamarillo/477.jpg,exact_duplicate,identical to data/raw/FRUIT-16K/F_Tamarillo/476.jpg,excluded (copy)
data/raw/FRUIT-16K/F_Tamarillo/480.jpg,exact_duplicate,identical to data/raw/FRUIT-16K/F_Tamarillo/479.jpg,excluded (copy)
data/raw/FRUIT-16K/F_Tamarillo/486.jpg,exact_duplicate,identical to data/raw/FRUIT-16K/F_Tamarillo/485.jpg,excluded (copy)
data/raw/FRUIT-16K/F_Tamarillo/488.jpg,exact_duplicate,identical to data/raw/FRUIT-16K/F_Tamarillo/487.jpg,excluded (copy)
data/raw/FRUIT-16K/F_Tamarillo/490.jpg,exact_duplicate,identical to data/raw/FRUIT-16K/F_Tamarillo/489.jpg,excluded (copy)
data/raw/FRUIT-16K/F_Tamarillo/492.jpg,exact_duplicate,identical to data/raw/FRUIT-16K/F_Tamarillo/491.jpg,excluded (copy)
data/raw/FRUIT-16K/F_Tamarillo/495.jpg,exact_duplicate,identical to data/raw/FRUIT-16K/F_Tamarillo/494.jpg,excluded (copy)
data/raw/FRUIT-16K/F_Tamarillo/498.jpg,exact_duplicate,identical to data/raw/FRUIT-16K/F_Tamarillo/497.jpg,excluded (copy)
data/raw/FRUIT-16K/F_Tamarillo/504.jpg,exact_duplicate,identical to data/raw/FRUIT-16K/F_Tamarillo/503.jpg,excluded (copy)
data/raw/FRUIT-16K/F_Tamarillo/506.jpg,exact_duplicate,identical to data/raw/FRUIT-16K/F_Tamarillo/505.jpg,excluded (copy)
data/raw/FRUIT-16K/F_Tamarillo/508.jpg,exact_duplicate,identical to data/raw/FRUIT-16K/F_Tamarillo/507.jpg,excluded (copy)
data/raw/FRUIT-16K/F_Tamarillo/510.jpg,exact_duplicate,identical to data/raw/FRUIT-16K/F_Tamarillo/509.jpg,excluded (copy)
data/raw/FRUIT-16K/F_Tamarillo/513.jpg,exact_duplicate,identical to data/raw/FRUIT-16K/F_Tamarillo/512.jpg,excluded (copy)
data/raw/FRUIT-16K/F_Tamarillo/516.jpg,exact_duplicate,identical to data/raw/FRUIT-16K/F_Tamarillo/515.jpg,excluded (copy)
data/raw/FRUIT-16K/F_Tamarillo/522.jpg,exact_duplicate,identical to data/raw/FRUIT-16K/F_Tamarillo/521.jpg,excluded (copy)
data/raw/FRUIT-16K/F_Tamarillo/524.jpg,exact_duplicate,identical to data/raw/FRUIT-16K/F_Tamarillo/523.jpg,excluded (copy)
data/raw/FRUIT-16K/F_Tamarillo/526.jpg,exact_duplicate,identical to data/raw/FRUIT-16K/F_Tamarillo/525.jpg,excluded (copy)
data/raw/FRUIT-16K/F_Tamarillo/528.jpg,exact_duplicate,identical to data/raw/FRUIT-16K/F_Tamarillo/527.jpg,excluded (copy)
data/raw/FRUIT-16K/F_Tamarillo/531.jpg,exact_duplicate,identical to data/raw/FRUIT-16K/F_Tamarillo/530.jpg,excluded (copy)
data/raw/FRUIT-16K/F_Tamarillo/534.jpg,exact_duplicate,identical to data/raw/FRUIT-16K/F_Tamarillo/533.jpg,excluded (copy)
data/raw/FRUIT-16K/F_Tamarillo/540.jpg,exact_duplicate,identical to data/raw/FRUIT-16K/F_Tamarillo/539.jpg,excluded (copy)
data/raw/FRUIT-16K/F_Tamarillo/542.jpg,exact_duplicate,identical to data/raw/FRUIT-16K/F_Tamarillo/541.jpg,excluded (copy)
data/raw/FRUIT-16K/F_Tamarillo/544.jpg,exact_duplicate,identical to data/raw/FRUIT-16K/F_Tamarillo/543.jpg,excluded (copy)
data/raw/FRUIT-16K/F_Tamarillo/546.jpg,exact_duplicate,identical to data/raw/FRUIT-16K/F_Tamarillo/545.jpg,excluded (copy)
data/raw/FRUIT-16K/F_Tamarillo/549.jpg,exact_duplicate,identical to data/raw/FRUIT-16K/F_Tamarillo/548.jpg,excluded (copy)
data/raw/FRUIT-16K/F_Tamarillo/552.jpg,exact_duplicate,identical to data/raw/FRUIT-16K/F_Tamarillo/551.jpg,excluded (copy)
data/raw/FRUIT-16K/F_Tamarillo/558.jpg,exact_duplicate,identical to data/raw/FRUIT-16K/F_Tamarillo/557.jpg,excluded (copy)
data/raw/FRUIT-16K/F_Tamarillo/560.jpg,exact_duplicate,identical to data/raw/FRUIT-16K/F_Tamarillo/559.jpg,excluded (copy)
data/raw/FRUIT-16K/F_Tamarillo/562.jpg,exact_duplicate,identical to data/raw/FRUIT-16K/F_Tamarillo/561.jpg,excluded (copy)
data/raw/FRUIT-16K/F_Tamarillo/564.jpg,exact_duplicate,identical to data/raw/FRUIT-16K/F_Tamarillo/563.jpg,excluded (copy)
data/raw/FRUIT-16K/F_Tamarillo/567.jpg,exact_duplicate,identical to data/raw/FRUIT-16K/F_Tamarillo/566.jpg,excluded (copy)
data/raw/FRUIT-16K/F_Tamarillo/570.jpg,exact_duplicate,identical to data/raw/FRUIT-16K/F_Tamarillo/569.jpg,excluded (copy)
data/raw/FRUIT-16K/F_Tamarillo/576.jpg,exact_duplicate,identical to data/raw/FRUIT-16K/F_Tamarillo/575.jpg,excluded (copy)
data/raw/FRUIT-16K/F_Tamarillo/578.jpg,exact_duplicate,identical to data/raw/FRUIT-16K/F_Tamarillo/577.jpg,excluded (copy)
data/raw/FRUIT-16K/F_Tamarillo/580.jpg,exact_duplicate,identical to data/raw/FRUIT-16K/F_Tamarillo/579.jpg,excluded (copy)
data/raw/FRUIT-16K/F_Tamarillo/582.jpg,exact_duplicate,identical to data/raw/FRUIT-16K/F_Tamarillo/581.jpg,excluded (copy)
data/raw/FRUIT-16K/F_Tamarillo/585.jpg,exact_duplicate,identical to data/raw/FRUIT-16K/F_Tamarillo/584.jpg,excluded (copy)
data/raw/FRUIT-16K/F_Tamarillo/588.jpg,exact_duplicate,identical to data/raw/FRUIT-16K/F_Tamarillo/587.jpg,excluded (copy)
data/raw/FRUIT-16K/F_Tamarillo/594.jpg,exact_duplicate,identical to data/raw/FRUIT-16K/F_Tamarillo/593.jpg,excluded (copy)
data/raw/FRUIT-16K/F_Tamarillo/596.jpg,exact_duplicate,identical to data/raw/FRUIT-16K/F_Tamarillo/595.jpg,excluded (copy)
data/raw/FRUIT-16K/F_Tamarillo/598.jpg,exact_duplicate,identical to data/raw/FRUIT-16K/F_Tamarillo/597.jpg,excluded (copy)
data/raw/FRUIT-16K/F_Tamarillo/600.jpg,exact_duplicate,identical to data/raw/FRUIT-16K/F_Tamarillo/599.jpg,excluded (copy)
data/raw/FRUIT-16K/F_Tamarillo/603.jpg,exact_duplicate,identical to data/raw/FRUIT-16K/F_Tamarillo/602.jpg,excluded (copy)
data/raw/FRUIT-16K/F_Tamarillo/606.jpg,exact_duplicate,identical to data/raw/FRUIT-16K/F_Tamarillo/605.jpg,excluded (copy)
data/raw/FRUIT-16K/F_Tamarillo/612.jpg,exact_duplicate,identical to data/raw/FRUIT-16K/F_Tamarillo/611.jpg,excluded (copy)
data/raw/FRUIT-16K/F_Tamarillo/614.jpg,exact_duplicate,identical to data/raw/FRUIT-16K/F_Tamarillo/613.jpg,excluded (copy)
data/raw/FRUIT-16K/F_Tamarillo/616.jpg,exact_duplicate,identical to data/raw/FRUIT-16K/F_Tamarillo/615.jpg,excluded (copy)
data/raw/FRUIT-16K/F_Tamarillo/618.jpg,exact_duplicate,identical to data/raw/FRUIT-16K/F_Tamarillo/617.jpg,excluded (copy)
data/raw/FRUIT-16K/F_Tamarillo/621.jpg,exact_duplicate,identical to data/raw/FRUIT-16K/F_Tamarillo/620.jpg,excluded (copy)
data/raw/FRUIT-16K/F_Tamarillo/624.jpg,exact_duplicate,identical to data/raw/FRUIT-16K/F_Tamarillo/623.jpg,excluded (copy)
data/raw/FRUIT-16K/F_Tamarillo/630.jpg,exact_duplicate,identical to data/raw/FRUIT-16K/F_Tamarillo/629.jpg,excluded (copy)
data/raw/FRUIT-16K/F_Tamarillo/632.jpg,exact_duplicate,identical to data/raw/FRUIT-16K/F_Tamarillo/631.jpg,excluded (copy)
data/raw/FRUIT-16K/F_Tamarillo/634.jpg,exact_duplicate,identical to data/raw/FRUIT-16K/F_Tamarillo/633.jpg,excluded (copy)
data/raw/FRUIT-16K/F_Tamarillo/636.jpg,exact_duplicate,identical to data/raw/FRUIT-16K/F_Tamarillo/635.jpg,excluded (copy)
data/raw/FRUIT-16K/F_Tamarillo/639.jpg,exact_duplicate,identical to data/raw/FRUIT-16K/F_Tamarillo/638.jpg,excluded (copy)
data/raw/FRUIT-16K/F_Tamarillo/642.jpg,exact_duplicate,identical to data/raw/FRUIT-16K/F_Tamarillo/641.jpg,excluded (copy)
data/raw/FRUIT-16K/F_Tamarillo/648.jpg,exact_duplicate,identical to data/raw/FRUIT-16K/F_Tamarillo/647.jpg,excluded (copy)
data/raw/FRUIT-16K/F_Tamarillo/650.jpg,exact_duplicate,identical to data/raw/FRUIT-16K/F_Tamarillo/649.jpg,excluded (copy)
data/raw/FRUIT-16K/F_Tamarillo/652.jpg,exact_duplicate,identical to data/raw/FRUIT-16K/F_Tamarillo/651.jpg,excluded (copy)
data/raw/FRUIT-16K/F_Tamarillo/654.jpg,exact_duplicate,identical to data/raw/FRUIT-16K/F_Tamarillo/653.jpg,excluded (copy)
data/raw/FRUIT-16K/F_Tamarillo/657.jpg,exact_duplicate,identical to data/raw/FRUIT-16K/F_Tamarillo/656.jpg,excluded (copy)
data/raw/FRUIT-16K/F_Tamarillo/660.jpg,exact_duplicate,identical to data/raw/FRUIT-16K/F_Tamarillo/659.jpg,excluded (copy)
data/raw/FRUIT-16K/F_Tamarillo/666.jpg,exact_duplicate,identical to data/raw/FRUIT-16K/F_Tamarillo/665.jpg,excluded (copy)
data/raw/FRUIT-16K/F_Tamarillo/668.jpg,exact_duplicate,identical to data/raw/FRUIT-16K/F_Tamarillo/667.jpg,excluded (copy)
data/raw/FRUIT-16K/F_Tamarillo/670.jpg,exact_duplicate,identical to data/raw/FRUIT-16K/F_Tamarillo/669.jpg,excluded (copy)
data/raw/FRUIT-16K/F_Tamarillo/672.jpg,exact_duplicate,identical to data/raw/FRUIT-16K/F_Tamarillo/671.jpg,excluded (copy)
data/raw/FRUIT-16K/F_Tamarillo/675.jpg,exact_duplicate,identical to data/raw/FRUIT-16K/F_Tamarillo/674.jpg,excluded (copy)
data/raw/FRUIT-16K/F_Tamarillo/678.jpg,exact_duplicate,identical to data/raw/FRUIT-16K/F_Tamarillo/677.jpg,excluded (copy)
data/raw/FRUIT-16K/F_Tamarillo/684.jpg,exact_duplicate,identical to data/raw/FRUIT-16K/F_Tamarillo/683.jpg,excluded (copy)
data/raw/FRUIT-16K/F_Tamarillo/686.jpg,exact_duplicate,identical to data/raw/FRUIT-16K/F_Tamarillo/685.jpg,excluded (copy)
data/raw/FRUIT-16K/F_Tamarillo/688.jpg,exact_duplicate,identical to data/raw/FRUIT-16K/F_Tamarillo/687.jpg,excluded (copy)
data/raw/FRUIT-16K/F_Tamarillo/690.jpg,exact_duplicate,identical to data/raw/FRUIT-16K/F_Tamarillo/689.jpg,excluded (copy)
data/raw/FRUIT-16K/F_Tamarillo/693.jpg,exact_duplicate,identical to data/raw/FRUIT-16K/F_Tamarillo/692.jpg,excluded (copy)
data/raw/FRUIT-16K/F_Tamarillo/696.jpg,exact_duplicate,identical to data/raw/FRUIT-16K/F_Tamarillo/695.jpg,excluded (copy)
data/raw/FRUIT-16K/F_Tamarillo/702.jpg,exact_duplicate,identical to data/raw/FRUIT-16K/F_Tamarillo/701.jpg,excluded (copy)
data/raw/FRUIT-16K/F_Tamarillo/704.jpg,exact_duplicate,identical to data/raw/FRUIT-16K/F_Tamarillo/703.jpg,excluded (copy)
data/raw/FRUIT-16K/F_Tamarillo/706.jpg,exact_duplicate,identical to data/raw/FRUIT-16K/F_Tamarillo/705.jpg,excluded (copy)
data/raw/FRUIT-16K/F_Tamarillo/708.jpg,exact_duplicate,identical to data/raw/FRUIT-16K/F_Tamarillo/707.jpg,excluded (copy)
data/raw/FRUIT-16K/F_Tamarillo/711.jpg,exact_duplicate,identical to data/raw/FRUIT-16K/F_Tamarillo/710.jpg,excluded (copy)
data/raw/FRUIT-16K/F_Tamarillo/714.jpg,exact_duplicate,identical to data/raw/FRUIT-16K/F_Tamarillo/713.jpg,excluded (copy)
data/raw/FRUIT-16K/F_Tamarillo/720.jpg,exact_duplicate,identical to data/raw/FRUIT-16K/F_Tamarillo/719.jpg,excluded (copy)
data/raw/FRUIT-16K/F_Tamarillo/722.jpg,exact_duplicate,identical to data/raw/FRUIT-16K/F_Tamarillo/721.jpg,excluded (copy)
data/raw/FRUIT-16K/F_Tamarillo/724.jpg,exact_duplicate,identical to data/raw/FRUIT-16K/F_Tamarillo/723.jpg,excluded (copy)
data/raw/FRUIT-16K/F_Tamarillo/726.jpg,exact_duplicate,identical to data/raw/FRUIT-16K/F_Tamarillo/725.jpg,excluded (copy)
data/raw/FRUIT-16K/F_Tamarillo/729.jpg,exact_duplicate,identical to data/raw/FRUIT-16K/F_Tamarillo/728.jpg,excluded (copy)
data/raw/FRUIT-16K/F_Tamarillo/732.jpg,exact_duplicate,identical to data/raw/FRUIT-16K/F_Tamarillo/731.jpg,excluded (copy)
data/raw/FRUIT-16K/F_Tamarillo/738.jpg,exact_duplicate,identical to data/raw/FRUIT-16K/F_Tamarillo/737.jpg,excluded (copy)
data/raw/FRUIT-16K/F_Tamarillo/740.jpg,exact_duplicate,identical to data/raw/FRUIT-16K/F_Tamarillo/739.jpg,excluded (copy)
data/raw/FRUIT-16K/F_Tamarillo/742.jpg,exact_duplicate,identical to data/raw/FRUIT-16K/F_Tamarillo/741.jpg,excluded (copy)
data/raw/FRUIT-16K/F_Tamarillo/744.jpg,exact_duplicate,identical to data/raw/FRUIT-16K/F_Tamarillo/743.jpg,excluded (copy)
data/raw/FRUIT-16K/F_Tamarillo/747.jpg,exact_duplicate,identical to data/raw/FRUIT-16K/F_Tamarillo/746.jpg,excluded (copy)
data/raw/FRUIT-16K/F_Tamarillo/750.jpg,exact_duplicate,identical to data/raw/FRUIT-16K/F_Tamarillo/749.jpg,excluded (copy)
data/raw/FRUIT-16K/F_Tamarillo/756.jpg,exact_duplicate,identical to data/raw/FRUIT-16K/F_Tamarillo/755.jpg,excluded (copy)
data/raw/FRUIT-16K/F_Tamarillo/758.jpg,exact_duplicate,identical to data/raw/FRUIT-16K/F_Tamarillo/757.jpg,excluded (copy)
data/raw/FRUIT-16K/F_Tamarillo/760.jpg,exact_duplicate,identical to data/raw/FRUIT-16K/F_Tamarillo/759.jpg,excluded (copy)
data/raw/FRUIT-16K/F_Tamarillo/762.jpg,exact_duplicate,identical to data/raw/FRUIT-16K/F_Tamarillo/761.jpg,excluded (copy)
data/raw/FRUIT-16K/F_Tamarillo/765.jpg,exact_duplicate,identical to data/raw/FRUIT-16K/F_Tamarillo/764.jpg,excluded (copy)
data/raw/FRUIT-16K/F_Tamarillo/768.jpg,exact_duplicate,identical to data/raw/FRUIT-16K/F_Tamarillo/767.jpg,excluded (copy)
data/raw/FRUIT-16K/F_Tamarillo/774.jpg,exact_duplicate,identical to data/raw/FRUIT-16K/F_Tamarillo/773.jpg,excluded (copy)
data/raw/FRUIT-16K/F_Tamarillo/776.jpg,exact_duplicate,identical to data/raw/FRUIT-16K/F_Tamarillo/775.jpg,excluded (copy)
data/raw/FRUIT-16K/F_Tamarillo/778.jpg,exact_duplicate,identical to data/raw/FRUIT-16K/F_Tamarillo/777.jpg,excluded (copy)
data/raw/FRUIT-16K/F_Tamarillo/780.jpg,exact_duplicate,identical to data/raw/FRUIT-16K/F_Tamarillo/779.jpg,excluded (copy)
data/raw/FRUIT-16K/F_Tamarillo/783.jpg,exact_duplicate,identical to data/raw/FRUIT-16K/F_Tamarillo/782.jpg,excluded (copy)
data/raw/FRUIT-16K/F_Tamarillo/786.jpg,exact_duplicate,identical to data/raw/FRUIT-16K/F_Tamarillo/785.jpg,excluded (copy)
data/raw/FRUIT-16K/F_Tamarillo/792.jpg,exact_duplicate,identical to data/raw/FRUIT-16K/F_Tamarillo/791.jpg,excluded (copy)
data/raw/FRUIT-16K/F_Tamarillo/794.jpg,exact_duplicate,identical to data/raw/FRUIT-16K/F_Tamarillo/793.jpg,excluded (copy)
data/raw/FRUIT-16K/F_Tamarillo/796.jpg,exact_duplicate,identical to data/raw/FRUIT-16K/F_Tamarillo/795.jpg,excluded (copy)
data/raw/FRUIT-16K/F_Tamarillo/798.jpg,exact_duplicate,identical to data/raw/FRUIT-16K/F_Tamarillo/797.jpg,excluded (copy)
data/raw/FRUIT-16K/F_Tamarillo/801.jpg,exact_duplicate,identical to data/raw/FRUIT-16K/F_Tamarillo/800.jpg,excluded (copy)
data/raw/FRUIT-16K/F_Tamarillo/804.jpg,exact_duplicate,identical to data/raw/FRUIT-16K/F_Tamarillo/803.jpg,excluded (copy)
data/raw/FRUIT-16K/F_Tamarillo/810.jpg,exact_duplicate,identical to data/raw/FRUIT-16K/F_Tamarillo/809.jpg,excluded (copy)
data/raw/FRUIT-16K/F_Tamarillo/812.jpg,exact_duplicate,identical to data/raw/FRUIT-16K/F_Tamarillo/811.jpg,excluded (copy)
data/raw/FRUIT-16K/F_Tamarillo/814.jpg,exact_duplicate,identical to data/raw/FRUIT-16K/F_Tamarillo/813.jpg,excluded (copy)
data/raw/FRUIT-16K/F_Tamarillo/816.jpg,exact_duplicate,identical to data/raw/FRUIT-16K/F_Tamarillo/815.jpg,excluded (copy)
data/raw/FRUIT-16K/F_Tamarillo/819.jpg,exact_duplicate,identical to data/raw/FRUIT-16K/F_Tamarillo/818.jpg,excluded (copy)
data/raw/FRUIT-16K/F_Tamarillo/822.jpg,exact_duplicate,identical to data/raw/FRUIT-16K/F_Tamarillo/821.jpg,excluded (copy)
data/raw/FRUIT-16K/F_Tamarillo/828.jpg,exact_duplicate,identical to data/raw/FRUIT-16K/F_Tamarillo/827.jpg,excluded (copy)
data/raw/FRUIT-16K/F_Tamarillo/830.jpg,exact_duplicate,identical to data/raw/FRUIT-16K/F_Tamarillo/829.jpg,excluded (copy)
data/raw/FRUIT-16K/F_Tamarillo/832.jpg,exact_duplicate,identical to data/raw/FRUIT-16K/F_Tamarillo/831.jpg,excluded (copy)
data/raw/FRUIT-16K/F_Tamarillo/834.jpg,exact_duplicate,identical to data/raw/FRUIT-16K/F_Tamarillo/833.jpg,excluded (copy)
data/raw/FRUIT-16K/F_Tamarillo/837.jpg,exact_duplicate,identical to data/raw/FRUIT-16K/F_Tamarillo/836.jpg,excluded (copy)
data/raw/FRUIT-16K/F_Tamarillo/840.jpg,exact_duplicate,identical to data/raw/FRUIT-16K/F_Tamarillo/839.jpg,excluded (copy)
data/raw/FRUIT-16K/F_Tamarillo/846.jpg,exact_duplicate,identical to data/raw/FRUIT-16K/F_Tamarillo/845.jpg,excluded (copy)
data/raw/FRUIT-16K/F_Tamarillo/848.jpg,exact_duplicate,identical to data/raw/FRUIT-16K/F_Tamarillo/847.jpg,excluded (copy)
data/raw/FRUIT-16K/F_Tamarillo/850.jpg,exact_duplicate,identical to data/raw/FRUIT-16K/F_Tamarillo/849.jpg,excluded (copy)
data/raw/FRUIT-16K/F_Tamarillo/852.jpg,exact_duplicate,identical to data/raw/FRUIT-16K/F_Tamarillo/851.jpg,excluded (copy)
data/raw/FRUIT-16K/F_Tamarillo/855.jpg,exact_duplicate,identical to data/raw/FRUIT-16K/F_Tamarillo/854.jpg,excluded (copy)
data/raw/FRUIT-16K/F_Tamarillo/858.jpg,exact_duplicate,identical to data/raw/FRUIT-16K/F_Tamarillo/857.jpg,excluded (copy)
data/raw/FRUIT-16K/F_Tamarillo/864.jpg,exact_duplicate,identical to data/raw/FRUIT-16K/F_Tamarillo/863.jpg,excluded (copy)
data/raw/FRUIT-16K/F_Tamarillo/866.jpg,exact_duplicate,identical to data/raw/FRUIT-16K/F_Tamarillo/865.jpg,excluded (copy)
data/raw/FRUIT-16K/F_Tamarillo/868.jpg,exact_duplicate,identical to data/raw/FRUIT-16K/F_Tamarillo/867.jpg,excluded (copy)
data/raw/FRUIT-16K/F_Tamarillo/870.jpg,exact_duplicate,identical to data/raw/FRUIT-16K/F_Tamarillo/869.jpg,excluded (copy)
data/raw/FRUIT-16K/F_Tamarillo/873.jpg,exact_duplicate,identical to data/raw/FRUIT-16K/F_Tamarillo/872.jpg,excluded (copy)
data/raw/FRUIT-16K/F_Tamarillo/876.jpg,exact_duplicate,identical to data/raw/FRUIT-16K/F_Tamarillo/875.jpg,excluded (copy)
data/raw/FRUIT-16K/F_Tamarillo/882.jpg,exact_duplicate,identical to data/raw/FRUIT-16K/F_Tamarillo/881.jpg,excluded (copy)
data/raw/FRUIT-16K/F_Tamarillo/884.jpg,exact_duplicate,identical to data/raw/FRUIT-16K/F_Tamarillo/883.jpg,excluded (copy)
data/raw/FRUIT-16K/F_Tamarillo/886.jpg,exact_duplicate,identical to data/raw/FRUIT-16K/F_Tamarillo/885.jpg,excluded (copy)
data/raw/FRUIT-16K/F_Tamarillo/888.jpg,exact_duplicate,identical to data/raw/FRUIT-16K/F_Tamarillo/887.jpg,excluded (copy)
data/raw/FRUIT-16K/F_Tamarillo/891.jpg,exact_duplicate,identical to data/raw/FRUIT-16K/F_Tamarillo/890.jpg,excluded (copy)
data/raw/FRUIT-16K/F_Tamarillo/894.jpg,exact_duplicate,identical to data/raw/FRUIT-16K/F_Tamarillo/893.jpg,excluded (copy)
data/raw/FRUIT-16K/F_Tamarillo/900.jpg,exact_duplicate,identical to data/raw/FRUIT-16K/F_Tamarillo/899.jpg,excluded (copy)
data/raw/FRUIT-16K/F_Tamarillo/902.jpg,exact_duplicate,identical to data/raw/FRUIT-16K/F_Tamarillo/901.jpg,excluded (copy)
data/raw/FRUIT-16K/F_Tamarillo/904.jpg,exact_duplicate,identical to data/raw/FRUIT-16K/F_Tamarillo/903.jpg,excluded (copy)
data/raw/FRUIT-16K/F_Tamarillo/906.jpg,exact_duplicate,identical to data/raw/FRUIT-16K/F_Tamarillo/905.jpg,excluded (copy)
data/raw/FRUIT-16K/F_Tamarillo/909.jpg,exact_duplicate,identical to data/raw/FRUIT-16K/F_Tamarillo/908.jpg,excluded (copy)
data/raw/FRUIT-16K/F_Tamarillo/912.jpg,exact_duplicate,identical to data/raw/FRUIT-16K/F_Tamarillo/911.jpg,excluded (copy)
data/raw/FRUIT-16K/F_Tamarillo/918.jpg,exact_duplicate,identical to data/raw/FRUIT-16K/F_Tamarillo/917.jpg,excluded (copy)
data/raw/FRUIT-16K/F_Tamarillo/920.jpg,exact_duplicate,identical to data/raw/FRUIT-16K/F_Tamarillo/919.jpg,excluded (copy)
data/raw/FRUIT-16K/F_Tamarillo/922.jpg,exact_duplicate,identical to data/raw/FRUIT-16K/F_Tamarillo/921.jpg,excluded (copy)
data/raw/FRUIT-16K/F_Tamarillo/924.jpg,exact_duplicate,identical to data/raw/FRUIT-16K/F_Tamarillo/923.jpg,excluded (copy)
data/raw/FRUIT-16K/F_Tamarillo/927.jpg,exact_duplicate,identical to data/raw/FRUIT-16K/F_Tamarillo/926.jpg,excluded (copy)
data/raw/FRUIT-16K/F_Tamarillo/930.jpg,exact_duplicate,identical to data/raw/FRUIT-16K/F_Tamarillo/929.jpg,excluded (copy)
data/raw/FRUIT-16K/F_Tamarillo/936.jpg,exact_duplicate,identical to data/raw/FRUIT-16K/F_Tamarillo/935.jpg,excluded (copy)
data/raw/FRUIT-16K/F_Tamarillo/938.jpg,exact_duplicate,identical to data/raw/FRUIT-16K/F_Tamarillo/937.jpg,excluded (copy)
data/raw/FRUIT-16K/F_Tamarillo/940.jpg,exact_duplicate,identical to data/raw/FRUIT-16K/F_Tamarillo/939.jpg,excluded (copy)
data/raw/FRUIT-16K/F_Tamarillo/942.jpg,exact_duplicate,identical to data/raw/FRUIT-16K/F_Tamarillo/941.jpg,excluded (copy)
data/raw/FRUIT-16K/F_Tamarillo/945.jpg,exact_duplicate,identical to data/raw/FRUIT-16K/F_Tamarillo/944.jpg,excluded (copy)
data/raw/FRUIT-16K/F_Tamarillo/948.jpg,exact_duplicate,identical to data/raw/FRUIT-16K/F_Tamarillo/947.jpg,excluded (copy)
data/raw/FRUIT-16K/F_Tamarillo/954.jpg,exact_duplicate,identical to data/raw/FRUIT-16K/F_Tamarillo/953.jpg,excluded (copy)
data/raw/FRUIT-16K/F_Tamarillo/956.jpg,exact_duplicate,identical to data/raw/FRUIT-16K/F_Tamarillo/955.jpg,excluded (copy)
data/raw/FRUIT-16K/F_Tamarillo/958.jpg,exact_duplicate,identical to data/raw/FRUIT-16K/F_Tamarillo/957.jpg,excluded (copy)
data/raw/FRUIT-16K/F_Tamarillo/960.jpg,exact_duplicate,identical to data/raw/FRUIT-16K/F_Tamarillo/959.jpg,excluded (copy)
data/raw/FRUIT-16K/F_Tamarillo/963.jpg,exact_duplicate,identical to data/raw/FRUIT-16K/F_Tamarillo/962.jpg,excluded (copy)
data/raw/FRUIT-16K/F_Tamarillo/966.jpg,exact_duplicate,identical to data/raw/FRUIT-16K/F_Tamarillo/965.jpg,excluded (copy)
data/raw/FRUIT-16K/F_Tamarillo/972.jpg,exact_duplicate,identical to data/raw/FRUIT-16K/F_Tamarillo/971.jpg,excluded (copy)
data/raw/FRUIT-16K/F_Tamarillo/974.jpg,exact_duplicate,identical to data/raw/FRUIT-16K/F_Tamarillo/973.jpg,excluded (copy)
data/raw/FRUIT-16K/F_Tamarillo/976.jpg,exact_duplicate,identical to data/raw/FRUIT-16K/F_Tamarillo/975.jpg,excluded (copy)
data/raw/FRUIT-16K/F_Tamarillo/978.jpg,exact_duplicate,identical to data/raw/FRUIT-16K/F_Tamarillo/977.jpg,excluded (copy)
data/raw/FRUIT-16K/F_Tamarillo/981.jpg,exact_duplicate,identical to data/raw/FRUIT-16K/F_Tamarillo/980.jpg,excluded (copy)
data/raw/FRUIT-16K/F_Tamarillo/984.jpg,exact_duplicate,identical to data/raw/FRUIT-16K/F_Tamarillo/983.jpg,excluded (copy)
data/raw/FRUIT-16K/F_Tamarillo/990.jpg,exact_duplicate,identical to data/raw/FRUIT-16K/F_Tamarillo/989.jpg,excluded (copy)
data/raw/FRUIT-16K/F_Tamarillo/992.jpg,exact_duplicate,identical to data/raw/FRUIT-16K/F_Tamarillo/991.jpg,excluded (copy)
data/raw/FRUIT-16K/F_Tamarillo/994.jpg,exact_duplicate,identical to data/raw/FRUIT-16K/F_Tamarillo/993.jpg,excluded (copy)
data/raw/FRUIT-16K/F_Tamarillo/996.jpg,exact_duplicate,identical to data/raw/FRUIT-16K/F_Tamarillo/995.jpg,excluded (copy)
data/raw/FRUIT-16K/F_Tamarillo/999.jpg,exact_duplicate,identical to data/raw/FRUIT-16K/F_Tamarillo/998.jpg,excluded (copy)
data/raw/FRUIT-16K/S_Tomato/5.jpg,exact_duplicate,identical to data/raw/FRUIT-16K/S_Tomato/4.jpg,excluded (copy)
data/raw/FRUIT-16K/S_Tomato/18.jpg,exact_duplicate,identical to data/raw/FRUIT-16K/S_Tomato/17.jpg,excluded (copy)
data/raw/FRUIT-16K/S_Tomato/31.jpg,exact_duplicate,identical to data/raw/FRUIT-16K/S_Tomato/30.jpg,excluded (copy)
data/raw/FRUIT-16K/S_Tomato/44.jpg,exact_duplicate,identical to data/raw/FRUIT-16K/S_Tomato/43.jpg,excluded (copy)
data/raw/FRUIT-16K/S_Tomato/57.jpg,exact_duplicate,identical to data/raw/FRUIT-16K/S_Tomato/56.jpg,excluded (copy)
data/raw/FRUIT-16K/S_Tomato/70.jpg,exact_duplicate,identical to data/raw/FRUIT-16K/S_Tomato/69.jpg,excluded (copy)
data/raw/FRUIT-16K/S_Tomato/83.jpg,exact_duplicate,identical to data/raw/FRUIT-16K/S_Tomato/82.jpg,excluded (copy)
data/raw/FRUIT-16K/S_Tomato/96.jpg,exact_duplicate,identical to data/raw/FRUIT-16K/S_Tomato/95.jpg,excluded (copy)
data/raw/FRUIT-16K/S_Tomato/109.jpg,exact_duplicate,identical to data/raw/FRUIT-16K/S_Tomato/108.jpg,excluded (copy)
data/raw/FRUIT-16K/S_Tomato/122.jpg,exact_duplicate,identical to data/raw/FRUIT-16K/S_Tomato/121.jpg,excluded (copy)
data/raw/FRUIT-16K/S_Tomato/135.jpg,exact_duplicate,identical to data/raw/FRUIT-16K/S_Tomato/134.jpg,excluded (copy)
data/raw/FRUIT-16K/S_Tomato/148.jpg,exact_duplicate,identical to data/raw/FRUIT-16K/S_Tomato/147.jpg,excluded (copy)
data/raw/FRUIT-16K/S_Tomato/161.jpg,exact_duplicate,identical to data/raw/FRUIT-16K/S_Tomato/160.jpg,excluded (copy)
data/raw/FRUIT-16K/S_Tomato/174.jpg,exact_duplicate,identical to data/raw/FRUIT-16K/S_Tomato/173.jpg,excluded (copy)
data/raw/FRUIT-16K/S_Tomato/187.jpg,exact_duplicate,identical to data/raw/FRUIT-16K/S_Tomato/186.jpg,excluded (copy)
data/raw/FRUIT-16K/S_Tomato/200.jpg,exact_duplicate,identical to data/raw/FRUIT-16K/S_Tomato/199.jpg,excluded (copy)
data/raw/FRUIT-16K/S_Tomato/213.jpg,exact_duplicate,identical to data/raw/FRUIT-16K/S_Tomato/212.jpg,excluded (copy)
data/raw/FRUIT-16K/S_Tomato/226.jpg,exact_duplicate,identical to data/raw/FRUIT-16K/S_Tomato/225.jpg,excluded (copy)
data/raw/FRUIT-16K/S_Tomato/239.jpg,exact_duplicate,identical to data/raw/FRUIT-16K/S_Tomato/238.jpg,excluded (copy)
data/raw/FRUIT-16K/S_Tomato/252.jpg,exact_duplicate,identical to data/raw/FRUIT-16K/S_Tomato/251.jpg,excluded (copy)
data/raw/FRUIT-16K/S_Tomato/265.jpg,exact_duplicate,identical to data/raw/FRUIT-16K/S_Tomato/264.jpg,excluded (copy)
data/raw/FRUIT-16K/S_Tomato/278.jpg,exact_duplicate,identical to data/raw/FRUIT-16K/S_Tomato/277.jpg,excluded (copy)
data/raw/FRUIT-16K/S_Tomato/291.jpg,exact_duplicate,identical to data/raw/FRUIT-16K/S_Tomato/290.jpg,excluded (copy)
data/raw/FRUIT-16K/S_Tomato/304.jpg,exact_duplicate,identical to data/raw/FRUIT-16K/S_Tomato/303.jpg,excluded (copy)
data/raw/FRUIT-16K/S_Tomato/317.jpg,exact_duplicate,identical to data/raw/FRUIT-16K/S_Tomato/316.jpg,excluded (copy)
data/raw/FRUIT-16K/S_Tomato/330.jpg,exact_duplicate,identical to data/raw/FRUIT-16K/S_Tomato/329.jpg,excluded (copy)
data/raw/FRUIT-16K/S_Tomato/343.jpg,exact_duplicate,identical to data/raw/FRUIT-16K/S_Tomato/342.jpg,excluded (copy)
data/raw/FRUIT-16K/S_Tomato/356.jpg,exact_duplicate,identical to data/raw/FRUIT-16K/S_Tomato/355.jpg,excluded (copy)
data/raw/FRUIT-16K/S_Tomato/369.jpg,exact_duplicate,identical to data/raw/FRUIT-16K/S_Tomato/368.jpg,excluded (copy)
data/raw/FRUIT-16K/S_Tomato/382.jpg,exact_duplicate,identical to data/raw/FRUIT-16K/S_Tomato/381.jpg,excluded (copy)
data/raw/FRUIT-16K/S_Tomato/395.jpg,exact_duplicate,identical to data/raw/FRUIT-16K/S_Tomato/394.jpg,excluded (copy)
data/raw/FRUIT-16K/S_Tomato/408.jpg,exact_duplicate,identical to data/raw/FRUIT-16K/S_Tomato/407.jpg,excluded (copy)
data/raw/FRUIT-16K/S_Tomato/421.jpg,exact_duplicate,identical to data/raw/FRUIT-16K/S_Tomato/420.jpg,excluded (copy)
data/raw/FRUIT-16K/S_Tomato/434.jpg,exact_duplicate,identical to data/raw/FRUIT-16K/S_Tomato/433.jpg,excluded (copy)
data/raw/FRUIT-16K/S_Tomato/447.jpg,exact_duplicate,identical to data/raw/FRUIT-16K/S_Tomato/446.jpg,excluded (copy)
data/raw/FRUIT-16K/S_Tomato/460.jpg,exact_duplicate,identical to data/raw/FRUIT-16K/S_Tomato/459.jpg,excluded (copy)
data/raw/FRUIT-16K/S_Tomato/473.jpg,exact_duplicate,identical to data/raw/FRUIT-16K/S_Tomato/472.jpg,excluded (copy)
data/raw/FRUIT-16K/S_Tomato/486.jpg,exact_duplicate,identical to data/raw/FRUIT-16K/S_Tomato/485.jpg,excluded (copy)
data/raw/FRUIT-16K/S_Tomato/499.jpg,exact_duplicate,identical to data/raw/FRUIT-16K/S_Tomato/498.jpg,excluded (copy)
data/raw/FRUIT-16K/S_Tomato/512.jpg,exact_duplicate,identical to data/raw/FRUIT-16K/S_Tomato/511.jpg,excluded (copy)
data/raw/FRUIT-16K/S_Tomato/525.jpg,exact_duplicate,identical to data/raw/FRUIT-16K/S_Tomato/524.jpg,excluded (copy)
data/raw/FRUIT-16K/S_Tomato/538.jpg,exact_duplicate,identical to data/raw/FRUIT-16K/S_Tomato/537.jpg,excluded (copy)
data/raw/FRUIT-16K/S_Tomato/551.jpg,exact_duplicate,identical to data/raw/FRUIT-16K/S_Tomato/550.jpg,excluded (copy)
data/raw/FRUIT-16K/S_Tomato/564.jpg,exact_duplicate,identical to data/raw/FRUIT-16K/S_Tomato/563.jpg,excluded (copy)
data/raw/FRUIT-16K/S_Tomato/577.jpg,exact_duplicate,identical to data/raw/FRUIT-16K/S_Tomato/576.jpg,excluded (copy)
data/raw/FRUIT-16K/S_Tomato/590.jpg,exact_duplicate,identical to data/raw/FRUIT-16K/S_Tomato/589.jpg,excluded (copy)
data/raw/FRUIT-16K/S_Tomato/603.jpg,exact_duplicate,identical to data/raw/FRUIT-16K/S_Tomato/602.jpg,excluded (copy)
data/raw/FRUIT-16K/S_Tomato/616.jpg,exact_duplicate,identical to data/raw/FRUIT-16K/S_Tomato/615.jpg,excluded (copy)
data/raw/FRUIT-16K/S_Tomato/629.jpg,exact_duplicate,identical to data/raw/FRUIT-16K/S_Tomato/628.jpg,excluded (copy)
data/raw/FRUIT-16K/S_Tomato/642.jpg,exact_duplicate,identical to data/raw/FRUIT-16K/S_Tomato/641.jpg,excluded (copy)
data/raw/FRUIT-16K/S_Tomato/655.jpg,exact_duplicate,identical to data/raw/FRUIT-16K/S_Tomato/654.jpg,excluded (copy)
data/raw/FRUIT-16K/S_Tomato/668.jpg,exact_duplicate,identical to data/raw/FRUIT-16K/S_Tomato/667.jpg,excluded (copy)
data/raw/FRUIT-16K/S_Tomato/681.jpg,exact_duplicate,identical to data/raw/FRUIT-16K/S_Tomato/680.jpg,excluded (copy)
data/raw/FRUIT-16K/S_Tomato/694.jpg,exact_duplicate,identical to data/raw/FRUIT-16K/S_Tomato/693.jpg,excluded (copy)
data/raw/FRUIT-16K/S_Tomato/707.jpg,exact_duplicate,identical to data/raw/FRUIT-16K/S_Tomato/706.jpg,excluded (copy)
data/raw/FRUIT-16K/S_Tomato/720.jpg,exact_duplicate,identical to data/raw/FRUIT-16K/S_Tomato/719.jpg,excluded (copy)
data/raw/FRUIT-16K/S_Tomato/733.jpg,exact_duplicate,identical to data/raw/FRUIT-16K/S_Tomato/732.jpg,excluded (copy)
data/raw/FRUIT-16K/S_Tomato/746.jpg,exact_duplicate,identical to data/raw/FRUIT-16K/S_Tomato/745.jpg,excluded (copy)
data/raw/FRUIT-16K/S_Tomato/759.jpg,exact_duplicate,identical to data/raw/FRUIT-16K/S_Tomato/758.jpg,excluded (copy)
data/raw/FRUIT-16K/S_Tomato/772.jpg,exact_duplicate,identical to data/raw/FRUIT-16K/S_Tomato/771.jpg,excluded (copy)
data/raw/FRUIT-16K/S_Tomato/785.jpg,exact_duplicate,identical to data/raw/FRUIT-16K/S_Tomato/784.jpg,excluded (copy)
data/raw/FRUIT-16K/S_Tomato/798.jpg,exact_duplicate,identical to data/raw/FRUIT-16K/S_Tomato/797.jpg,excluded (copy)
data/raw/FRUIT-16K/S_Tomato/811.jpg,exact_duplicate,identical to data/raw/FRUIT-16K/S_Tomato/810.jpg,excluded (copy)
data/raw/FRUIT-16K/S_Tomato/824.jpg,exact_duplicate,identical to data/raw/FRUIT-16K/S_Tomato/823.jpg,excluded (copy)
data/raw/FRUIT-16K/S_Tomato/837.jpg,exact_duplicate,identical to data/raw/FRUIT-16K/S_Tomato/836.jpg,excluded (copy)
data/raw/FRUIT-16K/S_Tomato/850.jpg,exact_duplicate,identical to data/raw/FRUIT-16K/S_Tomato/849.jpg,excluded (copy)
data/raw/FRUIT-16K/S_Tomato/863.jpg,exact_duplicate,identical to data/raw/FRUIT-16K/S_Tomato/862.jpg,excluded (copy)
data/raw/FRUIT-16K/S_Tomato/876.jpg,exact_duplicate,identical to data/raw/FRUIT-16K/S_Tomato/875.jpg,excluded (copy)
data/raw/FRUIT-16K/F_Banana/1.jpg,label_conflict,"near-identical to data/raw/FRUIT-16K/S_Banana/6.jpg (pHash 0, thumb 0.0009)",excluded (manual review)
data/raw/FRUIT-16K/S_Banana/6.jpg,label_conflict,"near-identical to data/raw/FRUIT-16K/F_Banana/1.jpg (pHash 0, thumb 0.0009)",kept (conflicting copy excluded)
