sha256,n_files,folder,kept,removed
e256fe0e26df57f5662ddfb0e11d313c143acd7a7248d66f2c5785eed3908043,2,F_Lemon,data/raw/FRUIT-16K/F_Lemon/1.jpg,data/raw/FRUIT-16K/F_Lemon/2.jpg
68e3a7cb212b5c3f1d859f7d5cecd96407c5b50020485992b397cd9d7dc18330,2,F_Lemon,data/raw/FRUIT-16K/F_Lemon/3.jpg,data/raw/FRUIT-16K/F_Lemon/4.jpg
b6bf1917264947f1fecfdba97db72f4327f06f80630b1e0226fe64633eed5355,2,F_Lemon,data/raw/FRUIT-16K/F_Lemon/5.jpg,data/raw/FRUIT-16K/F_Lemon/6.jpg
4211f4fe6a3ee54508efdc18dd7e3be6ade43f693d2b1941bddcd8362b2133f4,2,F_Lemon,data/raw/FRUIT-16K/F_Lemon/7.jpg,data/raw/FRUIT-16K/F_Lemon/8.jpg
824099bbb3d1ef0551bbda343199b86aa2929beb6cfd7d1de0cbe771ead04440,2,F_Lemon,data/raw/FRUIT-16K/F_Lemon/9.jpg,data/raw/FRUIT-16K/F_Lemon/10.jpg
6f589da53afdb08985ec0ce6600fec75928d36d2f5b9d942673b23badf855d44,2,F_Lemon,data/raw/FRUIT-16K/F_Lemon/11.jpg,data/raw/FRUIT-16K/F_Lemon/12.jpg
f650bd7fc7d05e2a77f84e101040239040ae548bc8dda5d8809ce5d019cf4ffc,2,F_Lemon,data/raw/FRUIT-16K/F_Lemon/13.jpg,data/raw/FRUIT-16K/F_Lemon/14.jpg
8fd16621ad6296e44b526e47bcef9b72fc998e88d69fd1d9f7b31c5c79fad846,2,F_Lemon,data/raw/FRUIT-16K/F_Lemon/15.jpg,data/raw/FRUIT-16K/F_Lemon/16.jpg
67013a7d62b33a3543efa06368af9675c44cbfa5ff0029b2a26cd091632e4d44,2,F_Lemon,data/raw/FRUIT-16K/F_Lemon/17.jpg,data/raw/FRUIT-16K/F_Lemon/18.jpg
70742937612a2579bb770b64c224ea7af83a0c03fe0b73e0303efc686c86eea7,2,F_Lemon,data/raw/FRUIT-16K/F_Lemon/19.jpg,data/raw/FRUIT-16K/F_Lemon/20.jpg
b83650440e99989d885bbfdc11d0797b4ee3aee265dca867bfc81f8f5afbebda,2,F_Lemon,data/raw/FRUIT-16K/F_Lemon/23.jpg,data/raw/FRUIT-16K/F_Lemon/24.jpg
cfb70e961c61711f544e2ca64adadfd4f8f71dd1f685b7ca7b5b0b03dd3ac98f,2,F_Lemon,data/raw/FRUIT-16K/F_Lemon/25.jpg,data/raw/FRUIT-16K/F_Lemon/26.jpg
58b24fc71932c84a601b5a4e9ac74397b4c5304331b85d6dd511cadc1d143780,2,F_Lemon,data/raw/FRUIT-16K/F_Lemon/27.jpg,data/raw/FRUIT-16K/F_Lemon/28.jpg
a6f96f7e2b3e7ae048e07a212036ac7f7ebaf970227c5b1d75c17dbbed869834,2,F_Lemon,data/raw/FRUIT-16K/F_Lemon/29.jpg,data/raw/FRUIT-16K/F_Lemon/30.jpg
5524ecc8213cf03c0b223355b1cce1f025393bf61cb1675ecadd3c6ed56c23ab,2,F_Lemon,data/raw/FRUIT-16K/F_Lemon/31.jpg,data/raw/FRUIT-16K/F_Lemon/32.jpg
10cd2f3ee1d3c6e233092454fa63cc816f5fe96a619e115b29ab8bce3ec3aefb,2,F_Lemon,data/raw/FRUIT-16K/F_Lemon/33.jpg,data/raw/FRUIT-16K/F_Lemon/34.jpg
4aeabcf4a371bdc8f3f6050bf570979b3d05ab470c8b6b11a446c3ca4435cee2,2,F_Lemon,data/raw/FRUIT-16K/F_Lemon/35.jpg,data/raw/FRUIT-16K/F_Lemon/36.jpg
83580de23ffe6145137cf19aab25ad7b14948e73f08fb03ad453d110983d066a,2,F_Lemon,data/raw/FRUIT-16K/F_Lemon/37.jpg,data/raw/FRUIT-16K/F_Lemon/38.jpg
e96948bb10170ea141aa6ff41e700063de2dd2510d266c14e1441661d684138e,2,F_Lemon,data/raw/FRUIT-16K/F_Lemon/39.jpg,data/raw/FRUIT-16K/F_Lemon/40.jpg
b3cbc947a08d2b8b374f215995ef642f9b7c8cdbaf1fa81184178557163c769c,2,F_Lemon,data/raw/FRUIT-16K/F_Lemon/41.jpg,data/raw/FRUIT-16K/F_Lemon/42.jpg
40e4fe1187b85334849839b9531216ec696c7d3641ad22e17901317264da94dc,2,F_Lemon,data/raw/FRUIT-16K/F_Lemon/45.jpg,data/raw/FRUIT-16K/F_Lemon/46.jpg
5a394d7003a8eceb87c8677f299b2800f259e41bc14046b96501b47683d22f5b,2,F_Lemon,data/raw/FRUIT-16K/F_Lemon/47.jpg,data/raw/FRUIT-16K/F_Lemon/48.jpg
e18b4bc65f6da1b8f024ce57377249544c065e94401d5ed24dd4db9054e2c4cd,2,F_Lemon,data/raw/FRUIT-16K/F_Lemon/49.jpg,data/raw/FRUIT-16K/F_Lemon/50.jpg
b6f371025ae54490b0d67d7c76274668ba584d8fc8b2a0642dca12087777bb64,2,F_Lemon,data/raw/FRUIT-16K/F_Lemon/51.jpg,data/raw/FRUIT-16K/F_Lemon/52.jpg
f5dac34d22d73d2acb36384072747f1769b0871042c1c98f3f0b8ac219305042,2,F_Lemon,data/raw/FRUIT-16K/F_Lemon/53.jpg,data/raw/FRUIT-16K/F_Lemon/54.jpg
c14d3f860d0b2dac0945bf294d4b4559246abcf795a8e601b20969fe8a1bc8c4,2,F_Lemon,data/raw/FRUIT-16K/F_Lemon/55.jpg,data/raw/FRUIT-16K/F_Lemon/56.jpg
fb2b9fdef91de6ccfbb3debe915c474789b517a0e630493a3e76a795af789403,2,F_Lemon,data/raw/FRUIT-16K/F_Lemon/57.jpg,data/raw/FRUIT-16K/F_Lemon/58.jpg
f5d96b5f36388a9244d98e4867eb3be0ca54b36ee41c42990e59df86f745260a,2,F_Lemon,data/raw/FRUIT-16K/F_Lemon/59.jpg,data/raw/FRUIT-16K/F_Lemon/60.jpg
962d54b03fecc6c6544c9d2ab7ea57038f85164ea6753dd64d7381988bd1b4a7,2,F_Lemon,data/raw/FRUIT-16K/F_Lemon/61.jpg,data/raw/FRUIT-16K/F_Lemon/62.jpg
a8fb36fd7f83bdd8f4b5e9fdaa6676afe25ac771880ab95dbb7a4651ac77aeb0,2,F_Lemon,data/raw/FRUIT-16K/F_Lemon/63.jpg,data/raw/FRUIT-16K/F_Lemon/64.jpg
5bb25448b7ed6803be84a14cf08dd8a0c1ad6a8b3d3ba179afb0848db7734d0c,2,F_Lemon,data/raw/FRUIT-16K/F_Lemon/67.jpg,data/raw/FRUIT-16K/F_Lemon/68.jpg
f4cf285c151c29eef75e1ef29e86d040873b1a8252cb0771a7b098d39c30f28e,2,F_Lemon,data/raw/FRUIT-16K/F_Lemon/69.jpg,data/raw/FRUIT-16K/F_Lemon/70.jpg
f4049d82f1ac6e8116db5a5105419e138cb8a1d4ded9caa971812a0a32801932,2,F_Lemon,data/raw/FRUIT-16K/F_Lemon/71.jpg,data/raw/FRUIT-16K/F_Lemon/72.jpg
33e8630e643a835c793dc66baa7e4d165ee230a93bebae242b27844b12e716c9,2,F_Lemon,data/raw/FRUIT-16K/F_Lemon/73.jpg,data/raw/FRUIT-16K/F_Lemon/74.jpg
ca94dad629d6069103c86e8aacdb21808a546f94a7860c03c330b28c264ed358,2,F_Lemon,data/raw/FRUIT-16K/F_Lemon/75.jpg,data/raw/FRUIT-16K/F_Lemon/76.jpg
56751cfe34d51b4213656d7cdd0b899a218bb6c8ca905eb91274b92eec9fe632,2,F_Lemon,data/raw/FRUIT-16K/F_Lemon/77.jpg,data/raw/FRUIT-16K/F_Lemon/78.jpg
129306feb9eff17a9899b47390046293a990fd017b3fb394ccdfca88a82a76d2,2,F_Lemon,data/raw/FRUIT-16K/F_Lemon/79.jpg,data/raw/FRUIT-16K/F_Lemon/80.jpg
6a24921c68e789abacdccbcdc6832ac0cf426c2d1eea4445fb279ea28e728261,2,F_Lemon,data/raw/FRUIT-16K/F_Lemon/81.jpg,data/raw/FRUIT-16K/F_Lemon/82.jpg
43db4468b4d02a2ce337237d0f82fa1532dd18854901c55eaae07caf8ef9c63f,2,F_Lemon,data/raw/FRUIT-16K/F_Lemon/83.jpg,data/raw/FRUIT-16K/F_Lemon/84.jpg
fa5b7a656c81235f22fe437148dbee95029534b96ab822a0b5528e268f507b0b,2,F_Lemon,data/raw/FRUIT-16K/F_Lemon/85.jpg,data/raw/FRUIT-16K/F_Lemon/86.jpg
20feb42dcbf9f56d94e260dd928d46631291197aab79adf9a627c8ddc4760d35,2,F_Lemon,data/raw/FRUIT-16K/F_Lemon/89.jpg,data/raw/FRUIT-16K/F_Lemon/90.jpg
fb35ebc315419a805a16498d0fb9c9df33ce198c52ee76ec9a73a0206b5563f1,2,F_Lemon,data/raw/FRUIT-16K/F_Lemon/91.jpg,data/raw/FRUIT-16K/F_Lemon/92.jpg
a0f0b0631cd6afef6274df13eadd70caab0739ad2b65a27797aa49bb558cbbf1,2,F_Lemon,data/raw/FRUIT-16K/F_Lemon/93.jpg,data/raw/FRUIT-16K/F_Lemon/94.jpg
0a3c3fd28e5b0ced35ccf8f07b468d953fd952ed4a905e8fb41fb62d4c1d36b3,2,F_Lemon,data/raw/FRUIT-16K/F_Lemon/95.jpg,data/raw/FRUIT-16K/F_Lemon/96.jpg
66973dca918b536a16d7f1ea6818f25152f45b11260b0925a3042a559d6a5d91,2,F_Lemon,data/raw/FRUIT-16K/F_Lemon/97.jpg,data/raw/FRUIT-16K/F_Lemon/98.jpg
70bee14280bc34486430689177bb8569cf54a77a8a3ffacee6f7e3f4a2bee4e8,2,F_Lemon,data/raw/FRUIT-16K/F_Lemon/99.jpg,data/raw/FRUIT-16K/F_Lemon/100.jpg
5efa22f8e326451b7e2ccbed8f28ce3be5227fce1fc97e6c7cc9cc989103c9fa,2,F_Lemon,data/raw/FRUIT-16K/F_Lemon/101.jpg,data/raw/FRUIT-16K/F_Lemon/102.jpg
686058a1b26ed9741b59884d32485133d34c7362f08495ecfb9fe46918ac853b,2,F_Lemon,data/raw/FRUIT-16K/F_Lemon/103.jpg,data/raw/FRUIT-16K/F_Lemon/104.jpg
29a5260087aa88cacfa321a9295188bb9f31a32e8cd71d164fa57fe0a35e166d,2,F_Lemon,data/raw/FRUIT-16K/F_Lemon/105.jpg,data/raw/FRUIT-16K/F_Lemon/106.jpg
9d29d246c346dbd742b1f28cc2d40cdadbe303abcc15b9c763390559fb52310e,2,F_Lemon,data/raw/FRUIT-16K/F_Lemon/107.jpg,data/raw/FRUIT-16K/F_Lemon/108.jpg
7079815b3dde38c99a24f32fa35fc027c3d1208bd5281dc24b6bc26d0b9c4a37,2,F_Lemon,data/raw/FRUIT-16K/F_Lemon/111.jpg,data/raw/FRUIT-16K/F_Lemon/112.jpg
30653e918cbfde458546b73d7eba3cd1fdd74e534785fd583d1bad25e3ee1395,2,F_Lemon,data/raw/FRUIT-16K/F_Lemon/113.jpg,data/raw/FRUIT-16K/F_Lemon/114.jpg
4d26263818d8c032486c5b12d4da614478f016b6d421bd2ceca23d97a2858313,2,F_Lemon,data/raw/FRUIT-16K/F_Lemon/115.jpg,data/raw/FRUIT-16K/F_Lemon/116.jpg
a3c4be3030767525728b98e4f7a2219055ef7dd286d294c6a654a96139d3c9cc,2,F_Lemon,data/raw/FRUIT-16K/F_Lemon/117.jpg,data/raw/FRUIT-16K/F_Lemon/118.jpg
afc26fe6541f97d1be45d5b012f5f234a5d5fd6733f2cbe60de9dec97671f7b6,2,F_Lemon,data/raw/FRUIT-16K/F_Lemon/119.jpg,data/raw/FRUIT-16K/F_Lemon/120.jpg
8c9eb23b1a131703a87556e10d8d582a8ffeb26465b98e618cd7aeb487eb6692,2,F_Lemon,data/raw/FRUIT-16K/F_Lemon/121.jpg,data/raw/FRUIT-16K/F_Lemon/122.jpg
1db45832cae4f1a86d23e8d378d2b03c7e05d6fe39d065f706dc79ec5b8703ee,2,F_Lemon,data/raw/FRUIT-16K/F_Lemon/123.jpg,data/raw/FRUIT-16K/F_Lemon/124.jpg
55bdb566a2874c4ade3535dce6498089eb7460bbb7d25762cc1a3456b1bf61ae,2,F_Lemon,data/raw/FRUIT-16K/F_Lemon/125.jpg,data/raw/FRUIT-16K/F_Lemon/126.jpg
79eaac3928f43896de9a283e197d8dc8961ee097fd3f33ae0cb494c643d742cc,2,F_Lemon,data/raw/FRUIT-16K/F_Lemon/127.jpg,data/raw/FRUIT-16K/F_Lemon/128.jpg
d39969ede15598e91df1ea30aaf0de738ade2d9d912034171a0e8e9da5e29677,2,F_Lemon,data/raw/FRUIT-16K/F_Lemon/129.jpg,data/raw/FRUIT-16K/F_Lemon/130.jpg
06be366ba8c4809eea36e86842eab828f0d8046faaf9ee6ace5d642c3c5eef40,2,F_Lemon,data/raw/FRUIT-16K/F_Lemon/133.jpg,data/raw/FRUIT-16K/F_Lemon/134.jpg
18b679690cea31c25e35500dfbd59f4b764263e10cd6177e47a442e3c90389f8,2,F_Lemon,data/raw/FRUIT-16K/F_Lemon/135.jpg,data/raw/FRUIT-16K/F_Lemon/136.jpg
1eeba91398e5ab84abd3f5c95c35fd45dce5426a014fc8092620e053201d3af8,2,F_Lemon,data/raw/FRUIT-16K/F_Lemon/137.jpg,data/raw/FRUIT-16K/F_Lemon/138.jpg
4accad15f4d47108c3223d996ed5b4e1d308572dcde749367baa85bb585b1959,2,F_Lemon,data/raw/FRUIT-16K/F_Lemon/139.jpg,data/raw/FRUIT-16K/F_Lemon/140.jpg
2e2a48444505b1b64927a954c6739a302a4ee19427fca94659d06d2aa6838e4e,2,F_Lemon,data/raw/FRUIT-16K/F_Lemon/141.jpg,data/raw/FRUIT-16K/F_Lemon/142.jpg
fb92e2aa3e46e7802996ee245332f1331ee0434f84d66c0c113e10645d5f812e,2,F_Lemon,data/raw/FRUIT-16K/F_Lemon/143.jpg,data/raw/FRUIT-16K/F_Lemon/144.jpg
8413f1d6a6a68c2ed8106d79727c150c3444769ce9f92fee6f837fb2bf6ad456,2,F_Lemon,data/raw/FRUIT-16K/F_Lemon/145.jpg,data/raw/FRUIT-16K/F_Lemon/146.jpg
cfbb78da6995a5bf53e8751516953b8dd2cc333e2ab4f1226d2ee2d0120da80a,2,F_Lemon,data/raw/FRUIT-16K/F_Lemon/147.jpg,data/raw/FRUIT-16K/F_Lemon/148.jpg
ebea2bd6c7edea0f8e2a0a5c7e1c288622a51e0e31599586dbfa14c3ade5b275,2,F_Lemon,data/raw/FRUIT-16K/F_Lemon/149.jpg,data/raw/FRUIT-16K/F_Lemon/150.jpg
b49e6081e48a87b11cf049765724167431d7a18459fa3fb381cc6a854dc5c7e3,2,F_Lemon,data/raw/FRUIT-16K/F_Lemon/151.jpg,data/raw/FRUIT-16K/F_Lemon/152.jpg
fa801782785c8ce600fd9b995ba5d0748eb67980019e1065dc34d2570891b6c2,2,F_Lemon,data/raw/FRUIT-16K/F_Lemon/155.jpg,data/raw/FRUIT-16K/F_Lemon/156.jpg
c182cd79dd591effee349fd0aa66f0546e113c0fc798f7a13ddd2b01d33e2268,2,F_Lemon,data/raw/FRUIT-16K/F_Lemon/157.jpg,data/raw/FRUIT-16K/F_Lemon/158.jpg
9b52244cdf76e38b9ac8eda8f6c39e65f0ee17582e81a22c89df69361517fe65,2,F_Lemon,data/raw/FRUIT-16K/F_Lemon/159.jpg,data/raw/FRUIT-16K/F_Lemon/160.jpg
898a6124ef36fdb239faed9f0b43b6b42b57ab083798a279a5338e2e74ffcace,2,F_Lemon,data/raw/FRUIT-16K/F_Lemon/161.jpg,data/raw/FRUIT-16K/F_Lemon/162.jpg
037fb382e301462df81e19afb42aa62849120a5ec0157333ae2124f685b46e5d,2,F_Lemon,data/raw/FRUIT-16K/F_Lemon/163.jpg,data/raw/FRUIT-16K/F_Lemon/164.jpg
f4dc8dba8927a8ae65a462f305a4d9fb8fe7623fb8e73c7eb4fc0c80fa172302,2,F_Lemon,data/raw/FRUIT-16K/F_Lemon/165.jpg,data/raw/FRUIT-16K/F_Lemon/166.jpg
c0d00eae4ed251820730c278b092aa826a4be774c409fd0afff3c0127910ddf4,2,F_Lemon,data/raw/FRUIT-16K/F_Lemon/167.jpg,data/raw/FRUIT-16K/F_Lemon/168.jpg
f1cfb9ad193d6229e37db237d7e0253db13a72de7a1e68f1fada32142dddf176,2,F_Lemon,data/raw/FRUIT-16K/F_Lemon/169.jpg,data/raw/FRUIT-16K/F_Lemon/170.jpg
6efbc3682bbae7c3e8250efb3d86d042eeaab7859be98c8dcca1ba8128d31fc8,2,F_Lemon,data/raw/FRUIT-16K/F_Lemon/171.jpg,data/raw/FRUIT-16K/F_Lemon/172.jpg
cb0b425a51fdd9d1c60a0d992371a7fef3a56fef32bbdacde33d31fef9bfcfff,2,F_Lemon,data/raw/FRUIT-16K/F_Lemon/173.jpg,data/raw/FRUIT-16K/F_Lemon/174.jpg
33b6de6ba96ee5f847b9ad663b6194bc865cdbe44d499affc4d1445989da96aa,2,F_Lemon,data/raw/FRUIT-16K/F_Lemon/177.jpg,data/raw/FRUIT-16K/F_Lemon/178.jpg
ff1a9fd418595d07b110e29067b538e5b70f81ee217a260ffbf0d2624b6fbaa5,2,F_Lemon,data/raw/FRUIT-16K/F_Lemon/179.jpg,data/raw/FRUIT-16K/F_Lemon/180.jpg
0650947ce72c1271cd5e8c1827e846da77aea11d02ee418aaabec6f41db49371,2,F_Lemon,data/raw/FRUIT-16K/F_Lemon/181.jpg,data/raw/FRUIT-16K/F_Lemon/182.jpg
4bdedf88642505b5977bea4cea4a0604fc5e72983c2bc45899efc1daca18459a,2,F_Lemon,data/raw/FRUIT-16K/F_Lemon/183.jpg,data/raw/FRUIT-16K/F_Lemon/184.jpg
a76cb399d563464ed47e2f99f6ce26e1bd4664fe29d81df2fcd7a38e2b7c9fc0,2,F_Lemon,data/raw/FRUIT-16K/F_Lemon/185.jpg,data/raw/FRUIT-16K/F_Lemon/186.jpg
9641f112ef16937c4e918092fd7217d4366381202cf6cd90e7ac939650b4621e,2,F_Lemon,data/raw/FRUIT-16K/F_Lemon/187.jpg,data/raw/FRUIT-16K/F_Lemon/188.jpg
08c847768714ef35cf749ce55e53b7397320fa8f226b473e5a281c9ae4b4a5fa,2,F_Lemon,data/raw/FRUIT-16K/F_Lemon/189.jpg,data/raw/FRUIT-16K/F_Lemon/190.jpg
a7b98be0578a33095a2551006b0e99c0e0de2dc31a479974d229311ae80c6471,2,F_Lemon,data/raw/FRUIT-16K/F_Lemon/191.jpg,data/raw/FRUIT-16K/F_Lemon/192.jpg
717df4f76cb0230913ba669614acda3477a2225f10b123599e29771f7a72f77e,2,F_Lemon,data/raw/FRUIT-16K/F_Lemon/193.jpg,data/raw/FRUIT-16K/F_Lemon/194.jpg
d021488af5c12a89db8591029bf2df7e331439c4cfd24d16af8cc56c32588d76,2,F_Lemon,data/raw/FRUIT-16K/F_Lemon/195.jpg,data/raw/FRUIT-16K/F_Lemon/196.jpg
f1654b49f2ee222ee26558b15485847a6aa0868c025d2f26cb2a80f1bba01b5b,2,F_Lemon,data/raw/FRUIT-16K/F_Lemon/199.jpg,data/raw/FRUIT-16K/F_Lemon/200.jpg
1dc3b61dfefa060721aa9a4faf759cbf471e3565986f330e55a5286f33e868fb,2,F_Lemon,data/raw/FRUIT-16K/F_Lemon/201.jpg,data/raw/FRUIT-16K/F_Lemon/202.jpg
3240eea4d226c3c53b80ed28cdda93e9d46c4fbd9d2eef250906b63734f01754,2,F_Lemon,data/raw/FRUIT-16K/F_Lemon/203.jpg,data/raw/FRUIT-16K/F_Lemon/204.jpg
ea42b8008dcd25611fe4c045964c2ade8a914f2dcbfe9d9ae8438235426c7a64,2,F_Lemon,data/raw/FRUIT-16K/F_Lemon/205.jpg,data/raw/FRUIT-16K/F_Lemon/206.jpg
645efb356767912b1011bc5213762757ef19e4d18797f981940174ad200e0b56,2,F_Lemon,data/raw/FRUIT-16K/F_Lemon/207.jpg,data/raw/FRUIT-16K/F_Lemon/208.jpg
26abecc118040bbe73b7dc5c1bce8c7f67b7804df84d2dcd7b2cc940f1ddf85a,2,F_Lemon,data/raw/FRUIT-16K/F_Lemon/209.jpg,data/raw/FRUIT-16K/F_Lemon/210.jpg
c5972397ff25d01e35d5c5ec04c84078b61d345504de87ce66bb2ce7358dc0fa,2,F_Lemon,data/raw/FRUIT-16K/F_Lemon/211.jpg,data/raw/FRUIT-16K/F_Lemon/212.jpg
b854a908b0d9b00fc606d5f8a7ca949567dff1c7c3264120614b246073cfa51a,2,F_Lemon,data/raw/FRUIT-16K/F_Lemon/213.jpg,data/raw/FRUIT-16K/F_Lemon/214.jpg
f631c150ce98035d0f7e25ec4f46297af59d3d758a27d8e2590e5574e03d5afe,2,F_Lemon,data/raw/FRUIT-16K/F_Lemon/215.jpg,data/raw/FRUIT-16K/F_Lemon/216.jpg
bd8f44c64a36565904600491d1ff0f20fc6c8669270dba868e7477ed530d24ab,2,F_Lemon,data/raw/FRUIT-16K/F_Lemon/217.jpg,data/raw/FRUIT-16K/F_Lemon/218.jpg
5717405c042aff4d791afe2428309f884cde09fbcbcbd8a5b19c4e987829772b,2,F_Lemon,data/raw/FRUIT-16K/F_Lemon/221.jpg,data/raw/FRUIT-16K/F_Lemon/222.jpg
19acde9fd41b68f10fe6f6fbdf9ea44e1da92cdbbde51f1e2b02ce80618a3af7,2,F_Lemon,data/raw/FRUIT-16K/F_Lemon/223.jpg,data/raw/FRUIT-16K/F_Lemon/224.jpg
69090b029879431c4b15b40e5c3e74ed48e0b93f750b829dc41822845228a8ca,2,F_Lemon,data/raw/FRUIT-16K/F_Lemon/225.jpg,data/raw/FRUIT-16K/F_Lemon/226.jpg
77c5f6973a78038200862dae1db2ad04e74bc87225c75178a4a5ac3b58b4c449,2,F_Lemon,data/raw/FRUIT-16K/F_Lemon/227.jpg,data/raw/FRUIT-16K/F_Lemon/228.jpg
e4497f51cc5aafe6a9d975702f8c4abfe6324cdee37025f1088d1f7265ba5e3b,2,F_Lemon,data/raw/FRUIT-16K/F_Lemon/229.jpg,data/raw/FRUIT-16K/F_Lemon/230.jpg
5399b743e6ba6147188f6717a883e7a1a42d36fc6eefa7c0292e03ee15fdaab2,2,F_Lemon,data/raw/FRUIT-16K/F_Lemon/231.jpg,data/raw/FRUIT-16K/F_Lemon/232.jpg
c2b5d6019b1069019a2667b00b867a7260e72d53d511091036647ed1f180dcd9,2,F_Lemon,data/raw/FRUIT-16K/F_Lemon/233.jpg,data/raw/FRUIT-16K/F_Lemon/234.jpg
5b8a0ced0ad6c5541973fa1ef95009efcdeb07fd5682d6c18a607b35e1d45d17,2,F_Lemon,data/raw/FRUIT-16K/F_Lemon/235.jpg,data/raw/FRUIT-16K/F_Lemon/236.jpg
2efb72b2fefb700fe43cf881d74f2fac8eab4b5621b1ac331c448cf3537bfd92,2,F_Lemon,data/raw/FRUIT-16K/F_Lemon/237.jpg,data/raw/FRUIT-16K/F_Lemon/238.jpg
4da7294396727a6d7654caf566080322b0f46bf80fedbca1a10d4d688fbbfdd7,2,F_Lemon,data/raw/FRUIT-16K/F_Lemon/239.jpg,data/raw/FRUIT-16K/F_Lemon/240.jpg
b2d13d791e58df32e7b83af0faa14ad285d04741307ecdd55e85c9f2e1822d1b,2,F_Lemon,data/raw/FRUIT-16K/F_Lemon/243.jpg,data/raw/FRUIT-16K/F_Lemon/244.jpg
dae857839c178bcf7f5608928e2c4fffc523baa411760854fafc4fb3d0acff8b,2,F_Lemon,data/raw/FRUIT-16K/F_Lemon/245.jpg,data/raw/FRUIT-16K/F_Lemon/246.jpg
bec653b7d012056b5833e6b478152fa8158c177935816e2712a0b45796a9d3dc,2,F_Lemon,data/raw/FRUIT-16K/F_Lemon/247.jpg,data/raw/FRUIT-16K/F_Lemon/248.jpg
e1cace1b9b4ffa45dd87f75de5e1e82d2d50ef1c3478ca7c58a23aa14a10f9f4,2,F_Lemon,data/raw/FRUIT-16K/F_Lemon/249.jpg,data/raw/FRUIT-16K/F_Lemon/250.jpg
2ae1fb0d7fd1523ba1694c5e6c2e498234ee444f04a92a255fdd32ebcac6804c,2,F_Lemon,data/raw/FRUIT-16K/F_Lemon/251.jpg,data/raw/FRUIT-16K/F_Lemon/252.jpg
193f1638122fe39e2d70022950f94743196fe548f811d5b0d77a44ccc9cbb178,2,F_Lemon,data/raw/FRUIT-16K/F_Lemon/253.jpg,data/raw/FRUIT-16K/F_Lemon/254.jpg
2f1402f0cb66c08ffd21f65dcdf2945236feaae4f2654e97b0e638852f8c3441,2,F_Lemon,data/raw/FRUIT-16K/F_Lemon/255.jpg,data/raw/FRUIT-16K/F_Lemon/256.jpg
1b3a69282c3303ac5e812b76fd3b4f8f2575fb460a218adbcfec99815164b377,2,F_Lemon,data/raw/FRUIT-16K/F_Lemon/257.jpg,data/raw/FRUIT-16K/F_Lemon/258.jpg
8699a3f826190deebf23d01d5e527f71ea20c3d633481375de172d225546c5d8,2,F_Lemon,data/raw/FRUIT-16K/F_Lemon/259.jpg,data/raw/FRUIT-16K/F_Lemon/260.jpg
eae02dbbfd383cb3a3e08fbea48d55fef942ca145b3f57c0ed67f1e8f1bdf271,2,F_Lemon,data/raw/FRUIT-16K/F_Lemon/261.jpg,data/raw/FRUIT-16K/F_Lemon/262.jpg
1960df5088eba0b71f256cdfaa33ed59760406b85603901bb113249c277eec82,2,F_Lemon,data/raw/FRUIT-16K/F_Lemon/265.jpg,data/raw/FRUIT-16K/F_Lemon/266.jpg
5ad37530365a68eab30c09cd9a8c79673fbef55453259645f34e0885cf426c7c,2,F_Lemon,data/raw/FRUIT-16K/F_Lemon/267.jpg,data/raw/FRUIT-16K/F_Lemon/268.jpg
5621f863d28eaa5d2324e3be12926c266ab71ca3fd1bcd776cc42e72591c51a8,2,F_Lemon,data/raw/FRUIT-16K/F_Lemon/269.jpg,data/raw/FRUIT-16K/F_Lemon/270.jpg
66a65edaf342c3103d28105e7cc88a6753a9e9257a5137a881fab9a1e8127cae,2,F_Lemon,data/raw/FRUIT-16K/F_Lemon/271.jpg,data/raw/FRUIT-16K/F_Lemon/272.jpg
0d2e1223351602b0f6985af4aa07658a779e44350ac3800ec63f5b7e2a7de65e,2,F_Lemon,data/raw/FRUIT-16K/F_Lemon/273.jpg,data/raw/FRUIT-16K/F_Lemon/274.jpg
ee1cf1a8f3da98e26bc7e901559217bc1bcd3784a9ed00b236a6076541b0e9fd,2,F_Lemon,data/raw/FRUIT-16K/F_Lemon/275.jpg,data/raw/FRUIT-16K/F_Lemon/276.jpg
094d972940d1b76162950f9d9d48e0f51c3ee0d456670faa64ad9ac2970a14eb,2,F_Lemon,data/raw/FRUIT-16K/F_Lemon/277.jpg,data/raw/FRUIT-16K/F_Lemon/278.jpg
5c13181acbf0338b9a15d7f9f3a4e8f8f0aa82a449e1b704a3bd9fd7a1b2c4e1,2,F_Lemon,data/raw/FRUIT-16K/F_Lemon/279.jpg,data/raw/FRUIT-16K/F_Lemon/280.jpg
bc0874b1e1905b606966c4fd34c99fd9050f0504987c8b0bef0fccc79769709f,2,F_Lemon,data/raw/FRUIT-16K/F_Lemon/281.jpg,data/raw/FRUIT-16K/F_Lemon/282.jpg
d6aae2b8cffcfa27f9645ce92754b11c952f2dcd011843543931edf4a79a1cdf,2,F_Lemon,data/raw/FRUIT-16K/F_Lemon/283.jpg,data/raw/FRUIT-16K/F_Lemon/284.jpg
29fd9a7b5e629a1dd3d47cb8b1bbbda26f235fe591b6c5f0245e0ee9e18472e8,2,F_Lemon,data/raw/FRUIT-16K/F_Lemon/287.jpg,data/raw/FRUIT-16K/F_Lemon/288.jpg
4174f166cc2767abbedc56f899cd7e1aac9a8c34d9492ccdf8942584954486a4,2,F_Lemon,data/raw/FRUIT-16K/F_Lemon/289.jpg,data/raw/FRUIT-16K/F_Lemon/290.jpg
cd0820e0dc630bec8223055f79a75fa88b116014a45f0dcc26e0e93e0d0c8f89,2,F_Lemon,data/raw/FRUIT-16K/F_Lemon/291.jpg,data/raw/FRUIT-16K/F_Lemon/292.jpg
a95e9e2e71d42a7c771874321fe71d3857e69fe681e757cda2aefa0021c42c42,2,F_Lemon,data/raw/FRUIT-16K/F_Lemon/293.jpg,data/raw/FRUIT-16K/F_Lemon/294.jpg
d6c2cfda4312f47239e40d0ec7595602608f067bdbe18c5e137c0c03df9fa7a3,2,F_Lemon,data/raw/FRUIT-16K/F_Lemon/295.jpg,data/raw/FRUIT-16K/F_Lemon/296.jpg
77c69519cb74ceac13c215cbfbc3f303d554869de2d27cb977effda5b8ef9f3a,2,F_Lemon,data/raw/FRUIT-16K/F_Lemon/297.jpg,data/raw/FRUIT-16K/F_Lemon/298.jpg
71356f29280b374f5d8559fc448054d774f7f70baea99e7a203e4dbdc1f51d98,2,F_Lemon,data/raw/FRUIT-16K/F_Lemon/299.jpg,data/raw/FRUIT-16K/F_Lemon/300.jpg
d5166beda82786db4689634c327916a8dff1d2f55fbe9e3a9a4c7f04235f772c,2,F_Lemon,data/raw/FRUIT-16K/F_Lemon/301.jpg,data/raw/FRUIT-16K/F_Lemon/302.jpg
fc7ca696c313913005370bf95ebd80dfe5ce94afe09d09f2a946edc85efeab94,2,F_Lemon,data/raw/FRUIT-16K/F_Lemon/303.jpg,data/raw/FRUIT-16K/F_Lemon/304.jpg
d07b3dba895e6e06bbdc70a3d4c9cd7e9b2c02ba7e69bcc8ad2482d13a376455,2,F_Lemon,data/raw/FRUIT-16K/F_Lemon/305.jpg,data/raw/FRUIT-16K/F_Lemon/306.jpg
aeb7005819f1eb17d9c04a7feccd403b1bc971af5a982a5064d69465ccc5f70e,2,F_Lemon,data/raw/FRUIT-16K/F_Lemon/309.jpg,data/raw/FRUIT-16K/F_Lemon/310.jpg
677ebb2169d363c0cd10ad95ecab29da2203385a38ecf2d390f56d85346931e3,2,F_Lemon,data/raw/FRUIT-16K/F_Lemon/311.jpg,data/raw/FRUIT-16K/F_Lemon/312.jpg
e4c5500a81d6582b0f8d28154ae431f4a5cac9cf45e5d47ae76f903af9923428,2,F_Lemon,data/raw/FRUIT-16K/F_Lemon/313.jpg,data/raw/FRUIT-16K/F_Lemon/314.jpg
90176274befb2de7ed00411dc1e9b9f1f3c745bf50eeeef7589402fee9077c6c,2,F_Lemon,data/raw/FRUIT-16K/F_Lemon/315.jpg,data/raw/FRUIT-16K/F_Lemon/316.jpg
920d76fbad13687439ee546f75b74b090fd11fc777957c9193ab29033e55ec51,2,F_Lemon,data/raw/FRUIT-16K/F_Lemon/317.jpg,data/raw/FRUIT-16K/F_Lemon/318.jpg
f83de90d7875081f1409f741e6456e4e5cec60408146567dc6ffefa23f9a4eea,2,F_Lemon,data/raw/FRUIT-16K/F_Lemon/319.jpg,data/raw/FRUIT-16K/F_Lemon/320.jpg
8794f2bc1eacd925f1d5caaff874c380f8059a276b2f9b702b89b25ae75fc418,2,F_Lemon,data/raw/FRUIT-16K/F_Lemon/321.jpg,data/raw/FRUIT-16K/F_Lemon/322.jpg
dd96424ff2471c0030e1ec4343a3c6187ea02ccdd45e1c2dd089d4aa0dc2ed0b,2,F_Lemon,data/raw/FRUIT-16K/F_Lemon/323.jpg,data/raw/FRUIT-16K/F_Lemon/324.jpg
efa2e7c10dc17166b900d39bac3e6e282e24640226b8a15c3aecb5230d71d8fc,2,F_Lemon,data/raw/FRUIT-16K/F_Lemon/325.jpg,data/raw/FRUIT-16K/F_Lemon/326.jpg
42ddd8ca30739f8711c4c3cf0ed5978702afb288c773553e1f6b51922dd0d9ba,2,F_Lemon,data/raw/FRUIT-16K/F_Lemon/327.jpg,data/raw/FRUIT-16K/F_Lemon/328.jpg
83995a6b089bba0d15b902119b5d352e64052bea0c6570d7bc592bad2537b2f0,2,F_Lemon,data/raw/FRUIT-16K/F_Lemon/331.jpg,data/raw/FRUIT-16K/F_Lemon/332.jpg
6ccc97b05e8da9dd8622024f25148c8a40ff3911cd8be9240b31036f09b023a3,2,F_Lemon,data/raw/FRUIT-16K/F_Lemon/333.jpg,data/raw/FRUIT-16K/F_Lemon/334.jpg
a99056192d64ff25c54badf09292f48b0fac1fdac096f62b411a97a2b8dcc121,2,F_Lemon,data/raw/FRUIT-16K/F_Lemon/335.jpg,data/raw/FRUIT-16K/F_Lemon/336.jpg
875bf3bd33a9883e08e979cebd7b5954beec3395bce2936ccf0d6b7d33377a3d,2,F_Lemon,data/raw/FRUIT-16K/F_Lemon/337.jpg,data/raw/FRUIT-16K/F_Lemon/338.jpg
effa9ff433bf838ba0e9c616d2aa23f3a3a389a384b94a57d798227968828662,2,F_Lemon,data/raw/FRUIT-16K/F_Lemon/339.jpg,data/raw/FRUIT-16K/F_Lemon/340.jpg
c7db9bf3687fd0204484245b05b66e1ded29a28eecdc4ab50303a1eb5e419d4d,2,F_Lemon,data/raw/FRUIT-16K/F_Lemon/341.jpg,data/raw/FRUIT-16K/F_Lemon/342.jpg
8c57d8f5a0cd05562ea4c9c86911886f5f953b897c8d3c3081c747a5f62335a2,2,F_Lemon,data/raw/FRUIT-16K/F_Lemon/343.jpg,data/raw/FRUIT-16K/F_Lemon/344.jpg
e768d7c05c7b960c11d27c53e3382a3ff5b12140cb80935159fa824355b21faa,2,F_Lemon,data/raw/FRUIT-16K/F_Lemon/345.jpg,data/raw/FRUIT-16K/F_Lemon/346.jpg
131bf3f0fe573f19561e736fc264a9b48c0105773d4dab79da34ad530887cdcd,2,F_Lemon,data/raw/FRUIT-16K/F_Lemon/347.jpg,data/raw/FRUIT-16K/F_Lemon/348.jpg
a667fd41001bf66dac2ef8d9b1e40c9cdf9f50fd1b421d5fc718db19127c07cb,2,F_Lemon,data/raw/FRUIT-16K/F_Lemon/349.jpg,data/raw/FRUIT-16K/F_Lemon/350.jpg
ad89274bad92eab16d756de061779c757b492921d12135e63d9491e6f6e11b86,2,F_Lemon,data/raw/FRUIT-16K/F_Lemon/353.jpg,data/raw/FRUIT-16K/F_Lemon/354.jpg
b4493c5cd92cc8a413a438b628000b6d784b01e61919f4b82a07bad0903f7d9e,2,F_Lemon,data/raw/FRUIT-16K/F_Lemon/355.jpg,data/raw/FRUIT-16K/F_Lemon/356.jpg
29c6b5414610003d30443a51cdb9993f3ead313a19c36d3b2a3d70110858ed7f,2,F_Lemon,data/raw/FRUIT-16K/F_Lemon/357.jpg,data/raw/FRUIT-16K/F_Lemon/358.jpg
b8a066ea3865a35b669c7b302dfc8368cf48839c6c00ac61895286ae3c4e5187,2,F_Lemon,data/raw/FRUIT-16K/F_Lemon/359.jpg,data/raw/FRUIT-16K/F_Lemon/360.jpg
332909aa0a836a93404f3c9f0aa73f86f148e30d3895c6746ab5f2de7087a607,2,F_Lemon,data/raw/FRUIT-16K/F_Lemon/361.jpg,data/raw/FRUIT-16K/F_Lemon/362.jpg
791db6f8c0da086e4b88728fb418a3bb75d1fecc2c2504328cfa890bf105d72e,2,F_Lemon,data/raw/FRUIT-16K/F_Lemon/363.jpg,data/raw/FRUIT-16K/F_Lemon/364.jpg
45ccefeaedb89ff3d964eb36856812940f8675d14d43ece8dcbffcf78b8567b4,2,F_Lemon,data/raw/FRUIT-16K/F_Lemon/365.jpg,data/raw/FRUIT-16K/F_Lemon/366.jpg
2ab8b09d04433e6a2a416d1722cc6ffedd1941be9dd65c0627ebb953ad0ad197,2,F_Lemon,data/raw/FRUIT-16K/F_Lemon/367.jpg,data/raw/FRUIT-16K/F_Lemon/368.jpg
777dd423d00a11b80a8c243a7bf8f08763586e708d82b9f09a69df13d89e25a3,2,F_Lemon,data/raw/FRUIT-16K/F_Lemon/369.jpg,data/raw/FRUIT-16K/F_Lemon/370.jpg
dae8b390285de6490414b4e206aaabd97149a16acae0eb497c9287ec75d50724,2,F_Lemon,data/raw/FRUIT-16K/F_Lemon/371.jpg,data/raw/FRUIT-16K/F_Lemon/372.jpg
2893550914b79887cbbc29e3bcb2ba27a0a75fd7cc6d96e09e2a1c0ba055aaf9,2,F_Lemon,data/raw/FRUIT-16K/F_Lemon/375.jpg,data/raw/FRUIT-16K/F_Lemon/376.jpg
b0b5827ef202d76e626fb924f2a85237bf01d5b3495d04e21a1f8ab2c59a7084,2,F_Lemon,data/raw/FRUIT-16K/F_Lemon/377.jpg,data/raw/FRUIT-16K/F_Lemon/378.jpg
ab3db76422e098d0535116a75eb293bb9cffd50ece6ec63fbfdc7e08c7509629,2,F_Lemon,data/raw/FRUIT-16K/F_Lemon/379.jpg,data/raw/FRUIT-16K/F_Lemon/380.jpg
7c0d66f260cba20515665c22b9de7ad437e191bcb76157a8e24334fa8d318cf9,2,F_Lemon,data/raw/FRUIT-16K/F_Lemon/381.jpg,data/raw/FRUIT-16K/F_Lemon/382.jpg
4c6bfee799468b8651d9b6e3442d30e27683344a5d09c215ff9d038373212d50,2,F_Lemon,data/raw/FRUIT-16K/F_Lemon/383.jpg,data/raw/FRUIT-16K/F_Lemon/384.jpg
a9881dd84205620381c908f9cb699dc790b9343d9698e6afb517cd79ff987b75,2,F_Lemon,data/raw/FRUIT-16K/F_Lemon/385.jpg,data/raw/FRUIT-16K/F_Lemon/386.jpg
bcececd774b0733f12bb0d12064dd8345649fae19b83117b945cb6724ca8da67,2,F_Lemon,data/raw/FRUIT-16K/F_Lemon/387.jpg,data/raw/FRUIT-16K/F_Lemon/388.jpg
7a9959f472bc846d58c5bd9c3f0b8cb49a3375cfcba8258543fe7fcedf4f266f,2,F_Lemon,data/raw/FRUIT-16K/F_Lemon/389.jpg,data/raw/FRUIT-16K/F_Lemon/390.jpg
6fce66d75b0ffc46ff280649d210ee79e151a455142d324dcdf7e64564cb57e4,2,F_Lemon,data/raw/FRUIT-16K/F_Lemon/391.jpg,data/raw/FRUIT-16K/F_Lemon/392.jpg
c1cc793c002dad636d0f5e7e798717073d4e609eb4dd3e568cb4a6800de95bb4,2,F_Lemon,data/raw/FRUIT-16K/F_Lemon/393.jpg,data/raw/FRUIT-16K/F_Lemon/394.jpg
684e480d2b7c4252b9f7c49eff9adb5aac202e88ae6e69b1f8b4ad983d0b5315,2,F_Lemon,data/raw/FRUIT-16K/F_Lemon/397.jpg,data/raw/FRUIT-16K/F_Lemon/398.jpg
61e8d3a37545ae34ddf3a67e1a93615529d97d446b57f10ec4bee76958acf0be,2,F_Lemon,data/raw/FRUIT-16K/F_Lemon/399.jpg,data/raw/FRUIT-16K/F_Lemon/400.jpg
65cdbdcbae1010d156ebba73f6563235ba3f8298a87fdb0cb3242294c27f04c6,2,F_Lemon,data/raw/FRUIT-16K/F_Lemon/401.jpg,data/raw/FRUIT-16K/F_Lemon/402.jpg
80fc2e99862d8596c69c3a588bb3e8935b8dc543e15d07b5632ce8a2e5cc8f09,2,F_Lemon,data/raw/FRUIT-16K/F_Lemon/403.jpg,data/raw/FRUIT-16K/F_Lemon/404.jpg
62ad9678aeb3f9d18f864534796cf9efebdd86f57c9828ec1671cc480efd8755,2,F_Lemon,data/raw/FRUIT-16K/F_Lemon/405.jpg,data/raw/FRUIT-16K/F_Lemon/406.jpg
7779ec607d06c13f3688de974d5d0bce8dc1207761d8d938d986d183df741ba5,2,F_Lemon,data/raw/FRUIT-16K/F_Lemon/407.jpg,data/raw/FRUIT-16K/F_Lemon/408.jpg
025f8a3601c3255ec956fc89c07a0df3d39c058825d21c8ad8eaa76be37d013b,2,F_Lemon,data/raw/FRUIT-16K/F_Lemon/409.jpg,data/raw/FRUIT-16K/F_Lemon/410.jpg
5bbb6250ef5ed36495fd06448a9ffebf3be77bff0aa9ff00264d0f981d8ce2c0,2,F_Lemon,data/raw/FRUIT-16K/F_Lemon/411.jpg,data/raw/FRUIT-16K/F_Lemon/412.jpg
ae55e2eaaee6fb29d41a26e6a812d69bd5305f0e23c9beb7c1d83fb744d5598e,2,F_Lemon,data/raw/FRUIT-16K/F_Lemon/413.jpg,data/raw/FRUIT-16K/F_Lemon/414.jpg
185277a519d3c8cd0653ba76c725a99a21327a193efe389c5075d365194c24ba,2,F_Lemon,data/raw/FRUIT-16K/F_Lemon/415.jpg,data/raw/FRUIT-16K/F_Lemon/416.jpg
16fcd201ef59784129f7b7f06a7feed770d8af07a19d729add2be0fe00941b10,2,F_Lemon,data/raw/FRUIT-16K/F_Lemon/419.jpg,data/raw/FRUIT-16K/F_Lemon/420.jpg
45c04d101d32a4ba6f83a05d828c0784b6b47ee862b1a74595df4ad1ef577ad2,2,F_Lemon,data/raw/FRUIT-16K/F_Lemon/421.jpg,data/raw/FRUIT-16K/F_Lemon/422.jpg
e733e9c917c6df9f8061f2d5e3771fecd20dc6693da5094111c4146ed1bc8eb2,2,F_Lemon,data/raw/FRUIT-16K/F_Lemon/423.jpg,data/raw/FRUIT-16K/F_Lemon/424.jpg
682054b41a625a45db50c7d780210b5291b80f796149b1dfcc09e1c9ad5ccbda,2,F_Lemon,data/raw/FRUIT-16K/F_Lemon/425.jpg,data/raw/FRUIT-16K/F_Lemon/426.jpg
53a78d9f49a81c0131749c524ccb789b2bfa3e4454b8127533075b972605ea5d,2,F_Lemon,data/raw/FRUIT-16K/F_Lemon/427.jpg,data/raw/FRUIT-16K/F_Lemon/428.jpg
ee7a99fed599744478e1245711cf06414ef99a26d8570ead37ba439093963fd3,2,F_Lemon,data/raw/FRUIT-16K/F_Lemon/429.jpg,data/raw/FRUIT-16K/F_Lemon/430.jpg
f46474f0f013ea8a485b02f6cbce4e2467da85653ebee4e579d2a345de28e1c6,2,F_Lemon,data/raw/FRUIT-16K/F_Lemon/431.jpg,data/raw/FRUIT-16K/F_Lemon/432.jpg
aa6532dd8cbc605b2f0bfee31725d47331356e1953238178a55c9f0a12215184,2,F_Lemon,data/raw/FRUIT-16K/F_Lemon/433.jpg,data/raw/FRUIT-16K/F_Lemon/434.jpg
dc2531d4b87e5ee1d336b3d5c4d9f3ecdddb9ad782b045c0d7ca5bd12adff46b,2,F_Lemon,data/raw/FRUIT-16K/F_Lemon/435.jpg,data/raw/FRUIT-16K/F_Lemon/436.jpg
39b06150fc927fd8a9c09ec697e2475923d5dedbc151f26ecfcb12f86fa59e8d,2,F_Lemon,data/raw/FRUIT-16K/F_Lemon/437.jpg,data/raw/FRUIT-16K/F_Lemon/438.jpg
8bbeba26c7daf2bae9255c475eddc965b4473f98e81c8456d75cc31d9b61b388,2,F_Lemon,data/raw/FRUIT-16K/F_Lemon/441.jpg,data/raw/FRUIT-16K/F_Lemon/442.jpg
cbf4b828c181f3fcdc5c4aae0f3115e5acdd27b0db9dc66c41101e05d16cece5,2,F_Lemon,data/raw/FRUIT-16K/F_Lemon/443.jpg,data/raw/FRUIT-16K/F_Lemon/444.jpg
14d2fa1d3c7d763bf1f2e4ea9646fe276f2b2960109be8a7527928fd14cb99a2,2,F_Lemon,data/raw/FRUIT-16K/F_Lemon/445.jpg,data/raw/FRUIT-16K/F_Lemon/446.jpg
f98d23c7cc62120ac8debf24ca1e2968cefa03af9547c82739b71758ee1c33bd,2,F_Lemon,data/raw/FRUIT-16K/F_Lemon/447.jpg,data/raw/FRUIT-16K/F_Lemon/448.jpg
603dbccbe661d7e5821bdff63ce0b264a953875e91658420344bd83fee9414df,2,F_Lemon,data/raw/FRUIT-16K/F_Lemon/449.jpg,data/raw/FRUIT-16K/F_Lemon/450.jpg
521a90a72af5b49288d085e542bcf8e842aa3388af8fdbf0602f9d166184dcfc,2,F_Lemon,data/raw/FRUIT-16K/F_Lemon/451.jpg,data/raw/FRUIT-16K/F_Lemon/452.jpg
ba1f6bc98a0b08a1f7b3a39332197fcca776d1c2b00852f01138b2fea7ff8649,2,F_Lemon,data/raw/FRUIT-16K/F_Lemon/453.jpg,data/raw/FRUIT-16K/F_Lemon/454.jpg
89bf159e5c12aa3b5f8b84a4573028c7916659033e0fc3d98a2c2bf5ff4c360d,2,F_Lemon,data/raw/FRUIT-16K/F_Lemon/455.jpg,data/raw/FRUIT-16K/F_Lemon/456.jpg
fb2a4c677fbbcbcf0100fd55c4e147b412bed086736a776be182f10c040c6a5e,2,F_Lemon,data/raw/FRUIT-16K/F_Lemon/457.jpg,data/raw/FRUIT-16K/F_Lemon/458.jpg
a71c80e912ea4b81d4a3dba770b24504e0a06af2239307606d8bd8c1b680c8c7,2,F_Lemon,data/raw/FRUIT-16K/F_Lemon/459.jpg,data/raw/FRUIT-16K/F_Lemon/460.jpg
03fca59735627923feab4b7cdbfdd3e6290ec50ba9ed3e6cc0cf5d7179845b59,2,F_Lemon,data/raw/FRUIT-16K/F_Lemon/463.jpg,data/raw/FRUIT-16K/F_Lemon/464.jpg
c63c8305bf67b80f828665dc5f3f58fa0babd1e3f46be6796fc42e2862bbdb79,2,F_Lemon,data/raw/FRUIT-16K/F_Lemon/465.jpg,data/raw/FRUIT-16K/F_Lemon/466.jpg
4a34f36358a3b3fdce1b315158118cf0066a674de30542c5ef7b294164fdcb0a,2,F_Lemon,data/raw/FRUIT-16K/F_Lemon/467.jpg,data/raw/FRUIT-16K/F_Lemon/468.jpg
9c5c32e9fe987a0fef06fba7eba27fcd37315463a663d9c97d001e90b8a3319f,2,F_Lemon,data/raw/FRUIT-16K/F_Lemon/469.jpg,data/raw/FRUIT-16K/F_Lemon/470.jpg
4d0e48e8f7b3bc8ec591273e4a10958e369a64b826dc9e4221701feb6e0e06ba,2,F_Lemon,data/raw/FRUIT-16K/F_Lemon/471.jpg,data/raw/FRUIT-16K/F_Lemon/472.jpg
2ea14d98d9f505cd264b49d58f67cc357b55df35b30379c7e1209ac8a197e9f6,2,F_Lemon,data/raw/FRUIT-16K/F_Lemon/473.jpg,data/raw/FRUIT-16K/F_Lemon/474.jpg
7b5e0fe6b8cb750aca86e28aebe1a50288d08275bde1d53442d5b7987eee2a34,2,F_Lemon,data/raw/FRUIT-16K/F_Lemon/475.jpg,data/raw/FRUIT-16K/F_Lemon/476.jpg
ac047e50d7c6d3ef66bc6ec78726cd68322fe88f8e10999719d3cba137ef2758,2,F_Lemon,data/raw/FRUIT-16K/F_Lemon/477.jpg,data/raw/FRUIT-16K/F_Lemon/478.jpg
386633e14f9ffb6545937b04cf76b2ccefc54f318da16e04c5f837a986e94198,2,F_Lemon,data/raw/FRUIT-16K/F_Lemon/479.jpg,data/raw/FRUIT-16K/F_Lemon/480.jpg
71d120a169f45c9c45a239c50a12ab20f2c34fd34e0dd0421531e832ea278481,2,F_Lemon,data/raw/FRUIT-16K/F_Lemon/481.jpg,data/raw/FRUIT-16K/F_Lemon/482.jpg
2b7ff453309420393468f45fb29dbb397e31a5d104c33cbb5686c7a30a8b50db,2,F_Lemon,data/raw/FRUIT-16K/F_Lemon/485.jpg,data/raw/FRUIT-16K/F_Lemon/486.jpg
9a14c95cbab22aa558c35363fbf0000e342d1ceb64b3d64e612024cbf328fbdf,2,F_Lemon,data/raw/FRUIT-16K/F_Lemon/487.jpg,data/raw/FRUIT-16K/F_Lemon/488.jpg
2678977e18d20598efa3689c9b5694021c8ae7eb6dc4089811da8d477dfb662a,2,F_Lemon,data/raw/FRUIT-16K/F_Lemon/489.jpg,data/raw/FRUIT-16K/F_Lemon/490.jpg
edd3540d31ec65921104b252a68ff76841ff70ca6de79d32668e3dac330977cb,2,F_Lemon,data/raw/FRUIT-16K/F_Lemon/491.jpg,data/raw/FRUIT-16K/F_Lemon/492.jpg
dc9d7025d90f7e236cd2b26b81ec86cc06c69a0e5ff4b9fe8cdffa83af9b810d,2,F_Lemon,data/raw/FRUIT-16K/F_Lemon/493.jpg,data/raw/FRUIT-16K/F_Lemon/494.jpg
1d5a6136074e429ea5e4f81b9dd63976143db825f6c0128566fbcb52cfdf4773,2,F_Lemon,data/raw/FRUIT-16K/F_Lemon/495.jpg,data/raw/FRUIT-16K/F_Lemon/496.jpg
ce38a086324fded7163eed2ef2c1cdedb910f833c89404bc9cc7a729d230174c,2,F_Lemon,data/raw/FRUIT-16K/F_Lemon/497.jpg,data/raw/FRUIT-16K/F_Lemon/498.jpg
bc9a735730b911218839ebafc6fde2aa6072ea0570b67b2f775bb8b6830408ce,2,F_Lemon,data/raw/FRUIT-16K/F_Lemon/499.jpg,data/raw/FRUIT-16K/F_Lemon/500.jpg
0479ac8b456e381699be7f8f0540f6d09501be3c5488ea1268c3becac35c4a65,2,F_Lemon,data/raw/FRUIT-16K/F_Lemon/501.jpg,data/raw/FRUIT-16K/F_Lemon/502.jpg
438e1741f9f4cd6d0f3b0993bfa1c4ba081a5567df38ee7c119b517d854adfd8,2,F_Lemon,data/raw/FRUIT-16K/F_Lemon/503.jpg,data/raw/FRUIT-16K/F_Lemon/504.jpg
96bcce93675c26a2d28c7a670a6a68b6a500bee5983fcab49700292998bfe270,2,F_Lemon,data/raw/FRUIT-16K/F_Lemon/507.jpg,data/raw/FRUIT-16K/F_Lemon/508.jpg
657a1ab57bb36e907a9ffb151fdaf01edf8b8a451606645786902695dd7a0286,2,F_Lemon,data/raw/FRUIT-16K/F_Lemon/509.jpg,data/raw/FRUIT-16K/F_Lemon/510.jpg
24d8a68cdb65245191cd2d60ba87f6a894cf9fd8e44c36f3066248fe1fd54cee,2,F_Lemon,data/raw/FRUIT-16K/F_Lemon/511.jpg,data/raw/FRUIT-16K/F_Lemon/512.jpg
fd83bddf2edd91daa9c3801a4fb39eb4d23e4224d54fdfa65ff486e4d5bb7a3a,2,F_Lemon,data/raw/FRUIT-16K/F_Lemon/513.jpg,data/raw/FRUIT-16K/F_Lemon/514.jpg
8e3f33d77d83afd78594a2070d62ba0e5a54e6bf40ab6771081b90fc691d0db0,2,F_Lemon,data/raw/FRUIT-16K/F_Lemon/515.jpg,data/raw/FRUIT-16K/F_Lemon/516.jpg
20064822e192f8ff7dfb9463fdca6a3fe01afe19a5e0e88c611b390edd003fdf,2,F_Lemon,data/raw/FRUIT-16K/F_Lemon/517.jpg,data/raw/FRUIT-16K/F_Lemon/518.jpg
8b9593df8d45dc601478d644010cde0d48db10d66d7ca0c1766c66bc237b346e,2,F_Lemon,data/raw/FRUIT-16K/F_Lemon/519.jpg,data/raw/FRUIT-16K/F_Lemon/520.jpg
dabff88c1ce4813a16f8868ac1161a779c662d27cbfe35bc4a35a597dd29db50,2,F_Lemon,data/raw/FRUIT-16K/F_Lemon/521.jpg,data/raw/FRUIT-16K/F_Lemon/522.jpg
337de066ee949df9f8da1f61ce78560fe78a67c676134db7229cc265fed26e1b,2,F_Lemon,data/raw/FRUIT-16K/F_Lemon/523.jpg,data/raw/FRUIT-16K/F_Lemon/524.jpg
ad6d3f84b39ffd3b320f076b96a1fddea67209b9c75be7c55fd1d1fd410c361c,2,F_Lemon,data/raw/FRUIT-16K/F_Lemon/525.jpg,data/raw/FRUIT-16K/F_Lemon/526.jpg
a7b7ab4ea0ead0cfbcbf84ac2eec8ea610127fbad3f56b4f473e65d89fa50acf,2,F_Lemon,data/raw/FRUIT-16K/F_Lemon/529.jpg,data/raw/FRUIT-16K/F_Lemon/530.jpg
fac8316f993dcaa9595925fc3956b51fcd0d8c5d2fd74ecca2319e7182fc4b27,2,F_Lemon,data/raw/FRUIT-16K/F_Lemon/531.jpg,data/raw/FRUIT-16K/F_Lemon/532.jpg
3248c939e4a5f9371bec9fd9f12b86d0de6a3f356056a16e7c2f3806a3874f41,2,F_Lemon,data/raw/FRUIT-16K/F_Lemon/533.jpg,data/raw/FRUIT-16K/F_Lemon/534.jpg
7a6df1ef6b076a16f7b68f386e87d6d36fedfa79d3fd2cb2a1c867c79627ce8f,2,F_Lemon,data/raw/FRUIT-16K/F_Lemon/535.jpg,data/raw/FRUIT-16K/F_Lemon/536.jpg
3d3c1eeffad2f1049439bf528563c4b042176ca0c8a2390181eb303af2b312d7,2,F_Lemon,data/raw/FRUIT-16K/F_Lemon/537.jpg,data/raw/FRUIT-16K/F_Lemon/538.jpg
0e7d66cf77ef915e5e3e854001f89c6d88b246c4cc057fe296bc534422efa315,2,F_Lemon,data/raw/FRUIT-16K/F_Lemon/539.jpg,data/raw/FRUIT-16K/F_Lemon/540.jpg
7604ef99501b5a29c2de28d20cdf065e91081c1d4b20c139df5a0b94a1d6bb3a,2,F_Lemon,data/raw/FRUIT-16K/F_Lemon/541.jpg,data/raw/FRUIT-16K/F_Lemon/542.jpg
f12edc7bccdf45fcf32041c40484e6677f60bc873d07163a949d171cb769d1e3,2,F_Lemon,data/raw/FRUIT-16K/F_Lemon/543.jpg,data/raw/FRUIT-16K/F_Lemon/544.jpg
9cbf81bd10e4fb4d89b28e908438790174e042f1e86247c93aec0a9e57ff90d3,2,F_Lemon,data/raw/FRUIT-16K/F_Lemon/545.jpg,data/raw/FRUIT-16K/F_Lemon/546.jpg
e6e12e78f0a1d779eb7bc47d8d6c712aa4e422ca3167c1cffd510559105a1046,2,F_Lemon,data/raw/FRUIT-16K/F_Lemon/547.jpg,data/raw/FRUIT-16K/F_Lemon/548.jpg
d6d6ef8b140d7fd3e38df0cdafcb687bf2e91358cf01e4c8cc2c97bf0c69c9f7,2,F_Lemon,data/raw/FRUIT-16K/F_Lemon/551.jpg,data/raw/FRUIT-16K/F_Lemon/552.jpg
4a7a850a2362c216189e162fae74fc49a5fd47c88180b40e4566e8f4c56aaf2f,2,F_Lemon,data/raw/FRUIT-16K/F_Lemon/553.jpg,data/raw/FRUIT-16K/F_Lemon/554.jpg
445f01f92e34001760ae2865fb522927ba1d7d934608e4c664f9ef0f85caa256,2,F_Lemon,data/raw/FRUIT-16K/F_Lemon/555.jpg,data/raw/FRUIT-16K/F_Lemon/556.jpg
2a5b94a8d0630c0d40e9e5a247b98b631e67950d2fbe949c8f313f1136890dd4,2,F_Lemon,data/raw/FRUIT-16K/F_Lemon/557.jpg,data/raw/FRUIT-16K/F_Lemon/558.jpg
f8ce7b16ddbd97d2391b1f492f5d73a260371957908451fcbe1f769f6eaae902,2,F_Lemon,data/raw/FRUIT-16K/F_Lemon/559.jpg,data/raw/FRUIT-16K/F_Lemon/560.jpg
b31705e19657aa27100e2759d02eb60673739ea27d390c1d6b0a10d908e87dd8,2,F_Lemon,data/raw/FRUIT-16K/F_Lemon/561.jpg,data/raw/FRUIT-16K/F_Lemon/562.jpg
d281a920d06844069a7ce1089b3c6a5bee9e27c7c423475e5e256dc644f9b799,2,F_Lemon,data/raw/FRUIT-16K/F_Lemon/563.jpg,data/raw/FRUIT-16K/F_Lemon/564.jpg
b46d8ba2f199c6b5d6020252850b525f2f8d1d55c10ec4eecb80107d7154be8d,2,F_Lemon,data/raw/FRUIT-16K/F_Lemon/565.jpg,data/raw/FRUIT-16K/F_Lemon/566.jpg
e930bbd753ed5b795689981b1718182441514d9c5f88436ef105107e90d2f83c,2,F_Lemon,data/raw/FRUIT-16K/F_Lemon/567.jpg,data/raw/FRUIT-16K/F_Lemon/568.jpg
8bffb50d26bb5f803f8b5c97831604db2da982aee0a51b5eabb07d8180721367,2,F_Lemon,data/raw/FRUIT-16K/F_Lemon/569.jpg,data/raw/FRUIT-16K/F_Lemon/570.jpg
78957e49a4e090a124ea6424dc5c7048e63d0322070ffab6c3d63cbf1a80a026,2,F_Lemon,data/raw/FRUIT-16K/F_Lemon/573.jpg,data/raw/FRUIT-16K/F_Lemon/574.jpg
c4c6dd11fe20487eb69462599012cae68277051e6a6489ae909efdbd4b99df6b,2,F_Lemon,data/raw/FRUIT-16K/F_Lemon/575.jpg,data/raw/FRUIT-16K/F_Lemon/576.jpg
9d83f52260a5640606e41fcb9365640fb496635b7e69d33ae46c9c4a95dd4765,2,F_Lemon,data/raw/FRUIT-16K/F_Lemon/577.jpg,data/raw/FRUIT-16K/F_Lemon/578.jpg
e203d49d8d006c0d757bf8b61f9a45631effd312c3bc460969a03532e5f3b378,2,F_Lemon,data/raw/FRUIT-16K/F_Lemon/579.jpg,data/raw/FRUIT-16K/F_Lemon/580.jpg
036c423abb1579783eda7fa828aacaa9af03c30520677bc91960d792d757df8b,2,F_Lemon,data/raw/FRUIT-16K/F_Lemon/581.jpg,data/raw/FRUIT-16K/F_Lemon/582.jpg
9953f72cd29f75e390654b00469d43efda733961ab3161a08a2141d1cf2a0c68,2,F_Lemon,data/raw/FRUIT-16K/F_Lemon/583.jpg,data/raw/FRUIT-16K/F_Lemon/584.jpg
22eef0c7af1d5ccb3b545d06b60c87abf686fa23f0c9b8331c7c4ed8ec51be8c,2,F_Lemon,data/raw/FRUIT-16K/F_Lemon/585.jpg,data/raw/FRUIT-16K/F_Lemon/586.jpg
84e858936d0bf5074da59fd6084ea2f3809f5ad20438675e06a8b36d1e4a5f3f,2,F_Lemon,data/raw/FRUIT-16K/F_Lemon/587.jpg,data/raw/FRUIT-16K/F_Lemon/588.jpg
3605353f3246cc0fe130a2363299b853d7f174d755e02ca710efbd6f2df0d4bd,2,F_Lemon,data/raw/FRUIT-16K/F_Lemon/589.jpg,data/raw/FRUIT-16K/F_Lemon/590.jpg
c4878bc7bf6ce8aad0b8522b0e1fc5c300027e18a88be3b6f59bc46dff2e404d,2,F_Lemon,data/raw/FRUIT-16K/F_Lemon/591.jpg,data/raw/FRUIT-16K/F_Lemon/592.jpg
0b74759a9c8143509da36c2835fb099030dc7d232157be0c185b52adb24d9996,2,F_Lemon,data/raw/FRUIT-16K/F_Lemon/595.jpg,data/raw/FRUIT-16K/F_Lemon/596.jpg
3740919e3dabfc49de93dfe5421ca01b08f1473e1c5f06108bcaffeab5b1b830,2,F_Lemon,data/raw/FRUIT-16K/F_Lemon/597.jpg,data/raw/FRUIT-16K/F_Lemon/598.jpg
2bc74c00f15a8b586305e5f603b39f3ed095ff2651032cdf477132bcec7586bb,2,F_Lemon,data/raw/FRUIT-16K/F_Lemon/599.jpg,data/raw/FRUIT-16K/F_Lemon/600.jpg
bc1b0cf58be8101ca411ec850a0a4bcba8b33d34e0e42a4f998f8e19f3c79308,2,F_Lemon,data/raw/FRUIT-16K/F_Lemon/601.jpg,data/raw/FRUIT-16K/F_Lemon/602.jpg
9eba2f9ad4ca4372c5bad26d9ed624186e83e8428e1e8718eb559c8c2e106749,2,F_Lemon,data/raw/FRUIT-16K/F_Lemon/603.jpg,data/raw/FRUIT-16K/F_Lemon/604.jpg
534b16c808e44ae9f5aca3e5851057d2791ff755ed1176d94ec922e8e23f7696,2,F_Lemon,data/raw/FRUIT-16K/F_Lemon/605.jpg,data/raw/FRUIT-16K/F_Lemon/606.jpg
e4ea3dfe9cf53cac003cace231d9d2856fdefa6cfd6dca97ff00b9cfd224c0f2,2,F_Lemon,data/raw/FRUIT-16K/F_Lemon/607.jpg,data/raw/FRUIT-16K/F_Lemon/608.jpg
f10ccd8e1809f7cabd28314b0204ce33a19ef4bd7ce53b5311b99e97c5b4cf5b,2,F_Lemon,data/raw/FRUIT-16K/F_Lemon/609.jpg,data/raw/FRUIT-16K/F_Lemon/610.jpg
8d03becdf0b873286beb3942de341e624fb9dc7b8cb880b82c226200d1cb6690,2,F_Lemon,data/raw/FRUIT-16K/F_Lemon/611.jpg,data/raw/FRUIT-16K/F_Lemon/612.jpg
341da53627c0433556dd6fde07a2e2c3e35883d7a88c49a0e4845694eca6d16c,2,F_Lemon,data/raw/FRUIT-16K/F_Lemon/613.jpg,data/raw/FRUIT-16K/F_Lemon/614.jpg
11834c51b32a0ecc599eb91e1890fd8a17f7d6204527d8610ffb9cf7700cf983,2,F_Lemon,data/raw/FRUIT-16K/F_Lemon/617.jpg,data/raw/FRUIT-16K/F_Lemon/618.jpg
62cf6342077d8cd5df646111549782db842222125f43ad7e9bb2eb230ffd1c5e,2,F_Lemon,data/raw/FRUIT-16K/F_Lemon/619.jpg,data/raw/FRUIT-16K/F_Lemon/620.jpg
c2f2962b2342d54b327901be1ac37d38a453055518b73b7d76d02516bff2480e,2,F_Lemon,data/raw/FRUIT-16K/F_Lemon/621.jpg,data/raw/FRUIT-16K/F_Lemon/622.jpg
c4a2171b3fb26f6bba6e38272ea0693ebb66ddcc441f272b43e8f9fbedaa70dd,2,F_Lemon,data/raw/FRUIT-16K/F_Lemon/623.jpg,data/raw/FRUIT-16K/F_Lemon/624.jpg
c381a39a2ab5c58142f6c941405f408cf8a337f83596621b5d9276317baee5cc,2,F_Lemon,data/raw/FRUIT-16K/F_Lemon/625.jpg,data/raw/FRUIT-16K/F_Lemon/626.jpg
21a7af5865efc02ab2e84529e01b5e1b53e26c935b39e174cfaeb437fdc4769f,2,F_Lemon,data/raw/FRUIT-16K/F_Lemon/627.jpg,data/raw/FRUIT-16K/F_Lemon/628.jpg
0ada89603f833e1262e40c904a1826f5b972231ff94cac1b7b0c3346d4c000fa,2,F_Lemon,data/raw/FRUIT-16K/F_Lemon/629.jpg,data/raw/FRUIT-16K/F_Lemon/630.jpg
ddfad1e6d6e501195d5a3efc02dc5cac86e3df07f295943c1c87252357781c72,2,F_Lemon,data/raw/FRUIT-16K/F_Lemon/631.jpg,data/raw/FRUIT-16K/F_Lemon/632.jpg
329b7dbc2d65622f8f0d850d8c912ade246fc91c4a8e9336002d9e297e599c58,2,F_Lemon,data/raw/FRUIT-16K/F_Lemon/633.jpg,data/raw/FRUIT-16K/F_Lemon/634.jpg
7d47f3b023321f87af1e0c1db6e955e8a07fa92a95ac8ee263cf901b2445cf34,2,F_Lemon,data/raw/FRUIT-16K/F_Lemon/635.jpg,data/raw/FRUIT-16K/F_Lemon/636.jpg
2cfd2ad54eefbd8f669f9d9db4c5625f8cafeed7090dcbc80293bb9133a49a8c,2,F_Lemon,data/raw/FRUIT-16K/F_Lemon/639.jpg,data/raw/FRUIT-16K/F_Lemon/640.jpg
d78aeb6d215d2c4c7a6dbaa17d6a726a40b2f6c7c136debd518460d496f6d8e9,2,F_Lemon,data/raw/FRUIT-16K/F_Lemon/641.jpg,data/raw/FRUIT-16K/F_Lemon/642.jpg
e6d4e8c364344bc675bd34c9c2c02ca198297d7631dfa0ac78b28119813b8d22,2,F_Lemon,data/raw/FRUIT-16K/F_Lemon/643.jpg,data/raw/FRUIT-16K/F_Lemon/644.jpg
2c1a1956d750b5607ad745411d30e5920ef12575cfcbcacf6d52703aaac4b072,2,F_Lemon,data/raw/FRUIT-16K/F_Lemon/645.jpg,data/raw/FRUIT-16K/F_Lemon/646.jpg
58198a5e12fcfaeff3beb455854be0b8a602ad9bcd674ea428642a79c0a69d35,2,F_Lemon,data/raw/FRUIT-16K/F_Lemon/647.jpg,data/raw/FRUIT-16K/F_Lemon/648.jpg
b38ab4e5a8b4057d8dbcda1ba13dc68647228ce1311880fb84fe2b0ee822a9c7,2,F_Lemon,data/raw/FRUIT-16K/F_Lemon/649.jpg,data/raw/FRUIT-16K/F_Lemon/650.jpg
50e6eea654e9dc5227bc7584f26b95b7cac0fbcc942662fd35a85f82f2ef6685,2,F_Lemon,data/raw/FRUIT-16K/F_Lemon/651.jpg,data/raw/FRUIT-16K/F_Lemon/652.jpg
c6e7e13d03aec8dd812f8f8b5324db861ff88643a3cae1cfddc302ab22a1b339,2,F_Lemon,data/raw/FRUIT-16K/F_Lemon/653.jpg,data/raw/FRUIT-16K/F_Lemon/654.jpg
b50f18ba7d435238701f40b2c06d5713890841d21a54ade92ff889425a9f733b,2,F_Lemon,data/raw/FRUIT-16K/F_Lemon/655.jpg,data/raw/FRUIT-16K/F_Lemon/656.jpg
c1f995176ac35e1bd9e403a6486333a17a71d3b952c19848ced1493b9b22d83b,2,F_Lemon,data/raw/FRUIT-16K/F_Lemon/657.jpg,data/raw/FRUIT-16K/F_Lemon/658.jpg
cb4c184d6f8c6bf4164fde400e3e2257dfe011b34cb06e30d9c6685b6be740e2,2,F_Lemon,data/raw/FRUIT-16K/F_Lemon/661.jpg,data/raw/FRUIT-16K/F_Lemon/662.jpg
c3c5b447fc6174ba93a5b86493024476d9e1d4b09fd40ec702810e8fa25393f9,2,F_Lemon,data/raw/FRUIT-16K/F_Lemon/663.jpg,data/raw/FRUIT-16K/F_Lemon/664.jpg
5bb2ae9d08462d7d7a16a29848e9322e5474fe6d00e34147c96edd5c7e9dfa42,2,F_Lemon,data/raw/FRUIT-16K/F_Lemon/665.jpg,data/raw/FRUIT-16K/F_Lemon/666.jpg
9dcf8c4f8bf54785cbd8096471f6960675261a9660c8ba69659970f3dd331448,2,F_Lemon,data/raw/FRUIT-16K/F_Lemon/667.jpg,data/raw/FRUIT-16K/F_Lemon/668.jpg
fe8a46d345a36950b0dea87ab904b5d1db0ef6be20bcdd91cce8b9d628178886,2,F_Lemon,data/raw/FRUIT-16K/F_Lemon/669.jpg,data/raw/FRUIT-16K/F_Lemon/670.jpg
6e1c37f2689c6a322177420721a4d142ea091716556dec3cd1abaccb0a3d7e8e,2,F_Lemon,data/raw/FRUIT-16K/F_Lemon/671.jpg,data/raw/FRUIT-16K/F_Lemon/672.jpg
a465fde54df1fba101354c3a1e237a4c6830242d1db9a73e57e9fdc8ab03d8a5,2,F_Lemon,data/raw/FRUIT-16K/F_Lemon/673.jpg,data/raw/FRUIT-16K/F_Lemon/674.jpg
29c287145e6cdd81b409acad38fa673ac0c88b33e1e10116604fbb97f67a1efd,2,F_Lemon,data/raw/FRUIT-16K/F_Lemon/675.jpg,data/raw/FRUIT-16K/F_Lemon/676.jpg
736f7a1684cfffd2e0ea2c7fa6ca1904d785d6a8f312f1a4a912391da30d2f7e,2,F_Lemon,data/raw/FRUIT-16K/F_Lemon/677.jpg,data/raw/FRUIT-16K/F_Lemon/678.jpg
6d2400e7d6b17a292b07fc08594e83cab549317d293f203225ab0961dba741e8,2,F_Lemon,data/raw/FRUIT-16K/F_Lemon/679.jpg,data/raw/FRUIT-16K/F_Lemon/680.jpg
14caa108883fbc3a9620905b4f8b88433d6ebb67aaf484ce10a0219510723458,2,F_Lemon,data/raw/FRUIT-16K/F_Lemon/683.jpg,data/raw/FRUIT-16K/F_Lemon/684.jpg
1da6b73214fac9572e8d2b856b2735c6661ad1326bcfdb408a92038eb4ffda1f,2,F_Lemon,data/raw/FRUIT-16K/F_Lemon/685.jpg,data/raw/FRUIT-16K/F_Lemon/686.jpg
0aadcb0cca808a7b4db90a98894025f51f22450bbcc6d16ebf1cba62c3d0ee6f,2,F_Lemon,data/raw/FRUIT-16K/F_Lemon/687.jpg,data/raw/FRUIT-16K/F_Lemon/688.jpg
9fc830fd1c84fd58758b90c7b518cacf49972f6d71c21b3fdcd3247b4eb94767,2,F_Lemon,data/raw/FRUIT-16K/F_Lemon/689.jpg,data/raw/FRUIT-16K/F_Lemon/690.jpg
55c0f84f373bbd191c39ade4c7e1f38b0720ad085c86faaa9861489b667b1fd3,2,F_Lemon,data/raw/FRUIT-16K/F_Lemon/691.jpg,data/raw/FRUIT-16K/F_Lemon/692.jpg
f66e1bc86e816e61c2b60358f194a4c6930181c152b516c27a6714b886be7556,2,F_Lemon,data/raw/FRUIT-16K/F_Lemon/693.jpg,data/raw/FRUIT-16K/F_Lemon/694.jpg
edaaa0f365520f5d0b4ee8466f7d3c83e936adcf3f65ec043d904f33145542f6,2,F_Lemon,data/raw/FRUIT-16K/F_Lemon/695.jpg,data/raw/FRUIT-16K/F_Lemon/696.jpg
f85ed29a1a49e82ce660f9ed3d9b498736f0cc27151c20ef5000442a0008dfde,2,F_Lemon,data/raw/FRUIT-16K/F_Lemon/697.jpg,data/raw/FRUIT-16K/F_Lemon/698.jpg
0d3b8260facdd7ae255aae35a83a43704128f8e19e9ccf32cfca785c8925b7f6,2,F_Lemon,data/raw/FRUIT-16K/F_Lemon/699.jpg,data/raw/FRUIT-16K/F_Lemon/700.jpg
c5ef9911037c0920b68e827c4b4333d2097822a521aaefeea2b38a93034a4c0d,2,F_Lemon,data/raw/FRUIT-16K/F_Lemon/704.jpg,data/raw/FRUIT-16K/F_Lemon/705.jpg
c4eb15c890482e1aae5a45549471a38e7b6970be47622e478d6ef9a5e853a122,2,F_Lemon,data/raw/FRUIT-16K/F_Lemon/706.jpg,data/raw/FRUIT-16K/F_Lemon/707.jpg
56e0e8d1579397dc11aa7dad0d97bd0a79754f8471d7cc79bd349cdaef3836b7,2,F_Lemon,data/raw/FRUIT-16K/F_Lemon/708.jpg,data/raw/FRUIT-16K/F_Lemon/709.jpg
e13c3ac0a9646ec2d235c8246a4fd7db4d18dd7bf98cdbbe4fb476006bf577c9,2,F_Lemon,data/raw/FRUIT-16K/F_Lemon/710.jpg,data/raw/FRUIT-16K/F_Lemon/711.jpg
6b9cd24b8beb38f8b7d0bdc86d26417f9cd2abf8de57f859198d089ae3aeadb7,2,F_Lemon,data/raw/FRUIT-16K/F_Lemon/712.jpg,data/raw/FRUIT-16K/F_Lemon/713.jpg
740823d4da2fa448cb253266be2d9820e55420072ce61b574bff1ef4ebb91e83,2,F_Lemon,data/raw/FRUIT-16K/F_Lemon/714.jpg,data/raw/FRUIT-16K/F_Lemon/715.jpg
fc8519b059b108dd6246cf5a1b533785def327c6884c256a788f04c18e483369,2,F_Lemon,data/raw/FRUIT-16K/F_Lemon/716.jpg,data/raw/FRUIT-16K/F_Lemon/717.jpg
6906a3d667635abe2acc63fa0cb416616b5ef1bdc05ef3504f28eaedd296a6c8,2,F_Lemon,data/raw/FRUIT-16K/F_Lemon/718.jpg,data/raw/FRUIT-16K/F_Lemon/719.jpg
8316c6fe2a450382139d46e1886223eadf02c7645bb4de8ff56d4ba82c65a8be,2,F_Lemon,data/raw/FRUIT-16K/F_Lemon/720.jpg,data/raw/FRUIT-16K/F_Lemon/721.jpg
6a17090491bcc741263611fd922e1a806ca2c4cd70ef4565c7125b39f33097e3,2,F_Lemon,data/raw/FRUIT-16K/F_Lemon/725.jpg,data/raw/FRUIT-16K/F_Lemon/726.jpg
cbe2e9b825f3da384b274a46f0692676bcf8ee324247bc374c8c6df727e0a91d,2,F_Lemon,data/raw/FRUIT-16K/F_Lemon/727.jpg,data/raw/FRUIT-16K/F_Lemon/728.jpg
5e70c995ea47aea593dfd3d9a6c05fd141b442a1ef95c9f8f4e269fa36aa5258,2,F_Lemon,data/raw/FRUIT-16K/F_Lemon/729.jpg,data/raw/FRUIT-16K/F_Lemon/730.jpg
f2e27b9d344578d3f2e5de93ce4990c048bbf409200702c20a47ab53f186c28f,2,F_Lemon,data/raw/FRUIT-16K/F_Lemon/731.jpg,data/raw/FRUIT-16K/F_Lemon/732.jpg
99287822090d8a4333bc1739be6918143246a53e3d7e9534c9cb2abd8731aca0,2,F_Lemon,data/raw/FRUIT-16K/F_Lemon/733.jpg,data/raw/FRUIT-16K/F_Lemon/734.jpg
8051bd508a345d774b7f1255b85fb57c2cfbfb2ecc8d230ee7bfd43b49df7a82,2,F_Lemon,data/raw/FRUIT-16K/F_Lemon/735.jpg,data/raw/FRUIT-16K/F_Lemon/736.jpg
88c01bdd5c0f6681e66dcf143282acd5501f4234b9fa8840e82ce6861310437c,2,F_Lemon,data/raw/FRUIT-16K/F_Lemon/737.jpg,data/raw/FRUIT-16K/F_Lemon/738.jpg
2899f585c40971db31b8841372fb900328640192c83dbb9858f005cc1df6a4f3,2,F_Lemon,data/raw/FRUIT-16K/F_Lemon/739.jpg,data/raw/FRUIT-16K/F_Lemon/740.jpg
f2131dc0a464d8517edf84c6270c5c396d831b6a83289049a3ecd5808ed816db,2,F_Lemon,data/raw/FRUIT-16K/F_Lemon/741.jpg,data/raw/FRUIT-16K/F_Lemon/742.jpg
89feedf29b3cca3a91c0bb02cd40e50d053db0244d3d6d87fe40ef89f06c105b,2,F_Lemon,data/raw/FRUIT-16K/F_Lemon/746.jpg,data/raw/FRUIT-16K/F_Lemon/747.jpg
7fb5de67aad97a599b313c701fa23c456b5d6ffe16474cf67aec0d3926940d6f,2,F_Lemon,data/raw/FRUIT-16K/F_Lemon/748.jpg,data/raw/FRUIT-16K/F_Lemon/749.jpg
c5a79dbc3f802fa88bf9f2fe38eaec74612630816683b5442381bd80f5a901ee,2,F_Lemon,data/raw/FRUIT-16K/F_Lemon/750.jpg,data/raw/FRUIT-16K/F_Lemon/751.jpg
bb8a834befaf43c359bbaacf65313b47fbd97f4283f61560137c7b4d7c38a0d4,2,F_Lemon,data/raw/FRUIT-16K/F_Lemon/752.jpg,data/raw/FRUIT-16K/F_Lemon/753.jpg
51279478733942ce2d3f7e87761db245c18a53d78342cca585caa5c1f490d93a,2,F_Lemon,data/raw/FRUIT-16K/F_Lemon/754.jpg,data/raw/FRUIT-16K/F_Lemon/755.jpg
f12de92625b6b912ae5ae0ea1278ee3ead1ee0d3b38621aac049ecaf9613d802,2,F_Lemon,data/raw/FRUIT-16K/F_Lemon/756.jpg,data/raw/FRUIT-16K/F_Lemon/757.jpg
86b8164ee7e2cdb5817b210f55ce8f5e337efbb739320d81b91f6c467763a743,2,F_Lemon,data/raw/FRUIT-16K/F_Lemon/758.jpg,data/raw/FRUIT-16K/F_Lemon/759.jpg
5c1b929b10db20e84bc87173f8e59bac49d63e3dd815a1c0a363bafd9f19e470,2,F_Lemon,data/raw/FRUIT-16K/F_Lemon/760.jpg,data/raw/FRUIT-16K/F_Lemon/761.jpg
5c946f0ccb58fe3afc24515ef31ad55149354320b6a589446c20b60915b0cc1e,2,F_Lemon,data/raw/FRUIT-16K/F_Lemon/762.jpg,data/raw/FRUIT-16K/F_Lemon/763.jpg
5bd87c0fee162360196eb4f05536f6046580c7004ff30b91debb8b5e0f6062b0,2,F_Lemon,data/raw/FRUIT-16K/F_Lemon/767.jpg,data/raw/FRUIT-16K/F_Lemon/768.jpg
4b4de17e898ac7506f3c748aea07235addab6f79bef7976fdad9437d28751ce6,2,F_Lemon,data/raw/FRUIT-16K/F_Lemon/769.jpg,data/raw/FRUIT-16K/F_Lemon/770.jpg
c0371884ab5b0d70d5fe7375a9154aeac81e74475793c874da04ee1b212edf04,2,F_Lemon,data/raw/FRUIT-16K/F_Lemon/771.jpg,data/raw/FRUIT-16K/F_Lemon/772.jpg
e63951b8df2b9a05e432fa845c88bc2fd03ef7324b932fcc6a88de167be95f68,2,F_Lemon,data/raw/FRUIT-16K/F_Lemon/773.jpg,data/raw/FRUIT-16K/F_Lemon/774.jpg
de5bb19b0b16dc155f7727265dff45c5d30572b861edbb5880bfa50034ca7376,2,F_Lemon,data/raw/FRUIT-16K/F_Lemon/775.jpg,data/raw/FRUIT-16K/F_Lemon/776.jpg
550812b959b8eec8ddf96c6f05947bf2427f7e6e3aec918485d450f09cd132e4,2,F_Lemon,data/raw/FRUIT-16K/F_Lemon/777.jpg,data/raw/FRUIT-16K/F_Lemon/778.jpg
3b8248b3a57f2309ab04d3280b9f3e3172c004c12adc015b7841dec4dafee9d5,2,F_Lemon,data/raw/FRUIT-16K/F_Lemon/779.jpg,data/raw/FRUIT-16K/F_Lemon/780.jpg
6ad118d468aadcdf3902faad35acb4aff1332073df915d430623dec901a9f15b,2,F_Lemon,data/raw/FRUIT-16K/F_Lemon/781.jpg,data/raw/FRUIT-16K/F_Lemon/782.jpg
5c55af3e1f7a6784a21716a87edf2f5084635bf4c2c41fbc2968d781e74adcbd,2,F_Lemon,data/raw/FRUIT-16K/F_Lemon/783.jpg,data/raw/FRUIT-16K/F_Lemon/784.jpg
007e44603467113e6336ffb11215d891a129eb1fa20a1294089430a526c21928,2,F_Lemon,data/raw/FRUIT-16K/F_Lemon/788.jpg,data/raw/FRUIT-16K/F_Lemon/789.jpg
e97f862fbc0ac47120d3d4e736060fdcd1f83ee614d497a6c7723a32bb88ed91,2,F_Lemon,data/raw/FRUIT-16K/F_Lemon/790.jpg,data/raw/FRUIT-16K/F_Lemon/791.jpg
a4d5057000c2fe29e91f6322ba81cd9c67f3613984dbe0a70d42d2b07934960e,2,F_Lemon,data/raw/FRUIT-16K/F_Lemon/792.jpg,data/raw/FRUIT-16K/F_Lemon/793.jpg
c7cf9f299048d8f6a5cc8b83ca6b8de7e63a72f32477deb25a0ad4c258db06c0,2,F_Lemon,data/raw/FRUIT-16K/F_Lemon/794.jpg,data/raw/FRUIT-16K/F_Lemon/795.jpg
5f13900b422c7d8e7fbd3cfb388508f7828ce82ceaa555ec3043d27f2312b4b9,2,F_Lemon,data/raw/FRUIT-16K/F_Lemon/796.jpg,data/raw/FRUIT-16K/F_Lemon/797.jpg
e075b0e54102adeb383e91ba3d9407649f21b5d462a12aa13486a42f6ba201f7,2,F_Lemon,data/raw/FRUIT-16K/F_Lemon/798.jpg,data/raw/FRUIT-16K/F_Lemon/799.jpg
0462302404e862e52bad9cccac85f7e5ab579ac3fb304b4dc4499def364d73c1,2,F_Lemon,data/raw/FRUIT-16K/F_Lemon/800.jpg,data/raw/FRUIT-16K/F_Lemon/801.jpg
4adcbd818ad0e6e4ba150922f7cc7de54eafa74164c4209933e3534d6a889c40,2,F_Lemon,data/raw/FRUIT-16K/F_Lemon/802.jpg,data/raw/FRUIT-16K/F_Lemon/803.jpg
ee40770362641439209f41f081eec129650ec56ba4d85e43c0df9f1f44a209d5,2,F_Lemon,data/raw/FRUIT-16K/F_Lemon/804.jpg,data/raw/FRUIT-16K/F_Lemon/805.jpg
2a148ac45a754b4aad2d9a86943e1a37c844f8b886f5405e65aa4323db9a3a9f,2,F_Lemon,data/raw/FRUIT-16K/F_Lemon/809.jpg,data/raw/FRUIT-16K/F_Lemon/810.jpg
3bcc45ae52f4362c263b1ebe80a742ca9d30fa4c8b9bdb67f6e0e497bd4b8024,2,F_Lemon,data/raw/FRUIT-16K/F_Lemon/811.jpg,data/raw/FRUIT-16K/F_Lemon/812.jpg
6e23e7849b508d23fd988f9b000c962ede36b11b8f3106897daca10779927422,2,F_Lemon,data/raw/FRUIT-16K/F_Lemon/813.jpg,data/raw/FRUIT-16K/F_Lemon/814.jpg
e90d86dc66863a14d165ed9771719446da7565982d8058de4dc6d0701da6c111,2,F_Lemon,data/raw/FRUIT-16K/F_Lemon/815.jpg,data/raw/FRUIT-16K/F_Lemon/816.jpg
0faee6746db62bf6418ea36d798bd87091924a12dcb503117def7d04c6ae8935,2,F_Lemon,data/raw/FRUIT-16K/F_Lemon/817.jpg,data/raw/FRUIT-16K/F_Lemon/818.jpg
a5b2d94a04ca8649e968e562bced8a01cc5b2a83b1e67028e1e4838bba217735,2,F_Lemon,data/raw/FRUIT-16K/F_Lemon/819.jpg,data/raw/FRUIT-16K/F_Lemon/820.jpg
8a1db7ea775651388926af0f17217a822ab3659d56b68aa2437b7e32af53f467,2,F_Lemon,data/raw/FRUIT-16K/F_Lemon/821.jpg,data/raw/FRUIT-16K/F_Lemon/822.jpg
050774e92dd96e6a30b6293a7d2eaaba759775d611a47b4836ee8269ca591ffe,2,F_Lemon,data/raw/FRUIT-16K/F_Lemon/823.jpg,data/raw/FRUIT-16K/F_Lemon/824.jpg
ed6062d6ec2114fbd11cb826741b65d366545d22918295a0c575f1408f4a1811,2,F_Lemon,data/raw/FRUIT-16K/F_Lemon/825.jpg,data/raw/FRUIT-16K/F_Lemon/826.jpg
893a588c73e68a380fb1e4af7cac00088a4e9cfb9e1b54ea39de79e8251b673e,2,F_Lemon,data/raw/FRUIT-16K/F_Lemon/830.jpg,data/raw/FRUIT-16K/F_Lemon/831.jpg
62c41372f8d856c19903f1e0f5fde19b8da4477feee105f65170db9422a19ddb,2,F_Lemon,data/raw/FRUIT-16K/F_Lemon/832.jpg,data/raw/FRUIT-16K/F_Lemon/833.jpg
1e1cbb10224fefcd759418194ddcf016a5063810d879fb18270c9c8458ed5878,2,F_Lemon,data/raw/FRUIT-16K/F_Lemon/834.jpg,data/raw/FRUIT-16K/F_Lemon/835.jpg
930a47b4dcee5202386cee89ab8d0bdec3bed9e01e4683c9aad369d513029867,2,F_Lemon,data/raw/FRUIT-16K/F_Lemon/836.jpg,data/raw/FRUIT-16K/F_Lemon/837.jpg
6d42cc29fd48dd3a63d7b892d96d3770959f3e9c94d8fbff5845d0b1bdb4b20c,2,F_Lemon,data/raw/FRUIT-16K/F_Lemon/838.jpg,data/raw/FRUIT-16K/F_Lemon/839.jpg
3c05b6d6baea277c778a860a4e17bdff1145f4dcd4abd9cef1b4cceef0e23712,2,F_Lemon,data/raw/FRUIT-16K/F_Lemon/840.jpg,data/raw/FRUIT-16K/F_Lemon/841.jpg
6a9fdc6eeb35f639d45c1bc9a01edab6aecfb628d3f4eeda4d3b0d9a31f5085f,2,F_Lemon,data/raw/FRUIT-16K/F_Lemon/842.jpg,data/raw/FRUIT-16K/F_Lemon/843.jpg
09beb9673a1ce6cc5f74392ffa06d6db9ba1989d0450d13205e512dba664cac9,2,F_Lemon,data/raw/FRUIT-16K/F_Lemon/844.jpg,data/raw/FRUIT-16K/F_Lemon/845.jpg
0a0fbbe8c78694a21b8b51a2944d4e42fd29eb3bc8920b824ca2a87051242f23,2,F_Lemon,data/raw/FRUIT-16K/F_Lemon/846.jpg,data/raw/FRUIT-16K/F_Lemon/847.jpg
dbfa129ce3aed7a9292e0bd60ba70979e7a7ad42031df2ff43bfd16b4581f9e5,2,F_Lemon,data/raw/FRUIT-16K/F_Lemon/851.jpg,data/raw/FRUIT-16K/F_Lemon/852.jpg
65b3a57ca195c3cf92562926726b6403e3035a15f5a56dde11a44a996d8fd722,2,F_Lemon,data/raw/FRUIT-16K/F_Lemon/853.jpg,data/raw/FRUIT-16K/F_Lemon/854.jpg
184708fbfe5956a6ad3aa65d6a5e5f8a44cfce63bb128a81252b96b48059cbc7,2,F_Lemon,data/raw/FRUIT-16K/F_Lemon/855.jpg,data/raw/FRUIT-16K/F_Lemon/856.jpg
f7df36eb4c09aa0d38bbcbe00f3e6ab78fae759b03d0f4a4b5e3c9ebc9a9b477,2,F_Lemon,data/raw/FRUIT-16K/F_Lemon/857.jpg,data/raw/FRUIT-16K/F_Lemon/858.jpg
e5b00c57c245243cc095a6c739168bf06fd08def2157a0b272e7757cade6143b,2,F_Lemon,data/raw/FRUIT-16K/F_Lemon/859.jpg,data/raw/FRUIT-16K/F_Lemon/860.jpg
3d0f931517a8f2181bbedaad6bae21ec5920c44070fb7c78e8458b345f638d6c,2,F_Lemon,data/raw/FRUIT-16K/F_Lemon/861.jpg,data/raw/FRUIT-16K/F_Lemon/862.jpg
e20a10bcbfc1ceb3f0a6d055154db497b50570d98c825cbc6d612189e8ad0925,2,F_Lemon,data/raw/FRUIT-16K/F_Lemon/863.jpg,data/raw/FRUIT-16K/F_Lemon/864.jpg
dd43164c9b1c13491ed5e81df8f19cc210d6db30e9257fdf6b4e5af0d2eb4e12,2,F_Lemon,data/raw/FRUIT-16K/F_Lemon/865.jpg,data/raw/FRUIT-16K/F_Lemon/866.jpg
db3c8b6d25d4f7a86103eaa570042c3667eeb12be170c8d177d670764365e4ec,2,F_Lemon,data/raw/FRUIT-16K/F_Lemon/867.jpg,data/raw/FRUIT-16K/F_Lemon/868.jpg
d9820933229d3d2a413ab35480678f680b792389e0ad4d9b9d9ce0d506158e8d,2,F_Lemon,data/raw/FRUIT-16K/F_Lemon/872.jpg,data/raw/FRUIT-16K/F_Lemon/873.jpg
070583d0abd3d0fdf42257fcc837f1ce31d2876af031540bcdc551e12f2d49e4,2,F_Lemon,data/raw/FRUIT-16K/F_Lemon/874.jpg,data/raw/FRUIT-16K/F_Lemon/875.jpg
23869129239d6d31a52d2bb018e38dd67a6dcfbec40fa7ee3356e287f7824e65,2,F_Lemon,data/raw/FRUIT-16K/F_Lemon/876.jpg,data/raw/FRUIT-16K/F_Lemon/877.jpg
e207feb826d4bf8fef54808a160d540ca5f8b01502ce4160f7245e0cca9a48f9,2,F_Lemon,data/raw/FRUIT-16K/F_Lemon/878.jpg,data/raw/FRUIT-16K/F_Lemon/879.jpg
f7d27b730128678db9349c470aee159fa6eb5cf40f4f2457bec3ab2983b53b16,2,F_Lemon,data/raw/FRUIT-16K/F_Lemon/880.jpg,data/raw/FRUIT-16K/F_Lemon/881.jpg
6750c9e929e6f26a1a49d69df1cf6f4bf0b77b70ff9b63a25b0bb9711341ff4f,2,F_Lemon,data/raw/FRUIT-16K/F_Lemon/882.jpg,data/raw/FRUIT-16K/F_Lemon/883.jpg
49cf5e3472dfabce5f9057568a0d9edc8eadb8244b296c369210400daef951cf,2,F_Lemon,data/raw/FRUIT-16K/F_Lemon/884.jpg,data/raw/FRUIT-16K/F_Lemon/885.jpg
13099bc8768e1c3ec3e35851ec018e9ef1e3be549e001a893b3a6c462fe93103,2,F_Lemon,data/raw/FRUIT-16K/F_Lemon/886.jpg,data/raw/FRUIT-16K/F_Lemon/887.jpg
f1b6181252473c12918217f143ec0414681cb3f1077318da992cc38e747346de,2,F_Lemon,data/raw/FRUIT-16K/F_Lemon/888.jpg,data/raw/FRUIT-16K/F_Lemon/889.jpg
2e5ad14142af26467ed721b4fa22436b78f5cc4249053bddbbdaefd2b49fa7e1,2,F_Lemon,data/raw/FRUIT-16K/F_Lemon/893.jpg,data/raw/FRUIT-16K/F_Lemon/894.jpg
5c28614c6ef168e30aaf782f123835eed070e758e4a95a929fe0a1aeadadd9d6,2,F_Lemon,data/raw/FRUIT-16K/F_Lemon/895.jpg,data/raw/FRUIT-16K/F_Lemon/896.jpg
437d17c28e6618cc7e9f1ade31aed81d0202c1a13b9cc6d9268351399c718262,2,F_Lemon,data/raw/FRUIT-16K/F_Lemon/897.jpg,data/raw/FRUIT-16K/F_Lemon/898.jpg
2d625a43512ca7c4129074264a71072b16a9bafdda45ee954d211fedfe8b14a2,2,F_Lemon,data/raw/FRUIT-16K/F_Lemon/899.jpg,data/raw/FRUIT-16K/F_Lemon/900.jpg
44f4e4c54a77c5df4779d6c317984cb858a0f038f7bbc8620c1e611db0fa98ab,2,F_Lemon,data/raw/FRUIT-16K/F_Lemon/901.jpg,data/raw/FRUIT-16K/F_Lemon/902.jpg
755f20c32d3f056852319acd383b3aadbd867215d5ff2829e7d9792d1971792b,2,F_Lemon,data/raw/FRUIT-16K/F_Lemon/903.jpg,data/raw/FRUIT-16K/F_Lemon/904.jpg
b503ee235095bb1d54e6b8cbde77a549afe0e434e6cc0ea81373b21d70d0c552,2,F_Lemon,data/raw/FRUIT-16K/F_Lemon/905.jpg,data/raw/FRUIT-16K/F_Lemon/906.jpg
3816e8eeb099963132ce8a9191fc82332bd95ef791951dcfca6e8dcdcf71aa94,2,F_Lemon,data/raw/FRUIT-16K/F_Lemon/907.jpg,data/raw/FRUIT-16K/F_Lemon/908.jpg
9284ecd16d34664a6584e91c1693a025f1cd3970e45aaf0e719d86452d112aa3,2,F_Lemon,data/raw/FRUIT-16K/F_Lemon/909.jpg,data/raw/FRUIT-16K/F_Lemon/910.jpg
96210e041f0c99bf9659ecad72231cab8bb27e6b7fa6868a87ffd7a7ee1f0af0,2,F_Lemon,data/raw/FRUIT-16K/F_Lemon/914.jpg,data/raw/FRUIT-16K/F_Lemon/915.jpg
ea92f98ce5fdeb50c781b26e0c7caebc225d7ec41d1898778018845497e6a22d,2,F_Lemon,data/raw/FRUIT-16K/F_Lemon/916.jpg,data/raw/FRUIT-16K/F_Lemon/917.jpg
8962082bd8cbdbfc7510d76238c2555cb6a65fa97628211add997679edd82b14,2,F_Lemon,data/raw/FRUIT-16K/F_Lemon/918.jpg,data/raw/FRUIT-16K/F_Lemon/919.jpg
af350be28d88c5f552a1c3c8cf859510bad0953f72ae3ccecaa4d3f609e449f5,2,F_Lemon,data/raw/FRUIT-16K/F_Lemon/920.jpg,data/raw/FRUIT-16K/F_Lemon/921.jpg
546a4343a5a03d911dfc919d2fa69e31991597a150ce388e336005dd584ff237,2,F_Lemon,data/raw/FRUIT-16K/F_Lemon/922.jpg,data/raw/FRUIT-16K/F_Lemon/923.jpg
47a0804123ca0e2406c2f91e34d3b465b0e7c3c38d1b32d0f7cf37f3550554a5,2,F_Lemon,data/raw/FRUIT-16K/F_Lemon/924.jpg,data/raw/FRUIT-16K/F_Lemon/925.jpg
864d0a74ed430959e2e7bddea7d353a1b6735fa611a9b09f45c233391880497f,2,F_Lemon,data/raw/FRUIT-16K/F_Lemon/926.jpg,data/raw/FRUIT-16K/F_Lemon/927.jpg
3e15df44923f6a35433fa009eede079ca3f0c7c3f2cb58e92e053f31833bec17,2,F_Lemon,data/raw/FRUIT-16K/F_Lemon/928.jpg,data/raw/FRUIT-16K/F_Lemon/929.jpg
5c293bad38f6c45bc821c938ce74522b4f0700d00d424ec8a73d0d3c2b7f1725,2,F_Lemon,data/raw/FRUIT-16K/F_Lemon/930.jpg,data/raw/FRUIT-16K/F_Lemon/931.jpg
9d64eb543e678a4ac5f9e972128bf112c5ecde6d74e0d4ae24def895565dec41,2,F_Lemon,data/raw/FRUIT-16K/F_Lemon/935.jpg,data/raw/FRUIT-16K/F_Lemon/936.jpg
bf599bb7a9ba1a975895a91b2fc2375137ffa11a22828791a8f4c7d4c9c07ce6,2,F_Lemon,data/raw/FRUIT-16K/F_Lemon/937.jpg,data/raw/FRUIT-16K/F_Lemon/938.jpg
2a38d4d49fb74f24fd7595085b58e9495d3757108964b555427de89a8a249d85,2,F_Lemon,data/raw/FRUIT-16K/F_Lemon/939.jpg,data/raw/FRUIT-16K/F_Lemon/940.jpg
b8ddde050141dda557c894eacff52cc6354793e72d05bca61f4f00608be6d666,2,F_Lemon,data/raw/FRUIT-16K/F_Lemon/941.jpg,data/raw/FRUIT-16K/F_Lemon/942.jpg
e8f1d6e45de480647484496260952f616b730fda2a606ad289013b7b20d85906,2,F_Lemon,data/raw/FRUIT-16K/F_Lemon/943.jpg,data/raw/FRUIT-16K/F_Lemon/944.jpg
3bf25b771ddbcc9e9355d1e9f69e2808e8fa1ae8bf8dec40c18ae0225004cca1,2,F_Lemon,data/raw/FRUIT-16K/F_Lemon/945.jpg,data/raw/FRUIT-16K/F_Lemon/946.jpg
1e54a6ebfd11676cb93988b9b91a5dd129ecfcda42b7829e351b929cc68f54c2,2,F_Lemon,data/raw/FRUIT-16K/F_Lemon/947.jpg,data/raw/FRUIT-16K/F_Lemon/948.jpg
295b450fe4f0c25e91e85ecb9c6090d3798e7d5d3a43f4224de5caa3860dd4e8,2,F_Lemon,data/raw/FRUIT-16K/F_Lemon/949.jpg,data/raw/FRUIT-16K/F_Lemon/950.jpg
41268a2f55bf3b33799f0902f2c43d5d705e2b81de801da754e3ee7dc8375151,2,F_Lemon,data/raw/FRUIT-16K/F_Lemon/951.jpg,data/raw/FRUIT-16K/F_Lemon/952.jpg
e7aa179dc474da3794781687488b9ae5f290e5aadb8c08ffbee69d96193a9895,2,F_Lemon,data/raw/FRUIT-16K/F_Lemon/956.jpg,data/raw/FRUIT-16K/F_Lemon/957.jpg
369db4d15b26ea54870ff720630a7d145a44e3e3fc067e6e0144f33e0d0e942c,2,F_Lemon,data/raw/FRUIT-16K/F_Lemon/958.jpg,data/raw/FRUIT-16K/F_Lemon/959.jpg
fc3dcc8a779cba9645daea867dcf6ff3839722b82a40fb5570068dd48d62c1a5,2,F_Lemon,data/raw/FRUIT-16K/F_Lemon/960.jpg,data/raw/FRUIT-16K/F_Lemon/961.jpg
a14f243ec1c6505c2f0b3dc3d6a52fbe6b40aa3a6449676a9209cad3a12e69c2,2,F_Lemon,data/raw/FRUIT-16K/F_Lemon/962.jpg,data/raw/FRUIT-16K/F_Lemon/963.jpg
86dfc88581e9b78beeb864882d406d470f12373303cf330bd967372c91aac4c1,2,F_Lemon,data/raw/FRUIT-16K/F_Lemon/964.jpg,data/raw/FRUIT-16K/F_Lemon/965.jpg
92edbf157a1dd9ca4baee5603a994cca112ec2ed8d0c790f6f76ae3b4082b7f7,2,F_Lemon,data/raw/FRUIT-16K/F_Lemon/966.jpg,data/raw/FRUIT-16K/F_Lemon/967.jpg
6dc6dccb0a0d254ad285608e662b86c8815e9fca315f72e73256daacb50b220d,2,F_Lemon,data/raw/FRUIT-16K/F_Lemon/968.jpg,data/raw/FRUIT-16K/F_Lemon/969.jpg
5db30acffadd46178a6d5d0762327f4a05973312bd383117c27b84eb839db495,2,F_Lemon,data/raw/FRUIT-16K/F_Lemon/970.jpg,data/raw/FRUIT-16K/F_Lemon/971.jpg
4d7bd27c16733411b6f0bd0985ca18315ec01d9158873321c716bf41fcc0a475,2,F_Lemon,data/raw/FRUIT-16K/F_Lemon/972.jpg,data/raw/FRUIT-16K/F_Lemon/973.jpg
c93f1332d67bf31407fb6cce775a8f612da269308152f800495273504ca1f80d,2,F_Lemon,data/raw/FRUIT-16K/F_Lemon/977.jpg,data/raw/FRUIT-16K/F_Lemon/978.jpg
f810085da67eb527c88826811da4ba9d52b860d0fc2d09bf90110ed998fdbfcc,2,F_Lemon,data/raw/FRUIT-16K/F_Lemon/979.jpg,data/raw/FRUIT-16K/F_Lemon/980.jpg
7c31c60b7c241b47261cd49306bbb748e55689f88fc208b6b655c69333fc7566,2,F_Lemon,data/raw/FRUIT-16K/F_Lemon/981.jpg,data/raw/FRUIT-16K/F_Lemon/982.jpg
92cfbf10a4638406f991fbe8f73ed56e2c9f133be781fe61181ed7878d9a03b3,2,F_Lemon,data/raw/FRUIT-16K/F_Lemon/983.jpg,data/raw/FRUIT-16K/F_Lemon/984.jpg
f8211704c43c203ac0d27d38ad9738bb190942057f784324d794dd500954dd08,2,F_Lemon,data/raw/FRUIT-16K/F_Lemon/985.jpg,data/raw/FRUIT-16K/F_Lemon/986.jpg
64eeeba4f592266a054019110f29e91d5fd71e46019a221a74d0519fd09881ae,2,F_Lemon,data/raw/FRUIT-16K/F_Lemon/987.jpg,data/raw/FRUIT-16K/F_Lemon/988.jpg
536f9825eca7328958c3564b1e16a469c7ee97b99dfe7418bbdfb49a04653365,2,F_Lemon,data/raw/FRUIT-16K/F_Lemon/989.jpg,data/raw/FRUIT-16K/F_Lemon/990.jpg
3045bcec0b09400103fff65da044571efad43bb02cba9d431b2d8a009e8992fc,2,F_Lemon,data/raw/FRUIT-16K/F_Lemon/991.jpg,data/raw/FRUIT-16K/F_Lemon/992.jpg
32031573200a1ceb0ab8ec6087e9a988c10b0426a9689c894ab1c33226423d55,2,F_Lemon,data/raw/FRUIT-16K/F_Lemon/993.jpg,data/raw/FRUIT-16K/F_Lemon/994.jpg
7b7ef4859c5aaa2f82cc3bf3843319e5bada88468bf6fb7c3fb3e5773235cf1e,2,F_Lulo,data/raw/FRUIT-16K/F_Lulo/1.jpg,data/raw/FRUIT-16K/F_Lulo/2.jpg
d24af6f567b273dc2ae6e28ebd56e8e7d68ea38fe73694f51b7ddb992e6093ab,2,F_Lulo,data/raw/FRUIT-16K/F_Lulo/3.jpg,data/raw/FRUIT-16K/F_Lulo/4.jpg
3ecb9c375a6663e91190b0f31e6f80e2b6cdb6b8c045b3355d1804911ff424e3,2,F_Lulo,data/raw/FRUIT-16K/F_Lulo/5.jpg,data/raw/FRUIT-16K/F_Lulo/6.jpg
ef984dda7caa1ab04858c34285886e5e681046b26611029b3d1a4d1ff5798b7f,2,F_Lulo,data/raw/FRUIT-16K/F_Lulo/7.jpg,data/raw/FRUIT-16K/F_Lulo/8.jpg
83104ce10b346bceb08db7452904549e144239f97a4257201831c337630d8aee,2,F_Lulo,data/raw/FRUIT-16K/F_Lulo/9.jpg,data/raw/FRUIT-16K/F_Lulo/10.jpg
ddb34935015be6af8a35db454bf6b02367baa333b133c68c24e37044c4cbab55,2,F_Lulo,data/raw/FRUIT-16K/F_Lulo/11.jpg,data/raw/FRUIT-16K/F_Lulo/12.jpg
af94983a160e3730d3dbf8781f7eb72690b550d9d1888f96dd3c6cc3ffd5cfff,2,F_Lulo,data/raw/FRUIT-16K/F_Lulo/13.jpg,data/raw/FRUIT-16K/F_Lulo/14.jpg
3fd56569b522ba71f91aac07ca73716a719c556a23a6754860223f783561ad30,2,F_Lulo,data/raw/FRUIT-16K/F_Lulo/15.jpg,data/raw/FRUIT-16K/F_Lulo/16.jpg
d271f15341663323e352eac02cd523e98a8e350a5ce1d53665a34705588cca2d,2,F_Lulo,data/raw/FRUIT-16K/F_Lulo/17.jpg,data/raw/FRUIT-16K/F_Lulo/18.jpg
1f6e3e2e2ce43a9239a3d3b90bce813c9c69cf1a1921969a57b8f18a5295bd6c,2,F_Lulo,data/raw/FRUIT-16K/F_Lulo/22.jpg,data/raw/FRUIT-16K/F_Lulo/23.jpg
5715e924f11d26f6542f9903718c155e0c2948e2258fd14c6d61f931b018d9cb,2,F_Lulo,data/raw/FRUIT-16K/F_Lulo/24.jpg,data/raw/FRUIT-16K/F_Lulo/25.jpg
f630a647a45293eb5b080a2818dc1bc483d558b56d21c4c69644c97ceedd6aa2,2,F_Lulo,data/raw/FRUIT-16K/F_Lulo/26.jpg,data/raw/FRUIT-16K/F_Lulo/27.jpg
424166b4732c525dcee9c106da54cce021dff31af8cb61682e160d660369e3dd,2,F_Lulo,data/raw/FRUIT-16K/F_Lulo/28.jpg,data/raw/FRUIT-16K/F_Lulo/29.jpg
11b5c41e40deb7de166694b1ba93cb9423b278d69e08b3c91db9b3797afc8036,2,F_Lulo,data/raw/FRUIT-16K/F_Lulo/30.jpg,data/raw/FRUIT-16K/F_Lulo/31.jpg
bffc6f150ce13fa045949c9976977971e6dc03635d0f2e54ec3b4ac0f8104148,2,F_Lulo,data/raw/FRUIT-16K/F_Lulo/32.jpg,data/raw/FRUIT-16K/F_Lulo/33.jpg
db45014cae4bf49ffd9d84ba23e1c3d90df70dec3bee48c1d7d326340ef64ae8,2,F_Lulo,data/raw/FRUIT-16K/F_Lulo/34.jpg,data/raw/FRUIT-16K/F_Lulo/35.jpg
70c4a5b3a1c37c7178846eba166715f9e1cbb92883d27bab51f51eca87faa51b,2,F_Lulo,data/raw/FRUIT-16K/F_Lulo/36.jpg,data/raw/FRUIT-16K/F_Lulo/37.jpg
85c67d00c576f4c47e8a7061411e1cf009c554e098bd8e137c7cf2eab7c1b5a2,2,F_Lulo,data/raw/FRUIT-16K/F_Lulo/38.jpg,data/raw/FRUIT-16K/F_Lulo/39.jpg
52176e386e7fca21e5ac84e9889ca4e08c4861ee68e82555d8d1b2bf7079cdd2,2,F_Lulo,data/raw/FRUIT-16K/F_Lulo/43.jpg,data/raw/FRUIT-16K/F_Lulo/44.jpg
cbafcfd9196551d89336c45551761c2a410f290da47c97fa9c2899649731e3f4,2,F_Lulo,data/raw/FRUIT-16K/F_Lulo/45.jpg,data/raw/FRUIT-16K/F_Lulo/46.jpg
2a56de8a1e11d196b98d6fd5a72415597117f14098d860839375aa2ef8c51103,2,F_Lulo,data/raw/FRUIT-16K/F_Lulo/47.jpg,data/raw/FRUIT-16K/F_Lulo/48.jpg
8e5757cdecad2270302563507e00b424c9caa53a7319c208985b0349ccf3ef05,2,F_Lulo,data/raw/FRUIT-16K/F_Lulo/49.jpg,data/raw/FRUIT-16K/F_Lulo/50.jpg
ff0c8778e7780202393edfa355556f427df8f9c0bdfa91931e7ce329ed5d4ca1,2,F_Lulo,data/raw/FRUIT-16K/F_Lulo/51.jpg,data/raw/FRUIT-16K/F_Lulo/52.jpg
7bf24df646a269abdff12a663eb0983c711608d16bdcc176ef991636a4615285,2,F_Lulo,data/raw/FRUIT-16K/F_Lulo/53.jpg,data/raw/FRUIT-16K/F_Lulo/54.jpg
209a2f7373723190f20de5eedfc11a66712070a963dbd3d246683d6cd83e3532,2,F_Lulo,data/raw/FRUIT-16K/F_Lulo/55.jpg,data/raw/FRUIT-16K/F_Lulo/56.jpg
9bb154305fc43d28457234018da3bdf31bcdf7f8e382b3cc86715500fdda5c92,2,F_Lulo,data/raw/FRUIT-16K/F_Lulo/57.jpg,data/raw/FRUIT-16K/F_Lulo/58.jpg
99f3939d93a6c764eefcc94393425d2abda22887d086d76f09fec24fe5b6d65d,2,F_Lulo,data/raw/FRUIT-16K/F_Lulo/59.jpg,data/raw/FRUIT-16K/F_Lulo/60.jpg
bcb2ba12e8962046867a353d97b33fbcf64d5f67a59c3d5a40e49acd2d19e3b2,2,F_Lulo,data/raw/FRUIT-16K/F_Lulo/64.jpg,data/raw/FRUIT-16K/F_Lulo/65.jpg
5f494041c5b99424100635a005aa4879fe157e7cd2c37f5a4ed0bcd35d6d5946,2,F_Lulo,data/raw/FRUIT-16K/F_Lulo/66.jpg,data/raw/FRUIT-16K/F_Lulo/67.jpg
9d822d38527b5427c91881c610b6ecac7417cf5b76cfb7f11b530ee8232325b9,2,F_Lulo,data/raw/FRUIT-16K/F_Lulo/68.jpg,data/raw/FRUIT-16K/F_Lulo/69.jpg
cd8f3e9892002053cf87356e5c98c0d6f9b32981c5c67a02ff02b5e527d9fc44,2,F_Lulo,data/raw/FRUIT-16K/F_Lulo/70.jpg,data/raw/FRUIT-16K/F_Lulo/71.jpg
5b5128293051e759bde13384b4b475ee336c4b5febde6c2cf581c51323efca79,2,F_Lulo,data/raw/FRUIT-16K/F_Lulo/72.jpg,data/raw/FRUIT-16K/F_Lulo/73.jpg
f318a9270a82f8b969a4ac49d1d37c990c49fdfd497e03e0eb6bae508e226fcf,2,F_Lulo,data/raw/FRUIT-16K/F_Lulo/74.jpg,data/raw/FRUIT-16K/F_Lulo/75.jpg
0c0fe6259be831b8c1bdb3c432fa48fe1af33b5399c03c7c77ffb684844a5fbf,2,F_Lulo,data/raw/FRUIT-16K/F_Lulo/76.jpg,data/raw/FRUIT-16K/F_Lulo/77.jpg
cf1b88d743e763d14b8189f4ce2e1d3295a7e8e502c1e7cd24d5c8c79e47b8fb,2,F_Lulo,data/raw/FRUIT-16K/F_Lulo/78.jpg,data/raw/FRUIT-16K/F_Lulo/79.jpg
b2613184e652c68a27ba409860f3658f993ebff70ca9bdfeef5d6d828aab78fc,2,F_Lulo,data/raw/FRUIT-16K/F_Lulo/80.jpg,data/raw/FRUIT-16K/F_Lulo/81.jpg
97729df374d1788da9ee69ac3fdd3af845d34c7743e6049895c31a26ff9110f6,2,F_Lulo,data/raw/FRUIT-16K/F_Lulo/85.jpg,data/raw/FRUIT-16K/F_Lulo/86.jpg
aefd12cc242886ca3d4301e8285b0dba21aff6d07da95f92e96ec6450c75682e,2,F_Lulo,data/raw/FRUIT-16K/F_Lulo/87.jpg,data/raw/FRUIT-16K/F_Lulo/88.jpg
bc1874c077aa9999bb4254506be4f1b0288225a8c9f7454d034d65276a8b180f,2,F_Lulo,data/raw/FRUIT-16K/F_Lulo/89.jpg,data/raw/FRUIT-16K/F_Lulo/90.jpg
c744ccdece1cae1fccf61e1932be881cae4021b1491d26c4e194641e034268e4,2,F_Lulo,data/raw/FRUIT-16K/F_Lulo/91.jpg,data/raw/FRUIT-16K/F_Lulo/92.jpg
16bba5bb2851845d29b01b149e5f9cc71ac2a205de49bdff7391dc4fde9313f2,2,F_Lulo,data/raw/FRUIT-16K/F_Lulo/93.jpg,data/raw/FRUIT-16K/F_Lulo/94.jpg
deb1eb4219f3e1e853dd4c43f849ae104d062cb53bd258e888795392b5340f9a,2,F_Lulo,data/raw/FRUIT-16K/F_Lulo/95.jpg,data/raw/FRUIT-16K/F_Lulo/96.jpg
e81ab7ccad86b0a6303c34fbfee8e7b6d10ea09f819245e0d169b26eda989b2b,2,F_Lulo,data/raw/FRUIT-16K/F_Lulo/97.jpg,data/raw/FRUIT-16K/F_Lulo/98.jpg
99a5c962597cd45eb79b3421d44f155caa5eee99081497e13e2c591048e58c61,2,F_Lulo,data/raw/FRUIT-16K/F_Lulo/99.jpg,data/raw/FRUIT-16K/F_Lulo/100.jpg
00ad2c66fc0b150aeccfb6cd2f18ada67d381297cb7cf7c83949ec2ae81432ce,2,F_Lulo,data/raw/FRUIT-16K/F_Lulo/101.jpg,data/raw/FRUIT-16K/F_Lulo/102.jpg
78ecf94a7be9ec20ef78b530960514d80ada51a1b7f483ee89b5c8afa33b915c,2,F_Lulo,data/raw/FRUIT-16K/F_Lulo/106.jpg,data/raw/FRUIT-16K/F_Lulo/107.jpg
e2f5dfffdc764512758c69ac12e9adf8f5597942a42d3e340ddb6407d600e0de,2,F_Lulo,data/raw/FRUIT-16K/F_Lulo/108.jpg,data/raw/FRUIT-16K/F_Lulo/109.jpg
2a3f3f1d12925f1db6e363d205577ed81df967f378a3b4871603268021176259,2,F_Lulo,data/raw/FRUIT-16K/F_Lulo/110.jpg,data/raw/FRUIT-16K/F_Lulo/111.jpg
157caecccb0c45e67a1ceadbfad4f65fb003fa4bb7d171c39267a40eca1aa4cf,2,F_Lulo,data/raw/FRUIT-16K/F_Lulo/112.jpg,data/raw/FRUIT-16K/F_Lulo/113.jpg
3f875a2826fa1677dcdeab470250273d51b66574d9f2df6c07fdbdb778627d6a,2,F_Lulo,data/raw/FRUIT-16K/F_Lulo/114.jpg,data/raw/FRUIT-16K/F_Lulo/115.jpg
4e97b303d471fc113b1103b25f848b246ecbb6b1146a58b1f7cd30d9573d4f58,2,F_Lulo,data/raw/FRUIT-16K/F_Lulo/116.jpg,data/raw/FRUIT-16K/F_Lulo/117.jpg
aa3c4c7c7ecbec3e60fedf2913d1ce4c83f9aac9c1c8b70aaa47ef681cde3538,2,F_Lulo,data/raw/FRUIT-16K/F_Lulo/118.jpg,data/raw/FRUIT-16K/F_Lulo/119.jpg
15b429cfa2025c2803c39e5eb4184b31e182bd260d67297047e7438338afc679,2,F_Lulo,data/raw/FRUIT-16K/F_Lulo/120.jpg,data/raw/FRUIT-16K/F_Lulo/121.jpg
1a63a2634ce65995510956838cf1ea05773f3569cfcfefce421c13cf6f2ec56e,2,F_Lulo,data/raw/FRUIT-16K/F_Lulo/122.jpg,data/raw/FRUIT-16K/F_Lulo/123.jpg
29e1514a4c62d6ffae5512c9204c80129146949f2f75c402d6676cb753f7ef39,2,F_Lulo,data/raw/FRUIT-16K/F_Lulo/127.jpg,data/raw/FRUIT-16K/F_Lulo/128.jpg
e81ff728a411ce6828dd4f880b2e60e9f4b709257fc318f2177a7ccbfd9ebb1e,2,F_Lulo,data/raw/FRUIT-16K/F_Lulo/129.jpg,data/raw/FRUIT-16K/F_Lulo/130.jpg
e08eb11040e78a2c095b85e1b2e6b42c9000f1511cab7f57fa274afab5fec694,2,F_Lulo,data/raw/FRUIT-16K/F_Lulo/131.jpg,data/raw/FRUIT-16K/F_Lulo/132.jpg
fe193231841b9f9b31d499335257424ad3f72fb55d3570176ddedd1fe77fd7bc,2,F_Lulo,data/raw/FRUIT-16K/F_Lulo/133.jpg,data/raw/FRUIT-16K/F_Lulo/134.jpg
ea5c26855a08079aed748c73de9708b71d3d4de32e4cd2065e32fcbd9dee0fdd,2,F_Lulo,data/raw/FRUIT-16K/F_Lulo/135.jpg,data/raw/FRUIT-16K/F_Lulo/136.jpg
fb3fd73209e28378a7ade27ff87b0cf55888ec1282ce5db3b55254fe8bfc1bf0,2,F_Lulo,data/raw/FRUIT-16K/F_Lulo/137.jpg,data/raw/FRUIT-16K/F_Lulo/138.jpg
abd6d1aa3ca84a74b50e6039a1a330c5560c3781d19cff5e12567f01c1c9185f,2,F_Lulo,data/raw/FRUIT-16K/F_Lulo/139.jpg,data/raw/FRUIT-16K/F_Lulo/140.jpg
d1771ae372287f339d35364e97b894ddd1a85387c0b0772cc86d89f8404fcdf3,2,F_Lulo,data/raw/FRUIT-16K/F_Lulo/141.jpg,data/raw/FRUIT-16K/F_Lulo/142.jpg
29aebda0c79f72f157eefcdb73e4a516eea6883a5fed692ddfaef3ea814a4d13,2,F_Lulo,data/raw/FRUIT-16K/F_Lulo/143.jpg,data/raw/FRUIT-16K/F_Lulo/144.jpg
a25694aee9d76444861a200f01cfd606eafab1ef48a26b55b50a96b6564ae75e,2,F_Lulo,data/raw/FRUIT-16K/F_Lulo/148.jpg,data/raw/FRUIT-16K/F_Lulo/149.jpg
184dfabe67dcba9481279961f5f5510c64d7e78b3e40523a1bcd910c9c278fd3,2,F_Lulo,data/raw/FRUIT-16K/F_Lulo/150.jpg,data/raw/FRUIT-16K/F_Lulo/151.jpg
986cb30e2855147d1f6aa2e6f5cab579db42d0b0cc0e95737453db5e30207da3,2,F_Lulo,data/raw/FRUIT-16K/F_Lulo/152.jpg,data/raw/FRUIT-16K/F_Lulo/153.jpg
256bf196bb0c46af5b7b9af75b32e1add7521285fc3c8055bed4a2a564a2862f,2,F_Lulo,data/raw/FRUIT-16K/F_Lulo/154.jpg,data/raw/FRUIT-16K/F_Lulo/155.jpg
acc9be185ef5e1e3f664dc3c657f512d5081050f48bb2ac9299655f7eb74773a,2,F_Lulo,data/raw/FRUIT-16K/F_Lulo/156.jpg,data/raw/FRUIT-16K/F_Lulo/157.jpg
fec2340d05c89c1dc33b219e9825496cece33081d085ba4b87ad5991a9721f5a,2,F_Lulo,data/raw/FRUIT-16K/F_Lulo/158.jpg,data/raw/FRUIT-16K/F_Lulo/159.jpg
ca5e61efe9c45a83b95e5c188a5d05cbae2eb0e1338473bf8d4216bf42aff830,2,F_Lulo,data/raw/FRUIT-16K/F_Lulo/160.jpg,data/raw/FRUIT-16K/F_Lulo/161.jpg
9bd312e67089ed611997fc7895586b2371c25d9d6eef9163c3c13ae4a8214703,2,F_Lulo,data/raw/FRUIT-16K/F_Lulo/162.jpg,data/raw/FRUIT-16K/F_Lulo/163.jpg
24e77fcf7d696a214dfda03ccd2767aa0ae09f93d4232bfe89a82c33658516d0,2,F_Lulo,data/raw/FRUIT-16K/F_Lulo/164.jpg,data/raw/FRUIT-16K/F_Lulo/165.jpg
f332d9be80772c0ff7439832465b7a8355481f42e354129efdae1ab2ff8da7c9,2,F_Lulo,data/raw/FRUIT-16K/F_Lulo/169.jpg,data/raw/FRUIT-16K/F_Lulo/170.jpg
b11086936105df64b944c407c56bfed03ddd2f2a5cdddacde3e52054655b11bc,2,F_Lulo,data/raw/FRUIT-16K/F_Lulo/171.jpg,data/raw/FRUIT-16K/F_Lulo/172.jpg
eb6fef8217e711f66707d61678932d2346b13d5721e35a04605bcb664c950a7e,2,F_Lulo,data/raw/FRUIT-16K/F_Lulo/173.jpg,data/raw/FRUIT-16K/F_Lulo/174.jpg
4ebb917eb56c7a5b6febb9bafe7effedf810d7e030fc4ba2196d95407455239d,2,F_Lulo,data/raw/FRUIT-16K/F_Lulo/175.jpg,data/raw/FRUIT-16K/F_Lulo/176.jpg
2ffdf771d24173671b30eb47c561150ca6f56e48da9ea73dabdb0b83e6c8192b,2,F_Lulo,data/raw/FRUIT-16K/F_Lulo/177.jpg,data/raw/FRUIT-16K/F_Lulo/178.jpg
b49985e580cedf807943364de5b105ed2f92fe031dc01367d80277c21ce0d034,2,F_Lulo,data/raw/FRUIT-16K/F_Lulo/179.jpg,data/raw/FRUIT-16K/F_Lulo/180.jpg
e42e372a336a0322444f2f1a9bc4d75f0fa5d363a03979f9f71200cdf74c92c9,2,F_Lulo,data/raw/FRUIT-16K/F_Lulo/181.jpg,data/raw/FRUIT-16K/F_Lulo/182.jpg
46ad6f9034654e72d337cfece45ec34d80f2caa24c2766b4da7372de6a52285d,2,F_Lulo,data/raw/FRUIT-16K/F_Lulo/183.jpg,data/raw/FRUIT-16K/F_Lulo/184.jpg
db5a42535f6771726b39b1f3b8b59b74d7efc85ec9aca76187a20ae392521da4,2,F_Lulo,data/raw/FRUIT-16K/F_Lulo/185.jpg,data/raw/FRUIT-16K/F_Lulo/186.jpg
2b02b572076ab5838d7d3c472c538e2b490470337cb9006a245d75224a470b9a,2,F_Lulo,data/raw/FRUIT-16K/F_Lulo/190.jpg,data/raw/FRUIT-16K/F_Lulo/191.jpg
8a3258cf88ea9e3a640e75d06b0bd48d0821d6c78c6e4ef7e4364f691dbe8b31,2,F_Lulo,data/raw/FRUIT-16K/F_Lulo/192.jpg,data/raw/FRUIT-16K/F_Lulo/193.jpg
45104561a561ba53d088bbaf570276430bfb91d6e23f82a34e749faef1101647,2,F_Lulo,data/raw/FRUIT-16K/F_Lulo/194.jpg,data/raw/FRUIT-16K/F_Lulo/195.jpg
c7da224a840ba76d4a8c4f7300024183d90900a469c0ce6eeb007d2d388393c8,2,F_Lulo,data/raw/FRUIT-16K/F_Lulo/196.jpg,data/raw/FRUIT-16K/F_Lulo/197.jpg
9cf44ca972f486c9309d98a378446ac366e1b2351a9808055306811a78e53d37,2,F_Lulo,data/raw/FRUIT-16K/F_Lulo/198.jpg,data/raw/FRUIT-16K/F_Lulo/199.jpg
e53da52463fb91fcbda083124da449dbd25eee5cf72158643236205aab2fad8f,2,F_Lulo,data/raw/FRUIT-16K/F_Lulo/200.jpg,data/raw/FRUIT-16K/F_Lulo/201.jpg
55770c5c88869f6a43f5927d5e3b9003906f7aa38b0dc79e689c3872db502e0a,2,F_Lulo,data/raw/FRUIT-16K/F_Lulo/202.jpg,data/raw/FRUIT-16K/F_Lulo/203.jpg
1beed76c5248037b2929618c4dd00f140aed910b35bf68828fb41e1a4009a2c8,2,F_Lulo,data/raw/FRUIT-16K/F_Lulo/204.jpg,data/raw/FRUIT-16K/F_Lulo/205.jpg
ea71d933dfebc7e16ef22c1b42f88506d754dc3c17250cd137adaac8e5e450c1,2,F_Lulo,data/raw/FRUIT-16K/F_Lulo/206.jpg,data/raw/FRUIT-16K/F_Lulo/207.jpg
1542e176bbbee38eef47e4d266a487a8459b2fcfed71e33c9656363379ab3c99,2,F_Lulo,data/raw/FRUIT-16K/F_Lulo/211.jpg,data/raw/FRUIT-16K/F_Lulo/212.jpg
85f9b69dcdaf92ed1f2c8c3b1d81f095acb900198385cecc7e78c06e671afaa2,2,F_Lulo,data/raw/FRUIT-16K/F_Lulo/213.jpg,data/raw/FRUIT-16K/F_Lulo/214.jpg
0801403e5156fe37f23a73ae6a2fa594cba99026a831435995878187e3f100f3,2,F_Lulo,data/raw/FRUIT-16K/F_Lulo/215.jpg,data/raw/FRUIT-16K/F_Lulo/216.jpg
499aa59d5a3e0a73527757fd62fb5bb647992128aa0843a2514c650bcabe0332,2,F_Lulo,data/raw/FRUIT-16K/F_Lulo/217.jpg,data/raw/FRUIT-16K/F_Lulo/218.jpg
e67332cb469304f2586d2cfcda9bc1eb002fc30f7dcd2f24de571612d993df87,2,F_Lulo,data/raw/FRUIT-16K/F_Lulo/219.jpg,data/raw/FRUIT-16K/F_Lulo/220.jpg
e1bd85a599a2557282f7a23b882a091f332471195813807bd369e48f6329fffa,2,F_Lulo,data/raw/FRUIT-16K/F_Lulo/221.jpg,data/raw/FRUIT-16K/F_Lulo/222.jpg
f98f54b8c32c041f930472f36261aef7ed335ee9e25a1cbdbfa48654162fb3ec,2,F_Lulo,data/raw/FRUIT-16K/F_Lulo/223.jpg,data/raw/FRUIT-16K/F_Lulo/224.jpg
6fc24f619d32aa39c7f39e3e7a9ea4efb26af48b1f1915c43290b3ec109192e0,2,F_Lulo,data/raw/FRUIT-16K/F_Lulo/225.jpg,data/raw/FRUIT-16K/F_Lulo/226.jpg
3b8a749841e5cdde067f1b375e3b55904ca7605ee0a723c1315038217c9f8661,2,F_Lulo,data/raw/FRUIT-16K/F_Lulo/227.jpg,data/raw/FRUIT-16K/F_Lulo/228.jpg
a36764e23cc683700eab3d8064f9f0675e5e4dc636e26a87d4373b3b4b368d0a,2,F_Lulo,data/raw/FRUIT-16K/F_Lulo/232.jpg,data/raw/FRUIT-16K/F_Lulo/233.jpg
bc8ab429333ecd455a0c066f7eb6a2e3834ebec84464ed70fe707e203cc9d706,2,F_Lulo,data/raw/FRUIT-16K/F_Lulo/234.jpg,data/raw/FRUIT-16K/F_Lulo/235.jpg
29456cedddc72065d3410c13be1e7d97c40cc51f58e0171063e1d5738c090357,2,F_Lulo,data/raw/FRUIT-16K/F_Lulo/236.jpg,data/raw/FRUIT-16K/F_Lulo/237.jpg
df7d2dc05766573927787bfab23e38fa111e64e4cd7b07e0e7e7aeaa93e7c35c,2,F_Lulo,data/raw/FRUIT-16K/F_Lulo/238.jpg,data/raw/FRUIT-16K/F_Lulo/239.jpg
7bd1e10e796cad85243a07ec1ddd0d694641d8a48958a86b1b70b6d5534c954d,2,F_Lulo,data/raw/FRUIT-16K/F_Lulo/240.jpg,data/raw/FRUIT-16K/F_Lulo/241.jpg
e2a7171a0f6cf35923cd3258355550987f3d1278ae1084faeca1c881c3744b53,2,F_Lulo,data/raw/FRUIT-16K/F_Lulo/242.jpg,data/raw/FRUIT-16K/F_Lulo/243.jpg
90c21c5d50bf26d00ee6ea7d54f2be1b7bcfc3324140a76eb31af2701d2f9695,2,F_Lulo,data/raw/FRUIT-16K/F_Lulo/244.jpg,data/raw/FRUIT-16K/F_Lulo/245.jpg
6509fafccfe73bb9572f43ee2d7901a35a4acf7082dada4c3d2732d0cba9769c,2,F_Lulo,data/raw/FRUIT-16K/F_Lulo/246.jpg,data/raw/FRUIT-16K/F_Lulo/247.jpg
f3f1e7bf362c6a8eca63ae463ebcaf2dd2c1d03d4f563a64723b2dc76fec2c75,2,F_Lulo,data/raw/FRUIT-16K/F_Lulo/248.jpg,data/raw/FRUIT-16K/F_Lulo/249.jpg
ce6b21c2eb2dd67600bbc081dfadd4d6bd5f84b1d0ee7ce4acf30a9da7195756,2,F_Lulo,data/raw/FRUIT-16K/F_Lulo/253.jpg,data/raw/FRUIT-16K/F_Lulo/254.jpg
477b5da72cc664edff3c1b6712a179670ea8716d4c0d48f4a9ffc477fb6a96d9,2,F_Lulo,data/raw/FRUIT-16K/F_Lulo/255.jpg,data/raw/FRUIT-16K/F_Lulo/256.jpg
331e76953b0f05c1cb4ae9ec50614804d4f9f59c03b7574250b3a1ba16386807,2,F_Lulo,data/raw/FRUIT-16K/F_Lulo/257.jpg,data/raw/FRUIT-16K/F_Lulo/258.jpg
eeca39e33f4b07a6bf5649582383997e8252b3e9aef8552acd0715613ccd3979,2,F_Lulo,data/raw/FRUIT-16K/F_Lulo/259.jpg,data/raw/FRUIT-16K/F_Lulo/260.jpg
7f3a4c03130b13786ec4bf2fc68ac5361e4d161528b5d869b1be95027820d71c,2,F_Lulo,data/raw/FRUIT-16K/F_Lulo/261.jpg,data/raw/FRUIT-16K/F_Lulo/262.jpg
9e7df6b5db4b2e90277c245f3711227b732a746018e66ee36f8afd31d111e6ae,2,F_Lulo,data/raw/FRUIT-16K/F_Lulo/263.jpg,data/raw/FRUIT-16K/F_Lulo/264.jpg
3a0c27772a51924b7d56936363d7e20f12352fe49b9eaf8fbda7009654a64031,2,F_Lulo,data/raw/FRUIT-16K/F_Lulo/265.jpg,data/raw/FRUIT-16K/F_Lulo/266.jpg
2e8d56843e1ccbaa07e9160112070bbc113fa32020cb089beaf1e675be84f0d3,2,F_Lulo,data/raw/FRUIT-16K/F_Lulo/267.jpg,data/raw/FRUIT-16K/F_Lulo/268.jpg
b0dbf56058dc9da32f86aa61c3bb9efc650ba13d7ea2c505de6c71a1f8046754,2,F_Lulo,data/raw/FRUIT-16K/F_Lulo/269.jpg,data/raw/FRUIT-16K/F_Lulo/270.jpg
f8be41477b2c4e055b7aae9514a7a5b4e3029cc89e42dcf2792051a8be001c83,2,F_Lulo,data/raw/FRUIT-16K/F_Lulo/274.jpg,data/raw/FRUIT-16K/F_Lulo/275.jpg
780b43844d33acd43b2b786afb889263d292bd0c2e9957c88402a4f66c437533,2,F_Lulo,data/raw/FRUIT-16K/F_Lulo/276.jpg,data/raw/FRUIT-16K/F_Lulo/277.jpg
fcbab82d176b7785cee1c788b9c1e1466c7bb6876162de51dd90ca05ee90b0d0,2,F_Lulo,data/raw/FRUIT-16K/F_Lulo/278.jpg,data/raw/FRUIT-16K/F_Lulo/279.jpg
b5442385aa25701d353681fdf905842e22875b3a4d3e8046ca06ec93bf1f6edd,2,F_Lulo,data/raw/FRUIT-16K/F_Lulo/280.jpg,data/raw/FRUIT-16K/F_Lulo/281.jpg
07782f2633aa499476932aad81067b4a1479d712f81351aa1439fc60931afeaf,2,F_Lulo,data/raw/FRUIT-16K/F_Lulo/282.jpg,data/raw/FRUIT-16K/F_Lulo/283.jpg
b01b9709e7706009a2eb22efb1b75eabef6bbf1466377fc1841d6900993fd6ad,2,F_Lulo,data/raw/FRUIT-16K/F_Lulo/284.jpg,data/raw/FRUIT-16K/F_Lulo/285.jpg
d4e4bf1d33719bfd1621254133f154b5046324a38f9f6cc6025ed16789605473,2,F_Lulo,data/raw/FRUIT-16K/F_Lulo/286.jpg,data/raw/FRUIT-16K/F_Lulo/287.jpg
a34a31cffdb14316bb350b76736e30c98f86259ff8b68eb6c67976cc304b09fc,2,F_Lulo,data/raw/FRUIT-16K/F_Lulo/288.jpg,data/raw/FRUIT-16K/F_Lulo/289.jpg
a30799c3b1de1c6a36803fb4d704ac3ac708f4bbd31c35e88209b19a2cce7b70,2,F_Lulo,data/raw/FRUIT-16K/F_Lulo/290.jpg,data/raw/FRUIT-16K/F_Lulo/291.jpg
3ec2e1bc77e259bbd32b5c091273663bab8616727cf7b23f1119a8acc49739e2,2,F_Lulo,data/raw/FRUIT-16K/F_Lulo/295.jpg,data/raw/FRUIT-16K/F_Lulo/296.jpg
c9108fa2c6069d22e62b4a533f5e2cf83085a37c087903af4b9c69058f8928dd,2,F_Lulo,data/raw/FRUIT-16K/F_Lulo/297.jpg,data/raw/FRUIT-16K/F_Lulo/298.jpg
6c48ec6783f30f29d8642811b37e1e0e978b3bc08565aa81c159311b8a7d1981,2,F_Lulo,data/raw/FRUIT-16K/F_Lulo/299.jpg,data/raw/FRUIT-16K/F_Lulo/300.jpg
7ab388e2d33c99058309ba3806dc40391c4a8a920e6412a8923a0429a62627d7,2,F_Lulo,data/raw/FRUIT-16K/F_Lulo/301.jpg,data/raw/FRUIT-16K/F_Lulo/302.jpg
ae57af57b3814d8c030b31f0822c7c3444a7aad93af11fac9825e6de04537799,2,F_Lulo,data/raw/FRUIT-16K/F_Lulo/303.jpg,data/raw/FRUIT-16K/F_Lulo/304.jpg
5d81d7c3e450a428717816d66c147a2e302870c0c2bd2cfd95c28db056d287ea,2,F_Lulo,data/raw/FRUIT-16K/F_Lulo/305.jpg,data/raw/FRUIT-16K/F_Lulo/306.jpg
d9ba5f86e93e40c6703c6ccde0657a31c23cfc979316416136bc279eb144dbe4,2,F_Lulo,data/raw/FRUIT-16K/F_Lulo/307.jpg,data/raw/FRUIT-16K/F_Lulo/308.jpg
20e84058d54d34cc8360b3a4285640fcf7d981e164b280d2363b40ac41938458,2,F_Lulo,data/raw/FRUIT-16K/F_Lulo/309.jpg,data/raw/FRUIT-16K/F_Lulo/310.jpg
b47e219be9a601cee472a3f12173e2dad63f431f8fe34b2625090686dc9a2b6d,2,F_Lulo,data/raw/FRUIT-16K/F_Lulo/311.jpg,data/raw/FRUIT-16K/F_Lulo/312.jpg
006f990ecf26c19013c090bfdc50b28664440d5f0fdb63d4c2d879155410ae28,2,F_Lulo,data/raw/FRUIT-16K/F_Lulo/316.jpg,data/raw/FRUIT-16K/F_Lulo/317.jpg
7cf3d8098759a28dd337602a8c0168f9b2a81ea51c9e46dfe4837f85931ecf2b,2,F_Lulo,data/raw/FRUIT-16K/F_Lulo/318.jpg,data/raw/FRUIT-16K/F_Lulo/319.jpg
bd10dfdd5c67187ba85b531845b64be57c28bfa36cf5f40f677e213af14ed268,2,F_Lulo,data/raw/FRUIT-16K/F_Lulo/320.jpg,data/raw/FRUIT-16K/F_Lulo/321.jpg
11528c97a0c9535ad0c0e1acf5ba2bbac6e79686ad6b2fa610256e572049b2c2,2,F_Lulo,data/raw/FRUIT-16K/F_Lulo/322.jpg,data/raw/FRUIT-16K/F_Lulo/323.jpg
71e8f191204338465be62ef2ea52eb5b26aa3e5be27714bcf6f6cbcbfacd4561,2,F_Lulo,data/raw/FRUIT-16K/F_Lulo/324.jpg,data/raw/FRUIT-16K/F_Lulo/325.jpg
11780c2ef348355f292ffb1385fcbb45a452ba5ae81b77ee00b7b1ce8068e9c2,2,F_Lulo,data/raw/FRUIT-16K/F_Lulo/326.jpg,data/raw/FRUIT-16K/F_Lulo/327.jpg
5a0872f4934a185561bb0237bfd998e398f7cf7e5e7185d5078578a535962fd9,2,F_Lulo,data/raw/FRUIT-16K/F_Lulo/328.jpg,data/raw/FRUIT-16K/F_Lulo/329.jpg
34922799a840687ddff7e913f33e6b28c77c20dd48675270ea0e4c54a8e3951f,2,F_Lulo,data/raw/FRUIT-16K/F_Lulo/330.jpg,data/raw/FRUIT-16K/F_Lulo/331.jpg
cadfd3de4bb523987070dbe098b47a61f17efedbb30e4b8f878492a2fdd69419,2,F_Lulo,data/raw/FRUIT-16K/F_Lulo/332.jpg,data/raw/FRUIT-16K/F_Lulo/333.jpg
333bf46669942e3fb4bef9c2c7f44e343a2f4c8918bac9f6d1c397d584663789,2,F_Lulo,data/raw/FRUIT-16K/F_Lulo/337.jpg,data/raw/FRUIT-16K/F_Lulo/338.jpg
2d90615e5a5d73cc4dad94ef45983f38e657fc0bed6a55a58cf582939ee0a465,2,F_Lulo,data/raw/FRUIT-16K/F_Lulo/339.jpg,data/raw/FRUIT-16K/F_Lulo/340.jpg
14d54aab8afbd2cfbc56478d20264253611d2a285f9b5e628e2381a99ff434ae,2,F_Lulo,data/raw/FRUIT-16K/F_Lulo/341.jpg,data/raw/FRUIT-16K/F_Lulo/342.jpg
b4cd05fbc0e6db3327534b3aa51233fc4a9583803e105df13f3c7f57863e50e1,2,F_Lulo,data/raw/FRUIT-16K/F_Lulo/343.jpg,data/raw/FRUIT-16K/F_Lulo/344.jpg
357eff261c3cb385b0f07daa23eb38434904e521f8aae9e8f709b4a193e949fd,2,F_Lulo,data/raw/FRUIT-16K/F_Lulo/345.jpg,data/raw/FRUIT-16K/F_Lulo/346.jpg
c8be0b49cea30e5857c9700b5362bf3198cf03f20fec4acee10b846cd94a3d84,2,F_Lulo,data/raw/FRUIT-16K/F_Lulo/347.jpg,data/raw/FRUIT-16K/F_Lulo/348.jpg
5164a1253f74121f1d02a44cb2450a2c7a2ca8eb9fda98ebfb94225f2c6a18d5,2,F_Lulo,data/raw/FRUIT-16K/F_Lulo/349.jpg,data/raw/FRUIT-16K/F_Lulo/350.jpg
e686dd2170ab42773560d40da1b3a6da38e09394cc16cd07b834cccef63d7097,2,F_Lulo,data/raw/FRUIT-16K/F_Lulo/351.jpg,data/raw/FRUIT-16K/F_Lulo/352.jpg
38ebb484831f78676d56eeb671ec22cf7ecb0fdd568bf5a944ecc1d59c07329c,2,F_Lulo,data/raw/FRUIT-16K/F_Lulo/353.jpg,data/raw/FRUIT-16K/F_Lulo/354.jpg
da80a0f537a7bbbe28c2bad1b9fe2e9d910c2089bd1f5b003561c4c9233a7196,2,F_Lulo,data/raw/FRUIT-16K/F_Lulo/358.jpg,data/raw/FRUIT-16K/F_Lulo/359.jpg
19412f9699127f03ccb6a5e4962859c64477567395672ae1e1aabc09c15b003e,2,F_Lulo,data/raw/FRUIT-16K/F_Lulo/360.jpg,data/raw/FRUIT-16K/F_Lulo/361.jpg
5aed9fe3eb8e61a0cca6db0c6b31b355e39636c9356733959f40fa86f6e0d93b,2,F_Lulo,data/raw/FRUIT-16K/F_Lulo/362.jpg,data/raw/FRUIT-16K/F_Lulo/363.jpg
46e409ca20236b7d41afbb64109af34c99a5203e23a3731dd77208111d5206db,2,F_Lulo,data/raw/FRUIT-16K/F_Lulo/364.jpg,data/raw/FRUIT-16K/F_Lulo/365.jpg
3bcaf41afbdf3ff449ddb57607ee7387bf2e2bc04928ecc6e65786b1fbc3cc6f,2,F_Lulo,data/raw/FRUIT-16K/F_Lulo/366.jpg,data/raw/FRUIT-16K/F_Lulo/367.jpg
bbadea8ab76eb44fe77c7fcf87b8b5d81193513bf24dd664c183fca3d0b09c3a,2,F_Lulo,data/raw/FRUIT-16K/F_Lulo/368.jpg,data/raw/FRUIT-16K/F_Lulo/369.jpg
8679f373a1d3afcef4d13a645f0e0452a93f4d48567e3cc6514d680bb4737847,2,F_Lulo,data/raw/FRUIT-16K/F_Lulo/370.jpg,data/raw/FRUIT-16K/F_Lulo/371.jpg
32710bab798d2251bb4cbb04f868935eba28268accd9cf0f1da8c9308e12f97a,2,F_Lulo,data/raw/FRUIT-16K/F_Lulo/372.jpg,data/raw/FRUIT-16K/F_Lulo/373.jpg
bc48ef1cb1e86f9a67cda7b93e44f70fbfdd55e0f5bb188e97a9af0b65930ae3,2,F_Lulo,data/raw/FRUIT-16K/F_Lulo/374.jpg,data/raw/FRUIT-16K/F_Lulo/375.jpg
584a7500cea55a8fa82d9a7f1ba695567337db6c5d1c46dd014ce6fd634cd9f1,2,F_Lulo,data/raw/FRUIT-16K/F_Lulo/379.jpg,data/raw/FRUIT-16K/F_Lulo/380.jpg
92bb2eb4170aa1d732fbdea88e7db267c8a9d66cf8dcfe1698e7da567bc2ece3,2,F_Lulo,data/raw/FRUIT-16K/F_Lulo/381.jpg,data/raw/FRUIT-16K/F_Lulo/382.jpg
04fd81ee9796ab56094adaaf72c9b5d8bf67b6b929b42f57872d01c8dd6fe020,2,F_Lulo,data/raw/FRUIT-16K/F_Lulo/383.jpg,data/raw/FRUIT-16K/F_Lulo/384.jpg
57650a4626b7ebd04e96b295947a8e8f31fc5ff074bf67ed9852fb02bb23fa30,2,F_Lulo,data/raw/FRUIT-16K/F_Lulo/385.jpg,data/raw/FRUIT-16K/F_Lulo/386.jpg
ab31587286b8d853daca6247c48b99f1a2390107e562667dbcedba2e312452b5,2,F_Lulo,data/raw/FRUIT-16K/F_Lulo/387.jpg,data/raw/FRUIT-16K/F_Lulo/388.jpg
363a4f30c46462655e75b115ee301690aa35c74a7f2d1fb2d6398d4aac3e8268,2,F_Lulo,data/raw/FRUIT-16K/F_Lulo/389.jpg,data/raw/FRUIT-16K/F_Lulo/390.jpg
5d9e47c735a4eb03ed26d36d370f949240aeebb117a2bdd9b079072eb2d691ae,2,F_Lulo,data/raw/FRUIT-16K/F_Lulo/391.jpg,data/raw/FRUIT-16K/F_Lulo/392.jpg
d5c9ddfd7471e6c98e1b104c20d2311920a8b2c5399764b36a7e7c2bbae8b08a,2,F_Lulo,data/raw/FRUIT-16K/F_Lulo/393.jpg,data/raw/FRUIT-16K/F_Lulo/394.jpg
e9a4b51c1eae99640bfa9ca47057d19120a72f0dd53f19477096a3a9578dd928,2,F_Lulo,data/raw/FRUIT-16K/F_Lulo/395.jpg,data/raw/FRUIT-16K/F_Lulo/396.jpg
f4611d66b956a2409338ea39e10130c0df0c37f89636a1ab9d4fb3737e1be2a2,2,F_Lulo,data/raw/FRUIT-16K/F_Lulo/400.jpg,data/raw/FRUIT-16K/F_Lulo/401.jpg
c69ca0a5aa37b9a539b0cc5cf19703b6730b86d8a8d7a559863b304f701aad36,2,F_Lulo,data/raw/FRUIT-16K/F_Lulo/402.jpg,data/raw/FRUIT-16K/F_Lulo/403.jpg
91388cee77ac85dd6782094ed3352eda831b9211b6aa9d6f4ad751dbf82ec6fc,2,F_Lulo,data/raw/FRUIT-16K/F_Lulo/404.jpg,data/raw/FRUIT-16K/F_Lulo/405.jpg
c10216ee4023fdb65ebd8b16b9fd03280b8b910b40d01f815c9f02f9b155d6a5,2,F_Lulo,data/raw/FRUIT-16K/F_Lulo/406.jpg,data/raw/FRUIT-16K/F_Lulo/407.jpg
6cbedcb5b3c61cd0662bde9f31cd76b0dcd6b90cd9a8360c5439934d0e808e2d,2,F_Lulo,data/raw/FRUIT-16K/F_Lulo/408.jpg,data/raw/FRUIT-16K/F_Lulo/409.jpg
9b2f8fea8dbdd67a9bef660725ef5d997bb4a12f8f8faf5e48fd476b116eab86,2,F_Lulo,data/raw/FRUIT-16K/F_Lulo/410.jpg,data/raw/FRUIT-16K/F_Lulo/411.jpg
e74357b7f3c65497609c11851c0bddf723d88683a9bced6830bc5aa97c7cd22b,2,F_Lulo,data/raw/FRUIT-16K/F_Lulo/412.jpg,data/raw/FRUIT-16K/F_Lulo/413.jpg
070b401d5062605fc3550078d9cdacfe0aa570eaa2812f15a8a3596bed95131a,2,F_Lulo,data/raw/FRUIT-16K/F_Lulo/414.jpg,data/raw/FRUIT-16K/F_Lulo/415.jpg
ba3acfe71706f7b105e888de4272fbf5c6c4d84c231a023121cee2140a431a2d,2,F_Lulo,data/raw/FRUIT-16K/F_Lulo/416.jpg,data/raw/FRUIT-16K/F_Lulo/417.jpg
ea9e7e6fea7669ac77fd45cef22f9a326a3d924e2ec3b0b067723585445b1a38,2,F_Lulo,data/raw/FRUIT-16K/F_Lulo/421.jpg,data/raw/FRUIT-16K/F_Lulo/422.jpg
85de9e41ef72bc406684461698160b6708fc3f4814cea21d22770c4ef052bb93,2,F_Lulo,data/raw/FRUIT-16K/F_Lulo/423.jpg,data/raw/FRUIT-16K/F_Lulo/424.jpg
bbb5c670efc16517a9b4b588bb16622317351da8f331469e97f225a5f490c367,2,F_Lulo,data/raw/FRUIT-16K/F_Lulo/425.jpg,data/raw/FRUIT-16K/F_Lulo/426.jpg
c2c28b6c64757f8a889ea486879549788b162952414a5fba5cb76bae3d32ba55,2,F_Lulo,data/raw/FRUIT-16K/F_Lulo/427.jpg,data/raw/FRUIT-16K/F_Lulo/428.jpg
adcfa02240f73076eb8ed9570dceb754de7d08a2e85bbf11951b0d226713e4cc,2,F_Lulo,data/raw/FRUIT-16K/F_Lulo/429.jpg,data/raw/FRUIT-16K/F_Lulo/430.jpg
09c12f34e3fdf323cc95e4760cd8bfd9d4ba5c69b1c03965e69483871dfb2eed,2,F_Lulo,data/raw/FRUIT-16K/F_Lulo/431.jpg,data/raw/FRUIT-16K/F_Lulo/432.jpg
d0cb6408614ac8e31da284f67ecb564d2b2b2423cdf87413edfde22fac745a43,2,F_Lulo,data/raw/FRUIT-16K/F_Lulo/433.jpg,data/raw/FRUIT-16K/F_Lulo/434.jpg
c312801b75919a648a708788bcf88485d92d4eedac67ebe9bfbd8801c7eeda9c,2,F_Lulo,data/raw/FRUIT-16K/F_Lulo/435.jpg,data/raw/FRUIT-16K/F_Lulo/436.jpg
a8a09cd901809f22ad79085af08b1189b87c6b960e90579462fad2e8609daa3f,2,F_Lulo,data/raw/FRUIT-16K/F_Lulo/437.jpg,data/raw/FRUIT-16K/F_Lulo/438.jpg
5d1c78a8d9807a64d500787e26d0ec4fb16b041a9f0becc07e1a72c6987bec3c,2,F_Lulo,data/raw/FRUIT-16K/F_Lulo/442.jpg,data/raw/FRUIT-16K/F_Lulo/443.jpg
fea109f01b42185c9b460ff0a5dc80f29f992fb0cd5ea4ec75102fea8d750819,2,F_Lulo,data/raw/FRUIT-16K/F_Lulo/444.jpg,data/raw/FRUIT-16K/F_Lulo/445.jpg
483fbd10f526e81f2abce6128aaf3c145b8bd123f9b5f8170f27a884e6372af2,2,F_Lulo,data/raw/FRUIT-16K/F_Lulo/446.jpg,data/raw/FRUIT-16K/F_Lulo/447.jpg
d1bf467ee2a536d60d46f2bb9adb602b5a33df5d2e1051a20561f695c41268ae,2,F_Lulo,data/raw/FRUIT-16K/F_Lulo/448.jpg,data/raw/FRUIT-16K/F_Lulo/449.jpg
ab1d277a0fc71485acb5a23bd3614fd79f83f19602948be08add0218be36b96c,2,F_Lulo,data/raw/FRUIT-16K/F_Lulo/450.jpg,data/raw/FRUIT-16K/F_Lulo/451.jpg
26de30a85e78dd9a8c38155e9959c01be87f9f954a452b2f8c85bb02f0e1c201,2,F_Lulo,data/raw/FRUIT-16K/F_Lulo/452.jpg,data/raw/FRUIT-16K/F_Lulo/453.jpg
27479e7b634131936b4798d614713cefd1a912d05e391162e3fb1429d9452714,2,F_Lulo,data/raw/FRUIT-16K/F_Lulo/454.jpg,data/raw/FRUIT-16K/F_Lulo/455.jpg
3e66f7755982f2f648c3c4cc92d6e46976d4cb61504934575d97a5dcf8cc96a4,2,F_Lulo,data/raw/FRUIT-16K/F_Lulo/456.jpg,data/raw/FRUIT-16K/F_Lulo/457.jpg
6878032632b900ec11230863c46a80e449eca9dfa1b8d83c7b4de6d60947af90,2,F_Lulo,data/raw/FRUIT-16K/F_Lulo/458.jpg,data/raw/FRUIT-16K/F_Lulo/459.jpg
75737f6ca24969583fc0e261aebfa909383d1122cf439e0221caee21f08e82db,2,F_Lulo,data/raw/FRUIT-16K/F_Lulo/463.jpg,data/raw/FRUIT-16K/F_Lulo/464.jpg
32eacc00a9896e4e7c176097250bcb1104b34f1892696cc73ec416807de6d156,2,F_Lulo,data/raw/FRUIT-16K/F_Lulo/465.jpg,data/raw/FRUIT-16K/F_Lulo/466.jpg
0358ff8735da431a070684a4de119fb510998633ba7930cbc5bccec5d6a2c9b4,2,F_Lulo,data/raw/FRUIT-16K/F_Lulo/467.jpg,data/raw/FRUIT-16K/F_Lulo/468.jpg
6d298a797003282df5974686af07293deb8451b7526c529754e39627594a610d,2,F_Lulo,data/raw/FRUIT-16K/F_Lulo/469.jpg,data/raw/FRUIT-16K/F_Lulo/470.jpg
25e447d1d6a943091aa5f971911df11352ae750a46472c36803a0f8a123af8ce,2,F_Lulo,data/raw/FRUIT-16K/F_Lulo/471.jpg,data/raw/FRUIT-16K/F_Lulo/472.jpg
913783389430e0ff8c471a8839612922cec892cdc7f3cf2bf5736253dea5a8f7,2,F_Lulo,data/raw/FRUIT-16K/F_Lulo/473.jpg,data/raw/FRUIT-16K/F_Lulo/474.jpg
4ccc2f922521e9e0f62e38464338238e2ddf18020fc7fa9bf4c45396533875b4,2,F_Lulo,data/raw/FRUIT-16K/F_Lulo/475.jpg,data/raw/FRUIT-16K/F_Lulo/476.jpg
57d2c5b22845dee6b057923db8591ee00f49602871ca9cc5fe3dc7fe01ff5ed3,2,F_Lulo,data/raw/FRUIT-16K/F_Lulo/477.jpg,data/raw/FRUIT-16K/F_Lulo/478.jpg
f1481e5dc174df4d14dfb3c940660c991a21842c93e99fb8de9ff7c802b55086,2,F_Lulo,data/raw/FRUIT-16K/F_Lulo/479.jpg,data/raw/FRUIT-16K/F_Lulo/480.jpg
fe4db6a95978c860481a688841c6c51717fd99a6c38ea65f7fcdc50d06f5c74c,2,F_Lulo,data/raw/FRUIT-16K/F_Lulo/484.jpg,data/raw/FRUIT-16K/F_Lulo/485.jpg
7e608617a2da814bf2671fed1614772a43f2b4e076f4516ea55fdd3be5e71837,2,F_Lulo,data/raw/FRUIT-16K/F_Lulo/486.jpg,data/raw/FRUIT-16K/F_Lulo/487.jpg
f25739ee049743914f3f1951b7975f476b1e779e7704c73df2e25f2048d1bfbe,2,F_Lulo,data/raw/FRUIT-16K/F_Lulo/488.jpg,data/raw/FRUIT-16K/F_Lulo/489.jpg
fe48160e064bf3d1f05346d08eb9b7543ac9bb3ff927eea70ae325feb4c8bcf6,2,F_Lulo,data/raw/FRUIT-16K/F_Lulo/490.jpg,data/raw/FRUIT-16K/F_Lulo/491.jpg
7d980e99715f390bb56f564334874044cb2b098ab75f7c8acbaa3cc094619987,2,F_Lulo,data/raw/FRUIT-16K/F_Lulo/492.jpg,data/raw/FRUIT-16K/F_Lulo/493.jpg
9a2d9f191d3474ce06333e59c502641483dcce969fe90bdf41b14b5c6e31c7e1,2,F_Lulo,data/raw/FRUIT-16K/F_Lulo/494.jpg,data/raw/FRUIT-16K/F_Lulo/495.jpg
76ef5dcdfab303d41cebcb187e88ccfebf57a3ca85a2a994bfb30ca99156d8f4,2,F_Lulo,data/raw/FRUIT-16K/F_Lulo/496.jpg,data/raw/FRUIT-16K/F_Lulo/497.jpg
c89378571dbb910b31037accb47f113b3fec22e5101d1c76894e108938282a9b,2,F_Lulo,data/raw/FRUIT-16K/F_Lulo/498.jpg,data/raw/FRUIT-16K/F_Lulo/499.jpg
ba06968efb03186e9d041e7ed1657bbb4c926152873a2a23ff08cc097234aa30,2,F_Lulo,data/raw/FRUIT-16K/F_Lulo/500.jpg,data/raw/FRUIT-16K/F_Lulo/501.jpg
91c22350f7881c3c7ab729f73d9bbdaab34312e88975238cc3ec038735f7e9ef,2,F_Lulo,data/raw/FRUIT-16K/F_Lulo/505.jpg,data/raw/FRUIT-16K/F_Lulo/506.jpg
0b9e5bd028ebe0985df06b38312e97804f7b06712bbde38377a714433eb7cd4f,2,F_Lulo,data/raw/FRUIT-16K/F_Lulo/507.jpg,data/raw/FRUIT-16K/F_Lulo/508.jpg
7688d265d589ffcc77cb17a2de7f11a753a4b165ec814e6b54e0d12991bb6279,2,F_Lulo,data/raw/FRUIT-16K/F_Lulo/509.jpg,data/raw/FRUIT-16K/F_Lulo/510.jpg
12287f922e34a39555869b7cea66e165af6d6717853c1faf8ab46dda42628cb5,2,F_Lulo,data/raw/FRUIT-16K/F_Lulo/511.jpg,data/raw/FRUIT-16K/F_Lulo/512.jpg
dc71bdc41f103b53424a36f836b6491ce22556a415aba386f0a6fc0d83638b9b,2,F_Lulo,data/raw/FRUIT-16K/F_Lulo/513.jpg,data/raw/FRUIT-16K/F_Lulo/514.jpg
45eea687288bbaa549f21a8a6d9203d0be6f56c82135398713e0c7621d0f123b,2,F_Lulo,data/raw/FRUIT-16K/F_Lulo/515.jpg,data/raw/FRUIT-16K/F_Lulo/516.jpg
9a43fbc1ae64401bbdeb5823b8d86d5e2833e21fc4fb715e8afc426c9521d9b9,2,F_Lulo,data/raw/FRUIT-16K/F_Lulo/517.jpg,data/raw/FRUIT-16K/F_Lulo/518.jpg
0b86a14a08e3b6f462185863c07a758fba10da60e9c7bfae68568ec26c769019,2,F_Lulo,data/raw/FRUIT-16K/F_Lulo/519.jpg,data/raw/FRUIT-16K/F_Lulo/520.jpg
592d3ee4b90c3339793b8ef391496d56cce4fb3ce56b44311b75ddb8cfe3ecc1,2,F_Lulo,data/raw/FRUIT-16K/F_Lulo/521.jpg,data/raw/FRUIT-16K/F_Lulo/522.jpg
eb9bcd71f307d068dc9f85552edc71f833d882fb461361bb94bdad0fd93aab6b,2,F_Lulo,data/raw/FRUIT-16K/F_Lulo/523.jpg,data/raw/FRUIT-16K/F_Lulo/524.jpg
633b5a4d37349c811ecc05d905542ee64215331eeda4a0afa70545682c155444,2,F_Lulo,data/raw/FRUIT-16K/F_Lulo/527.jpg,data/raw/FRUIT-16K/F_Lulo/528.jpg
a7cef825dc034e5f4640b59fac751b9480064e4a0bfb5fdaff578fd05f7ea324,2,F_Lulo,data/raw/FRUIT-16K/F_Lulo/529.jpg,data/raw/FRUIT-16K/F_Lulo/530.jpg
bef0a953782b876fdc61de6ce1ea878ef1da553254bf70604dee2fc00674fc3a,2,F_Lulo,data/raw/FRUIT-16K/F_Lulo/531.jpg,data/raw/FRUIT-16K/F_Lulo/532.jpg
37d7f95401ec5a5446483c928695498d76885f7e5b393e70348bd11a26bf7e64,2,F_Lulo,data/raw/FRUIT-16K/F_Lulo/533.jpg,data/raw/FRUIT-16K/F_Lulo/534.jpg
b2a8ad13565060e31f11d3fbc5bf6c999d5fe1d9be6c995b0e64cea2f6255cd4,2,F_Lulo,data/raw/FRUIT-16K/F_Lulo/535.jpg,data/raw/FRUIT-16K/F_Lulo/536.jpg
0cc8e545385bb53e8beef1691f49171582243917dcb0fa92713b3a7b18ca3c61,2,F_Lulo,data/raw/FRUIT-16K/F_Lulo/537.jpg,data/raw/FRUIT-16K/F_Lulo/538.jpg
7ebd77bef813a173a8bc421496093f5442421abf0bf22bba3a1b865a8a4ce894,2,F_Lulo,data/raw/FRUIT-16K/F_Lulo/539.jpg,data/raw/FRUIT-16K/F_Lulo/540.jpg
6cfbc4dfd40c28fdfd78fcb7d9ed13399c1ebcd61177d0e3b72de549f33e3750,2,F_Lulo,data/raw/FRUIT-16K/F_Lulo/541.jpg,data/raw/FRUIT-16K/F_Lulo/542.jpg
5d9d05429943c14fc0002171b9f405becc6a629b7e73f684a5c908f5de1053f3,2,F_Lulo,data/raw/FRUIT-16K/F_Lulo/543.jpg,data/raw/FRUIT-16K/F_Lulo/544.jpg
81b82e3e9fef297853a386e69014152dc6045195d1cfde7f5e798c381192d39d,2,F_Lulo,data/raw/FRUIT-16K/F_Lulo/545.jpg,data/raw/FRUIT-16K/F_Lulo/546.jpg
9e0d116449ea9b067bb14cda621855594515ec6ecf8dc9390f3ff6880bf932de,2,F_Lulo,data/raw/FRUIT-16K/F_Lulo/549.jpg,data/raw/FRUIT-16K/F_Lulo/550.jpg
6a86a08540005e9e2e73067bd4638385a5b6c44c32db08f64cdbeb71b5dc5d28,2,F_Lulo,data/raw/FRUIT-16K/F_Lulo/551.jpg,data/raw/FRUIT-16K/F_Lulo/552.jpg
1d10bf20b1fc769327b9b525cb25485d20a7e1a99bad63fac993540214f2daf2,2,F_Lulo,data/raw/FRUIT-16K/F_Lulo/553.jpg,data/raw/FRUIT-16K/F_Lulo/554.jpg
51c1e25dcf02d2e1987c6a11979b1419e88f3e6d951868ee009e77ac5df9008c,2,F_Lulo,data/raw/FRUIT-16K/F_Lulo/555.jpg,data/raw/FRUIT-16K/F_Lulo/556.jpg
a107a349a77d90dc8f3daf41d0ad55ce3bd23015e8d608d630168a83afdec5e6,2,F_Lulo,data/raw/FRUIT-16K/F_Lulo/557.jpg,data/raw/FRUIT-16K/F_Lulo/558.jpg
c56ccfd9ecfb62b7531603fd61fbec43bb9ee019a57ee10262854116d821b786,2,F_Lulo,data/raw/FRUIT-16K/F_Lulo/559.jpg,data/raw/FRUIT-16K/F_Lulo/560.jpg
6f3b4884471ee95a244493d9df455b2b0038ed290d698865b7e46c5c8e39f722,2,F_Lulo,data/raw/FRUIT-16K/F_Lulo/561.jpg,data/raw/FRUIT-16K/F_Lulo/562.jpg
2836ceca16b11eb9885aa6583bb64fd35fc184baa15b14cee8581f37658488ff,2,F_Lulo,data/raw/FRUIT-16K/F_Lulo/563.jpg,data/raw/FRUIT-16K/F_Lulo/564.jpg
a2c9d4272b2c736e911671503a8251ae3e9ae54d422421333426e760c791e419,2,F_Lulo,data/raw/FRUIT-16K/F_Lulo/565.jpg,data/raw/FRUIT-16K/F_Lulo/566.jpg
4698d57e9f072184a6d8711bc200a9eb49be960ff7b5df90932f931257c013c3,2,F_Lulo,data/raw/FRUIT-16K/F_Lulo/567.jpg,data/raw/FRUIT-16K/F_Lulo/568.jpg
7681147f48894ba0cdbee24833ca6dcc58910782c1aac2f49191d161765116f0,2,F_Lulo,data/raw/FRUIT-16K/F_Lulo/571.jpg,data/raw/FRUIT-16K/F_Lulo/572.jpg
244d30184cfbd497bb9f6d0cf994b7dfe34ebc666cdd62006a88e63a599c2ec0,2,F_Lulo,data/raw/FRUIT-16K/F_Lulo/573.jpg,data/raw/FRUIT-16K/F_Lulo/574.jpg
dc3ff8f08ceadcd93dd5e1c7736edf7be34674a984c519ed761627562a49d62b,2,F_Lulo,data/raw/FRUIT-16K/F_Lulo/575.jpg,data/raw/FRUIT-16K/F_Lulo/576.jpg
8a6202e6566ef29461ab143a2f31d73152db7dd1d3b86dbda3ed7804386d9905,2,F_Lulo,data/raw/FRUIT-16K/F_Lulo/577.jpg,data/raw/FRUIT-16K/F_Lulo/578.jpg
3080cd42fa6afe6be1017dfab21f48c2a8b5990a4cb3c8d4df0c3efe73a1f028,2,F_Lulo,data/raw/FRUIT-16K/F_Lulo/579.jpg,data/raw/FRUIT-16K/F_Lulo/580.jpg
5a3c66f77d34f7319a171e199892f091487812eee26837632604a726fc13c6b5,2,F_Lulo,data/raw/FRUIT-16K/F_Lulo/581.jpg,data/raw/FRUIT-16K/F_Lulo/582.jpg
bc1221f551ce8ca7eae98a4501b242b08bdd5ae189af783583a657de1cb0ddbc,2,F_Lulo,data/raw/FRUIT-16K/F_Lulo/583.jpg,data/raw/FRUIT-16K/F_Lulo/584.jpg
47f8967b92311e2d762b313bb6673be7109dde79d261395e4ea688e4692c441f,2,F_Lulo,data/raw/FRUIT-16K/F_Lulo/585.jpg,data/raw/FRUIT-16K/F_Lulo/586.jpg
e1203c9a321620a198e1c24c8365ffb40346cf1ad0cc02bd9ebbe00b58efb1af,2,F_Lulo,data/raw/FRUIT-16K/F_Lulo/587.jpg,data/raw/FRUIT-16K/F_Lulo/588.jpg
2ca6ac9b0b66bbedc0a717d7109386e52be56ba4281ef4c479198b0591db6e9e,2,F_Lulo,data/raw/FRUIT-16K/F_Lulo/589.jpg,data/raw/FRUIT-16K/F_Lulo/590.jpg
67d6865efddc7e72a284a1433a902ba617228ad900f9d5374e8dbdd45ea21cda,2,F_Lulo,data/raw/FRUIT-16K/F_Lulo/593.jpg,data/raw/FRUIT-16K/F_Lulo/594.jpg
487a17effbe6c7c988ca40ab69a1d304b824c43e69127b9532a6e8f638aef65e,2,F_Lulo,data/raw/FRUIT-16K/F_Lulo/595.jpg,data/raw/FRUIT-16K/F_Lulo/596.jpg
2cabd46836a93e6e33197e0ab8c76d91d0ec30d74b30dcd6058903e2800f3db8,2,F_Lulo,data/raw/FRUIT-16K/F_Lulo/597.jpg,data/raw/FRUIT-16K/F_Lulo/598.jpg
36c29d66a7745e78b5868ea7f8ddc51694749debb545798dc0aa0144b1af6cf5,2,F_Lulo,data/raw/FRUIT-16K/F_Lulo/599.jpg,data/raw/FRUIT-16K/F_Lulo/600.jpg
4e1c89155d900cbdf4554c999eb412eeb2918c5b1cfa83a562c4f062793660ab,2,F_Lulo,data/raw/FRUIT-16K/F_Lulo/601.jpg,data/raw/FRUIT-16K/F_Lulo/602.jpg
aba11f059b73d28160aff59b1cbd05bd7aaeb83865810a9e13b995228744a735,2,F_Lulo,data/raw/FRUIT-16K/F_Lulo/603.jpg,data/raw/FRUIT-16K/F_Lulo/604.jpg
6ec1bb15de91af3c1d95c67f37718c5ae177bac73d18c5cd0da3a3ac32a6003f,2,F_Lulo,data/raw/FRUIT-16K/F_Lulo/605.jpg,data/raw/FRUIT-16K/F_Lulo/606.jpg
93c782db589946f318d475705f2630cea7f06ed49b397ce432c533471eee7ccf,2,F_Lulo,data/raw/FRUIT-16K/F_Lulo/607.jpg,data/raw/FRUIT-16K/F_Lulo/608.jpg
37319827f49cb0a93e375c386544461a21ac327a0080ed83f261473c036f3a4a,2,F_Lulo,data/raw/FRUIT-16K/F_Lulo/609.jpg,data/raw/FRUIT-16K/F_Lulo/610.jpg
5161481153f9f3b8998b42c618b705ac2ce2929063ddf526a21469e511faa5cd,2,F_Lulo,data/raw/FRUIT-16K/F_Lulo/611.jpg,data/raw/FRUIT-16K/F_Lulo/612.jpg
cdfba1fa9f53a00eb703b80808d36326b028ef7bfe7bca72f54c1b12fb8e7d7a,2,F_Lulo,data/raw/FRUIT-16K/F_Lulo/615.jpg,data/raw/FRUIT-16K/F_Lulo/616.jpg
d089416c4f77d8d0265122077a0001be0303e460458dd1c9d2bbaf141af32f8b,2,F_Lulo,data/raw/FRUIT-16K/F_Lulo/617.jpg,data/raw/FRUIT-16K/F_Lulo/618.jpg
5ee46ec36ae59ccdb23f2ba18ada044633c6b0ef1a4d757f4b9a17e6ca66f5ac,2,F_Lulo,data/raw/FRUIT-16K/F_Lulo/619.jpg,data/raw/FRUIT-16K/F_Lulo/620.jpg
a5a92eb5587775d3e68ac92114f2012bc9d5b65c8581ec39d346063778e44016,2,F_Lulo,data/raw/FRUIT-16K/F_Lulo/621.jpg,data/raw/FRUIT-16K/F_Lulo/622.jpg
36f64f0cbaadf0f7c5db8545d490bf2349fe894e00671b0bfe0608d19877dfb6,2,F_Lulo,data/raw/FRUIT-16K/F_Lulo/623.jpg,data/raw/FRUIT-16K/F_Lulo/624.jpg
75f11a3b0e7b713a7080dcd2bf74e696185d4942ac73577e139a0f9b83885c28,2,F_Lulo,data/raw/FRUIT-16K/F_Lulo/625.jpg,data/raw/FRUIT-16K/F_Lulo/626.jpg
23e8f48c7a566104ffd12369fd5c3ecf800d61d4120aeb8ffd2430fb961020c9,2,F_Lulo,data/raw/FRUIT-16K/F_Lulo/627.jpg,data/raw/FRUIT-16K/F_Lulo/628.jpg
8058f30b819a5c88e7acfca530757f7c9f94fba8c7aa106b9d53a9d6eb311883,2,F_Lulo,data/raw/FRUIT-16K/F_Lulo/629.jpg,data/raw/FRUIT-16K/F_Lulo/630.jpg
372c4aef6779a44b241d12b8101c290ddb034c8b531a87dcdf7e751d75678259,2,F_Lulo,data/raw/FRUIT-16K/F_Lulo/631.jpg,data/raw/FRUIT-16K/F_Lulo/632.jpg
b7c5f2d78d726d6eb6d8cb84f4c9bb89d90781580af83ccb97b302fecc700d1a,2,F_Lulo,data/raw/FRUIT-16K/F_Lulo/633.jpg,data/raw/FRUIT-16K/F_Lulo/634.jpg
fa5028dbec1ad9bbdc41edfaf79dbe0d6c514caa4f09907373214fb13fb66764,2,F_Lulo,data/raw/FRUIT-16K/F_Lulo/637.jpg,data/raw/FRUIT-16K/F_Lulo/638.jpg
e3b3d885139dfde77ffa038a018874b135dc25de30263b755792395cf19fcc79,2,F_Lulo,data/raw/FRUIT-16K/F_Lulo/639.jpg,data/raw/FRUIT-16K/F_Lulo/640.jpg
2dca2fa2220935cb644ac4527bd810c37808ac54a580d81b8dbc0d8c2b88733d,2,F_Lulo,data/raw/FRUIT-16K/F_Lulo/641.jpg,data/raw/FRUIT-16K/F_Lulo/642.jpg
f7efe4892d340c8bd0f51822f7122af3b07596d2a09e8527d73dd80247003688,2,F_Lulo,data/raw/FRUIT-16K/F_Lulo/643.jpg,data/raw/FRUIT-16K/F_Lulo/644.jpg
df6026ced9b332e1cdc273379d1767f0c4bf0d9e9ab68c8302c3ffccd87f3f06,2,F_Lulo,data/raw/FRUIT-16K/F_Lulo/645.jpg,data/raw/FRUIT-16K/F_Lulo/646.jpg
e35c07e636b7870069e3407d70586181fd0f6a7a8c4c9f424fc79f1f0322ee87,2,F_Lulo,data/raw/FRUIT-16K/F_Lulo/647.jpg,data/raw/FRUIT-16K/F_Lulo/648.jpg
d84cfb58081f648a16d50a722d87b9c2ea3dac5bc9af4fa6eb4f56e97fda7602,2,F_Lulo,data/raw/FRUIT-16K/F_Lulo/649.jpg,data/raw/FRUIT-16K/F_Lulo/650.jpg
29dc3545d20ec330fe98a62cea724c480197c94bde49cab521b2846afa155d22,2,F_Lulo,data/raw/FRUIT-16K/F_Lulo/651.jpg,data/raw/FRUIT-16K/F_Lulo/652.jpg
a11432e901c0f7fc7424ffeb7d0653c5798c99728b5434571df6dadf0d40e1d0,2,F_Lulo,data/raw/FRUIT-16K/F_Lulo/653.jpg,data/raw/FRUIT-16K/F_Lulo/654.jpg
486d5e381dc46f51efe55d2ec2300e823ad8fbc392013b6266ea134ba5bec157,2,F_Lulo,data/raw/FRUIT-16K/F_Lulo/655.jpg,data/raw/FRUIT-16K/F_Lulo/656.jpg
f328be81b32ab24cf0824064e88f2153d1d8137995ddb6757781df8d4856d11e,2,F_Lulo,data/raw/FRUIT-16K/F_Lulo/659.jpg,data/raw/FRUIT-16K/F_Lulo/660.jpg
c44dba28ed8b259ebf7fdf7c3476f435e274c9aa81ec83dc0da30829c5e65309,2,F_Lulo,data/raw/FRUIT-16K/F_Lulo/661.jpg,data/raw/FRUIT-16K/F_Lulo/662.jpg
a5afeed021d669bbb1e303339e45966deef5d9202f11fb83b685b5f96ba17a67,2,F_Lulo,data/raw/FRUIT-16K/F_Lulo/663.jpg,data/raw/FRUIT-16K/F_Lulo/664.jpg
017837b97bc1be97308f3ec3c9a2e24efcf9d2e43b79d6fad2d79023ba8497be,2,F_Lulo,data/raw/FRUIT-16K/F_Lulo/665.jpg,data/raw/FRUIT-16K/F_Lulo/666.jpg
64667e51fb524d3ad359df75c8203ec0cc648699c95dcbf093c814e7ebd66db9,2,F_Lulo,data/raw/FRUIT-16K/F_Lulo/667.jpg,data/raw/FRUIT-16K/F_Lulo/668.jpg
cccec6c2c03e4af2e33fbda2e0624a7edacf9792ef6efec4ce86a4456679d6d3,2,F_Lulo,data/raw/FRUIT-16K/F_Lulo/669.jpg,data/raw/FRUIT-16K/F_Lulo/670.jpg
753eca9ff19e3a6a0ed3670fad239a20ab788d03baebd10ceda1dadc69f6ce35,2,F_Lulo,data/raw/FRUIT-16K/F_Lulo/671.jpg,data/raw/FRUIT-16K/F_Lulo/672.jpg
fb3ab74b61ab4613750b8ba9d964e686d94849e2ec525289e4d02cc69da40017,2,F_Lulo,data/raw/FRUIT-16K/F_Lulo/673.jpg,data/raw/FRUIT-16K/F_Lulo/674.jpg
95739b69151d4a5a35475d60b3a55aab5a62b9de39b8408670d7e7ea406cbf08,2,F_Lulo,data/raw/FRUIT-16K/F_Lulo/675.jpg,data/raw/FRUIT-16K/F_Lulo/676.jpg
534fb49ecf463fff712010314bc4ba6edeb333ed773a31974a81d9c399beb897,2,F_Lulo,data/raw/FRUIT-16K/F_Lulo/677.jpg,data/raw/FRUIT-16K/F_Lulo/678.jpg
608dca869edbe7309bf0b6aaece1969ed3c380ef58d80d9e20ef48be04805caa,2,F_Lulo,data/raw/FRUIT-16K/F_Lulo/681.jpg,data/raw/FRUIT-16K/F_Lulo/682.jpg
90c5f02eef082900a25c6669e75190a2d42e7b70ce6eda5eabba5c1749f6cf64,2,F_Lulo,data/raw/FRUIT-16K/F_Lulo/683.jpg,data/raw/FRUIT-16K/F_Lulo/684.jpg
7a2900b81e3db4697371c5fc3c90bec6a3acda616d1f10c1c33cea141f091e82,2,F_Lulo,data/raw/FRUIT-16K/F_Lulo/685.jpg,data/raw/FRUIT-16K/F_Lulo/686.jpg
daa05c3f85591f33c2f45cd15a45a9bf1253249e6a1df20faf6738d84cdb9d43,2,F_Lulo,data/raw/FRUIT-16K/F_Lulo/687.jpg,data/raw/FRUIT-16K/F_Lulo/688.jpg
6a543054bbff8c16753ee0c8b524bcd27331b5e6ab89da4e33f4606bcafd45fd,2,F_Lulo,data/raw/FRUIT-16K/F_Lulo/689.jpg,data/raw/FRUIT-16K/F_Lulo/690.jpg
b603e20194e084705561ae99e9ef546ceacdc1e347772d613725f661bd472d4e,2,F_Lulo,data/raw/FRUIT-16K/F_Lulo/691.jpg,data/raw/FRUIT-16K/F_Lulo/692.jpg
96fb988985de43a93111051b6431e4c7969a9fdfe4d5b835416e8bef0bcab674,2,F_Lulo,data/raw/FRUIT-16K/F_Lulo/693.jpg,data/raw/FRUIT-16K/F_Lulo/694.jpg
1383a6ccacac34e737723da4b30a0273e8e350e41c27f7f40bd79a98e439ee29,2,F_Lulo,data/raw/FRUIT-16K/F_Lulo/695.jpg,data/raw/FRUIT-16K/F_Lulo/696.jpg
212d163e4b0ecff7ced3ab39a9758d97102e50deeece4362f4024292f57749ed,2,F_Lulo,data/raw/FRUIT-16K/F_Lulo/697.jpg,data/raw/FRUIT-16K/F_Lulo/698.jpg
41091c0e276487d9de2879f70702dbed8f3b4b9fdc1a7006dc0db766f4137651,2,F_Lulo,data/raw/FRUIT-16K/F_Lulo/699.jpg,data/raw/FRUIT-16K/F_Lulo/700.jpg
467ff0378efedffe40eaeb8ab7147b0de243b219bcc45037733e479a234ca3c5,2,F_Lulo,data/raw/FRUIT-16K/F_Lulo/703.jpg,data/raw/FRUIT-16K/F_Lulo/704.jpg
dfa001b7c35214e1b446868bcc71e5162cb3b02bd976d84d2fe9c1fcd38ed1e1,2,F_Lulo,data/raw/FRUIT-16K/F_Lulo/705.jpg,data/raw/FRUIT-16K/F_Lulo/706.jpg
7f474a598b827092ffdfe614aa5c57c9b665e1a218ac3b33ac93b72f031a63df,2,F_Lulo,data/raw/FRUIT-16K/F_Lulo/707.jpg,data/raw/FRUIT-16K/F_Lulo/708.jpg
2f2543e1e5fd9ed5540917a89784bafda5079a8e5476ece69375a94f713f9c13,2,F_Lulo,data/raw/FRUIT-16K/F_Lulo/709.jpg,data/raw/FRUIT-16K/F_Lulo/710.jpg
6bbe5e7bd838843efe5079faf19bb37ce155a27d9cc36dcdfdfdd11e71cafd99,2,F_Lulo,data/raw/FRUIT-16K/F_Lulo/711.jpg,data/raw/FRUIT-16K/F_Lulo/712.jpg
49d98b11e39ebcdf3a1db658a106ef49b2bcdf69d843d23193d457d8baf39d94,2,F_Lulo,data/raw/FRUIT-16K/F_Lulo/713.jpg,data/raw/FRUIT-16K/F_Lulo/714.jpg
fb2e8402c02b398d393a04b14211a3f62bd86d57f4f0fb0dd78bbf6b5e6bad91,2,F_Lulo,data/raw/FRUIT-16K/F_Lulo/715.jpg,data/raw/FRUIT-16K/F_Lulo/716.jpg
b53a46734500b5dac67acf27e61ff25bc6996f52f7c76485b91d27a7d59c385a,2,F_Lulo,data/raw/FRUIT-16K/F_Lulo/717.jpg,data/raw/FRUIT-16K/F_Lulo/718.jpg
d187fac81f89aebd4953c1c8ff38b154a0883071e4910a1d59df357b53aaaadc,2,F_Lulo,data/raw/FRUIT-16K/F_Lulo/719.jpg,data/raw/FRUIT-16K/F_Lulo/720.jpg
d895cdadaba65e469d89af0c925881f2c88c53069fdb3a8d90e6f206ae5bf218,2,F_Lulo,data/raw/FRUIT-16K/F_Lulo/721.jpg,data/raw/FRUIT-16K/F_Lulo/722.jpg
880580b04de2a4fd38d917327c6b6c28ed1af37770c3902ea64a0ac72f94164c,2,F_Lulo,data/raw/FRUIT-16K/F_Lulo/725.jpg,data/raw/FRUIT-16K/F_Lulo/726.jpg
c0ba22198faa0a079f14bd7fad75bc17242592fc65f737d5055738157314e1dc,2,F_Lulo,data/raw/FRUIT-16K/F_Lulo/727.jpg,data/raw/FRUIT-16K/F_Lulo/728.jpg
2c96149a876879b5e79529e4e9b416a8cac65c65628f0169bc8c53009181d11d,2,F_Lulo,data/raw/FRUIT-16K/F_Lulo/729.jpg,data/raw/FRUIT-16K/F_Lulo/730.jpg
06c02dba65572c432a5bf366d7f18e135fd5b549c481058fd7cebb4f28a4e313,2,F_Lulo,data/raw/FRUIT-16K/F_Lulo/731.jpg,data/raw/FRUIT-16K/F_Lulo/732.jpg
b1bdd450bb44f7e84450f951c73557a288f08b1753ec06647eb248203732b271,2,F_Lulo,data/raw/FRUIT-16K/F_Lulo/733.jpg,data/raw/FRUIT-16K/F_Lulo/734.jpg
247b16f58ead4fb78f90f5e837c08fcc90d125ff15225d9a596012a045879d23,2,F_Lulo,data/raw/FRUIT-16K/F_Lulo/735.jpg,data/raw/FRUIT-16K/F_Lulo/736.jpg
9d9c5a43def1726e96f6e6afc4a1a47b19417a8681e199e61def4620db106e9f,2,F_Lulo,data/raw/FRUIT-16K/F_Lulo/737.jpg,data/raw/FRUIT-16K/F_Lulo/738.jpg
07441668a5e05ce1e4a11bef5bc8dda3e4c66f138b02de074f634ac1fbd0b9f8,2,F_Lulo,data/raw/FRUIT-16K/F_Lulo/739.jpg,data/raw/FRUIT-16K/F_Lulo/740.jpg
029a18355325c1afbeaca8a7b5ae34d40727160a080765a58e44856f5ad383ab,2,F_Lulo,data/raw/FRUIT-16K/F_Lulo/741.jpg,data/raw/FRUIT-16K/F_Lulo/742.jpg
ff2030509ba82f6a44d8504c7776eb65e5847b9697b9f2dd8505a7b93489c267,2,F_Lulo,data/raw/FRUIT-16K/F_Lulo/743.jpg,data/raw/FRUIT-16K/F_Lulo/744.jpg
fd79d79cdd85379668923f9a20906bc8ff072ce9e914aaef694c10aa59fcb67d,2,F_Lulo,data/raw/FRUIT-16K/F_Lulo/747.jpg,data/raw/FRUIT-16K/F_Lulo/748.jpg
6dcb9cc2bc9c4d700d86c4b17cbca66aba9b759c4102db4d658a313f9c69ad0e,2,F_Lulo,data/raw/FRUIT-16K/F_Lulo/749.jpg,data/raw/FRUIT-16K/F_Lulo/750.jpg
217c3f96c717515c33136315eb9e2aaa3b9bb0f4c4ce1dbb6b1db8d6dd113703,2,F_Lulo,data/raw/FRUIT-16K/F_Lulo/751.jpg,data/raw/FRUIT-16K/F_Lulo/752.jpg
b2fdb11ab7da697caef85d83cb63f5c048167c79591f9509db3638d88e5df76f,2,F_Lulo,data/raw/FRUIT-16K/F_Lulo/753.jpg,data/raw/FRUIT-16K/F_Lulo/754.jpg
d0aa9dcf1cc54c66de7d1bae1b9cfa0e17c2fb29185abefb2b80ad57c1382b78,2,F_Lulo,data/raw/FRUIT-16K/F_Lulo/755.jpg,data/raw/FRUIT-16K/F_Lulo/756.jpg
3da253eaf7b59417695e48e6e5e3cde9263fb76f3ee416f0aaa60bb9ca99124a,2,F_Lulo,data/raw/FRUIT-16K/F_Lulo/757.jpg,data/raw/FRUIT-16K/F_Lulo/758.jpg
d1cbab67625b9e88e6c9bb4a857ff14ee9d83203302ad247270e975dd2531135,2,F_Lulo,data/raw/FRUIT-16K/F_Lulo/759.jpg,data/raw/FRUIT-16K/F_Lulo/760.jpg
fa56756db82ff71734ccfb95a02dba65d462e4a352618bf8bed5da5272183e60,2,F_Lulo,data/raw/FRUIT-16K/F_Lulo/761.jpg,data/raw/FRUIT-16K/F_Lulo/762.jpg
d2e3b4404be74ed910df69f28ec4bc4dfb0f235376388bf158ff2ab71fcce27c,2,F_Lulo,data/raw/FRUIT-16K/F_Lulo/763.jpg,data/raw/FRUIT-16K/F_Lulo/764.jpg
229cc94885080bd38df80b3efe8f292f203bd79373e201b0f60cf81c2719580e,2,F_Lulo,data/raw/FRUIT-16K/F_Lulo/765.jpg,data/raw/FRUIT-16K/F_Lulo/766.jpg
14ca0da6c013f4c6989f3b796129d2e338c28cf265658e7d05fe69a8af5a300c,2,F_Lulo,data/raw/FRUIT-16K/F_Lulo/769.jpg,data/raw/FRUIT-16K/F_Lulo/770.jpg
d88e1236e597fa9c06ce8de1ed9951b7b4dd14aa253b224aebf8e12ed4b8fa29,2,F_Lulo,data/raw/FRUIT-16K/F_Lulo/771.jpg,data/raw/FRUIT-16K/F_Lulo/772.jpg
a71b9554edb658f2f3978c55abba61a51a688368bc6bb29e0649486faa89aebc,2,F_Lulo,data/raw/FRUIT-16K/F_Lulo/773.jpg,data/raw/FRUIT-16K/F_Lulo/774.jpg
1b2867096606e8f2c71bc8b669a049ee2903d10aac0884989f386c4dbea03103,2,F_Lulo,data/raw/FRUIT-16K/F_Lulo/775.jpg,data/raw/FRUIT-16K/F_Lulo/776.jpg
fe211a6201592084af39f2b030bc5325c579b156d210dca6775b47cbcbdfefe0,2,F_Lulo,data/raw/FRUIT-16K/F_Lulo/777.jpg,data/raw/FRUIT-16K/F_Lulo/778.jpg
d98f15d622dd96b7394c28f44599ace4d8adf9d4231ac6e41c61c3b98b6423ea,2,F_Lulo,data/raw/FRUIT-16K/F_Lulo/779.jpg,data/raw/FRUIT-16K/F_Lulo/780.jpg
ead43d01ecda2da15c5ecfc58a0e35d79e335e3192e2059020434413b5c40558,2,F_Lulo,data/raw/FRUIT-16K/F_Lulo/781.jpg,data/raw/FRUIT-16K/F_Lulo/782.jpg
c3bc8cf12872905625ee519b05937830d5c9cfdfcb4869f1a87d4c1c7b54845b,2,F_Lulo,data/raw/FRUIT-16K/F_Lulo/783.jpg,data/raw/FRUIT-16K/F_Lulo/784.jpg
60f10120844e7d0ea8892d56d20d57b18a6d917a17afa7449a169635854531cd,2,F_Lulo,data/raw/FRUIT-16K/F_Lulo/785.jpg,data/raw/FRUIT-16K/F_Lulo/786.jpg
06efde2cffd33935760bcfe2a27c2576fb2c18871a01049f21e67bd2510c27bf,2,F_Lulo,data/raw/FRUIT-16K/F_Lulo/787.jpg,data/raw/FRUIT-16K/F_Lulo/788.jpg
27cb06f4fdcafabeb8df952896a28e393def872302f286ae347e8de91481aba8,2,F_Lulo,data/raw/FRUIT-16K/F_Lulo/791.jpg,data/raw/FRUIT-16K/F_Lulo/792.jpg
910221b92ca0699f72470a4b1e683017eefcfb4303f5967e495a95588d96116e,2,F_Lulo,data/raw/FRUIT-16K/F_Lulo/793.jpg,data/raw/FRUIT-16K/F_Lulo/794.jpg
6412dc03a3fba12bb097035cc05eee105277b0dafe12fca046e0a0ff8bca9011,2,F_Lulo,data/raw/FRUIT-16K/F_Lulo/795.jpg,data/raw/FRUIT-16K/F_Lulo/796.jpg
5d56c1fc8aaaf56cf94eb29a461d834aadbdfd26d0423db18eed5780049f8b7f,2,F_Lulo,data/raw/FRUIT-16K/F_Lulo/797.jpg,data/raw/FRUIT-16K/F_Lulo/798.jpg
b9d893efca68c3ce40d849d3d919e519fec50dbf38dd4f1e142dbc860ca41713,2,F_Lulo,data/raw/FRUIT-16K/F_Lulo/799.jpg,data/raw/FRUIT-16K/F_Lulo/800.jpg
5eb7aca29e837e3d8d1f3678c5ef4cf9ecaadcd0a8a3efec69c1334a6d9540d9,2,F_Lulo,data/raw/FRUIT-16K/F_Lulo/801.jpg,data/raw/FRUIT-16K/F_Lulo/802.jpg
fd121ee0721f6087e8290db4e70ba928d28df7d4a44f089f7884aa6cca708b9b,2,F_Lulo,data/raw/FRUIT-16K/F_Lulo/803.jpg,data/raw/FRUIT-16K/F_Lulo/804.jpg
1d73538f5c1dfee9ecadcc57bd059129139d7bd45b9dbe24f1ec6156da10ba97,2,F_Lulo,data/raw/FRUIT-16K/F_Lulo/805.jpg,data/raw/FRUIT-16K/F_Lulo/806.jpg
80e540033960d2434708312cab71bbfeeee6ce04c008a830d3ba6736917c5f6f,2,F_Lulo,data/raw/FRUIT-16K/F_Lulo/807.jpg,data/raw/FRUIT-16K/F_Lulo/808.jpg
d653f825b4ccff7bba7b7edda71d2e6a552f77aa248a98daa60335d95ba0e21d,2,F_Lulo,data/raw/FRUIT-16K/F_Lulo/809.jpg,data/raw/FRUIT-16K/F_Lulo/810.jpg
7fc91664e6986845e369f24017c372d6b04b8bbab9967a15371968bda8b528b8,2,F_Lulo,data/raw/FRUIT-16K/F_Lulo/813.jpg,data/raw/FRUIT-16K/F_Lulo/814.jpg
40d26d41593aea499187d52aca0e21e15d255851fa2c50d812c4601f4343b23b,2,F_Lulo,data/raw/FRUIT-16K/F_Lulo/815.jpg,data/raw/FRUIT-16K/F_Lulo/816.jpg
c0b88af9c016a011fd44f81a53cee020b12bba67385aeb37cfe31f62c59f9ed2,2,F_Lulo,data/raw/FRUIT-16K/F_Lulo/817.jpg,data/raw/FRUIT-16K/F_Lulo/818.jpg
e35e9e1c89ad7a7f37e5728ece9e07f814938afd60e3098456d77dc1d50a946f,2,F_Lulo,data/raw/FRUIT-16K/F_Lulo/819.jpg,data/raw/FRUIT-16K/F_Lulo/820.jpg
5a1c49eba70d069e01b9e22f5e47e039bb6e99dee3321445b9881fcc98226fb8,2,F_Lulo,data/raw/FRUIT-16K/F_Lulo/821.jpg,data/raw/FRUIT-16K/F_Lulo/822.jpg
42441439afd60604c82047c8ec50aeaa8938a9ddaa1d383c8110faac570c8896,2,F_Lulo,data/raw/FRUIT-16K/F_Lulo/823.jpg,data/raw/FRUIT-16K/F_Lulo/824.jpg
9afa0bddcb30b8ae9633f6392c8b1ff82c9545b9d27174f99fa8818261bd896a,2,F_Lulo,data/raw/FRUIT-16K/F_Lulo/825.jpg,data/raw/FRUIT-16K/F_Lulo/826.jpg
1993feee8d2162a6bc5dd89b41dab04a035489762a65a8daba88da998d0f0fb7,2,F_Lulo,data/raw/FRUIT-16K/F_Lulo/827.jpg,data/raw/FRUIT-16K/F_Lulo/828.jpg
e40245ccfd8bced61b6b21c4bab2d6f83695413ab6921d21e3ffe91bf4cb590a,2,F_Lulo,data/raw/FRUIT-16K/F_Lulo/829.jpg,data/raw/FRUIT-16K/F_Lulo/830.jpg
0b837505cd38b98568ab92e29afcc342612d679b8e579e98c099322789d90a8c,2,F_Lulo,data/raw/FRUIT-16K/F_Lulo/831.jpg,data/raw/FRUIT-16K/F_Lulo/832.jpg
d3d0783c99fa34b43e3893c5bf853625aff51c1893c4ebcceeda5fa06c7a50ac,2,F_Lulo,data/raw/FRUIT-16K/F_Lulo/835.jpg,data/raw/FRUIT-16K/F_Lulo/836.jpg
c58b4d59ad85f87c48842102b12112d686af568a1b2affe09df5c73cf2a2b50d,2,F_Lulo,data/raw/FRUIT-16K/F_Lulo/837.jpg,data/raw/FRUIT-16K/F_Lulo/838.jpg
aa2fa400154d5f5d86a7871ea5087100179ff4c6c5c63e33a789b635ed6b4c44,2,F_Lulo,data/raw/FRUIT-16K/F_Lulo/839.jpg,data/raw/FRUIT-16K/F_Lulo/840.jpg
5d2783382ddfd8943f9ec1c7df7c6441f2cb2abef91270d0a54a480a5d67f45a,2,F_Lulo,data/raw/FRUIT-16K/F_Lulo/841.jpg,data/raw/FRUIT-16K/F_Lulo/842.jpg
c88fba725376370a6b5b7675238d9d3246c81f7f9067d525951e192335a01e28,2,F_Lulo,data/raw/FRUIT-16K/F_Lulo/843.jpg,data/raw/FRUIT-16K/F_Lulo/844.jpg
1bd3665c1eaf0ddf5de6e8b69f60d0b996cbfc322790bcfd19cda2eb493fd560,2,F_Lulo,data/raw/FRUIT-16K/F_Lulo/845.jpg,data/raw/FRUIT-16K/F_Lulo/846.jpg
b6c3832e783b8102a25cfe73f0a877ba0958ac3cdff42009f2eb366e0445ce4c,2,F_Lulo,data/raw/FRUIT-16K/F_Lulo/847.jpg,data/raw/FRUIT-16K/F_Lulo/848.jpg
71af70d67873ba33bb0e029bca2990cd428bc5db22a83ee38bce7243e455ccf1,2,F_Lulo,data/raw/FRUIT-16K/F_Lulo/849.jpg,data/raw/FRUIT-16K/F_Lulo/850.jpg
7b5e51843608e177f811903d39f0eed12a4a63a1274ed2017c10ae79761961df,2,F_Lulo,data/raw/FRUIT-16K/F_Lulo/851.jpg,data/raw/FRUIT-16K/F_Lulo/852.jpg
66dcc1eae74a6f5ffaa1136043962c268e7322d5de6b9a2e4d55704bf17b593b,2,F_Lulo,data/raw/FRUIT-16K/F_Lulo/853.jpg,data/raw/FRUIT-16K/F_Lulo/854.jpg
bf6b0e74f1cb12562952bab67ed411849fb9f24de7a0c263dfe4a5f6247b6be1,2,F_Lulo,data/raw/FRUIT-16K/F_Lulo/857.jpg,data/raw/FRUIT-16K/F_Lulo/858.jpg
6ebec95914cfac324974a73137323c54bc906ddbe7c8d7686962ecc84e383371,2,F_Lulo,data/raw/FRUIT-16K/F_Lulo/859.jpg,data/raw/FRUIT-16K/F_Lulo/860.jpg
98d7142b991549c7c8f1e5b2026aa23e3ac426b8231381cb5c6cc4fa3b8bbd99,2,F_Lulo,data/raw/FRUIT-16K/F_Lulo/861.jpg,data/raw/FRUIT-16K/F_Lulo/862.jpg
cfe2a43d052f7aca598e04160c57920de842ced0b07be640855179f0f5876277,2,F_Lulo,data/raw/FRUIT-16K/F_Lulo/863.jpg,data/raw/FRUIT-16K/F_Lulo/864.jpg
985133d5cf946f81d88416ae0e72cff9a2f7f2d3f5376bc9f5524742354b966f,2,F_Lulo,data/raw/FRUIT-16K/F_Lulo/865.jpg,data/raw/FRUIT-16K/F_Lulo/866.jpg
1874beaa4fed6509d9b92d43406909cbef8b16bd32f306a2ab7383ca5b07a228,2,F_Lulo,data/raw/FRUIT-16K/F_Lulo/867.jpg,data/raw/FRUIT-16K/F_Lulo/868.jpg
a78e3bc53312ffb3d691998b87c4ac4d65e7dc34bf73477140a4643370993376,2,F_Lulo,data/raw/FRUIT-16K/F_Lulo/869.jpg,data/raw/FRUIT-16K/F_Lulo/870.jpg
077b34926dc0d78a467e7c8aaa6dd454deebcf21274907ad1375890db89aeec3,2,F_Lulo,data/raw/FRUIT-16K/F_Lulo/871.jpg,data/raw/FRUIT-16K/F_Lulo/872.jpg
90f17a08588b45321096fd2c89e4374b1b399220b27366617ace40dbda046828,2,F_Lulo,data/raw/FRUIT-16K/F_Lulo/873.jpg,data/raw/FRUIT-16K/F_Lulo/874.jpg
18ca0cb94ddab5c06f50c1f26a7878f5e11937f463c0ac6b0cc219808394d17f,2,F_Lulo,data/raw/FRUIT-16K/F_Lulo/875.jpg,data/raw/FRUIT-16K/F_Lulo/876.jpg
ae0f2ad4ceefc62615a596f77734c23e140239a68e40b03b845701d5e1aef6f6,2,F_Lulo,data/raw/FRUIT-16K/F_Lulo/879.jpg,data/raw/FRUIT-16K/F_Lulo/880.jpg
6f0f0dcddd00c693a5850873d523ee71283325cffcde2c390959e47a08987481,2,F_Lulo,data/raw/FRUIT-16K/F_Lulo/881.jpg,data/raw/FRUIT-16K/F_Lulo/882.jpg
d813d92e725878aaf8306bec074b23bcec094a53b6d969666ad66f2ab43b3876,2,F_Lulo,data/raw/FRUIT-16K/F_Lulo/883.jpg,data/raw/FRUIT-16K/F_Lulo/884.jpg
dc444a448c8212757325ea4d87821764f993b8ddd92ccf62b5c2185499c1d36c,2,F_Lulo,data/raw/FRUIT-16K/F_Lulo/885.jpg,data/raw/FRUIT-16K/F_Lulo/886.jpg
c41639c496f26d8d2413742bc0286fa7e71bd8008b3cafe6d5629bb4da419947,2,F_Lulo,data/raw/FRUIT-16K/F_Lulo/887.jpg,data/raw/FRUIT-16K/F_Lulo/888.jpg
4e2ca3f8903bdb8b72975cbeecbf86ebe02126c25ec3cee3131019161b5d026b,2,F_Lulo,data/raw/FRUIT-16K/F_Lulo/889.jpg,data/raw/FRUIT-16K/F_Lulo/890.jpg
12fc5920dd2a6cb3a0f83b51e44b22f1a7a3c5f81a636d73e94a812f439eef70,2,F_Lulo,data/raw/FRUIT-16K/F_Lulo/891.jpg,data/raw/FRUIT-16K/F_Lulo/892.jpg
2444a585e5726f12e7a2005ba63b74d6e45fdacd560022fb0e8c54b844f5c18c,2,F_Lulo,data/raw/FRUIT-16K/F_Lulo/893.jpg,data/raw/FRUIT-16K/F_Lulo/894.jpg
c6b8d5dcbf19e838610123b386d487ffe5ffaa1583707eaa43cfe874553268f4,2,F_Lulo,data/raw/FRUIT-16K/F_Lulo/895.jpg,data/raw/FRUIT-16K/F_Lulo/896.jpg
de5b50d33ea068b4e44294390d6ba28a2a5cd719a1e151e89bb9fe8fc23c3f0f,2,F_Lulo,data/raw/FRUIT-16K/F_Lulo/897.jpg,data/raw/FRUIT-16K/F_Lulo/898.jpg
dce2b24ba82c49b5aaa44b3bca8bad52aa0bce5d73d0fd229f1d50eba036521c,2,F_Lulo,data/raw/FRUIT-16K/F_Lulo/901.jpg,data/raw/FRUIT-16K/F_Lulo/902.jpg
1ca2da87730adc5d9a4158416b3b5bcf0101de45600d1b028f2aafe6932387a4,2,F_Lulo,data/raw/FRUIT-16K/F_Lulo/903.jpg,data/raw/FRUIT-16K/F_Lulo/904.jpg
82d4f900e70d90713ca0c5febdab3252343c3bd7510a18e2446b3da27e69eb94,2,F_Lulo,data/raw/FRUIT-16K/F_Lulo/905.jpg,data/raw/FRUIT-16K/F_Lulo/906.jpg
64e6ac0b7ad7007e0890d8574cc897fe29b495337b543a2213b447bc93e64c0b,2,F_Lulo,data/raw/FRUIT-16K/F_Lulo/907.jpg,data/raw/FRUIT-16K/F_Lulo/908.jpg
8894f334e5ced2a90d93122242c528cf39da9266f5bb99fd6dab5590579c391a,2,F_Lulo,data/raw/FRUIT-16K/F_Lulo/909.jpg,data/raw/FRUIT-16K/F_Lulo/910.jpg
f2c384dbd58ebddfa5ff2fd90cf846d6ff38b7b9817159f0222460a37e1c1514,2,F_Lulo,data/raw/FRUIT-16K/F_Lulo/911.jpg,data/raw/FRUIT-16K/F_Lulo/912.jpg
d4c83763c39e805f14eae27b2a13b6592017469d5f223f1a5f87a85b5c27216e,2,F_Lulo,data/raw/FRUIT-16K/F_Lulo/913.jpg,data/raw/FRUIT-16K/F_Lulo/914.jpg
7dfa26925ea35e150f0bb1a2ce28d5fee30dbd1b5daa172960dc934b9b7cdf5a,2,F_Lulo,data/raw/FRUIT-16K/F_Lulo/915.jpg,data/raw/FRUIT-16K/F_Lulo/916.jpg
1f17b83f84286968f3aa7b02ec93f4da5548ddf117c098d30e8344909831b1f0,2,F_Lulo,data/raw/FRUIT-16K/F_Lulo/917.jpg,data/raw/FRUIT-16K/F_Lulo/918.jpg
dfedfe6c8774c5a0f5ef1bf9ef567ab317d5cf9ae38353f64961241354d43227,2,F_Lulo,data/raw/FRUIT-16K/F_Lulo/919.jpg,data/raw/FRUIT-16K/F_Lulo/920.jpg
9fe3c3b2b3c38e961d5653c5adb204a7f28bc7f5f7535255e6caf5100f235992,2,F_Lulo,data/raw/FRUIT-16K/F_Lulo/923.jpg,data/raw/FRUIT-16K/F_Lulo/924.jpg
34bbb4c5f8f7b3c935fd01e011d561d3400aeeb12d5d60e019029d1aacda424b,2,F_Lulo,data/raw/FRUIT-16K/F_Lulo/925.jpg,data/raw/FRUIT-16K/F_Lulo/926.jpg
51e1a70e4bc9e42ec5bdd8deb7ce401d8d8852b749e78772e352cd5f3760d70a,2,F_Lulo,data/raw/FRUIT-16K/F_Lulo/927.jpg,data/raw/FRUIT-16K/F_Lulo/928.jpg
86106dff262b1eb99aca585973231acfb96fe539df93c531f64cc01dbf201e7c,2,F_Lulo,data/raw/FRUIT-16K/F_Lulo/929.jpg,data/raw/FRUIT-16K/F_Lulo/930.jpg
8c7816425ceabdcb3464ce658ea0abb3ef962696587aa2075795a95e79a0cf1d,2,F_Lulo,data/raw/FRUIT-16K/F_Lulo/931.jpg,data/raw/FRUIT-16K/F_Lulo/932.jpg
6150169b8e1641b962c49d7eb9c03ed48a1f2f5c16f5f3f5963c32c89ea7e946,2,F_Lulo,data/raw/FRUIT-16K/F_Lulo/933.jpg,data/raw/FRUIT-16K/F_Lulo/934.jpg
c9bf2a9dbb44662347ce04d5914ff60683933d705b2dc57a351e0fea286f11e3,2,F_Lulo,data/raw/FRUIT-16K/F_Lulo/935.jpg,data/raw/FRUIT-16K/F_Lulo/936.jpg
0271a5ccc8c942a5ab2671f42b4b66642fb5d3ac33466769b9f6011e4a022ad3,2,F_Lulo,data/raw/FRUIT-16K/F_Lulo/937.jpg,data/raw/FRUIT-16K/F_Lulo/938.jpg
e9feca7025524623bb0a2d1ecc01abac887bc813ecfe7b882ac2adfdf4930bde,2,F_Lulo,data/raw/FRUIT-16K/F_Lulo/939.jpg,data/raw/FRUIT-16K/F_Lulo/940.jpg
b3a3d14758576900430a5a66a5f26efd47faed7747ebb0f60cb2abdee6dce6a5,2,F_Lulo,data/raw/FRUIT-16K/F_Lulo/941.jpg,data/raw/FRUIT-16K/F_Lulo/942.jpg
da5c5ec5de8ce3412728d939853565b526c2a38e660628701311c9f0f66a0c2b,2,F_Lulo,data/raw/FRUIT-16K/F_Lulo/945.jpg,data/raw/FRUIT-16K/F_Lulo/946.jpg
f8f6a3605ef58f1a118df2c20c851e66a5464c05085b96ee567ff4950ab0a92e,2,F_Lulo,data/raw/FRUIT-16K/F_Lulo/947.jpg,data/raw/FRUIT-16K/F_Lulo/948.jpg
3a1528a488718a70fe018e869702620def99bcf0cc133223630ceaccf440d7f9,2,F_Lulo,data/raw/FRUIT-16K/F_Lulo/949.jpg,data/raw/FRUIT-16K/F_Lulo/950.jpg
335bd9d04112175a36f9981abec6351ef000f055e0608963cad2959a7736331f,2,F_Lulo,data/raw/FRUIT-16K/F_Lulo/951.jpg,data/raw/FRUIT-16K/F_Lulo/952.jpg
de98f896cb293f9a32c96572bf604e7f34c1025b2a23ec51038bcaeaa98949e8,2,F_Lulo,data/raw/FRUIT-16K/F_Lulo/953.jpg,data/raw/FRUIT-16K/F_Lulo/954.jpg
4b45598a512c22576d3b922e2ffeb87bdb529e3832f4a3f3b2352e029caa22f1,2,F_Lulo,data/raw/FRUIT-16K/F_Lulo/955.jpg,data/raw/FRUIT-16K/F_Lulo/956.jpg
1e522bd6846f6fb047d4a1dc276ac274b6037900ab7d79df8976824fa65ed19a,2,F_Lulo,data/raw/FRUIT-16K/F_Lulo/957.jpg,data/raw/FRUIT-16K/F_Lulo/958.jpg
629941b7b5ca75e58fc346a2776383642344a6d2203b0166b2c750bdad9d1cea,2,F_Lulo,data/raw/FRUIT-16K/F_Lulo/959.jpg,data/raw/FRUIT-16K/F_Lulo/960.jpg
3634b01e064837e8855c6621c5aa337415ee2a628f97d34da1fcac2dab51c877,2,F_Lulo,data/raw/FRUIT-16K/F_Lulo/961.jpg,data/raw/FRUIT-16K/F_Lulo/962.jpg
85129a790a338c219f2e33935628b33f5d604e1fb8463d85b8dde1917839ae8b,2,F_Lulo,data/raw/FRUIT-16K/F_Lulo/963.jpg,data/raw/FRUIT-16K/F_Lulo/964.jpg
daec6686c412860607ec8c753b25e590623a70ad9581d86b2a0b17a56a6766f4,2,F_Lulo,data/raw/FRUIT-16K/F_Lulo/967.jpg,data/raw/FRUIT-16K/F_Lulo/968.jpg
3a7ebd4e4495fe99401cdd655aaefd2668897317f94f10649e1800882ffc5ce3,2,F_Lulo,data/raw/FRUIT-16K/F_Lulo/969.jpg,data/raw/FRUIT-16K/F_Lulo/970.jpg
1a0e557ef83f93773822a780242203f45f57a4f3bc8d7e52342e571e1ae9ac93,2,F_Lulo,data/raw/FRUIT-16K/F_Lulo/971.jpg,data/raw/FRUIT-16K/F_Lulo/972.jpg
aeec9d29ae9ac98e7f986354e747c97d42c9982a086e2750539c17dd6cbf87d0,2,F_Lulo,data/raw/FRUIT-16K/F_Lulo/973.jpg,data/raw/FRUIT-16K/F_Lulo/974.jpg
b0fa40da519b36df3dde69b851e87ea0efe6a2d4987befb42830c797b0d90eab,2,F_Lulo,data/raw/FRUIT-16K/F_Lulo/975.jpg,data/raw/FRUIT-16K/F_Lulo/976.jpg
50a4275b3d4c5f076a3856e48cc139cb76a4c4f792101361dff8a69c332646b6,2,F_Lulo,data/raw/FRUIT-16K/F_Lulo/977.jpg,data/raw/FRUIT-16K/F_Lulo/978.jpg
9fad4bdac3ca15062c6c650c80adfcc0b62d545b71547c1fa5f24b1dda2a0e52,2,F_Lulo,data/raw/FRUIT-16K/F_Lulo/979.jpg,data/raw/FRUIT-16K/F_Lulo/980.jpg
78f8b5f90955afa8479758b4971c228fc9a7fffe0a27324a796650d03798074a,2,F_Lulo,data/raw/FRUIT-16K/F_Lulo/981.jpg,data/raw/FRUIT-16K/F_Lulo/982.jpg
0e448c7f68ff00c8ac5153e3b54b7f2faeefe80554c618fbf7a186511b037163,2,F_Lulo,data/raw/FRUIT-16K/F_Lulo/983.jpg,data/raw/FRUIT-16K/F_Lulo/984.jpg
a5748cb29854cd95b52e24c93c601511922a0a2ad2c9e129219053284e9238d0,2,F_Lulo,data/raw/FRUIT-16K/F_Lulo/985.jpg,data/raw/FRUIT-16K/F_Lulo/986.jpg
bd6e1d574b78c14ea507739cf486d353d42480ca69f69a66a70dbab45b5625f8,2,F_Lulo,data/raw/FRUIT-16K/F_Lulo/989.jpg,data/raw/FRUIT-16K/F_Lulo/990.jpg
e28a06c2c711fed017edb289da9c0f37f827548539936ee2abe8a34f1e5bf492,2,F_Lulo,data/raw/FRUIT-16K/F_Lulo/991.jpg,data/raw/FRUIT-16K/F_Lulo/992.jpg
4c86f7eb6da9620f071652e17e9acff78e6cf29ea29a76994c7a4234a3b7990f,2,F_Lulo,data/raw/FRUIT-16K/F_Lulo/993.jpg,data/raw/FRUIT-16K/F_Lulo/994.jpg
4cbc132d4ecf6c4247b34feb5e242b1f4381bc03e9eb4be7703bba37e5f324d5,2,F_Lulo,data/raw/FRUIT-16K/F_Lulo/995.jpg,data/raw/FRUIT-16K/F_Lulo/996.jpg
15d631ec93e120d9b861f546f848016d84d55af51a617dbc055bec14901f0f89,2,F_Lulo,data/raw/FRUIT-16K/F_Lulo/997.jpg,data/raw/FRUIT-16K/F_Lulo/998.jpg
a88f41f51c0ac294f4de9b8ee7f50414457fa5042b5f7860562080b8a31025df,2,F_Lulo,data/raw/FRUIT-16K/F_Lulo/999.jpg,data/raw/FRUIT-16K/F_Lulo/1000.jpg
ffd0b937eb62f9e43360599b2709099b4052d9fe8a632a769a93f3a7d5328ffe,2,F_Tamarillo,data/raw/FRUIT-16K/F_Tamarillo/4.jpg,data/raw/FRUIT-16K/F_Tamarillo/5.jpg
b613d5cfe5969937c666cc9d057427d908d52233f28d0805ce74010342437eec,2,F_Tamarillo,data/raw/FRUIT-16K/F_Tamarillo/6.jpg,data/raw/FRUIT-16K/F_Tamarillo/7.jpg
dd14b196f99492669803368deee680bf7e5ee1f2ca4478e4f49b13061e7eac46,2,F_Tamarillo,data/raw/FRUIT-16K/F_Tamarillo/8.jpg,data/raw/FRUIT-16K/F_Tamarillo/9.jpg
c7cd941e70eabc333abebca1c9f80ef9cdfbc03d9ac1e789d72590a11ac4263b,2,F_Tamarillo,data/raw/FRUIT-16K/F_Tamarillo/10.jpg,data/raw/FRUIT-16K/F_Tamarillo/11.jpg
ccf117fbc9bb76b553879cf024c7d96117825ddba768d5ca1d070939019cf852,2,F_Tamarillo,data/raw/FRUIT-16K/F_Tamarillo/13.jpg,data/raw/FRUIT-16K/F_Tamarillo/14.jpg
10d49c4900572bd2fe118208a219476efc2c0933e96af74892851d63d6638420,2,F_Tamarillo,data/raw/FRUIT-16K/F_Tamarillo/21.jpg,data/raw/FRUIT-16K/F_Tamarillo/22.jpg
a1139d15d92475089c3b2a269616e19870f54294e9ff522436f25a3f1ed192f1,2,F_Tamarillo,data/raw/FRUIT-16K/F_Tamarillo/23.jpg,data/raw/FRUIT-16K/F_Tamarillo/24.jpg
c43bc2274f133ca1fec33287ea8d7e34cd61800a260e792191d194cf74f25749,2,F_Tamarillo,data/raw/FRUIT-16K/F_Tamarillo/25.jpg,data/raw/FRUIT-16K/F_Tamarillo/26.jpg
868afb5f7559e94c7b7afc331ac265bbe3af3c24c1e80cb58702f425e4ae0b3e,2,F_Tamarillo,data/raw/FRUIT-16K/F_Tamarillo/27.jpg,data/raw/FRUIT-16K/F_Tamarillo/28.jpg
4ba626b1cad81328871849de962a9c64832502e48c4829935c0f0fcc95b23b74,2,F_Tamarillo,data/raw/FRUIT-16K/F_Tamarillo/30.jpg,data/raw/FRUIT-16K/F_Tamarillo/31.jpg
7e5926d61910607e5005857cc6f85554d9a4f0358db18c65ed207d707dc1a887,2,F_Tamarillo,data/raw/FRUIT-16K/F_Tamarillo/38.jpg,data/raw/FRUIT-16K/F_Tamarillo/39.jpg
f8816971aa5e142a09bc90bd5466447c61a1ab9f75689f1193762e10d32f1097,2,F_Tamarillo,data/raw/FRUIT-16K/F_Tamarillo/40.jpg,data/raw/FRUIT-16K/F_Tamarillo/41.jpg
0bd70a8a5492ebb945b420a20875cd930ff96e4f41709200d7c4d5075cc14c81,2,F_Tamarillo,data/raw/FRUIT-16K/F_Tamarillo/42.jpg,data/raw/FRUIT-16K/F_Tamarillo/43.jpg
2179ebf4a1de41cc751e09145c02c5125352da0a80ade75554d276218658c856,2,F_Tamarillo,data/raw/FRUIT-16K/F_Tamarillo/44.jpg,data/raw/FRUIT-16K/F_Tamarillo/45.jpg
a190d09f70e692e303c0d8bdec96244ad4caa5f2b05d7dd154f2d8b6ca0a8802,2,F_Tamarillo,data/raw/FRUIT-16K/F_Tamarillo/47.jpg,data/raw/FRUIT-16K/F_Tamarillo/48.jpg
b48c54cbbdb53fff3844825110e706448d7d10db11c9dbb71577427c986f9b3a,2,F_Tamarillo,data/raw/FRUIT-16K/F_Tamarillo/55.jpg,data/raw/FRUIT-16K/F_Tamarillo/56.jpg
88851eb5193f184c9032f0495c118d7fa47272dbf71f24b30c17fc80db9463a7,2,F_Tamarillo,data/raw/FRUIT-16K/F_Tamarillo/57.jpg,data/raw/FRUIT-16K/F_Tamarillo/58.jpg
bc8cf42527b8dbe97d4e32528fa9dc6934b72ea04e3d6dabe00a67d788cb6fb1,2,F_Tamarillo,data/raw/FRUIT-16K/F_Tamarillo/59.jpg,data/raw/FRUIT-16K/F_Tamarillo/60.jpg
ecf286472a5b644c4e87361ded5053623791b269a75a27a325ea1eb9ac23f229,2,F_Tamarillo,data/raw/FRUIT-16K/F_Tamarillo/61.jpg,data/raw/FRUIT-16K/F_Tamarillo/62.jpg
faf2ad5056effe08c0bf25c3840c7384e33445e24067babc488a824ee5151524,2,F_Tamarillo,data/raw/FRUIT-16K/F_Tamarillo/64.jpg,data/raw/FRUIT-16K/F_Tamarillo/65.jpg
5a992676de60ee10c83fd59c0b40ca61443ab484606ab1a3b088adace1c7502b,2,F_Tamarillo,data/raw/FRUIT-16K/F_Tamarillo/72.jpg,data/raw/FRUIT-16K/F_Tamarillo/73.jpg
f51709308b4a8573d99ded330d9f657e12f6a061f626c403a2ac7589a4aa1a6b,2,F_Tamarillo,data/raw/FRUIT-16K/F_Tamarillo/74.jpg,data/raw/FRUIT-16K/F_Tamarillo/75.jpg
10b60de5ded8db53f55e1b2a358840a89980e65ba8cddc656354573e7dd3c420,2,F_Tamarillo,data/raw/FRUIT-16K/F_Tamarillo/76.jpg,data/raw/FRUIT-16K/F_Tamarillo/77.jpg
c75b884a419ec2d26ef2116c69367f8ea7c2065790e73e33926411690cc4e578,2,F_Tamarillo,data/raw/FRUIT-16K/F_Tamarillo/78.jpg,data/raw/FRUIT-16K/F_Tamarillo/79.jpg
16f34b1421bfeeb311f3edf6f79f547cbbddb23c76c6f3d3ff3ea348380e207d,2,F_Tamarillo,data/raw/FRUIT-16K/F_Tamarillo/81.jpg,data/raw/FRUIT-16K/F_Tamarillo/82.jpg
bc13dd44265d6e769855de2dd6d546ea3d9d075c8f360c3f04bd90cb804b9dd8,2,F_Tamarillo,data/raw/FRUIT-16K/F_Tamarillo/89.jpg,data/raw/FRUIT-16K/F_Tamarillo/90.jpg
73f8895f1b7cfead6b0b2d60e1c385cf1b1ce9fe10bd3fe5787ef53339b1e348,2,F_Tamarillo,data/raw/FRUIT-16K/F_Tamarillo/91.jpg,data/raw/FRUIT-16K/F_Tamarillo/92.jpg
45d7d340f58df3707b25f7d161523b7d543e8f2197fd34eef0eaceff326c0fca,2,F_Tamarillo,data/raw/FRUIT-16K/F_Tamarillo/93.jpg,data/raw/FRUIT-16K/F_Tamarillo/94.jpg
31bcdb5ea2b00935c9c5f2ff1b7e325ed4cd80fe4ac495ba0be30605d170b3b2,2,F_Tamarillo,data/raw/FRUIT-16K/F_Tamarillo/95.jpg,data/raw/FRUIT-16K/F_Tamarillo/96.jpg
31325e27fafd11a3f28142623d3c68b30995db6e2a8062059a6644068407eca8,2,F_Tamarillo,data/raw/FRUIT-16K/F_Tamarillo/98.jpg,data/raw/FRUIT-16K/F_Tamarillo/99.jpg
d06aa57b01b0aed63660e472579845787533ed6054054d770f5a03d5033d45a2,2,F_Tamarillo,data/raw/FRUIT-16K/F_Tamarillo/106.jpg,data/raw/FRUIT-16K/F_Tamarillo/107.jpg
b4376ed7c02d5d56b53b107938826fd423024ecccb19c96e2fa6b996f1f52456,2,F_Tamarillo,data/raw/FRUIT-16K/F_Tamarillo/108.jpg,data/raw/FRUIT-16K/F_Tamarillo/109.jpg
6127a796e1ae12acabd4b57dd207b34f312557a705052a6fc17bd9b8bd57f240,2,F_Tamarillo,data/raw/FRUIT-16K/F_Tamarillo/110.jpg,data/raw/FRUIT-16K/F_Tamarillo/111.jpg
0b3f52554038edaee60fcf5e1f7e4581ea451e4bc0627f29f74b4fc7b0101924,2,F_Tamarillo,data/raw/FRUIT-16K/F_Tamarillo/112.jpg,data/raw/FRUIT-16K/F_Tamarillo/113.jpg
c3a5b3a1d16ed468e303fec5f5122e836188f210d753e0d03057666d01286af4,2,F_Tamarillo,data/raw/FRUIT-16K/F_Tamarillo/115.jpg,data/raw/FRUIT-16K/F_Tamarillo/116.jpg
16fc22544123ca177bc045264b501244766476b061174033f02dfcf8044736ce,2,F_Tamarillo,data/raw/FRUIT-16K/F_Tamarillo/123.jpg,data/raw/FRUIT-16K/F_Tamarillo/124.jpg
fca2589c9441213415bcd07aa457287f167c1394a992ee3ff669ff97c6b8cf57,2,F_Tamarillo,data/raw/FRUIT-16K/F_Tamarillo/125.jpg,data/raw/FRUIT-16K/F_Tamarillo/126.jpg
e44ca573c9e78495fa7188fa97b737e93fae6bd9f5b20450ca374f14ad5cb9de,2,F_Tamarillo,data/raw/FRUIT-16K/F_Tamarillo/127.jpg,data/raw/FRUIT-16K/F_Tamarillo/128.jpg
fe928fb537827c8074810c9bd7520b0eb0f72efd30e048ac945c4b79bd7d1501,2,F_Tamarillo,data/raw/FRUIT-16K/F_Tamarillo/129.jpg,data/raw/FRUIT-16K/F_Tamarillo/130.jpg
0b323d3b48583f1340d83e6836b90fa7bccfb0c35776078e69f2af95a4fb79af,2,F_Tamarillo,data/raw/FRUIT-16K/F_Tamarillo/132.jpg,data/raw/FRUIT-16K/F_Tamarillo/133.jpg
9d73a5b0095376b2f596200b23a1ff610239ca8716c357175767217f77b691bb,2,F_Tamarillo,data/raw/FRUIT-16K/F_Tamarillo/140.jpg,data/raw/FRUIT-16K/F_Tamarillo/141.jpg
7c00d0734a7793b9eb2205b296b3b103803112517b80edc58e8903f78e5f95e2,2,F_Tamarillo,data/raw/FRUIT-16K/F_Tamarillo/142.jpg,data/raw/FRUIT-16K/F_Tamarillo/143.jpg
29ae01c5929736ac558bdf9743596c3222704d297b4854d3644fa98cf75cf601,2,F_Tamarillo,data/raw/FRUIT-16K/F_Tamarillo/144.jpg,data/raw/FRUIT-16K/F_Tamarillo/145.jpg
c70a2dd9581638e0c6f3f097644bfdade3461d214c6e5b9e72bf6696bdde4e0a,2,F_Tamarillo,data/raw/FRUIT-16K/F_Tamarillo/146.jpg,data/raw/FRUIT-16K/F_Tamarillo/147.jpg
19013916e75505ff6b3b204f0646ae0097688363c42745a31ee6d9eb90c3d326,2,F_Tamarillo,data/raw/FRUIT-16K/F_Tamarillo/149.jpg,data/raw/FRUIT-16K/F_Tamarillo/150.jpg
7d9b4bf526fd2f82beb5fc5e9e6007c20301228533e03cd2e7bedd3ec56b59a3,2,F_Tamarillo,data/raw/FRUIT-16K/F_Tamarillo/157.jpg,data/raw/FRUIT-16K/F_Tamarillo/158.jpg
8f56c7d6788ec8343a245eb3f3d0da0bc10f9d6735381c989b52a80ddf82c309,2,F_Tamarillo,data/raw/FRUIT-16K/F_Tamarillo/159.jpg,data/raw/FRUIT-16K/F_Tamarillo/160.jpg
1be3ff844a438480b66a7b024b73627ddb5c3028008c66d701d453db09940c35,2,F_Tamarillo,data/raw/FRUIT-16K/F_Tamarillo/161.jpg,data/raw/FRUIT-16K/F_Tamarillo/162.jpg
17b5848f2e0083bc15c3c4f4a8495777ce9f43781f9332420a3a1852a1730e25,2,F_Tamarillo,data/raw/FRUIT-16K/F_Tamarillo/163.jpg,data/raw/FRUIT-16K/F_Tamarillo/164.jpg
a2c5628a711a539b6276bfbe3005771212e98cd8def586b0643ac6bb9dd65b4c,2,F_Tamarillo,data/raw/FRUIT-16K/F_Tamarillo/166.jpg,data/raw/FRUIT-16K/F_Tamarillo/167.jpg
f03ffa6ddaad904d867e82047048162bd266d8e6833c3d619c0f2aed6314458e,2,F_Tamarillo,data/raw/FRUIT-16K/F_Tamarillo/174.jpg,data/raw/FRUIT-16K/F_Tamarillo/175.jpg
3e4432f672abdd4a8dba511362fe718406f899865c44f26e4701ecdae5cb581d,2,F_Tamarillo,data/raw/FRUIT-16K/F_Tamarillo/176.jpg,data/raw/FRUIT-16K/F_Tamarillo/177.jpg
567447386fc31a72110ee21992a93b064632bf46d967df9f2724e96284571f17,2,F_Tamarillo,data/raw/FRUIT-16K/F_Tamarillo/178.jpg,data/raw/FRUIT-16K/F_Tamarillo/179.jpg
2d581b1055c45136b52f65a3a2afe74452cb2f4f27e4b8ed8bac494cd846d858,2,F_Tamarillo,data/raw/FRUIT-16K/F_Tamarillo/180.jpg,data/raw/FRUIT-16K/F_Tamarillo/181.jpg
213a1a1df70cd44fa0d989cc05710a05b6532d091eb1ddb8e5b03fe3309ea986,2,F_Tamarillo,data/raw/FRUIT-16K/F_Tamarillo/183.jpg,data/raw/FRUIT-16K/F_Tamarillo/184.jpg
189e4da89c7d86570173f12599f64299f907034b949b233199bca59728ed382c,2,F_Tamarillo,data/raw/FRUIT-16K/F_Tamarillo/191.jpg,data/raw/FRUIT-16K/F_Tamarillo/192.jpg
23a33f8f1ea9f97a34a124e1b33757c6d8582f03289ff5fd1300e75ce2ba5a9b,2,F_Tamarillo,data/raw/FRUIT-16K/F_Tamarillo/193.jpg,data/raw/FRUIT-16K/F_Tamarillo/194.jpg
3b2994afc7abbaeabd69bbb43583ffe14457ad1623f057e5d5898d372b415aed,2,F_Tamarillo,data/raw/FRUIT-16K/F_Tamarillo/195.jpg,data/raw/FRUIT-16K/F_Tamarillo/196.jpg
a5ec6868f4063417c14333752b4601434544e972a4a01fbbe39ef6b88ee8d191,2,F_Tamarillo,data/raw/FRUIT-16K/F_Tamarillo/197.jpg,data/raw/FRUIT-16K/F_Tamarillo/198.jpg
ce2df06464ee197fbb91ee0a4c20a4969e296d906eebc4b1c0df392fcdf4a134,2,F_Tamarillo,data/raw/FRUIT-16K/F_Tamarillo/200.jpg,data/raw/FRUIT-16K/F_Tamarillo/201.jpg
729701b6cead84a15dd2b6cfaeafa99b4d6f92f4c261da7bca0a6171dcd52730,2,F_Tamarillo,data/raw/FRUIT-16K/F_Tamarillo/208.jpg,data/raw/FRUIT-16K/F_Tamarillo/209.jpg
dc41438b53679b2478e17331e1459f7c3dfcfd3d30b432537cb36536e37bf15f,2,F_Tamarillo,data/raw/FRUIT-16K/F_Tamarillo/210.jpg,data/raw/FRUIT-16K/F_Tamarillo/211.jpg
e27dacf8f94f4685664ec266e92558974e686c5ae898ef520c9fb7bcd8df24f0,2,F_Tamarillo,data/raw/FRUIT-16K/F_Tamarillo/212.jpg,data/raw/FRUIT-16K/F_Tamarillo/213.jpg
be2154955a4ab2c8d657ab214d9609affc8a83cbe3802bc66e505d3eea41fb67,2,F_Tamarillo,data/raw/FRUIT-16K/F_Tamarillo/214.jpg,data/raw/FRUIT-16K/F_Tamarillo/215.jpg
420a26592b585814fbf0fdc45aa451f1a44280d0e1b080d67798b123d0e7558d,2,F_Tamarillo,data/raw/FRUIT-16K/F_Tamarillo/217.jpg,data/raw/FRUIT-16K/F_Tamarillo/218.jpg
d16c67941f8d4e44b711b97bf2a6ca49d74a8bbcddbc2a67cc381bda8df464f6,2,F_Tamarillo,data/raw/FRUIT-16K/F_Tamarillo/225.jpg,data/raw/FRUIT-16K/F_Tamarillo/226.jpg
70cde2b0cf2448591930836db48d84f0cc17dc33175ce98ab9671a28c6564ba3,2,F_Tamarillo,data/raw/FRUIT-16K/F_Tamarillo/227.jpg,data/raw/FRUIT-16K/F_Tamarillo/228.jpg
2fb04407dc9b3067f3feb0a25cf07ef1cc6135cf55fe2e3a86bded87d91f9fd5,2,F_Tamarillo,data/raw/FRUIT-16K/F_Tamarillo/229.jpg,data/raw/FRUIT-16K/F_Tamarillo/230.jpg
c81459cfacaff5cb5ca9265b1f12a815c43009222346b98bc76e79e6f7d067d7,2,F_Tamarillo,data/raw/FRUIT-16K/F_Tamarillo/231.jpg,data/raw/FRUIT-16K/F_Tamarillo/232.jpg
9444429d43b11b9ee280736dc3a958be75e48980fa402f7615a6fcadc052f2f5,2,F_Tamarillo,data/raw/FRUIT-16K/F_Tamarillo/234.jpg,data/raw/FRUIT-16K/F_Tamarillo/235.jpg
23314faaba3e9d53f828229b858e97b6a8b50ee18266cb2e567be347590f26a5,2,F_Tamarillo,data/raw/FRUIT-16K/F_Tamarillo/242.jpg,data/raw/FRUIT-16K/F_Tamarillo/243.jpg
e894947f1130f8d2e1b4046e86780a7b82435482e76fca327ff94305bfdae6f7,2,F_Tamarillo,data/raw/FRUIT-16K/F_Tamarillo/244.jpg,data/raw/FRUIT-16K/F_Tamarillo/245.jpg
c677fc657c2bc7baabe279bf192cc52a4345a9b41d3981193454e5a9359b440f,2,F_Tamarillo,data/raw/FRUIT-16K/F_Tamarillo/246.jpg,data/raw/FRUIT-16K/F_Tamarillo/247.jpg
b2f305503a123387100ee99ae6190957889a084b4eccc912ad09f41bb33969ab,2,F_Tamarillo,data/raw/FRUIT-16K/F_Tamarillo/248.jpg,data/raw/FRUIT-16K/F_Tamarillo/249.jpg
2bd44ecb0bbe1119e6e5a5accd7fac5bbd06a1a43f647a6e97d77ef7def9f58a,2,F_Tamarillo,data/raw/FRUIT-16K/F_Tamarillo/251.jpg,data/raw/FRUIT-16K/F_Tamarillo/252.jpg
421f70e9c877a9ebf08a57c90729c251a72e841f0737442cd58a4ca7f001a164,2,F_Tamarillo,data/raw/FRUIT-16K/F_Tamarillo/259.jpg,data/raw/FRUIT-16K/F_Tamarillo/260.jpg
ff76b9b9dcc7f4bc6dc51ea87436d0b4b461f0f1a9bfefbe19437a40f55f1cad,2,F_Tamarillo,data/raw/FRUIT-16K/F_Tamarillo/261.jpg,data/raw/FRUIT-16K/F_Tamarillo/262.jpg
420cb17a5c5c9bfe6537e71dcb70cb844f9c348919be9f1c48e9e1bf276f1471,2,F_Tamarillo,data/raw/FRUIT-16K/F_Tamarillo/263.jpg,data/raw/FRUIT-16K/F_Tamarillo/264.jpg
4e40a65f9fbf690d6078578fa39f32b99dbd14fab32ea5ea69ba513c3b72bf2e,2,F_Tamarillo,data/raw/FRUIT-16K/F_Tamarillo/265.jpg,data/raw/FRUIT-16K/F_Tamarillo/266.jpg
89684a8b512f8b05e5faf6d667ecae6191a336231e3c2d064d0ed6d771f9cf2f,2,F_Tamarillo,data/raw/FRUIT-16K/F_Tamarillo/268.jpg,data/raw/FRUIT-16K/F_Tamarillo/269.jpg
4bf73aa3d773c1c24768a6c0977467af915c81a7697b9fb7a49ec4d4ebea5dfd,2,F_Tamarillo,data/raw/FRUIT-16K/F_Tamarillo/276.jpg,data/raw/FRUIT-16K/F_Tamarillo/277.jpg
43322c2b4e24c5f28d185e0b2895aefb45613335e2e8b0515895737535227458,2,F_Tamarillo,data/raw/FRUIT-16K/F_Tamarillo/278.jpg,data/raw/FRUIT-16K/F_Tamarillo/279.jpg
9c1e07d935a8a1ecfa6fff42fe8232a1de5f32df8a552473c03eb0978316a13f,2,F_Tamarillo,data/raw/FRUIT-16K/F_Tamarillo/280.jpg,data/raw/FRUIT-16K/F_Tamarillo/281.jpg
baff4fec196b71159e68415b23d648f743e0be8ca44261e4dae5f15e9c704cdc,2,F_Tamarillo,data/raw/FRUIT-16K/F_Tamarillo/282.jpg,data/raw/FRUIT-16K/F_Tamarillo/283.jpg
89bfdcaea84266188c0ef274e4921398fe7fc7d8063f654fb905023893a2f7e4,2,F_Tamarillo,data/raw/FRUIT-16K/F_Tamarillo/285.jpg,data/raw/FRUIT-16K/F_Tamarillo/286.jpg
ad40091d76c640bf1e787a3c929b12972a16a92cf136bed89d9a9ba4e104859c,2,F_Tamarillo,data/raw/FRUIT-16K/F_Tamarillo/293.jpg,data/raw/FRUIT-16K/F_Tamarillo/294.jpg
36cb9d06e380b6cf4947deb3d6f9366c666aa0db011ef972f2127703c03e2239,2,F_Tamarillo,data/raw/FRUIT-16K/F_Tamarillo/295.jpg,data/raw/FRUIT-16K/F_Tamarillo/296.jpg
61fb09b045805e391f4c10098f6d68fb6f1be2825ef8a4f5e981e9192a57d1a0,2,F_Tamarillo,data/raw/FRUIT-16K/F_Tamarillo/297.jpg,data/raw/FRUIT-16K/F_Tamarillo/298.jpg
a0e648f44962edb8ff9307f7521caa6be4817f28990606eeb66c408abfe09719,2,F_Tamarillo,data/raw/FRUIT-16K/F_Tamarillo/299.jpg,data/raw/FRUIT-16K/F_Tamarillo/300.jpg
97076130a9f1304e359f4b6cb01b2289dcf11582fdad4831ef2a67d8f5e6efc9,2,F_Tamarillo,data/raw/FRUIT-16K/F_Tamarillo/302.jpg,data/raw/FRUIT-16K/F_Tamarillo/303.jpg
4e8111c8f2de9e178d9b2e617aff5cb97310f2db2f866bf5f1b491a0479c1fcd,2,F_Tamarillo,data/raw/FRUIT-16K/F_Tamarillo/310.jpg,data/raw/FRUIT-16K/F_Tamarillo/311.jpg
e98c625ed25b9d50c42819be1b85bac1611762321a986fafc0709da6c0d738d8,2,F_Tamarillo,data/raw/FRUIT-16K/F_Tamarillo/312.jpg,data/raw/FRUIT-16K/F_Tamarillo/313.jpg
c10b638bacbb8a1386a0cec18ef62c864b8057f57c12b53b4341387169c1cee8,2,F_Tamarillo,data/raw/FRUIT-16K/F_Tamarillo/314.jpg,data/raw/FRUIT-16K/F_Tamarillo/315.jpg
e21dc5be4b088e7ea200013f282228c2a10571eed735168bdf16e01a04933302,2,F_Tamarillo,data/raw/FRUIT-16K/F_Tamarillo/316.jpg,data/raw/FRUIT-16K/F_Tamarillo/317.jpg
d9cefb7fc1bc3a21b2002c8084793cbffb6c032acf63bf1283f889398993a8c6,2,F_Tamarillo,data/raw/FRUIT-16K/F_Tamarillo/319.jpg,data/raw/FRUIT-16K/F_Tamarillo/320.jpg
41844cd329610a78f75f8b05baa3115bb379ba40ebb3f59ad2590bc1e97a1db6,2,F_Tamarillo,data/raw/FRUIT-16K/F_Tamarillo/327.jpg,data/raw/FRUIT-16K/F_Tamarillo/328.jpg
479ce24bed2550f8b5a6e39ef61f9ae10e663772365309a8221372a81875be39,2,F_Tamarillo,data/raw/FRUIT-16K/F_Tamarillo/329.jpg,data/raw/FRUIT-16K/F_Tamarillo/330.jpg
6e46305fa530513abf4496fd553f8915c7975972cbfa72ced1161bb1e3970799,2,F_Tamarillo,data/raw/FRUIT-16K/F_Tamarillo/331.jpg,data/raw/FRUIT-16K/F_Tamarillo/332.jpg
7ef6ca0c6f50365449da42c74bf442c191855089b7d6eece79905f69c8b5f0db,2,F_Tamarillo,data/raw/FRUIT-16K/F_Tamarillo/333.jpg,data/raw/FRUIT-16K/F_Tamarillo/334.jpg
f1b4a559508b2bfac9f0b2bf1a09ddb8efacf352430878a037d59e10e39a2a9a,2,F_Tamarillo,data/raw/FRUIT-16K/F_Tamarillo/336.jpg,data/raw/FRUIT-16K/F_Tamarillo/337.jpg
59d100cb1af8d57e94c74b8f14940503f8c6a1468535c4172d7701739013a84c,2,F_Tamarillo,data/raw/FRUIT-16K/F_Tamarillo/344.jpg,data/raw/FRUIT-16K/F_Tamarillo/345.jpg
f87c6f26e34ce4b3561b7e0cea4de3b79ff6914591058a0b40ef194a0ea0cd3c,2,F_Tamarillo,data/raw/FRUIT-16K/F_Tamarillo/346.jpg,data/raw/FRUIT-16K/F_Tamarillo/347.jpg
a95f76a3ddfa92b30425d95d7e04507efa4fd5a050f29301221c0b0a9c0deb2f,2,F_Tamarillo,data/raw/FRUIT-16K/F_Tamarillo/348.jpg,data/raw/FRUIT-16K/F_Tamarillo/349.jpg
e1e4a3e7cac44c9b45554df2b466bcd1addd1cfbfbdf437f1939d61cec4635ae,2,F_Tamarillo,data/raw/FRUIT-16K/F_Tamarillo/350.jpg,data/raw/FRUIT-16K/F_Tamarillo/351.jpg
63a731dde89bf6adaa90e003b622dd186f4d671030db0aedaa4174b59f6ecdc6,2,F_Tamarillo,data/raw/FRUIT-16K/F_Tamarillo/353.jpg,data/raw/FRUIT-16K/F_Tamarillo/354.jpg
a592e7b7a4deae7e76d88b72ccd018702bdfa375ba322e667de1d61bfe83c37b,2,F_Tamarillo,data/raw/FRUIT-16K/F_Tamarillo/361.jpg,data/raw/FRUIT-16K/F_Tamarillo/362.jpg
d8b56e2c25f5a5870cce2bbe50364a99c2a240b03bb43bfa4e10fa324e53e678,2,F_Tamarillo,data/raw/FRUIT-16K/F_Tamarillo/363.jpg,data/raw/FRUIT-16K/F_Tamarillo/364.jpg
90f5afb1822fbc55843572d6846037e66d1ce149884636b3219da044fb4ec4f3,2,F_Tamarillo,data/raw/FRUIT-16K/F_Tamarillo/365.jpg,data/raw/FRUIT-16K/F_Tamarillo/366.jpg
25356bfea1987b32e1bfe17ebbbc761b8a892e674a9319132e488432943acef3,2,F_Tamarillo,data/raw/FRUIT-16K/F_Tamarillo/367.jpg,data/raw/FRUIT-16K/F_Tamarillo/368.jpg
29690eadf3853341404059fc5f20010775129e4d197075412a173f42fafeb0a9,2,F_Tamarillo,data/raw/FRUIT-16K/F_Tamarillo/370.jpg,data/raw/FRUIT-16K/F_Tamarillo/371.jpg
9d97745c813ae161c0be054258b45bf0762840c5a7bba52313f0e7e53904c9a5,2,F_Tamarillo,data/raw/FRUIT-16K/F_Tamarillo/378.jpg,data/raw/FRUIT-16K/F_Tamarillo/379.jpg
eb9352cb7f934f9e419e9447d6b226118999d8e7feb375d6a4cbf429280a3c12,2,F_Tamarillo,data/raw/FRUIT-16K/F_Tamarillo/380.jpg,data/raw/FRUIT-16K/F_Tamarillo/381.jpg
0f8396fcb836fede7099d59f12641ce682636d8a9162fdec0584940b3f2abed7,2,F_Tamarillo,data/raw/FRUIT-16K/F_Tamarillo/382.jpg,data/raw/FRUIT-16K/F_Tamarillo/383.jpg
b6de0e3d4aaa95b2129a6b47c6babef14c3674d3ea6322722cc5b798d203b54f,2,F_Tamarillo,data/raw/FRUIT-16K/F_Tamarillo/384.jpg,data/raw/FRUIT-16K/F_Tamarillo/385.jpg
d654ac934869ea01fb9d040f21616d73bea89b35e44a291f33b33c4208004a48,2,F_Tamarillo,data/raw/FRUIT-16K/F_Tamarillo/387.jpg,data/raw/FRUIT-16K/F_Tamarillo/388.jpg
7ab019f2ce81170f71f7cd853563ee20fd9d5bddbbe8735f2ccc7ad39cee75b6,2,F_Tamarillo,data/raw/FRUIT-16K/F_Tamarillo/395.jpg,data/raw/FRUIT-16K/F_Tamarillo/396.jpg
4eb4687892502c0560833cfb697ef76915535eb056f269f2b8b8e8318af060e7,2,F_Tamarillo,data/raw/FRUIT-16K/F_Tamarillo/397.jpg,data/raw/FRUIT-16K/F_Tamarillo/398.jpg
599f127abb921a9c3d357b555273d99a9274178c0b53eaa769b8a19f9e83d6b0,2,F_Tamarillo,data/raw/FRUIT-16K/F_Tamarillo/399.jpg,data/raw/FRUIT-16K/F_Tamarillo/400.jpg
c1fd252bca2911a0af8ea745f75c61fd229594257a7d534be0bcca0274619b7e,2,F_Tamarillo,data/raw/FRUIT-16K/F_Tamarillo/401.jpg,data/raw/FRUIT-16K/F_Tamarillo/402.jpg
a75c24cca50e17e81df48800ccc01f3cd28c93ffe39dba0d02e1343b85e49903,2,F_Tamarillo,data/raw/FRUIT-16K/F_Tamarillo/404.jpg,data/raw/FRUIT-16K/F_Tamarillo/405.jpg
1b5c4589e022a9c5be6e9a5d5d03051b6f240dc79aa8782bffde50220818ea24,2,F_Tamarillo,data/raw/FRUIT-16K/F_Tamarillo/407.jpg,data/raw/FRUIT-16K/F_Tamarillo/408.jpg
6addde1556f9131365f736add3becf01312d1b46ab3ee923358ac2bf9132aa25,2,F_Tamarillo,data/raw/FRUIT-16K/F_Tamarillo/413.jpg,data/raw/FRUIT-16K/F_Tamarillo/414.jpg
db6b13651e3ee6475ff968639af30aa5ed6582e1bc372f67cf845c79d4fa1345,2,F_Tamarillo,data/raw/FRUIT-16K/F_Tamarillo/415.jpg,data/raw/FRUIT-16K/F_Tamarillo/416.jpg
39bffdddd4b6b83609039986e7ba400eaefbcab9a7d7cfd697f6709618950567,2,F_Tamarillo,data/raw/FRUIT-16K/F_Tamarillo/417.jpg,data/raw/FRUIT-16K/F_Tamarillo/418.jpg
2c0b19849a204529a258c951aaeec315ac84cd73d54884dc5f3710687498d8d6,2,F_Tamarillo,data/raw/FRUIT-16K/F_Tamarillo/419.jpg,data/raw/FRUIT-16K/F_Tamarillo/420.jpg
2771f9381e03240505e8f84335feb1cb9af52003b1bd68b6b73f27a87700fa82,2,F_Tamarillo,data/raw/FRUIT-16K/F_Tamarillo/422.jpg,data/raw/FRUIT-16K/F_Tamarillo/423.jpg
3c895e395d51ec60874eec2281639ce8e66bcf77ddb433e2e36d5fa245c8c0b3,2,F_Tamarillo,data/raw/FRUIT-16K/F_Tamarillo/425.jpg,data/raw/FRUIT-16K/F_Tamarillo/426.jpg
f92d5c743f962bccd06cb881bd5ee9d39c53b5b70e37a99cf1115f233aacca4b,2,F_Tamarillo,data/raw/FRUIT-16K/F_Tamarillo/431.jpg,data/raw/FRUIT-16K/F_Tamarillo/432.jpg
a465283911fe1375bf2a568965d8b6ad64216db7a72a4271c89b3a18a6b1b5f4,2,F_Tamarillo,data/raw/FRUIT-16K/F_Tamarillo/433.jpg,data/raw/FRUIT-16K/F_Tamarillo/434.jpg
422bcff5a2739faf7e38c13ac03d7c3715bbcf474da29d6b0915766fce2982ac,2,F_Tamarillo,data/raw/FRUIT-16K/F_Tamarillo/435.jpg,data/raw/FRUIT-16K/F_Tamarillo/436.jpg
beaa8a88417032eecc83f23e3e8caa412dbf0020fb34e8090099dd0a3f020a44,2,F_Tamarillo,data/raw/FRUIT-16K/F_Tamarillo/437.jpg,data/raw/FRUIT-16K/F_Tamarillo/438.jpg
0d34b7177005b5cc5a5b880b61626873483d4c8a069e904ed18d85313af21679,2,F_Tamarillo,data/raw/FRUIT-16K/F_Tamarillo/440.jpg,data/raw/FRUIT-16K/F_Tamarillo/441.jpg
9502fb8eb8bb80fdf049ba2554643cf5c3858614a872c08491f42a19b2198164,2,F_Tamarillo,data/raw/FRUIT-16K/F_Tamarillo/443.jpg,data/raw/FRUIT-16K/F_Tamarillo/444.jpg
b77bf48114e8243254eb9df6ede164b92d54a91ab371768ed89466329f2be871,2,F_Tamarillo,data/raw/FRUIT-16K/F_Tamarillo/449.jpg,data/raw/FRUIT-16K/F_Tamarillo/450.jpg
f132eb6ebb2998de0ea76b7e3c5801693c5fd515d0979704ecea01e1c8c3252a,2,F_Tamarillo,data/raw/FRUIT-16K/F_Tamarillo/451.jpg,data/raw/FRUIT-16K/F_Tamarillo/452.jpg
1c7cfbad12c836691f7362495a59a3f23ee8c87bdb1183399f3bed6df1577e04,2,F_Tamarillo,data/raw/FRUIT-16K/F_Tamarillo/453.jpg,data/raw/FRUIT-16K/F_Tamarillo/454.jpg
362b869a20e9a55670af5b0bbbdc48e21a98f42fdcd4607d487eb4badc2141aa,2,F_Tamarillo,data/raw/FRUIT-16K/F_Tamarillo/455.jpg,data/raw/FRUIT-16K/F_Tamarillo/456.jpg
3b37658ab37fc447e646e4c9f26e3f3963c84254a23a48ffccfa62ba71d7095d,2,F_Tamarillo,data/raw/FRUIT-16K/F_Tamarillo/458.jpg,data/raw/FRUIT-16K/F_Tamarillo/459.jpg
e14bf41c125692b41754a01afbbe0e5f469fc0b11d0e831f1636ac20c6264599,2,F_Tamarillo,data/raw/FRUIT-16K/F_Tamarillo/461.jpg,data/raw/FRUIT-16K/F_Tamarillo/462.jpg
5b99a1906f9e17f438462f7c17f5e2d2bd71827b6e1ba03ceec19293546c4a42,2,F_Tamarillo,data/raw/FRUIT-16K/F_Tamarillo/467.jpg,data/raw/FRUIT-16K/F_Tamarillo/468.jpg
22b2b3f70275725b09c0679d61d9520635ec0849919e418a95955284970c575e,2,F_Tamarillo,data/raw/FRUIT-16K/F_Tamarillo/469.jpg,data/raw/FRUIT-16K/F_Tamarillo/470.jpg
afb420e1dcc8aed6199bf3faa1f61e825c42f7dcd29862fa3566a294c8ce9140,2,F_Tamarillo,data/raw/FRUIT-16K/F_Tamarillo/471.jpg,data/raw/FRUIT-16K/F_Tamarillo/472.jpg
1ac7badf2860efbc704bc3cfd32d04261eff72723d4810ec01df3c598b4f4d4c,2,F_Tamarillo,data/raw/FRUIT-16K/F_Tamarillo/473.jpg,data/raw/FRUIT-16K/F_Tamarillo/474.jpg
1f5947d9158f6fc30ebc7e2430ded32c12550c71c2e6f74d25f5a80eb8c7f450,2,F_Tamarillo,data/raw/FRUIT-16K/F_Tamarillo/476.jpg,data/raw/FRUIT-16K/F_Tamarillo/477.jpg
4a2a4a6e8651b60fa16d943171388a73eb4f030a5f31da3d33afa6cca104bd82,2,F_Tamarillo,data/raw/FRUIT-16K/F_Tamarillo/479.jpg,data/raw/FRUIT-16K/F_Tamarillo/480.jpg
56f82c5134a33372b244932816919a4b47250d9ce70448a45f68572cc17680c2,2,F_Tamarillo,data/raw/FRUIT-16K/F_Tamarillo/485.jpg,data/raw/FRUIT-16K/F_Tamarillo/486.jpg
841fe3f87f1abfd4931024da8ee327527f9019c3159dd70653ec8bfd1fca1524,2,F_Tamarillo,data/raw/FRUIT-16K/F_Tamarillo/487.jpg,data/raw/FRUIT-16K/F_Tamarillo/488.jpg
4a49363716ee634348240e76f5ab674772f54ec910ea58ca938927f6ef06bb2c,2,F_Tamarillo,data/raw/FRUIT-16K/F_Tamarillo/489.jpg,data/raw/FRUIT-16K/F_Tamarillo/490.jpg
5bd47b3fe0dc67d33edb422028f1a66f3e398f710a6d7defbeb58dccb82c31a5,2,F_Tamarillo,data/raw/FRUIT-16K/F_Tamarillo/491.jpg,data/raw/FRUIT-16K/F_Tamarillo/492.jpg
ca97e969d7835ffaae7523a226ea1700b75fca29836b652fe9e20859e8ca75f4,2,F_Tamarillo,data/raw/FRUIT-16K/F_Tamarillo/494.jpg,data/raw/FRUIT-16K/F_Tamarillo/495.jpg
98b0a4abddd15820d2921371e21aa0e653fdd8839a78e60be8da72103c249ec4,2,F_Tamarillo,data/raw/FRUIT-16K/F_Tamarillo/497.jpg,data/raw/FRUIT-16K/F_Tamarillo/498.jpg
9f4f50c1a62bc807a72078a16b07d449666b3cfd6c68681b0e01501eaaceab0f,2,F_Tamarillo,data/raw/FRUIT-16K/F_Tamarillo/503.jpg,data/raw/FRUIT-16K/F_Tamarillo/504.jpg
ed3daae25b7762ba44583cedc48226b6a82a76e349a6aa9ff2460c72021449c0,2,F_Tamarillo,data/raw/FRUIT-16K/F_Tamarillo/505.jpg,data/raw/FRUIT-16K/F_Tamarillo/506.jpg
18ac9789bfa590b8c6ec65f53b715dd3b4ea15267ad5e8fc421b6a27c316ef89,2,F_Tamarillo,data/raw/FRUIT-16K/F_Tamarillo/507.jpg,data/raw/FRUIT-16K/F_Tamarillo/508.jpg
2323752d90f2f4fc77ef62ce9095894be0f96c2b9446b7a6795b46c83195a561,2,F_Tamarillo,data/raw/FRUIT-16K/F_Tamarillo/509.jpg,data/raw/FRUIT-16K/F_Tamarillo/510.jpg
7f49c4c8901dd78e28075a803a4369e857d5a9140ea81d647ed11dfbaa2e9787,2,F_Tamarillo,data/raw/FRUIT-16K/F_Tamarillo/512.jpg,data/raw/FRUIT-16K/F_Tamarillo/513.jpg
2f833bd6c45101506639d859c3e0ef48382cfe81e46325b26534d587d73b0298,2,F_Tamarillo,data/raw/FRUIT-16K/F_Tamarillo/515.jpg,data/raw/FRUIT-16K/F_Tamarillo/516.jpg
aa74965478ce0837a125c730f85982e4811535c13a1061ceecf7730758b51dfc,2,F_Tamarillo,data/raw/FRUIT-16K/F_Tamarillo/521.jpg,data/raw/FRUIT-16K/F_Tamarillo/522.jpg
547e115e0e957c17692b47993299c38c346f48d4a77313813c5006ff6d6115f8,2,F_Tamarillo,data/raw/FRUIT-16K/F_Tamarillo/523.jpg,data/raw/FRUIT-16K/F_Tamarillo/524.jpg
f83af5135df5de5ce4932fe508e0827be9ff6badae9b5e94aaf547e63b3cdf71,2,F_Tamarillo,data/raw/FRUIT-16K/F_Tamarillo/525.jpg,data/raw/FRUIT-16K/F_Tamarillo/526.jpg
7a9dc72af61130cd095a69feb33ccbc290b26dd4ea50adf576cb178cda5823cf,2,F_Tamarillo,data/raw/FRUIT-16K/F_Tamarillo/527.jpg,data/raw/FRUIT-16K/F_Tamarillo/528.jpg
5bc82e5931e7bb078c054b928e4e2f930cfd1a5cb6915bf111a02cfe087bd03c,2,F_Tamarillo,data/raw/FRUIT-16K/F_Tamarillo/530.jpg,data/raw/FRUIT-16K/F_Tamarillo/531.jpg
5c6797b8c6513b323003bb9382b10e4d0b63fd50e376c3a86fe14c3182d6c3b3,2,F_Tamarillo,data/raw/FRUIT-16K/F_Tamarillo/533.jpg,data/raw/FRUIT-16K/F_Tamarillo/534.jpg
b571b40514fcf3fc95b2ad2049c8d25f55a379f9f65f26bcf91ade7600ece543,2,F_Tamarillo,data/raw/FRUIT-16K/F_Tamarillo/539.jpg,data/raw/FRUIT-16K/F_Tamarillo/540.jpg
0adfffea03683201595ea541bf473ccba9680c77816735fc1993d848ed11f18c,2,F_Tamarillo,data/raw/FRUIT-16K/F_Tamarillo/541.jpg,data/raw/FRUIT-16K/F_Tamarillo/542.jpg
d75756f41c4b01a809ead08219b52a702bc118e40c8260ed00697e7012daeb7a,2,F_Tamarillo,data/raw/FRUIT-16K/F_Tamarillo/543.jpg,data/raw/FRUIT-16K/F_Tamarillo/544.jpg
f7141f5961e059ab8384832fc9733ea1248f3ff2d2cd77c9f63a8ae0648fcd63,2,F_Tamarillo,data/raw/FRUIT-16K/F_Tamarillo/545.jpg,data/raw/FRUIT-16K/F_Tamarillo/546.jpg
f6397604079cc4e7b0eff4907f80ec43f3d61caeb681943fc319ebc56b348aa8,2,F_Tamarillo,data/raw/FRUIT-16K/F_Tamarillo/548.jpg,data/raw/FRUIT-16K/F_Tamarillo/549.jpg
2b3b4d87d7f73d3318f5883f77957a64e3b634ecff19112178ac72380cb2d2d0,2,F_Tamarillo,data/raw/FRUIT-16K/F_Tamarillo/551.jpg,data/raw/FRUIT-16K/F_Tamarillo/552.jpg
dc14ea50de96876062a0812eeb8803b9eb9e6b6a340d39f5ea4bf7c6a9cabd11,2,F_Tamarillo,data/raw/FRUIT-16K/F_Tamarillo/557.jpg,data/raw/FRUIT-16K/F_Tamarillo/558.jpg
3d6ce29dd664461085cd75c49f46c0acd9e38daf4582716f79c10778c8eb8f83,2,F_Tamarillo,data/raw/FRUIT-16K/F_Tamarillo/559.jpg,data/raw/FRUIT-16K/F_Tamarillo/560.jpg
1f3d2bde6c6844815dc3408b22d0c32836299bf41e63c923bdc8d45b95a4e8a1,2,F_Tamarillo,data/raw/FRUIT-16K/F_Tamarillo/561.jpg,data/raw/FRUIT-16K/F_Tamarillo/562.jpg
152193f1abe839f4dc946116e616e9132c8e7f4b3ce55c2f67df59ba4a3d93a7,2,F_Tamarillo,data/raw/FRUIT-16K/F_Tamarillo/563.jpg,data/raw/FRUIT-16K/F_Tamarillo/564.jpg
a89867e0b20ad8de5029500427715e741ce72540370e9c0183c73dc212f688b8,2,F_Tamarillo,data/raw/FRUIT-16K/F_Tamarillo/566.jpg,data/raw/FRUIT-16K/F_Tamarillo/567.jpg
a99ebed142d340380b6354ca9ffbeb4d0de22988cfcac49819def805002e8e52,2,F_Tamarillo,data/raw/FRUIT-16K/F_Tamarillo/569.jpg,data/raw/FRUIT-16K/F_Tamarillo/570.jpg
9ba76a01a4bee97c7221fbe2c5bd47742abfc58f895be51622b95afa527f7c4f,2,F_Tamarillo,data/raw/FRUIT-16K/F_Tamarillo/575.jpg,data/raw/FRUIT-16K/F_Tamarillo/576.jpg
b7e926fd02161b98ad12be0ecc0bc46c19aa774cfc9876ede8ad55a3a49f140f,2,F_Tamarillo,data/raw/FRUIT-16K/F_Tamarillo/577.jpg,data/raw/FRUIT-16K/F_Tamarillo/578.jpg
325b5434627b3cf3b62eacd3c5efe7e14dcb727f833315c5c9cde714f3a5d207,2,F_Tamarillo,data/raw/FRUIT-16K/F_Tamarillo/579.jpg,data/raw/FRUIT-16K/F_Tamarillo/580.jpg
aeb339d4a2b94916a5646ac695f31968099ee729a8461adc2962823cdaf1392c,2,F_Tamarillo,data/raw/FRUIT-16K/F_Tamarillo/581.jpg,data/raw/FRUIT-16K/F_Tamarillo/582.jpg
b7f61c21878bcfa491ae36cb0b72d1cc53e5f5cac191cd14c199d948f6d11e6c,2,F_Tamarillo,data/raw/FRUIT-16K/F_Tamarillo/584.jpg,data/raw/FRUIT-16K/F_Tamarillo/585.jpg
eb68a2dfb6879e8c531f30752250a67f90ed1d44a84103b3df1d48738c0fdc68,2,F_Tamarillo,data/raw/FRUIT-16K/F_Tamarillo/587.jpg,data/raw/FRUIT-16K/F_Tamarillo/588.jpg
875d5a9d1db1902b19d24ba11863990b29e3208bdeec25d21ed4ff1f840b96f3,2,F_Tamarillo,data/raw/FRUIT-16K/F_Tamarillo/593.jpg,data/raw/FRUIT-16K/F_Tamarillo/594.jpg
f9a37a80f0dfd69f1c3795cc54818c33763ac198cfe63ffe78005d16809fa140,2,F_Tamarillo,data/raw/FRUIT-16K/F_Tamarillo/595.jpg,data/raw/FRUIT-16K/F_Tamarillo/596.jpg
c7ebd325f4c5bbdfd8a5fb824480ea91bbeb6c4406b9146fccfc36b37d1819c9,2,F_Tamarillo,data/raw/FRUIT-16K/F_Tamarillo/597.jpg,data/raw/FRUIT-16K/F_Tamarillo/598.jpg
d64f32a77c7b8a7c0be9acbc4482eb8698f2e0e46a8f2628e0291569682650e5,2,F_Tamarillo,data/raw/FRUIT-16K/F_Tamarillo/599.jpg,data/raw/FRUIT-16K/F_Tamarillo/600.jpg
7ef8729814144f85678099f9dbeb8fbe5b6b9057a45f3d5a344c9b3b4f4c08a4,2,F_Tamarillo,data/raw/FRUIT-16K/F_Tamarillo/602.jpg,data/raw/FRUIT-16K/F_Tamarillo/603.jpg
928bf1ca1ebdcdd79aafb3b3f07f67d35240b25830d5596393aa46f1324098aa,2,F_Tamarillo,data/raw/FRUIT-16K/F_Tamarillo/605.jpg,data/raw/FRUIT-16K/F_Tamarillo/606.jpg
0f55757f7104e4a26ec618e53d148b99cfc67ffdecd14263661f5c65aa6faff3,2,F_Tamarillo,data/raw/FRUIT-16K/F_Tamarillo/611.jpg,data/raw/FRUIT-16K/F_Tamarillo/612.jpg
b271f0fa1f858b68c21de6aaf1173fbf2e2bb445401920467a1993f7423973f5,2,F_Tamarillo,data/raw/FRUIT-16K/F_Tamarillo/613.jpg,data/raw/FRUIT-16K/F_Tamarillo/614.jpg
8d6ba50a1814f26ebc15e82de569900763c6ab03285b12ae1ead7232e02ed29c,2,F_Tamarillo,data/raw/FRUIT-16K/F_Tamarillo/615.jpg,data/raw/FRUIT-16K/F_Tamarillo/616.jpg
1c3c9acbfbf40c141007c3fea30605263da0d6d518b0a48148391561842131e8,2,F_Tamarillo,data/raw/FRUIT-16K/F_Tamarillo/617.jpg,data/raw/FRUIT-16K/F_Tamarillo/618.jpg
d7d66000891e0b416efc748b8d472c4145d1098eeccbe1843923bd9de7921f12,2,F_Tamarillo,data/raw/FRUIT-16K/F_Tamarillo/620.jpg,data/raw/FRUIT-16K/F_Tamarillo/621.jpg
a3637ae9af999050f6733527735672b4bbb617577432d5c5b05d418aa9e10c64,2,F_Tamarillo,data/raw/FRUIT-16K/F_Tamarillo/623.jpg,data/raw/FRUIT-16K/F_Tamarillo/624.jpg
068c0ac977bfdd4664534d5cad5a862c2c77b27863b5f01cbcfa1078e9f8178d,2,F_Tamarillo,data/raw/FRUIT-16K/F_Tamarillo/629.jpg,data/raw/FRUIT-16K/F_Tamarillo/630.jpg
f5d8164671f2e3c5fe267099df66a0b14c2006de53bff78a84b42e50a9e4ff6a,2,F_Tamarillo,data/raw/FRUIT-16K/F_Tamarillo/631.jpg,data/raw/FRUIT-16K/F_Tamarillo/632.jpg
07e470132f23fd5d96b7307728d7477b060fc20f07f2dc0aad121d5d83fd0297,2,F_Tamarillo,data/raw/FRUIT-16K/F_Tamarillo/633.jpg,data/raw/FRUIT-16K/F_Tamarillo/634.jpg
c37cca1eeeee8566bdd23e4f7e1e4a34db0e87b811211dd317c2c1b461e0631f,2,F_Tamarillo,data/raw/FRUIT-16K/F_Tamarillo/635.jpg,data/raw/FRUIT-16K/F_Tamarillo/636.jpg
ccefe9126b75790562289f4b7a067617998787fb472bb43d4eb8793a53cf095a,2,F_Tamarillo,data/raw/FRUIT-16K/F_Tamarillo/638.jpg,data/raw/FRUIT-16K/F_Tamarillo/639.jpg
d43e313d92b9a4cd3f3c04d260dfaa654bf2b3f2f4f758125a9c2d14332de77c,2,F_Tamarillo,data/raw/FRUIT-16K/F_Tamarillo/641.jpg,data/raw/FRUIT-16K/F_Tamarillo/642.jpg
21833a20f50dca8cee9a89980f272d555f2dc812bfdce6c9408ed4774b59455c,2,F_Tamarillo,data/raw/FRUIT-16K/F_Tamarillo/647.jpg,data/raw/FRUIT-16K/F_Tamarillo/648.jpg
d5161d6b1975441b6750ecb15aa7b306e6e99d03ae98fcccca4f60f8d1441bb5,2,F_Tamarillo,data/raw/FRUIT-16K/F_Tamarillo/649.jpg,data/raw/FRUIT-16K/F_Tamarillo/650.jpg
e46d0b01f7f340f08efb0169ededc13c3d11fc3333fbacfb4e354bbc1a0e93f4,2,F_Tamarillo,data/raw/FRUIT-16K/F_Tamarillo/651.jpg,data/raw/FRUIT-16K/F_Tamarillo/652.jpg
ca9f1eac78ce5c5b2ef48d9c2bf9c6140a1000e42b84827d0afb3357fdf13246,2,F_Tamarillo,data/raw/FRUIT-16K/F_Tamarillo/653.jpg,data/raw/FRUIT-16K/F_Tamarillo/654.jpg
053a59ea3187440154064155136cfe5569d99f32ab415f022e45ded5ff56ad1a,2,F_Tamarillo,data/raw/FRUIT-16K/F_Tamarillo/656.jpg,data/raw/FRUIT-16K/F_Tamarillo/657.jpg
04771989d139e7660d12436d7992b53a5abd383ea959465d496eef4e8b468cad,2,F_Tamarillo,data/raw/FRUIT-16K/F_Tamarillo/659.jpg,data/raw/FRUIT-16K/F_Tamarillo/660.jpg
684fd5b0770a1a2e529246ce0eb71e542b81a4d6b035b9d9d7825464ae7a8205,2,F_Tamarillo,data/raw/FRUIT-16K/F_Tamarillo/665.jpg,data/raw/FRUIT-16K/F_Tamarillo/666.jpg
926bfc0b04775503914382e0faf82d514751905524b06b41bf485c83c7a52593,2,F_Tamarillo,data/raw/FRUIT-16K/F_Tamarillo/667.jpg,data/raw/FRUIT-16K/F_Tamarillo/668.jpg
d4ae64308fb36fab98929a2a4cf9f7c106788025a29d361a68672382260d9590,2,F_Tamarillo,data/raw/FRUIT-16K/F_Tamarillo/669.jpg,data/raw/FRUIT-16K/F_Tamarillo/670.jpg
fc671c06b7063a8d2c52cb69898c1cd78330add077efd0441289226fa8d50f92,2,F_Tamarillo,data/raw/FRUIT-16K/F_Tamarillo/671.jpg,data/raw/FRUIT-16K/F_Tamarillo/672.jpg
dd2ce707a73f426a5fd9cc06e0372b4d8abc9b85ad67fddf98a9b40c6b5e0a4c,2,F_Tamarillo,data/raw/FRUIT-16K/F_Tamarillo/674.jpg,data/raw/FRUIT-16K/F_Tamarillo/675.jpg
ec1a9c8cdfb9a9272afcb80c5bfcc6edbe6c1d83d09214bec78c71982eedfe69,2,F_Tamarillo,data/raw/FRUIT-16K/F_Tamarillo/677.jpg,data/raw/FRUIT-16K/F_Tamarillo/678.jpg
897cc8c9e57e118df2e6789d6351358e6e0788d9f6793797ad49b8e650b7df58,2,F_Tamarillo,data/raw/FRUIT-16K/F_Tamarillo/683.jpg,data/raw/FRUIT-16K/F_Tamarillo/684.jpg
af33d61248e47301db09694141bfdb6f714d17e539b0d17c6db3df567b379fbd,2,F_Tamarillo,data/raw/FRUIT-16K/F_Tamarillo/685.jpg,data/raw/FRUIT-16K/F_Tamarillo/686.jpg
770d40c59c90e4e0eee809a3f62a2fdf75c9b860e99d83f577ea2263c7a64a3f,2,F_Tamarillo,data/raw/FRUIT-16K/F_Tamarillo/687.jpg,data/raw/FRUIT-16K/F_Tamarillo/688.jpg
ff6193f64168747fd12ff7c6ab765b5208ad258d87b73f18a1acc11607c7276c,2,F_Tamarillo,data/raw/FRUIT-16K/F_Tamarillo/689.jpg,data/raw/FRUIT-16K/F_Tamarillo/690.jpg
9bf91846361954d7c870e9c0d2a50aafb52929e9f5cb20315d9c1a87007246d5,2,F_Tamarillo,data/raw/FRUIT-16K/F_Tamarillo/692.jpg,data/raw/FRUIT-16K/F_Tamarillo/693.jpg
753aa26725f8d6a2f100b7c1c3b3f032134d1de3234fcb3691237707dd325ab5,2,F_Tamarillo,data/raw/FRUIT-16K/F_Tamarillo/695.jpg,data/raw/FRUIT-16K/F_Tamarillo/696.jpg
5520c4b0af1bc1726d833d776db39c2b76ad79da40be79849746002222a3af1e,2,F_Tamarillo,data/raw/FRUIT-16K/F_Tamarillo/701.jpg,data/raw/FRUIT-16K/F_Tamarillo/702.jpg
91d451c0dab9807a71baa85583a86c7e3c73efbe3a64ecc3d7584f2e5a2f187c,2,F_Tamarillo,data/raw/FRUIT-16K/F_Tamarillo/703.jpg,data/raw/FRUIT-16K/F_Tamarillo/704.jpg
38a81691fd73e7c78296628e8c0eb643dcf7d8f1185ff19161fcb8b7eadaf8f7,2,F_Tamarillo,data/raw/FRUIT-16K/F_Tamarillo/705.jpg,data/raw/FRUIT-16K/F_Tamarillo/706.jpg
b2116cea14ed05ddc240a8c969b19b9dce745c556059f8086482167d2e670e5e,2,F_Tamarillo,data/raw/FRUIT-16K/F_Tamarillo/707.jpg,data/raw/FRUIT-16K/F_Tamarillo/708.jpg
4a49e7480e94b19a6741d5e845456595c464dd0aeecb33d487455bc8979d2364,2,F_Tamarillo,data/raw/FRUIT-16K/F_Tamarillo/710.jpg,data/raw/FRUIT-16K/F_Tamarillo/711.jpg
5e83f5044668fc7d7d0dcb9a172d2fc0f88bc7ad313cc405edbcc4fba0d073cd,2,F_Tamarillo,data/raw/FRUIT-16K/F_Tamarillo/713.jpg,data/raw/FRUIT-16K/F_Tamarillo/714.jpg
c9f648f659c92c8b4e4601119d43d735c14f9239d86aaa1fadfbfa67a4ffda59,2,F_Tamarillo,data/raw/FRUIT-16K/F_Tamarillo/719.jpg,data/raw/FRUIT-16K/F_Tamarillo/720.jpg
1a4b6034fd2370e19ad643b64996c8ded9e806c5d4b43640e87d0bbc2ebb333b,2,F_Tamarillo,data/raw/FRUIT-16K/F_Tamarillo/721.jpg,data/raw/FRUIT-16K/F_Tamarillo/722.jpg
b61e8dd3e485b5d88446154e9b5787eedaeef4b2e145393c5a3ba2c05420fa63,2,F_Tamarillo,data/raw/FRUIT-16K/F_Tamarillo/723.jpg,data/raw/FRUIT-16K/F_Tamarillo/724.jpg
dbf8aa113b16d922d3021e1b3231e9ab8d1e47daaef8481acca7b21f00bdfa50,2,F_Tamarillo,data/raw/FRUIT-16K/F_Tamarillo/725.jpg,data/raw/FRUIT-16K/F_Tamarillo/726.jpg
9eee9131ff24fc86e799f42ef9b0ff94a1e9e5fa5b8cd8c30e505c09be019604,2,F_Tamarillo,data/raw/FRUIT-16K/F_Tamarillo/728.jpg,data/raw/FRUIT-16K/F_Tamarillo/729.jpg
7e7bb733e343a9b6f01adf335bb68029faf3cc39959ae1d01a04ff6718287066,2,F_Tamarillo,data/raw/FRUIT-16K/F_Tamarillo/731.jpg,data/raw/FRUIT-16K/F_Tamarillo/732.jpg
732b897323844378b93ad81b82a1be08417d1c7a83fbe1d42bf7edb538239d5b,2,F_Tamarillo,data/raw/FRUIT-16K/F_Tamarillo/737.jpg,data/raw/FRUIT-16K/F_Tamarillo/738.jpg
1ef0081106d87276898978c68600fcaa7564245bced18f79c08e6096e545a9a7,2,F_Tamarillo,data/raw/FRUIT-16K/F_Tamarillo/739.jpg,data/raw/FRUIT-16K/F_Tamarillo/740.jpg
fd16f155f6ed31ee4ab0bcc7d56dc44fd71cbc045721708d43720a019da5a530,2,F_Tamarillo,data/raw/FRUIT-16K/F_Tamarillo/741.jpg,data/raw/FRUIT-16K/F_Tamarillo/742.jpg
42d187587e6629cb22cbfdaddd257c54ca152a350c29df8c2cea8e4396be861f,2,F_Tamarillo,data/raw/FRUIT-16K/F_Tamarillo/743.jpg,data/raw/FRUIT-16K/F_Tamarillo/744.jpg
35e2ce44036372910be73c73a6728fd271477ff3f37d94c1784a1ba1edcebdd3,2,F_Tamarillo,data/raw/FRUIT-16K/F_Tamarillo/746.jpg,data/raw/FRUIT-16K/F_Tamarillo/747.jpg
f7de130257d08c9d6fb704531c085ee7b126249eeb48e8ece25ec604908046f6,2,F_Tamarillo,data/raw/FRUIT-16K/F_Tamarillo/749.jpg,data/raw/FRUIT-16K/F_Tamarillo/750.jpg
c76f53f1e8c282c247859b9b5efcd6bd01fc108baf0a5fd6e9370c66edbc285e,2,F_Tamarillo,data/raw/FRUIT-16K/F_Tamarillo/755.jpg,data/raw/FRUIT-16K/F_Tamarillo/756.jpg
e4a8c38abfec24b0edd1df5147b1acdac753f9e37b92129f45961cd0f34cb722,2,F_Tamarillo,data/raw/FRUIT-16K/F_Tamarillo/757.jpg,data/raw/FRUIT-16K/F_Tamarillo/758.jpg
afd2c82fd2351e482e3193046f35ef2b5c136f7b8f5ca5c4fdc736afb0c0eb36,2,F_Tamarillo,data/raw/FRUIT-16K/F_Tamarillo/759.jpg,data/raw/FRUIT-16K/F_Tamarillo/760.jpg
c579bdca4e6bdbdd865fb6165df1401cdcbfbbe6ecd3121b9395147c87ce1a4b,2,F_Tamarillo,data/raw/FRUIT-16K/F_Tamarillo/761.jpg,data/raw/FRUIT-16K/F_Tamarillo/762.jpg
5f2aa678ce43d66a68883faa2c0dd2ecfe37108c44a5ec1455e9ccd7b36ef34c,2,F_Tamarillo,data/raw/FRUIT-16K/F_Tamarillo/764.jpg,data/raw/FRUIT-16K/F_Tamarillo/765.jpg
4b841ee64ebf0f763dfbda65574db76d2026147d0fd76af3237fab471ba01e61,2,F_Tamarillo,data/raw/FRUIT-16K/F_Tamarillo/767.jpg,data/raw/FRUIT-16K/F_Tamarillo/768.jpg
f3d969f0a896cefe56b3e0c02eff477672ec2e242ce981ab54f5e7825af71d84,2,F_Tamarillo,data/raw/FRUIT-16K/F_Tamarillo/773.jpg,data/raw/FRUIT-16K/F_Tamarillo/774.jpg
5a82fa1dbf75f2316e050f6b9da8c9d5e6897ceed2f0c0b832dfecca118a9507,2,F_Tamarillo,data/raw/FRUIT-16K/F_Tamarillo/775.jpg,data/raw/FRUIT-16K/F_Tamarillo/776.jpg
25bf9f5e29caa42b693528f41148bfd0dcd686359b920a3818a3c84e50544162,2,F_Tamarillo,data/raw/FRUIT-16K/F_Tamarillo/777.jpg,data/raw/FRUIT-16K/F_Tamarillo/778.jpg
bbf94a58d3fcc13b6aa3f829a34ad0ce0cfb6e9c1432a3ed74bf052a5d155c6f,2,F_Tamarillo,data/raw/FRUIT-16K/F_Tamarillo/779.jpg,data/raw/FRUIT-16K/F_Tamarillo/780.jpg
1359bac73d8cec4bde39220319375971a2f4ccf6652c92d87895f1f2c9989dea,2,F_Tamarillo,data/raw/FRUIT-16K/F_Tamarillo/782.jpg,data/raw/FRUIT-16K/F_Tamarillo/783.jpg
fdc5a93035c6f69ca2ebdcf633a1fe6f44fc0426339033ef0601e5a4b903f6f0,2,F_Tamarillo,data/raw/FRUIT-16K/F_Tamarillo/785.jpg,data/raw/FRUIT-16K/F_Tamarillo/786.jpg
eb6269237666a38fe41314dda231205165acd245238ea4f9afcb54caf90dcbfb,2,F_Tamarillo,data/raw/FRUIT-16K/F_Tamarillo/791.jpg,data/raw/FRUIT-16K/F_Tamarillo/792.jpg
ee39cd69718ea5c8dfe4f74d7b373affaedb639c69029c8f1001d46a86f2aa98,2,F_Tamarillo,data/raw/FRUIT-16K/F_Tamarillo/793.jpg,data/raw/FRUIT-16K/F_Tamarillo/794.jpg
13347bf30c97dbf42b9661b91d71d8469ac396baf06cf650e7e52e8bcd362830,2,F_Tamarillo,data/raw/FRUIT-16K/F_Tamarillo/795.jpg,data/raw/FRUIT-16K/F_Tamarillo/796.jpg
48681fe07856a243086986f869c78041f2f0b1c941cc87f891682113b2d87d80,2,F_Tamarillo,data/raw/FRUIT-16K/F_Tamarillo/797.jpg,data/raw/FRUIT-16K/F_Tamarillo/798.jpg
829c8fd5a1e93350036037fd7bab963d72b9a3a7223d9a112f5b264a76c4874a,2,F_Tamarillo,data/raw/FRUIT-16K/F_Tamarillo/800.jpg,data/raw/FRUIT-16K/F_Tamarillo/801.jpg
671a01737959156529ae3e96cbbfb5e6ca6f46f690b8366a7091d2473f79b4e3,2,F_Tamarillo,data/raw/FRUIT-16K/F_Tamarillo/803.jpg,data/raw/FRUIT-16K/F_Tamarillo/804.jpg
844dca353384de1b6702455e42b1c7c55125f0907ead71706f9570ccfbab947b,2,F_Tamarillo,data/raw/FRUIT-16K/F_Tamarillo/809.jpg,data/raw/FRUIT-16K/F_Tamarillo/810.jpg
f92bb319ae1d5254bb78449e210f519957b2f7bccc4a99a03504fc1edaf1263c,2,F_Tamarillo,data/raw/FRUIT-16K/F_Tamarillo/811.jpg,data/raw/FRUIT-16K/F_Tamarillo/812.jpg
8acbe2aff26fde6edcb82edd818b29cf66fcb3cf87be65e42b49e3980c60f660,2,F_Tamarillo,data/raw/FRUIT-16K/F_Tamarillo/813.jpg,data/raw/FRUIT-16K/F_Tamarillo/814.jpg
bc07441b081a2aa99b88e24d2e945d71de240854decd0d0ed2de9c38e78d8e2c,2,F_Tamarillo,data/raw/FRUIT-16K/F_Tamarillo/815.jpg,data/raw/FRUIT-16K/F_Tamarillo/816.jpg
e4276d98b9f664427479bce143ecebbb67c416098ae0c1d99a8ca6c0a54075b0,2,F_Tamarillo,data/raw/FRUIT-16K/F_Tamarillo/818.jpg,data/raw/FRUIT-16K/F_Tamarillo/819.jpg
f6993e659e5d36385e6f054af3e573a1f20c38a4cd02f38511b8bf8fd6fd4a87,2,F_Tamarillo,data/raw/FRUIT-16K/F_Tamarillo/821.jpg,data/raw/FRUIT-16K/F_Tamarillo/822.jpg
81571a9f7adcb166db2093f33a4f532dd8b1f08d9ea0c645f38aa9dfbbeb135a,2,F_Tamarillo,data/raw/FRUIT-16K/F_Tamarillo/827.jpg,data/raw/FRUIT-16K/F_Tamarillo/828.jpg
b85ed404b3d47a5455888134dc89edfd47ba83d05c667b75ca21eb6c3034bae3,2,F_Tamarillo,data/raw/FRUIT-16K/F_Tamarillo/829.jpg,data/raw/FRUIT-16K/F_Tamarillo/830.jpg
7f12db5f9c226f5b636ae90fabfd4b1d7e51436167a4144b485939d6189ad639,2,F_Tamarillo,data/raw/FRUIT-16K/F_Tamarillo/831.jpg,data/raw/FRUIT-16K/F_Tamarillo/832.jpg
95161275e7fa3448055de175f4cbd0b8dbe2b9a992c8f243cc0b32b6025561dd,2,F_Tamarillo,data/raw/FRUIT-16K/F_Tamarillo/833.jpg,data/raw/FRUIT-16K/F_Tamarillo/834.jpg
c245bb6b166d17518ecaa0226ca2b334a4668c785c075f7f81fa1e6f2739d171,2,F_Tamarillo,data/raw/FRUIT-16K/F_Tamarillo/836.jpg,data/raw/FRUIT-16K/F_Tamarillo/837.jpg
5f28a0b7021c2b891c89cffc63009e1e458c0bc5caa4de027d3fcc58c9bf5706,2,F_Tamarillo,data/raw/FRUIT-16K/F_Tamarillo/839.jpg,data/raw/FRUIT-16K/F_Tamarillo/840.jpg
d8a06dc26caf53f866e2c191700e4d6ee1622139e0635d7735b54e648c38edde,2,F_Tamarillo,data/raw/FRUIT-16K/F_Tamarillo/845.jpg,data/raw/FRUIT-16K/F_Tamarillo/846.jpg
836f1055b174c7223c3e8b4cc43b82c7e662ee5dc075625a9826a7193845712d,2,F_Tamarillo,data/raw/FRUIT-16K/F_Tamarillo/847.jpg,data/raw/FRUIT-16K/F_Tamarillo/848.jpg
9fbd3b9408ac6f7b1f1e46e8d1220a26a42a517459b5128bab9bd3fb69c724fb,2,F_Tamarillo,data/raw/FRUIT-16K/F_Tamarillo/849.jpg,data/raw/FRUIT-16K/F_Tamarillo/850.jpg
b7a1a5284728362210d9f0d6b378d0d8d1ed21f7c78674b84ffeeba1223b5304,2,F_Tamarillo,data/raw/FRUIT-16K/F_Tamarillo/851.jpg,data/raw/FRUIT-16K/F_Tamarillo/852.jpg
aac986c8b2b025dc637bd885d6ddec77a55fc1ab4b27166379fb1440ed5d42d6,2,F_Tamarillo,data/raw/FRUIT-16K/F_Tamarillo/854.jpg,data/raw/FRUIT-16K/F_Tamarillo/855.jpg
d69d77028071d709a6fc54f08af08cc3a1e10522696206e756f44e5d00dc5120,2,F_Tamarillo,data/raw/FRUIT-16K/F_Tamarillo/857.jpg,data/raw/FRUIT-16K/F_Tamarillo/858.jpg
d2a9f8c522c9f145b054838484657787107631e1be10da86153c1ded5681bf41,2,F_Tamarillo,data/raw/FRUIT-16K/F_Tamarillo/863.jpg,data/raw/FRUIT-16K/F_Tamarillo/864.jpg
ea3ac67d07de1fe69588c25a395ca031d4d5b51b99ec5fd78b0cf0901b29fcab,2,F_Tamarillo,data/raw/FRUIT-16K/F_Tamarillo/865.jpg,data/raw/FRUIT-16K/F_Tamarillo/866.jpg
432cc21ac07e1d77620db0cc20e1140e747ad9043a52d71c12f589c881ae962d,2,F_Tamarillo,data/raw/FRUIT-16K/F_Tamarillo/867.jpg,data/raw/FRUIT-16K/F_Tamarillo/868.jpg
72a77112cfdd861672049ac248cf68c4c56b7ca3af5058f60a2712b649735cf5,2,F_Tamarillo,data/raw/FRUIT-16K/F_Tamarillo/869.jpg,data/raw/FRUIT-16K/F_Tamarillo/870.jpg
2d91f394d5f5498780f60e4c066752c5c7856c4ae361a8092770a8d546376aaf,2,F_Tamarillo,data/raw/FRUIT-16K/F_Tamarillo/872.jpg,data/raw/FRUIT-16K/F_Tamarillo/873.jpg
1b9d283ce8584b91647d75fee2f7549e4bfe6959147913117b0fa1dd83513cdc,2,F_Tamarillo,data/raw/FRUIT-16K/F_Tamarillo/875.jpg,data/raw/FRUIT-16K/F_Tamarillo/876.jpg
aab1506ec9fc71ffd21cf67a6dcb43a17265efbc0a0f7fa6649f019097a3802c,2,F_Tamarillo,data/raw/FRUIT-16K/F_Tamarillo/881.jpg,data/raw/FRUIT-16K/F_Tamarillo/882.jpg
d5ab63869248ec1eeff1c13b95de0d01a8d1ed1de2a24513dffa043d52d2f442,2,F_Tamarillo,data/raw/FRUIT-16K/F_Tamarillo/883.jpg,data/raw/FRUIT-16K/F_Tamarillo/884.jpg
0f8bc44b5397bfd61cfa39e76cd5195ef3ad5c6be6d36ba6941955c8fee9ec63,2,F_Tamarillo,data/raw/FRUIT-16K/F_Tamarillo/885.jpg,data/raw/FRUIT-16K/F_Tamarillo/886.jpg
09aa5568409715c64f577491cac1adf1f774046e888873f48ff466fe7707d489,2,F_Tamarillo,data/raw/FRUIT-16K/F_Tamarillo/887.jpg,data/raw/FRUIT-16K/F_Tamarillo/888.jpg
aa3f579e16d7de5eedcb1add521433575d446f505dc05788379e707414ee97f0,2,F_Tamarillo,data/raw/FRUIT-16K/F_Tamarillo/890.jpg,data/raw/FRUIT-16K/F_Tamarillo/891.jpg
5f5bb6e996e7c0a8fce2174f1da753ba6610fab5dc4852ed2a8e7ac063b6d28a,2,F_Tamarillo,data/raw/FRUIT-16K/F_Tamarillo/893.jpg,data/raw/FRUIT-16K/F_Tamarillo/894.jpg
b6ae88b73cfb2106bf01da5e5e1faf6cb114bb90946de8323b97f5a2d872010d,2,F_Tamarillo,data/raw/FRUIT-16K/F_Tamarillo/899.jpg,data/raw/FRUIT-16K/F_Tamarillo/900.jpg
abb2d971ad59e1c82d8ccb7b398f66e8b7da670b56028333f5cea3fc3093f64c,2,F_Tamarillo,data/raw/FRUIT-16K/F_Tamarillo/901.jpg,data/raw/FRUIT-16K/F_Tamarillo/902.jpg
bf6da4f82af322a0ffe31713dceeb545501ec12a2fd5340227aad31d44c748c4,2,F_Tamarillo,data/raw/FRUIT-16K/F_Tamarillo/903.jpg,data/raw/FRUIT-16K/F_Tamarillo/904.jpg
96c5a91fa2a1106463d6c3cbe8c34262361dc06225f0518d26d6e3dccea4a4ee,2,F_Tamarillo,data/raw/FRUIT-16K/F_Tamarillo/905.jpg,data/raw/FRUIT-16K/F_Tamarillo/906.jpg
d43c281d78e4ef705d005345b562313978edb9dfe3f3a27d44a54cd40391565a,2,F_Tamarillo,data/raw/FRUIT-16K/F_Tamarillo/908.jpg,data/raw/FRUIT-16K/F_Tamarillo/909.jpg
6fa232ca04c3bd533c28697891a120d11a8757a53504a516fefa941e019f1ce9,2,F_Tamarillo,data/raw/FRUIT-16K/F_Tamarillo/911.jpg,data/raw/FRUIT-16K/F_Tamarillo/912.jpg
bd90e8d89b8d912d6f3444d6aaee34d8e137f76078615321cf3de14e7176c236,2,F_Tamarillo,data/raw/FRUIT-16K/F_Tamarillo/917.jpg,data/raw/FRUIT-16K/F_Tamarillo/918.jpg
6d05c84caf740e6c81834e2d7c418c5f60d370e889553ad0fd54bbf526b724ba,2,F_Tamarillo,data/raw/FRUIT-16K/F_Tamarillo/919.jpg,data/raw/FRUIT-16K/F_Tamarillo/920.jpg
d67a578dec963e0759eb9179c4c009c63518b1216548462f88440e16497b7ba9,2,F_Tamarillo,data/raw/FRUIT-16K/F_Tamarillo/921.jpg,data/raw/FRUIT-16K/F_Tamarillo/922.jpg
fe09f7c72b7497b86606a1f412a4237b030eefa7119127ef3c3e786e7c2172ec,2,F_Tamarillo,data/raw/FRUIT-16K/F_Tamarillo/923.jpg,data/raw/FRUIT-16K/F_Tamarillo/924.jpg
19f07cd3adc1b592ec8eca3e8ca8ca48bbed45aed7772019dad310b0ed3f9591,2,F_Tamarillo,data/raw/FRUIT-16K/F_Tamarillo/926.jpg,data/raw/FRUIT-16K/F_Tamarillo/927.jpg
bf4a74d66a27358b04c645c3b8ce59df12bcefff3c6e78fa9ba444c01598309e,2,F_Tamarillo,data/raw/FRUIT-16K/F_Tamarillo/929.jpg,data/raw/FRUIT-16K/F_Tamarillo/930.jpg
cb9500767772f1b933d03667b7d63e1440b3a54510330618e5d47536d92c3747,2,F_Tamarillo,data/raw/FRUIT-16K/F_Tamarillo/935.jpg,data/raw/FRUIT-16K/F_Tamarillo/936.jpg
e9b4ac4513e0e9be12684111b52e94c615e256f8909db75071b957507cb7efc6,2,F_Tamarillo,data/raw/FRUIT-16K/F_Tamarillo/937.jpg,data/raw/FRUIT-16K/F_Tamarillo/938.jpg
45f4b0823e023e2fa7aaa56362909d81ee41b58b6a6af84054d8dd8cba18ad86,2,F_Tamarillo,data/raw/FRUIT-16K/F_Tamarillo/939.jpg,data/raw/FRUIT-16K/F_Tamarillo/940.jpg
f26c45d9c8430a54a825558c3822bcce4eca25ad9d99f1015076bb2bacb344e7,2,F_Tamarillo,data/raw/FRUIT-16K/F_Tamarillo/941.jpg,data/raw/FRUIT-16K/F_Tamarillo/942.jpg
b644a47b674dbaf04639db3db972d2609c881c4ea22fae6f483c6e3c5b0e8840,2,F_Tamarillo,data/raw/FRUIT-16K/F_Tamarillo/944.jpg,data/raw/FRUIT-16K/F_Tamarillo/945.jpg
7ca049a3df9f0305fff061aaf61234b4f7533049e01695b3e7155ee1dfc0b6f6,2,F_Tamarillo,data/raw/FRUIT-16K/F_Tamarillo/947.jpg,data/raw/FRUIT-16K/F_Tamarillo/948.jpg
05b1f382ab95580572e8695fd47e4f68e1df68f2ac0086f9cc0adff807f9d100,2,F_Tamarillo,data/raw/FRUIT-16K/F_Tamarillo/953.jpg,data/raw/FRUIT-16K/F_Tamarillo/954.jpg
de503349fbcf6720ac169aac9a7c67efa1672ab287c325a5ecd6e230811b7e13,2,F_Tamarillo,data/raw/FRUIT-16K/F_Tamarillo/955.jpg,data/raw/FRUIT-16K/F_Tamarillo/956.jpg
6a65a7caca866c6f5bbb8165efc8f66ec8c8211eb17e51ae8e07d609263806f4,2,F_Tamarillo,data/raw/FRUIT-16K/F_Tamarillo/957.jpg,data/raw/FRUIT-16K/F_Tamarillo/958.jpg
d1e502017ed13b4712ac6e79d1ba9148578969736359bfd34e855bf68955be52,2,F_Tamarillo,data/raw/FRUIT-16K/F_Tamarillo/959.jpg,data/raw/FRUIT-16K/F_Tamarillo/960.jpg
c86cdce0a6db2be56f7f17fd6d94efbe9dcdc93c1048977d6cea6e082c4efc36,2,F_Tamarillo,data/raw/FRUIT-16K/F_Tamarillo/962.jpg,data/raw/FRUIT-16K/F_Tamarillo/963.jpg
8bf773e58c2894b027f0c487d95b9f772978605fb710c8257e3dabeda685a352,2,F_Tamarillo,data/raw/FRUIT-16K/F_Tamarillo/965.jpg,data/raw/FRUIT-16K/F_Tamarillo/966.jpg
0bca36a28475abdfa7160f384718b643034a4eb614161f86cb4df892ea0eee48,2,F_Tamarillo,data/raw/FRUIT-16K/F_Tamarillo/971.jpg,data/raw/FRUIT-16K/F_Tamarillo/972.jpg
d9cd81e6106c90db25de754c20d3873c4afee42a23b25968d4279ba923bba2af,2,F_Tamarillo,data/raw/FRUIT-16K/F_Tamarillo/973.jpg,data/raw/FRUIT-16K/F_Tamarillo/974.jpg
e01eea000c84d3bde260fd128e2144e7dd5387cb0aa038412ad12a76f99ec7bd,2,F_Tamarillo,data/raw/FRUIT-16K/F_Tamarillo/975.jpg,data/raw/FRUIT-16K/F_Tamarillo/976.jpg
0d61d0e5c1f76c4106615521a8e13aff591ad2ce9c4747aa1bf7061473bb2ee0,2,F_Tamarillo,data/raw/FRUIT-16K/F_Tamarillo/977.jpg,data/raw/FRUIT-16K/F_Tamarillo/978.jpg
575fd221857dea20a4b99971c3fd07023c76d7899c26397f558db0021d3ceea9,2,F_Tamarillo,data/raw/FRUIT-16K/F_Tamarillo/980.jpg,data/raw/FRUIT-16K/F_Tamarillo/981.jpg
a7af3384d3a9aec0c412f8dfc4b618a38f487d5568d1ca6791e7de134e1097c7,2,F_Tamarillo,data/raw/FRUIT-16K/F_Tamarillo/983.jpg,data/raw/FRUIT-16K/F_Tamarillo/984.jpg
d9b6eaf777a28226db2f0624b54e84aa370d5dcab5c7be0225274639bbb491e7,2,F_Tamarillo,data/raw/FRUIT-16K/F_Tamarillo/989.jpg,data/raw/FRUIT-16K/F_Tamarillo/990.jpg
e84c05d6852d50aacfea6ee3303f13500ee77f95afd79a9d9081189a05b427f1,2,F_Tamarillo,data/raw/FRUIT-16K/F_Tamarillo/991.jpg,data/raw/FRUIT-16K/F_Tamarillo/992.jpg
85eb2c89c109cb3f3b650dc41e34ca31610a5aaf8208ad2d807cccffcbbfbdeb,2,F_Tamarillo,data/raw/FRUIT-16K/F_Tamarillo/993.jpg,data/raw/FRUIT-16K/F_Tamarillo/994.jpg
2b9fb6b49ae6f0a28c4e39dc3e1224b771c1b811ec0aac1bc051b507ca27e121,2,F_Tamarillo,data/raw/FRUIT-16K/F_Tamarillo/995.jpg,data/raw/FRUIT-16K/F_Tamarillo/996.jpg
0588ac1b28d3947e5cfb28885ce20b0cb3158968bf8ebcfcf441450773761838,2,F_Tamarillo,data/raw/FRUIT-16K/F_Tamarillo/998.jpg,data/raw/FRUIT-16K/F_Tamarillo/999.jpg
d44e8b5f5cfe71f622a81331b6a87b708d139292f590607553397c7041c1e046,2,S_Tomato,data/raw/FRUIT-16K/S_Tomato/4.jpg,data/raw/FRUIT-16K/S_Tomato/5.jpg
9d15f804ce542957c2182e584c88aebf5ad703169f8adab87301b7a0ddbe65af,2,S_Tomato,data/raw/FRUIT-16K/S_Tomato/17.jpg,data/raw/FRUIT-16K/S_Tomato/18.jpg
360ea465051d25e4f0d2c816e34f3b7ccc9c425319097fb5a5ed38dcf89ff8be,2,S_Tomato,data/raw/FRUIT-16K/S_Tomato/30.jpg,data/raw/FRUIT-16K/S_Tomato/31.jpg
ae3a8af79f51dc65c9c62de2c793c3c0304103c25e5f9a28ee0ab63063fcd081,2,S_Tomato,data/raw/FRUIT-16K/S_Tomato/43.jpg,data/raw/FRUIT-16K/S_Tomato/44.jpg
894c558c488d37c5b71d2e1c1b36d6eceed44ab8110bf4d42ba455e8016be319,2,S_Tomato,data/raw/FRUIT-16K/S_Tomato/56.jpg,data/raw/FRUIT-16K/S_Tomato/57.jpg
6bfcd325ac5ecc8887a778d06d26df3d26c62eeb40576317cb94193e01cbe949,2,S_Tomato,data/raw/FRUIT-16K/S_Tomato/69.jpg,data/raw/FRUIT-16K/S_Tomato/70.jpg
7cfc70091fa42a0c39e4178c0b3cafa55b589d16bc504de0590033bd43e32b1e,2,S_Tomato,data/raw/FRUIT-16K/S_Tomato/82.jpg,data/raw/FRUIT-16K/S_Tomato/83.jpg
2057e87f72cea1af0164b2fefcd9d50f5fb531c59807ca5a1d56e22f7c7a8c90,2,S_Tomato,data/raw/FRUIT-16K/S_Tomato/95.jpg,data/raw/FRUIT-16K/S_Tomato/96.jpg
06c0b61ddd2314cfad972746e48ebf934e216e6822a18eebabbe131ae610e0ba,2,S_Tomato,data/raw/FRUIT-16K/S_Tomato/108.jpg,data/raw/FRUIT-16K/S_Tomato/109.jpg
9ecfbb682c3c3a1c5bc73a7b32bab66ad34b05129b8cd40d6f32242f3fc8228c,2,S_Tomato,data/raw/FRUIT-16K/S_Tomato/121.jpg,data/raw/FRUIT-16K/S_Tomato/122.jpg
93bb7b53fc662136e189f915b2bf1939ef7f1ec0349e957cb660518b7ce1260c,2,S_Tomato,data/raw/FRUIT-16K/S_Tomato/134.jpg,data/raw/FRUIT-16K/S_Tomato/135.jpg
62b7525ddfe850f41f99c3afe5a83ddd9a84b543877c93de5b5cfdd11cd2b47d,2,S_Tomato,data/raw/FRUIT-16K/S_Tomato/147.jpg,data/raw/FRUIT-16K/S_Tomato/148.jpg
a14cc232881c9b7ed99f337ecff0ca37cf40875c96ad59dd5daf2489d57fad13,2,S_Tomato,data/raw/FRUIT-16K/S_Tomato/160.jpg,data/raw/FRUIT-16K/S_Tomato/161.jpg
3d43f32e3e1dfc82bebfa7a344aea3aa31f782af52deaba7d0c753dde3142faf,2,S_Tomato,data/raw/FRUIT-16K/S_Tomato/173.jpg,data/raw/FRUIT-16K/S_Tomato/174.jpg
3c19be5a49f2f99746d19a0b16fa0770a53231538ffee2e5e014876eb23d68be,2,S_Tomato,data/raw/FRUIT-16K/S_Tomato/186.jpg,data/raw/FRUIT-16K/S_Tomato/187.jpg
13d87aa7a7c49fc13f9613a156c7b82e75a8f02cee51c50dbb9932c32e00f6d1,2,S_Tomato,data/raw/FRUIT-16K/S_Tomato/199.jpg,data/raw/FRUIT-16K/S_Tomato/200.jpg
78c6a710ec9b7a171e9ef6baf732416b38b5ffbcbe5a225ab7cd8ca5f8c45875,2,S_Tomato,data/raw/FRUIT-16K/S_Tomato/212.jpg,data/raw/FRUIT-16K/S_Tomato/213.jpg
6781918277b3795db71be858191d7369c3b214f8c2cd30b9b71c869c1d324004,2,S_Tomato,data/raw/FRUIT-16K/S_Tomato/225.jpg,data/raw/FRUIT-16K/S_Tomato/226.jpg
4a675da56c24613a47b49f95f9f097b76cd62c6d8711b3b4cd2cf2a3fcee8484,2,S_Tomato,data/raw/FRUIT-16K/S_Tomato/238.jpg,data/raw/FRUIT-16K/S_Tomato/239.jpg
43f8b2244c800fecbdb800b6a673cd14921dd62df241d3267b1cd495aa0f1585,2,S_Tomato,data/raw/FRUIT-16K/S_Tomato/251.jpg,data/raw/FRUIT-16K/S_Tomato/252.jpg
9c31fe4376c473ec3a68a45f80187013e2e2114d27d341e177989b9dd077da6a,2,S_Tomato,data/raw/FRUIT-16K/S_Tomato/264.jpg,data/raw/FRUIT-16K/S_Tomato/265.jpg
c3ae02d511f23d636c0ebea65140234a7a5ef5a9fe165a064ee85464c09612e4,2,S_Tomato,data/raw/FRUIT-16K/S_Tomato/277.jpg,data/raw/FRUIT-16K/S_Tomato/278.jpg
8b82110df7c45cf261bfbbb2cfdfd8fe3118e914c725a1f307b7e48a11026b15,2,S_Tomato,data/raw/FRUIT-16K/S_Tomato/290.jpg,data/raw/FRUIT-16K/S_Tomato/291.jpg
ebe5b42b531bc8551caa6e215488959c4b66d0182fc6e2fd45d32146f609056f,2,S_Tomato,data/raw/FRUIT-16K/S_Tomato/303.jpg,data/raw/FRUIT-16K/S_Tomato/304.jpg
b6951719cbb8de8ed85d0e7aff9f8363c54389dd4392b4f12692653fa0ded8a9,2,S_Tomato,data/raw/FRUIT-16K/S_Tomato/316.jpg,data/raw/FRUIT-16K/S_Tomato/317.jpg
b602a1bb98b63bcf5df15f22a26e0cc5590db39dcf57aea38512eed84e16e3fc,2,S_Tomato,data/raw/FRUIT-16K/S_Tomato/329.jpg,data/raw/FRUIT-16K/S_Tomato/330.jpg
d9c9f17c998787dc0a31ecc9a3e89d4d291e11b25e1c1821313031023bcba817,2,S_Tomato,data/raw/FRUIT-16K/S_Tomato/342.jpg,data/raw/FRUIT-16K/S_Tomato/343.jpg
4e6fc7fe58a385963b18497922cb713010326cc7630de9d545e701bd57729131,2,S_Tomato,data/raw/FRUIT-16K/S_Tomato/355.jpg,data/raw/FRUIT-16K/S_Tomato/356.jpg
4680ca4390df702bdc35cbcfeb48453f6241aa2e9cd6a9f55d57ba1260419269,2,S_Tomato,data/raw/FRUIT-16K/S_Tomato/368.jpg,data/raw/FRUIT-16K/S_Tomato/369.jpg
fd7e19421e119a277aa8864fd7776e1ddb8021e85334c5ebf6976133120b8c11,2,S_Tomato,data/raw/FRUIT-16K/S_Tomato/381.jpg,data/raw/FRUIT-16K/S_Tomato/382.jpg
b07462e3bcb9334ba3d3717a886dab6417fa3c8b37a329ae80c699d5062d15b8,2,S_Tomato,data/raw/FRUIT-16K/S_Tomato/394.jpg,data/raw/FRUIT-16K/S_Tomato/395.jpg
2d47f7307290023cb0cb42259a9bbb67bfbaafb51cf4045efa583a28dfb8cb41,2,S_Tomato,data/raw/FRUIT-16K/S_Tomato/407.jpg,data/raw/FRUIT-16K/S_Tomato/408.jpg
8c917038fbd04605a00b1517283a044aa25cba9ce86c750393ff206d7297ac12,2,S_Tomato,data/raw/FRUIT-16K/S_Tomato/420.jpg,data/raw/FRUIT-16K/S_Tomato/421.jpg
ccd0f2d3bdbccba1405ec3de90a07d278ed8c126785084be890c08e72b6661cf,2,S_Tomato,data/raw/FRUIT-16K/S_Tomato/433.jpg,data/raw/FRUIT-16K/S_Tomato/434.jpg
cda1aea3aa6e90ac7c340a39b4ff2ae7efdff70bbd210f18de5ef22a180f976f,2,S_Tomato,data/raw/FRUIT-16K/S_Tomato/446.jpg,data/raw/FRUIT-16K/S_Tomato/447.jpg
1f160cd3e23f1836d77380dbfaf708b19035d914b90de1016d7add322d98e158,2,S_Tomato,data/raw/FRUIT-16K/S_Tomato/459.jpg,data/raw/FRUIT-16K/S_Tomato/460.jpg
dbb2ffa70453a3ec14f36e050b484b6942680669eb045a866f9cb23bcfee2203,2,S_Tomato,data/raw/FRUIT-16K/S_Tomato/472.jpg,data/raw/FRUIT-16K/S_Tomato/473.jpg
61e006c5c09b50b8d345133e3ceb6c27929b414a53fcd2888cf61380e23729cb,2,S_Tomato,data/raw/FRUIT-16K/S_Tomato/485.jpg,data/raw/FRUIT-16K/S_Tomato/486.jpg
3d642dd73dcbdb13c9bdb45389df154a509af6aef781d6b6d1dd221a5402fbc3,2,S_Tomato,data/raw/FRUIT-16K/S_Tomato/498.jpg,data/raw/FRUIT-16K/S_Tomato/499.jpg
0db937645b3457d967b418e6c78f8ba0b66db32b148ba682f0cc7789e9e4f003,2,S_Tomato,data/raw/FRUIT-16K/S_Tomato/511.jpg,data/raw/FRUIT-16K/S_Tomato/512.jpg
b148d575f9fc7aa04032183f6ff551dae4dcc9dde28c72dd3920f0da68e083d9,2,S_Tomato,data/raw/FRUIT-16K/S_Tomato/524.jpg,data/raw/FRUIT-16K/S_Tomato/525.jpg
bb6ee8670d3d08103732d4ef69f1e1faaec0add1d6ad7ef8329ae4c66bdde7e0,2,S_Tomato,data/raw/FRUIT-16K/S_Tomato/537.jpg,data/raw/FRUIT-16K/S_Tomato/538.jpg
0e21aa03d438e7d2812e100e4cb57bb157c215ef748ab4fb207dd3ac50a208ab,2,S_Tomato,data/raw/FRUIT-16K/S_Tomato/550.jpg,data/raw/FRUIT-16K/S_Tomato/551.jpg
2d2bb46487a09f1d068eade04796b4047318a9469085d9abc8240809bf8b13bb,2,S_Tomato,data/raw/FRUIT-16K/S_Tomato/563.jpg,data/raw/FRUIT-16K/S_Tomato/564.jpg
00c74d6f0889e483661f1c5700f2954662c08b4cd0d0ff842940fe924c6487ab,2,S_Tomato,data/raw/FRUIT-16K/S_Tomato/576.jpg,data/raw/FRUIT-16K/S_Tomato/577.jpg
e2fba63937e5e6ab48054468e2ad3694215de0089484157d0343cf2d3aa3e539,2,S_Tomato,data/raw/FRUIT-16K/S_Tomato/589.jpg,data/raw/FRUIT-16K/S_Tomato/590.jpg
65262376e956cf4eec9a093c2156ecdc47e454ab74d86d28e5e9d9c90ed804f5,2,S_Tomato,data/raw/FRUIT-16K/S_Tomato/602.jpg,data/raw/FRUIT-16K/S_Tomato/603.jpg
4bd3a64bb38f418f197eae3b31c2bdcfe642250927a042be40cdbaad4d7e6027,2,S_Tomato,data/raw/FRUIT-16K/S_Tomato/615.jpg,data/raw/FRUIT-16K/S_Tomato/616.jpg
a4903dac0f04fca07cd9368ae8611ba8bef6434caefb5ab62d3f942d1f8f659b,2,S_Tomato,data/raw/FRUIT-16K/S_Tomato/628.jpg,data/raw/FRUIT-16K/S_Tomato/629.jpg
6b54304be07db35f8b31a3533564b2535887969cc88054b491dfa7c915878712,2,S_Tomato,data/raw/FRUIT-16K/S_Tomato/641.jpg,data/raw/FRUIT-16K/S_Tomato/642.jpg
f6d03cc9a97e76857b8ae6ba73fe6bfbd3be3ffa3fd8b8b4d1c0122807cdf3b9,2,S_Tomato,data/raw/FRUIT-16K/S_Tomato/654.jpg,data/raw/FRUIT-16K/S_Tomato/655.jpg
00e9065fe224ebc8cee10c1cb366e850b51dfe7b1d255bb96649eb18216417ea,2,S_Tomato,data/raw/FRUIT-16K/S_Tomato/667.jpg,data/raw/FRUIT-16K/S_Tomato/668.jpg
1539f8ec9f8b90f03467dfe27c86ec9e079bb523819a50b4a5f34b2b3936cf90,2,S_Tomato,data/raw/FRUIT-16K/S_Tomato/680.jpg,data/raw/FRUIT-16K/S_Tomato/681.jpg
f06fc043b3446d8265bd6468df713da692524c0eea07842ee1bb36312fd4bd18,2,S_Tomato,data/raw/FRUIT-16K/S_Tomato/693.jpg,data/raw/FRUIT-16K/S_Tomato/694.jpg
2b886dfea8bd1f8808cc7df0a8f0f8bedad727f06d618849ae70ebfc41a33b38,2,S_Tomato,data/raw/FRUIT-16K/S_Tomato/706.jpg,data/raw/FRUIT-16K/S_Tomato/707.jpg
ca872d3a380b570b58e50b3de2cd38258acbeb792ffcef350f0e9d0303c5b8c5,2,S_Tomato,data/raw/FRUIT-16K/S_Tomato/719.jpg,data/raw/FRUIT-16K/S_Tomato/720.jpg
8cb499308a05982151da484ac9a050dc404092210428b76abb48bb089277a3ce,2,S_Tomato,data/raw/FRUIT-16K/S_Tomato/732.jpg,data/raw/FRUIT-16K/S_Tomato/733.jpg
500075db89d725f3efe3d8b7ac1b45110dafb3dc4a85738abc72054455c117a9,2,S_Tomato,data/raw/FRUIT-16K/S_Tomato/745.jpg,data/raw/FRUIT-16K/S_Tomato/746.jpg
6439c0e99c2d5d447118c369b9157837e04de8192a2142cecb0d8425937b0149,2,S_Tomato,data/raw/FRUIT-16K/S_Tomato/758.jpg,data/raw/FRUIT-16K/S_Tomato/759.jpg
220432ac93acdfaad39ddde213daa0af37b6a8d95f40ff006b5342d9360daf58,2,S_Tomato,data/raw/FRUIT-16K/S_Tomato/771.jpg,data/raw/FRUIT-16K/S_Tomato/772.jpg
c62df2b3c0d489ef70a816bb610329258a2ab19e2e5022fa280ade03d9e68377,2,S_Tomato,data/raw/FRUIT-16K/S_Tomato/784.jpg,data/raw/FRUIT-16K/S_Tomato/785.jpg
8fdf0e900c74794f61b66cd82473838e85effe46562a14b238ebb0fe61edb360,2,S_Tomato,data/raw/FRUIT-16K/S_Tomato/797.jpg,data/raw/FRUIT-16K/S_Tomato/798.jpg
2f918af255b37c5b1f03a0565bf3543a34b749bffca65df82338a1cd645894f6,2,S_Tomato,data/raw/FRUIT-16K/S_Tomato/810.jpg,data/raw/FRUIT-16K/S_Tomato/811.jpg
6f727feef46060c4bd4ceb3c7ade3884ddd80b1a228391833cbe24a96ff8862c,2,S_Tomato,data/raw/FRUIT-16K/S_Tomato/823.jpg,data/raw/FRUIT-16K/S_Tomato/824.jpg
393b9d8328c57f2b3b7d882fc2705a953f7f948a13d020d9dff9c41a69315986,2,S_Tomato,data/raw/FRUIT-16K/S_Tomato/836.jpg,data/raw/FRUIT-16K/S_Tomato/837.jpg
ddb8401b6bc35b7c62e9f16ccdf4417ad009b7d01d1fe2ae437fe9e7af36c7ce,2,S_Tomato,data/raw/FRUIT-16K/S_Tomato/849.jpg,data/raw/FRUIT-16K/S_Tomato/850.jpg
3afb8421c78227434744c7103af88147ee0843afe19ed9c8ea8b6e6f417fd7eb,2,S_Tomato,data/raw/FRUIT-16K/S_Tomato/862.jpg,data/raw/FRUIT-16K/S_Tomato/863.jpg
4e0ccc274b65ead56d319c7e6d248d1da3fd509ccb22ca106ba0cbedb4629149,2,S_Tomato,data/raw/FRUIT-16K/S_Tomato/875.jpg,data/raw/FRUIT-16K/S_Tomato/876.jpg
